"ind_i";"ind_j";"c_ij";"c_i";"c_j";"c";"c_rel";"cr_norm";"e_id"
1;1;0;0;0;468;NA;-0.5;1
1;2;0;0;0;468;NA;-1;2
2;1;0;0;0;468;NA;-1;2
1;3;0;0;0;468;NA;-1;3
3;1;0;0;0;468;NA;-1;3
1;5;0;0;0;468;NA;-1;4
5;1;0;0;0;468;NA;-1;4
1;6;0;0;0;468;NA;-1;5
6;1;0;0;0;468;NA;-1;5
1;7;0;0;0;468;NA;-1;6
7;1;0;0;0;468;NA;-1;6
1;8;0;0;0;468;NA;-1;7
8;1;0;0;0;468;NA;-1;7
1;9;0;0;0;468;NA;-1;8
9;1;0;0;0;468;NA;-1;8
1;10;0;0;4;468;NA;-1;9
10;1;0;19;0;468;NA;-1;9
1;11;0;0;0;468;NA;-1;10
11;1;0;0;0;468;NA;-1;10
1;12;0;0;0;468;NA;-1;11
12;1;0;0;0;468;NA;-1;11
1;13;0;0;0;468;NA;-1;12
13;1;0;0;0;468;NA;-1;12
1;14;0;0;0;468;NA;-1;13
14;1;0;0;0;468;NA;-1;13
1;15;0;0;0;468;NA;-1;14
15;1;0;0;0;468;NA;-1;14
1;16;0;0;0;468;NA;-1;15
16;1;0;0;0;468;NA;-1;15
1;17;0;0;0;468;NA;-1;16
17;1;0;0;0;468;NA;-1;16
1;18;0;0;0;468;NA;-1;17
18;1;0;0;0;468;NA;-1;17
1;19;0;0;0;468;NA;-1;18
19;1;0;4;0;468;NA;-1;18
1;20;0;0;90;468;NA;-1;19
20;1;0;64;0;468;NA;-1;19
1;21;0;0;275;468;NA;-1;20
21;1;0;294;0;468;NA;-1;20
1;22;0;0;0;468;NA;-1;21
22;1;0;0;0;468;NA;-1;21
1;23;0;0;6;468;NA;-1;22
23;1;0;4;0;468;NA;-1;22
1;24;0;0;0;468;NA;-1;23
24;1;0;0;0;468;NA;-1;23
1;25;0;0;1;468;NA;-1;24
25;1;0;2;0;468;NA;-1;24
1;26;0;0;27;468;NA;-1;25
26;1;0;11;0;468;NA;-1;25
1;27;0;0;9;468;NA;-1;26
27;1;0;10;0;468;NA;-1;26
1;28;0;0;17;468;NA;-1;27
28;1;0;37;0;468;NA;-1;27
1;29;0;0;17;468;NA;-1;28
29;1;0;16;0;468;NA;-1;28
1;30;0;0;0;468;NA;-1;29
30;1;0;0;0;468;NA;-1;29
1;31;0;0;0;468;NA;-1;30
31;1;0;0;0;468;NA;-1;30
1;32;0;0;14;468;NA;-1;31
32;1;0;7;0;468;NA;-1;31
1;33;0;0;0;468;NA;-1;32
33;1;0;0;0;468;NA;-1;32
1;35;0;0;0;468;NA;-1;33
35;1;0;0;0;468;NA;-1;33
1;36;0;0;0;468;NA;-1;34
36;1;0;0;0;468;NA;-1;34
1;37;0;0;0;468;NA;-1;35
37;1;0;0;0;468;NA;-1;35
1;38;0;0;0;468;NA;-1;36
38;1;0;0;0;468;NA;-1;36
1;39;0;0;0;468;NA;-1;37
39;1;0;0;0;468;NA;-1;37
1;41;0;0;0;468;NA;-1;38
41;1;0;0;0;468;NA;-1;38
1;42;0;0;0;468;NA;-1;39
42;1;0;0;0;468;NA;-1;39
1;43;0;0;8;468;NA;-1;40
43;1;0;0;0;468;NA;-1;40
1;45;0;0;0;468;NA;-1;41
45;1;0;0;0;468;NA;-1;41
1;46;0;0;0;468;NA;-1;42
46;1;0;0;0;468;NA;-1;42
1;47;0;0;0;468;NA;-1;43
47;1;0;0;0;468;NA;-1;43
1;49;0;0;0;468;NA;-1;44
49;1;0;0;0;468;NA;-1;44
1;50;0;0;0;468;NA;-1;45
50;1;0;0;0;468;NA;-1;45
1;51;0;0;0;468;NA;-1;46
51;1;0;0;0;468;NA;-1;46
1;52;0;0;0;468;NA;-1;47
52;1;0;0;0;468;NA;-1;47
1;53;0;0;0;468;NA;-1;48
53;1;0;0;0;468;NA;-1;48
1;55;0;0;0;468;NA;-1;49
55;1;0;0;0;468;NA;-1;49
1;56;0;0;0;468;NA;-1;50
56;1;0;0;0;468;NA;-1;50
1;58;0;0;0;468;NA;-1;51
58;1;0;0;0;468;NA;-1;51
1;59;0;0;0;468;NA;-1;52
59;1;0;0;0;468;NA;-1;52
1;60;0;0;0;468;NA;-1;53
60;1;0;0;0;468;NA;-1;53
1;61;0;0;0;468;NA;-1;54
61;1;0;0;0;468;NA;-1;54
1;62;0;0;0;468;NA;-1;55
62;1;0;0;0;468;NA;-1;55
1;63;0;0;0;468;NA;-1;56
63;1;0;0;0;468;NA;-1;56
1;64;0;0;0;468;NA;-1;57
64;1;0;0;0;468;NA;-1;57
1;65;0;0;0;468;NA;-1;58
65;1;0;0;0;468;NA;-1;58
1;66;0;0;0;468;NA;-1;59
66;1;0;0;0;468;NA;-1;59
1;68;0;0;0;468;NA;-1;60
68;1;0;0;0;468;NA;-1;60
1;69;0;0;0;468;NA;-1;61
69;1;0;0;0;468;NA;-1;61
1;70;0;0;0;468;NA;-1;62
70;1;0;0;0;468;NA;-1;62
1;71;0;0;0;468;NA;-1;63
71;1;0;0;0;468;NA;-1;63
1;72;0;0;0;468;NA;-1;64
72;1;0;0;0;468;NA;-1;64
1;73;0;0;0;468;NA;-1;65
73;1;0;0;0;468;NA;-1;65
1;74;0;0;0;468;NA;-1;66
74;1;0;0;0;468;NA;-1;66
1;75;0;0;0;468;NA;-1;67
75;1;0;0;0;468;NA;-1;67
1;77;0;0;0;468;NA;-1;68
77;1;0;0;0;468;NA;-1;68
1;78;0;0;0;468;NA;-1;69
78;1;0;0;0;468;NA;-1;69
1;79;0;0;0;468;NA;-1;70
79;1;0;0;0;468;NA;-1;70
1;80;0;0;0;468;NA;-1;71
80;1;0;0;0;468;NA;-1;71
1;81;0;0;0;468;NA;-1;72
81;1;0;0;0;468;NA;-1;72
1;82;0;0;0;468;NA;-1;73
82;1;0;0;0;468;NA;-1;73
1;84;0;0;0;468;NA;-1;74
84;1;0;0;0;468;NA;-1;74
1;85;0;0;0;468;NA;-1;75
85;1;0;0;0;468;NA;-1;75
1;86;0;0;0;468;NA;-1;76
86;1;0;0;0;468;NA;-1;76
1;87;0;0;0;468;NA;-1;77
87;1;0;0;0;468;NA;-1;77
1;88;0;0;0;468;NA;-1;78
88;1;0;0;0;468;NA;-1;78
1;90;0;0;0;468;NA;-1;79
90;1;0;0;0;468;NA;-1;79
1;91;0;0;0;468;NA;-1;80
91;1;0;0;0;468;NA;-1;80
1;92;0;0;0;468;NA;-1;81
92;1;0;0;0;468;NA;-1;81
1;93;0;0;0;468;NA;-1;82
93;1;0;0;0;468;NA;-1;82
1;94;0;0;0;468;NA;-1;83
94;1;0;0;0;468;NA;-1;83
1;95;0;0;0;468;NA;-1;84
95;1;0;0;0;468;NA;-1;84
1;96;0;0;0;468;NA;-1;85
96;1;0;0;0;468;NA;-1;85
1;97;0;0;0;468;NA;-1;86
97;1;0;0;0;468;NA;-1;86
1;98;0;0;0;468;NA;-1;87
98;1;0;0;0;468;NA;-1;87
1;99;0;0;0;468;NA;-1;88
99;1;0;0;0;468;NA;-1;88
2;2;0;0;0;468;NA;-0.5;89
2;3;0;0;0;468;NA;-1;90
3;2;0;0;0;468;NA;-1;90
2;5;0;0;0;468;NA;-1;91
5;2;0;0;0;468;NA;-1;91
2;6;0;0;0;468;NA;-1;92
6;2;0;0;0;468;NA;-1;92
2;7;0;0;0;468;NA;-1;93
7;2;0;0;0;468;NA;-1;93
2;8;0;0;0;468;NA;-1;94
8;2;0;0;0;468;NA;-1;94
2;9;0;0;0;468;NA;-1;95
9;2;0;0;0;468;NA;-1;95
2;10;0;0;4;468;NA;-1;96
10;2;0;19;0;468;NA;-1;96
2;11;0;0;0;468;NA;-1;97
11;2;0;0;0;468;NA;-1;97
2;12;0;0;0;468;NA;-1;98
12;2;0;0;0;468;NA;-1;98
2;13;0;0;0;468;NA;-1;99
13;2;0;0;0;468;NA;-1;99
2;14;0;0;0;468;NA;-1;100
14;2;0;0;0;468;NA;-1;100
2;15;0;0;0;468;NA;-1;101
15;2;0;0;0;468;NA;-1;101
2;16;0;0;0;468;NA;-1;102
16;2;0;0;0;468;NA;-1;102
2;17;0;0;0;468;NA;-1;103
17;2;0;0;0;468;NA;-1;103
2;18;0;0;0;468;NA;-1;104
18;2;0;0;0;468;NA;-1;104
2;19;0;0;0;468;NA;-1;105
19;2;0;4;0;468;NA;-1;105
2;20;0;0;90;468;NA;-1;106
20;2;0;64;0;468;NA;-1;106
2;21;0;0;275;468;NA;-1;107
21;2;0;294;0;468;NA;-1;107
2;22;0;0;0;468;NA;-1;108
22;2;0;0;0;468;NA;-1;108
2;23;0;0;6;468;NA;-1;109
23;2;0;4;0;468;NA;-1;109
2;24;0;0;0;468;NA;-1;110
24;2;0;0;0;468;NA;-1;110
2;25;0;0;1;468;NA;-1;111
25;2;0;2;0;468;NA;-1;111
2;26;0;0;27;468;NA;-1;112
26;2;0;11;0;468;NA;-1;112
2;27;0;0;9;468;NA;-1;113
27;2;0;10;0;468;NA;-1;113
2;28;0;0;17;468;NA;-1;114
28;2;0;37;0;468;NA;-1;114
2;29;0;0;17;468;NA;-1;115
29;2;0;16;0;468;NA;-1;115
2;30;0;0;0;468;NA;-1;116
30;2;0;0;0;468;NA;-1;116
2;31;0;0;0;468;NA;-1;117
31;2;0;0;0;468;NA;-1;117
2;32;0;0;14;468;NA;-1;118
32;2;0;7;0;468;NA;-1;118
2;33;0;0;0;468;NA;-1;119
33;2;0;0;0;468;NA;-1;119
2;35;0;0;0;468;NA;-1;120
35;2;0;0;0;468;NA;-1;120
2;36;0;0;0;468;NA;-1;121
36;2;0;0;0;468;NA;-1;121
2;37;0;0;0;468;NA;-1;122
37;2;0;0;0;468;NA;-1;122
2;38;0;0;0;468;NA;-1;123
38;2;0;0;0;468;NA;-1;123
2;39;0;0;0;468;NA;-1;124
39;2;0;0;0;468;NA;-1;124
2;41;0;0;0;468;NA;-1;125
41;2;0;0;0;468;NA;-1;125
2;42;0;0;0;468;NA;-1;126
42;2;0;0;0;468;NA;-1;126
2;43;0;0;8;468;NA;-1;127
43;2;0;0;0;468;NA;-1;127
2;45;0;0;0;468;NA;-1;128
45;2;0;0;0;468;NA;-1;128
2;46;0;0;0;468;NA;-1;129
46;2;0;0;0;468;NA;-1;129
2;47;0;0;0;468;NA;-1;130
47;2;0;0;0;468;NA;-1;130
2;49;0;0;0;468;NA;-1;131
49;2;0;0;0;468;NA;-1;131
2;50;0;0;0;468;NA;-1;132
50;2;0;0;0;468;NA;-1;132
2;51;0;0;0;468;NA;-1;133
51;2;0;0;0;468;NA;-1;133
2;52;0;0;0;468;NA;-1;134
52;2;0;0;0;468;NA;-1;134
2;53;0;0;0;468;NA;-1;135
53;2;0;0;0;468;NA;-1;135
2;55;0;0;0;468;NA;-1;136
55;2;0;0;0;468;NA;-1;136
2;56;0;0;0;468;NA;-1;137
56;2;0;0;0;468;NA;-1;137
2;58;0;0;0;468;NA;-1;138
58;2;0;0;0;468;NA;-1;138
2;59;0;0;0;468;NA;-1;139
59;2;0;0;0;468;NA;-1;139
2;60;0;0;0;468;NA;-1;140
60;2;0;0;0;468;NA;-1;140
2;61;0;0;0;468;NA;-1;141
61;2;0;0;0;468;NA;-1;141
2;62;0;0;0;468;NA;-1;142
62;2;0;0;0;468;NA;-1;142
2;63;0;0;0;468;NA;-1;143
63;2;0;0;0;468;NA;-1;143
2;64;0;0;0;468;NA;-1;144
64;2;0;0;0;468;NA;-1;144
2;65;0;0;0;468;NA;-1;145
65;2;0;0;0;468;NA;-1;145
2;66;0;0;0;468;NA;-1;146
66;2;0;0;0;468;NA;-1;146
2;68;0;0;0;468;NA;-1;147
68;2;0;0;0;468;NA;-1;147
2;69;0;0;0;468;NA;-1;148
69;2;0;0;0;468;NA;-1;148
2;70;0;0;0;468;NA;-1;149
70;2;0;0;0;468;NA;-1;149
2;71;0;0;0;468;NA;-1;150
71;2;0;0;0;468;NA;-1;150
2;72;0;0;0;468;NA;-1;151
72;2;0;0;0;468;NA;-1;151
2;73;0;0;0;468;NA;-1;152
73;2;0;0;0;468;NA;-1;152
2;74;0;0;0;468;NA;-1;153
74;2;0;0;0;468;NA;-1;153
2;75;0;0;0;468;NA;-1;154
75;2;0;0;0;468;NA;-1;154
2;77;0;0;0;468;NA;-1;155
77;2;0;0;0;468;NA;-1;155
2;78;0;0;0;468;NA;-1;156
78;2;0;0;0;468;NA;-1;156
2;79;0;0;0;468;NA;-1;157
79;2;0;0;0;468;NA;-1;157
2;80;0;0;0;468;NA;-1;158
80;2;0;0;0;468;NA;-1;158
2;81;0;0;0;468;NA;-1;159
81;2;0;0;0;468;NA;-1;159
2;82;0;0;0;468;NA;-1;160
82;2;0;0;0;468;NA;-1;160
2;84;0;0;0;468;NA;-1;161
84;2;0;0;0;468;NA;-1;161
2;85;0;0;0;468;NA;-1;162
85;2;0;0;0;468;NA;-1;162
2;86;0;0;0;468;NA;-1;163
86;2;0;0;0;468;NA;-1;163
2;87;0;0;0;468;NA;-1;164
87;2;0;0;0;468;NA;-1;164
2;88;0;0;0;468;NA;-1;165
88;2;0;0;0;468;NA;-1;165
2;90;0;0;0;468;NA;-1;166
90;2;0;0;0;468;NA;-1;166
2;91;0;0;0;468;NA;-1;167
91;2;0;0;0;468;NA;-1;167
2;92;0;0;0;468;NA;-1;168
92;2;0;0;0;468;NA;-1;168
2;93;0;0;0;468;NA;-1;169
93;2;0;0;0;468;NA;-1;169
2;94;0;0;0;468;NA;-1;170
94;2;0;0;0;468;NA;-1;170
2;95;0;0;0;468;NA;-1;171
95;2;0;0;0;468;NA;-1;171
2;96;0;0;0;468;NA;-1;172
96;2;0;0;0;468;NA;-1;172
2;97;0;0;0;468;NA;-1;173
97;2;0;0;0;468;NA;-1;173
2;98;0;0;0;468;NA;-1;174
98;2;0;0;0;468;NA;-1;174
2;99;0;0;0;468;NA;-1;175
99;2;0;0;0;468;NA;-1;175
3;3;0;0;0;468;NA;-0.5;176
3;5;0;0;0;468;NA;-1;177
5;3;0;0;0;468;NA;-1;177
3;6;0;0;0;468;NA;-1;178
6;3;0;0;0;468;NA;-1;178
3;7;0;0;0;468;NA;-1;179
7;3;0;0;0;468;NA;-1;179
3;8;0;0;0;468;NA;-1;180
8;3;0;0;0;468;NA;-1;180
3;9;0;0;0;468;NA;-1;181
9;3;0;0;0;468;NA;-1;181
3;10;0;0;4;468;NA;-1;182
10;3;0;19;0;468;NA;-1;182
3;11;0;0;0;468;NA;-1;183
11;3;0;0;0;468;NA;-1;183
3;12;0;0;0;468;NA;-1;184
12;3;0;0;0;468;NA;-1;184
3;13;0;0;0;468;NA;-1;185
13;3;0;0;0;468;NA;-1;185
3;14;0;0;0;468;NA;-1;186
14;3;0;0;0;468;NA;-1;186
3;15;0;0;0;468;NA;-1;187
15;3;0;0;0;468;NA;-1;187
3;16;0;0;0;468;NA;-1;188
16;3;0;0;0;468;NA;-1;188
3;17;0;0;0;468;NA;-1;189
17;3;0;0;0;468;NA;-1;189
3;18;0;0;0;468;NA;-1;190
18;3;0;0;0;468;NA;-1;190
3;19;0;0;0;468;NA;-1;191
19;3;0;4;0;468;NA;-1;191
3;20;0;0;90;468;NA;-1;192
20;3;0;64;0;468;NA;-1;192
3;21;0;0;275;468;NA;-1;193
21;3;0;294;0;468;NA;-1;193
3;22;0;0;0;468;NA;-1;194
22;3;0;0;0;468;NA;-1;194
3;23;0;0;6;468;NA;-1;195
23;3;0;4;0;468;NA;-1;195
3;24;0;0;0;468;NA;-1;196
24;3;0;0;0;468;NA;-1;196
3;25;0;0;1;468;NA;-1;197
25;3;0;2;0;468;NA;-1;197
3;26;0;0;27;468;NA;-1;198
26;3;0;11;0;468;NA;-1;198
3;27;0;0;9;468;NA;-1;199
27;3;0;10;0;468;NA;-1;199
3;28;0;0;17;468;NA;-1;200
28;3;0;37;0;468;NA;-1;200
3;29;0;0;17;468;NA;-1;201
29;3;0;16;0;468;NA;-1;201
3;30;0;0;0;468;NA;-1;202
30;3;0;0;0;468;NA;-1;202
3;31;0;0;0;468;NA;-1;203
31;3;0;0;0;468;NA;-1;203
3;32;0;0;14;468;NA;-1;204
32;3;0;7;0;468;NA;-1;204
3;33;0;0;0;468;NA;-1;205
33;3;0;0;0;468;NA;-1;205
3;35;0;0;0;468;NA;-1;206
35;3;0;0;0;468;NA;-1;206
3;36;0;0;0;468;NA;-1;207
36;3;0;0;0;468;NA;-1;207
3;37;0;0;0;468;NA;-1;208
37;3;0;0;0;468;NA;-1;208
3;38;0;0;0;468;NA;-1;209
38;3;0;0;0;468;NA;-1;209
3;39;0;0;0;468;NA;-1;210
39;3;0;0;0;468;NA;-1;210
3;41;0;0;0;468;NA;-1;211
41;3;0;0;0;468;NA;-1;211
3;42;0;0;0;468;NA;-1;212
42;3;0;0;0;468;NA;-1;212
3;43;0;0;8;468;NA;-1;213
43;3;0;0;0;468;NA;-1;213
3;45;0;0;0;468;NA;-1;214
45;3;0;0;0;468;NA;-1;214
3;46;0;0;0;468;NA;-1;215
46;3;0;0;0;468;NA;-1;215
3;47;0;0;0;468;NA;-1;216
47;3;0;0;0;468;NA;-1;216
3;49;0;0;0;468;NA;-1;217
49;3;0;0;0;468;NA;-1;217
3;50;0;0;0;468;NA;-1;218
50;3;0;0;0;468;NA;-1;218
3;51;0;0;0;468;NA;-1;219
51;3;0;0;0;468;NA;-1;219
3;52;0;0;0;468;NA;-1;220
52;3;0;0;0;468;NA;-1;220
3;53;0;0;0;468;NA;-1;221
53;3;0;0;0;468;NA;-1;221
3;55;0;0;0;468;NA;-1;222
55;3;0;0;0;468;NA;-1;222
3;56;0;0;0;468;NA;-1;223
56;3;0;0;0;468;NA;-1;223
3;58;0;0;0;468;NA;-1;224
58;3;0;0;0;468;NA;-1;224
3;59;0;0;0;468;NA;-1;225
59;3;0;0;0;468;NA;-1;225
3;60;0;0;0;468;NA;-1;226
60;3;0;0;0;468;NA;-1;226
3;61;0;0;0;468;NA;-1;227
61;3;0;0;0;468;NA;-1;227
3;62;0;0;0;468;NA;-1;228
62;3;0;0;0;468;NA;-1;228
3;63;0;0;0;468;NA;-1;229
63;3;0;0;0;468;NA;-1;229
3;64;0;0;0;468;NA;-1;230
64;3;0;0;0;468;NA;-1;230
3;65;0;0;0;468;NA;-1;231
65;3;0;0;0;468;NA;-1;231
3;66;0;0;0;468;NA;-1;232
66;3;0;0;0;468;NA;-1;232
3;68;0;0;0;468;NA;-1;233
68;3;0;0;0;468;NA;-1;233
3;69;0;0;0;468;NA;-1;234
69;3;0;0;0;468;NA;-1;234
3;70;0;0;0;468;NA;-1;235
70;3;0;0;0;468;NA;-1;235
3;71;0;0;0;468;NA;-1;236
71;3;0;0;0;468;NA;-1;236
3;72;0;0;0;468;NA;-1;237
72;3;0;0;0;468;NA;-1;237
3;73;0;0;0;468;NA;-1;238
73;3;0;0;0;468;NA;-1;238
3;74;0;0;0;468;NA;-1;239
74;3;0;0;0;468;NA;-1;239
3;75;0;0;0;468;NA;-1;240
75;3;0;0;0;468;NA;-1;240
3;77;0;0;0;468;NA;-1;241
77;3;0;0;0;468;NA;-1;241
3;78;0;0;0;468;NA;-1;242
78;3;0;0;0;468;NA;-1;242
3;79;0;0;0;468;NA;-1;243
79;3;0;0;0;468;NA;-1;243
3;80;0;0;0;468;NA;-1;244
80;3;0;0;0;468;NA;-1;244
3;81;0;0;0;468;NA;-1;245
81;3;0;0;0;468;NA;-1;245
3;82;0;0;0;468;NA;-1;246
82;3;0;0;0;468;NA;-1;246
3;84;0;0;0;468;NA;-1;247
84;3;0;0;0;468;NA;-1;247
3;85;0;0;0;468;NA;-1;248
85;3;0;0;0;468;NA;-1;248
3;86;0;0;0;468;NA;-1;249
86;3;0;0;0;468;NA;-1;249
3;87;0;0;0;468;NA;-1;250
87;3;0;0;0;468;NA;-1;250
3;88;0;0;0;468;NA;-1;251
88;3;0;0;0;468;NA;-1;251
3;90;0;0;0;468;NA;-1;252
90;3;0;0;0;468;NA;-1;252
3;91;0;0;0;468;NA;-1;253
91;3;0;0;0;468;NA;-1;253
3;92;0;0;0;468;NA;-1;254
92;3;0;0;0;468;NA;-1;254
3;93;0;0;0;468;NA;-1;255
93;3;0;0;0;468;NA;-1;255
3;94;0;0;0;468;NA;-1;256
94;3;0;0;0;468;NA;-1;256
3;95;0;0;0;468;NA;-1;257
95;3;0;0;0;468;NA;-1;257
3;96;0;0;0;468;NA;-1;258
96;3;0;0;0;468;NA;-1;258
3;97;0;0;0;468;NA;-1;259
97;3;0;0;0;468;NA;-1;259
3;98;0;0;0;468;NA;-1;260
98;3;0;0;0;468;NA;-1;260
3;99;0;0;0;468;NA;-1;261
99;3;0;0;0;468;NA;-1;261
5;5;0;0;0;468;NA;-0.5;262
5;6;0;0;0;468;NA;-1;263
6;5;0;0;0;468;NA;-1;263
5;7;0;0;0;468;NA;-1;264
7;5;0;0;0;468;NA;-1;264
5;8;0;0;0;468;NA;-1;265
8;5;0;0;0;468;NA;-1;265
5;9;0;0;0;468;NA;-1;266
9;5;0;0;0;468;NA;-1;266
5;10;0;0;4;468;NA;-1;267
10;5;0;19;0;468;NA;-1;267
5;11;0;0;0;468;NA;-1;268
11;5;0;0;0;468;NA;-1;268
5;12;0;0;0;468;NA;-1;269
12;5;0;0;0;468;NA;-1;269
5;13;0;0;0;468;NA;-1;270
13;5;0;0;0;468;NA;-1;270
5;14;0;0;0;468;NA;-1;271
14;5;0;0;0;468;NA;-1;271
5;15;0;0;0;468;NA;-1;272
15;5;0;0;0;468;NA;-1;272
5;16;0;0;0;468;NA;-1;273
16;5;0;0;0;468;NA;-1;273
5;17;0;0;0;468;NA;-1;274
17;5;0;0;0;468;NA;-1;274
5;18;0;0;0;468;NA;-1;275
18;5;0;0;0;468;NA;-1;275
5;19;0;0;0;468;NA;-1;276
19;5;0;4;0;468;NA;-1;276
5;20;0;0;90;468;NA;-1;277
20;5;0;64;0;468;NA;-1;277
5;21;0;0;275;468;NA;-1;278
21;5;0;294;0;468;NA;-1;278
5;22;0;0;0;468;NA;-1;279
22;5;0;0;0;468;NA;-1;279
5;23;0;0;6;468;NA;-1;280
23;5;0;4;0;468;NA;-1;280
5;24;0;0;0;468;NA;-1;281
24;5;0;0;0;468;NA;-1;281
5;25;0;0;1;468;NA;-1;282
25;5;0;2;0;468;NA;-1;282
5;26;0;0;27;468;NA;-1;283
26;5;0;11;0;468;NA;-1;283
5;27;0;0;9;468;NA;-1;284
27;5;0;10;0;468;NA;-1;284
5;28;0;0;17;468;NA;-1;285
28;5;0;37;0;468;NA;-1;285
5;29;0;0;17;468;NA;-1;286
29;5;0;16;0;468;NA;-1;286
5;30;0;0;0;468;NA;-1;287
30;5;0;0;0;468;NA;-1;287
5;31;0;0;0;468;NA;-1;288
31;5;0;0;0;468;NA;-1;288
5;32;0;0;14;468;NA;-1;289
32;5;0;7;0;468;NA;-1;289
5;33;0;0;0;468;NA;-1;290
33;5;0;0;0;468;NA;-1;290
5;35;0;0;0;468;NA;-1;291
35;5;0;0;0;468;NA;-1;291
5;36;0;0;0;468;NA;-1;292
36;5;0;0;0;468;NA;-1;292
5;37;0;0;0;468;NA;-1;293
37;5;0;0;0;468;NA;-1;293
5;38;0;0;0;468;NA;-1;294
38;5;0;0;0;468;NA;-1;294
5;39;0;0;0;468;NA;-1;295
39;5;0;0;0;468;NA;-1;295
5;41;0;0;0;468;NA;-1;296
41;5;0;0;0;468;NA;-1;296
5;42;0;0;0;468;NA;-1;297
42;5;0;0;0;468;NA;-1;297
5;43;0;0;8;468;NA;-1;298
43;5;0;0;0;468;NA;-1;298
5;45;0;0;0;468;NA;-1;299
45;5;0;0;0;468;NA;-1;299
5;46;0;0;0;468;NA;-1;300
46;5;0;0;0;468;NA;-1;300
5;47;0;0;0;468;NA;-1;301
47;5;0;0;0;468;NA;-1;301
5;49;0;0;0;468;NA;-1;302
49;5;0;0;0;468;NA;-1;302
5;50;0;0;0;468;NA;-1;303
50;5;0;0;0;468;NA;-1;303
5;51;0;0;0;468;NA;-1;304
51;5;0;0;0;468;NA;-1;304
5;52;0;0;0;468;NA;-1;305
52;5;0;0;0;468;NA;-1;305
5;53;0;0;0;468;NA;-1;306
53;5;0;0;0;468;NA;-1;306
5;55;0;0;0;468;NA;-1;307
55;5;0;0;0;468;NA;-1;307
5;56;0;0;0;468;NA;-1;308
56;5;0;0;0;468;NA;-1;308
5;58;0;0;0;468;NA;-1;309
58;5;0;0;0;468;NA;-1;309
5;59;0;0;0;468;NA;-1;310
59;5;0;0;0;468;NA;-1;310
5;60;0;0;0;468;NA;-1;311
60;5;0;0;0;468;NA;-1;311
5;61;0;0;0;468;NA;-1;312
61;5;0;0;0;468;NA;-1;312
5;62;0;0;0;468;NA;-1;313
62;5;0;0;0;468;NA;-1;313
5;63;0;0;0;468;NA;-1;314
63;5;0;0;0;468;NA;-1;314
5;64;0;0;0;468;NA;-1;315
64;5;0;0;0;468;NA;-1;315
5;65;0;0;0;468;NA;-1;316
65;5;0;0;0;468;NA;-1;316
5;66;0;0;0;468;NA;-1;317
66;5;0;0;0;468;NA;-1;317
5;68;0;0;0;468;NA;-1;318
68;5;0;0;0;468;NA;-1;318
5;69;0;0;0;468;NA;-1;319
69;5;0;0;0;468;NA;-1;319
5;70;0;0;0;468;NA;-1;320
70;5;0;0;0;468;NA;-1;320
5;71;0;0;0;468;NA;-1;321
71;5;0;0;0;468;NA;-1;321
5;72;0;0;0;468;NA;-1;322
72;5;0;0;0;468;NA;-1;322
5;73;0;0;0;468;NA;-1;323
73;5;0;0;0;468;NA;-1;323
5;74;0;0;0;468;NA;-1;324
74;5;0;0;0;468;NA;-1;324
5;75;0;0;0;468;NA;-1;325
75;5;0;0;0;468;NA;-1;325
5;77;0;0;0;468;NA;-1;326
77;5;0;0;0;468;NA;-1;326
5;78;0;0;0;468;NA;-1;327
78;5;0;0;0;468;NA;-1;327
5;79;0;0;0;468;NA;-1;328
79;5;0;0;0;468;NA;-1;328
5;80;0;0;0;468;NA;-1;329
80;5;0;0;0;468;NA;-1;329
5;81;0;0;0;468;NA;-1;330
81;5;0;0;0;468;NA;-1;330
5;82;0;0;0;468;NA;-1;331
82;5;0;0;0;468;NA;-1;331
5;84;0;0;0;468;NA;-1;332
84;5;0;0;0;468;NA;-1;332
5;85;0;0;0;468;NA;-1;333
85;5;0;0;0;468;NA;-1;333
5;86;0;0;0;468;NA;-1;334
86;5;0;0;0;468;NA;-1;334
5;87;0;0;0;468;NA;-1;335
87;5;0;0;0;468;NA;-1;335
5;88;0;0;0;468;NA;-1;336
88;5;0;0;0;468;NA;-1;336
5;90;0;0;0;468;NA;-1;337
90;5;0;0;0;468;NA;-1;337
5;91;0;0;0;468;NA;-1;338
91;5;0;0;0;468;NA;-1;338
5;92;0;0;0;468;NA;-1;339
92;5;0;0;0;468;NA;-1;339
5;93;0;0;0;468;NA;-1;340
93;5;0;0;0;468;NA;-1;340
5;94;0;0;0;468;NA;-1;341
94;5;0;0;0;468;NA;-1;341
5;95;0;0;0;468;NA;-1;342
95;5;0;0;0;468;NA;-1;342
5;96;0;0;0;468;NA;-1;343
96;5;0;0;0;468;NA;-1;343
5;97;0;0;0;468;NA;-1;344
97;5;0;0;0;468;NA;-1;344
5;98;0;0;0;468;NA;-1;345
98;5;0;0;0;468;NA;-1;345
5;99;0;0;0;468;NA;-1;346
99;5;0;0;0;468;NA;-1;346
6;6;0;0;0;468;NA;-0.5;347
6;7;0;0;0;468;NA;-1;348
7;6;0;0;0;468;NA;-1;348
6;8;0;0;0;468;NA;-1;349
8;6;0;0;0;468;NA;-1;349
6;9;0;0;0;468;NA;-1;350
9;6;0;0;0;468;NA;-1;350
6;10;0;0;4;468;NA;-1;351
10;6;0;19;0;468;NA;-1;351
6;11;0;0;0;468;NA;-1;352
11;6;0;0;0;468;NA;-1;352
6;12;0;0;0;468;NA;-1;353
12;6;0;0;0;468;NA;-1;353
6;13;0;0;0;468;NA;-1;354
13;6;0;0;0;468;NA;-1;354
6;14;0;0;0;468;NA;-1;355
14;6;0;0;0;468;NA;-1;355
6;15;0;0;0;468;NA;-1;356
15;6;0;0;0;468;NA;-1;356
6;16;0;0;0;468;NA;-1;357
16;6;0;0;0;468;NA;-1;357
6;17;0;0;0;468;NA;-1;358
17;6;0;0;0;468;NA;-1;358
6;18;0;0;0;468;NA;-1;359
18;6;0;0;0;468;NA;-1;359
6;19;0;0;0;468;NA;-1;360
19;6;0;4;0;468;NA;-1;360
6;20;0;0;90;468;NA;-1;361
20;6;0;64;0;468;NA;-1;361
6;21;0;0;275;468;NA;-1;362
21;6;0;294;0;468;NA;-1;362
6;22;0;0;0;468;NA;-1;363
22;6;0;0;0;468;NA;-1;363
6;23;0;0;6;468;NA;-1;364
23;6;0;4;0;468;NA;-1;364
6;24;0;0;0;468;NA;-1;365
24;6;0;0;0;468;NA;-1;365
6;25;0;0;1;468;NA;-1;366
25;6;0;2;0;468;NA;-1;366
6;26;0;0;27;468;NA;-1;367
26;6;0;11;0;468;NA;-1;367
6;27;0;0;9;468;NA;-1;368
27;6;0;10;0;468;NA;-1;368
6;28;0;0;17;468;NA;-1;369
28;6;0;37;0;468;NA;-1;369
6;29;0;0;17;468;NA;-1;370
29;6;0;16;0;468;NA;-1;370
6;30;0;0;0;468;NA;-1;371
30;6;0;0;0;468;NA;-1;371
6;31;0;0;0;468;NA;-1;372
31;6;0;0;0;468;NA;-1;372
6;32;0;0;14;468;NA;-1;373
32;6;0;7;0;468;NA;-1;373
6;33;0;0;0;468;NA;-1;374
33;6;0;0;0;468;NA;-1;374
6;35;0;0;0;468;NA;-1;375
35;6;0;0;0;468;NA;-1;375
6;36;0;0;0;468;NA;-1;376
36;6;0;0;0;468;NA;-1;376
6;37;0;0;0;468;NA;-1;377
37;6;0;0;0;468;NA;-1;377
6;38;0;0;0;468;NA;-1;378
38;6;0;0;0;468;NA;-1;378
6;39;0;0;0;468;NA;-1;379
39;6;0;0;0;468;NA;-1;379
6;41;0;0;0;468;NA;-1;380
41;6;0;0;0;468;NA;-1;380
6;42;0;0;0;468;NA;-1;381
42;6;0;0;0;468;NA;-1;381
6;43;0;0;8;468;NA;-1;382
43;6;0;0;0;468;NA;-1;382
6;45;0;0;0;468;NA;-1;383
45;6;0;0;0;468;NA;-1;383
6;46;0;0;0;468;NA;-1;384
46;6;0;0;0;468;NA;-1;384
6;47;0;0;0;468;NA;-1;385
47;6;0;0;0;468;NA;-1;385
6;49;0;0;0;468;NA;-1;386
49;6;0;0;0;468;NA;-1;386
6;50;0;0;0;468;NA;-1;387
50;6;0;0;0;468;NA;-1;387
6;51;0;0;0;468;NA;-1;388
51;6;0;0;0;468;NA;-1;388
6;52;0;0;0;468;NA;-1;389
52;6;0;0;0;468;NA;-1;389
6;53;0;0;0;468;NA;-1;390
53;6;0;0;0;468;NA;-1;390
6;55;0;0;0;468;NA;-1;391
55;6;0;0;0;468;NA;-1;391
6;56;0;0;0;468;NA;-1;392
56;6;0;0;0;468;NA;-1;392
6;58;0;0;0;468;NA;-1;393
58;6;0;0;0;468;NA;-1;393
6;59;0;0;0;468;NA;-1;394
59;6;0;0;0;468;NA;-1;394
6;60;0;0;0;468;NA;-1;395
60;6;0;0;0;468;NA;-1;395
6;61;0;0;0;468;NA;-1;396
61;6;0;0;0;468;NA;-1;396
6;62;0;0;0;468;NA;-1;397
62;6;0;0;0;468;NA;-1;397
6;63;0;0;0;468;NA;-1;398
63;6;0;0;0;468;NA;-1;398
6;64;0;0;0;468;NA;-1;399
64;6;0;0;0;468;NA;-1;399
6;65;0;0;0;468;NA;-1;400
65;6;0;0;0;468;NA;-1;400
6;66;0;0;0;468;NA;-1;401
66;6;0;0;0;468;NA;-1;401
6;68;0;0;0;468;NA;-1;402
68;6;0;0;0;468;NA;-1;402
6;69;0;0;0;468;NA;-1;403
69;6;0;0;0;468;NA;-1;403
6;70;0;0;0;468;NA;-1;404
70;6;0;0;0;468;NA;-1;404
6;71;0;0;0;468;NA;-1;405
71;6;0;0;0;468;NA;-1;405
6;72;0;0;0;468;NA;-1;406
72;6;0;0;0;468;NA;-1;406
6;73;0;0;0;468;NA;-1;407
73;6;0;0;0;468;NA;-1;407
6;74;0;0;0;468;NA;-1;408
74;6;0;0;0;468;NA;-1;408
6;75;0;0;0;468;NA;-1;409
75;6;0;0;0;468;NA;-1;409
6;77;0;0;0;468;NA;-1;410
77;6;0;0;0;468;NA;-1;410
6;78;0;0;0;468;NA;-1;411
78;6;0;0;0;468;NA;-1;411
6;79;0;0;0;468;NA;-1;412
79;6;0;0;0;468;NA;-1;412
6;80;0;0;0;468;NA;-1;413
80;6;0;0;0;468;NA;-1;413
6;81;0;0;0;468;NA;-1;414
81;6;0;0;0;468;NA;-1;414
6;82;0;0;0;468;NA;-1;415
82;6;0;0;0;468;NA;-1;415
6;84;0;0;0;468;NA;-1;416
84;6;0;0;0;468;NA;-1;416
6;85;0;0;0;468;NA;-1;417
85;6;0;0;0;468;NA;-1;417
6;86;0;0;0;468;NA;-1;418
86;6;0;0;0;468;NA;-1;418
6;87;0;0;0;468;NA;-1;419
87;6;0;0;0;468;NA;-1;419
6;88;0;0;0;468;NA;-1;420
88;6;0;0;0;468;NA;-1;420
6;90;0;0;0;468;NA;-1;421
90;6;0;0;0;468;NA;-1;421
6;91;0;0;0;468;NA;-1;422
91;6;0;0;0;468;NA;-1;422
6;92;0;0;0;468;NA;-1;423
92;6;0;0;0;468;NA;-1;423
6;93;0;0;0;468;NA;-1;424
93;6;0;0;0;468;NA;-1;424
6;94;0;0;0;468;NA;-1;425
94;6;0;0;0;468;NA;-1;425
6;95;0;0;0;468;NA;-1;426
95;6;0;0;0;468;NA;-1;426
6;96;0;0;0;468;NA;-1;427
96;6;0;0;0;468;NA;-1;427
6;97;0;0;0;468;NA;-1;428
97;6;0;0;0;468;NA;-1;428
6;98;0;0;0;468;NA;-1;429
98;6;0;0;0;468;NA;-1;429
6;99;0;0;0;468;NA;-1;430
99;6;0;0;0;468;NA;-1;430
7;7;0;0;0;468;NA;-0.5;431
7;8;0;0;0;468;NA;-1;432
8;7;0;0;0;468;NA;-1;432
7;9;0;0;0;468;NA;-1;433
9;7;0;0;0;468;NA;-1;433
7;10;0;0;4;468;NA;-1;434
10;7;0;19;0;468;NA;-1;434
7;11;0;0;0;468;NA;-1;435
11;7;0;0;0;468;NA;-1;435
7;12;0;0;0;468;NA;-1;436
12;7;0;0;0;468;NA;-1;436
7;13;0;0;0;468;NA;-1;437
13;7;0;0;0;468;NA;-1;437
7;14;0;0;0;468;NA;-1;438
14;7;0;0;0;468;NA;-1;438
7;15;0;0;0;468;NA;-1;439
15;7;0;0;0;468;NA;-1;439
7;16;0;0;0;468;NA;-1;440
16;7;0;0;0;468;NA;-1;440
7;17;0;0;0;468;NA;-1;441
17;7;0;0;0;468;NA;-1;441
7;18;0;0;0;468;NA;-1;442
18;7;0;0;0;468;NA;-1;442
7;19;0;0;0;468;NA;-1;443
19;7;0;4;0;468;NA;-1;443
7;20;0;0;90;468;NA;-1;444
20;7;0;64;0;468;NA;-1;444
7;21;0;0;275;468;NA;-1;445
21;7;0;294;0;468;NA;-1;445
7;22;0;0;0;468;NA;-1;446
22;7;0;0;0;468;NA;-1;446
7;23;0;0;6;468;NA;-1;447
23;7;0;4;0;468;NA;-1;447
7;24;0;0;0;468;NA;-1;448
24;7;0;0;0;468;NA;-1;448
7;25;0;0;1;468;NA;-1;449
25;7;0;2;0;468;NA;-1;449
7;26;0;0;27;468;NA;-1;450
26;7;0;11;0;468;NA;-1;450
7;27;0;0;9;468;NA;-1;451
27;7;0;10;0;468;NA;-1;451
7;28;0;0;17;468;NA;-1;452
28;7;0;37;0;468;NA;-1;452
7;29;0;0;17;468;NA;-1;453
29;7;0;16;0;468;NA;-1;453
7;30;0;0;0;468;NA;-1;454
30;7;0;0;0;468;NA;-1;454
7;31;0;0;0;468;NA;-1;455
31;7;0;0;0;468;NA;-1;455
7;32;0;0;14;468;NA;-1;456
32;7;0;7;0;468;NA;-1;456
7;33;0;0;0;468;NA;-1;457
33;7;0;0;0;468;NA;-1;457
7;35;0;0;0;468;NA;-1;458
35;7;0;0;0;468;NA;-1;458
7;36;0;0;0;468;NA;-1;459
36;7;0;0;0;468;NA;-1;459
7;37;0;0;0;468;NA;-1;460
37;7;0;0;0;468;NA;-1;460
7;38;0;0;0;468;NA;-1;461
38;7;0;0;0;468;NA;-1;461
7;39;0;0;0;468;NA;-1;462
39;7;0;0;0;468;NA;-1;462
7;41;0;0;0;468;NA;-1;463
41;7;0;0;0;468;NA;-1;463
7;42;0;0;0;468;NA;-1;464
42;7;0;0;0;468;NA;-1;464
7;43;0;0;8;468;NA;-1;465
43;7;0;0;0;468;NA;-1;465
7;45;0;0;0;468;NA;-1;466
45;7;0;0;0;468;NA;-1;466
7;46;0;0;0;468;NA;-1;467
46;7;0;0;0;468;NA;-1;467
7;47;0;0;0;468;NA;-1;468
47;7;0;0;0;468;NA;-1;468
7;49;0;0;0;468;NA;-1;469
49;7;0;0;0;468;NA;-1;469
7;50;0;0;0;468;NA;-1;470
50;7;0;0;0;468;NA;-1;470
7;51;0;0;0;468;NA;-1;471
51;7;0;0;0;468;NA;-1;471
7;52;0;0;0;468;NA;-1;472
52;7;0;0;0;468;NA;-1;472
7;53;0;0;0;468;NA;-1;473
53;7;0;0;0;468;NA;-1;473
7;55;0;0;0;468;NA;-1;474
55;7;0;0;0;468;NA;-1;474
7;56;0;0;0;468;NA;-1;475
56;7;0;0;0;468;NA;-1;475
7;58;0;0;0;468;NA;-1;476
58;7;0;0;0;468;NA;-1;476
7;59;0;0;0;468;NA;-1;477
59;7;0;0;0;468;NA;-1;477
7;60;0;0;0;468;NA;-1;478
60;7;0;0;0;468;NA;-1;478
7;61;0;0;0;468;NA;-1;479
61;7;0;0;0;468;NA;-1;479
7;62;0;0;0;468;NA;-1;480
62;7;0;0;0;468;NA;-1;480
7;63;0;0;0;468;NA;-1;481
63;7;0;0;0;468;NA;-1;481
7;64;0;0;0;468;NA;-1;482
64;7;0;0;0;468;NA;-1;482
7;65;0;0;0;468;NA;-1;483
65;7;0;0;0;468;NA;-1;483
7;66;0;0;0;468;NA;-1;484
66;7;0;0;0;468;NA;-1;484
7;68;0;0;0;468;NA;-1;485
68;7;0;0;0;468;NA;-1;485
7;69;0;0;0;468;NA;-1;486
69;7;0;0;0;468;NA;-1;486
7;70;0;0;0;468;NA;-1;487
70;7;0;0;0;468;NA;-1;487
7;71;0;0;0;468;NA;-1;488
71;7;0;0;0;468;NA;-1;488
7;72;0;0;0;468;NA;-1;489
72;7;0;0;0;468;NA;-1;489
7;73;0;0;0;468;NA;-1;490
73;7;0;0;0;468;NA;-1;490
7;74;0;0;0;468;NA;-1;491
74;7;0;0;0;468;NA;-1;491
7;75;0;0;0;468;NA;-1;492
75;7;0;0;0;468;NA;-1;492
7;77;0;0;0;468;NA;-1;493
77;7;0;0;0;468;NA;-1;493
7;78;0;0;0;468;NA;-1;494
78;7;0;0;0;468;NA;-1;494
7;79;0;0;0;468;NA;-1;495
79;7;0;0;0;468;NA;-1;495
7;80;0;0;0;468;NA;-1;496
80;7;0;0;0;468;NA;-1;496
7;81;0;0;0;468;NA;-1;497
81;7;0;0;0;468;NA;-1;497
7;82;0;0;0;468;NA;-1;498
82;7;0;0;0;468;NA;-1;498
7;84;0;0;0;468;NA;-1;499
84;7;0;0;0;468;NA;-1;499
7;85;0;0;0;468;NA;-1;500
85;7;0;0;0;468;NA;-1;500
7;86;0;0;0;468;NA;-1;501
86;7;0;0;0;468;NA;-1;501
7;87;0;0;0;468;NA;-1;502
87;7;0;0;0;468;NA;-1;502
7;88;0;0;0;468;NA;-1;503
88;7;0;0;0;468;NA;-1;503
7;90;0;0;0;468;NA;-1;504
90;7;0;0;0;468;NA;-1;504
7;91;0;0;0;468;NA;-1;505
91;7;0;0;0;468;NA;-1;505
7;92;0;0;0;468;NA;-1;506
92;7;0;0;0;468;NA;-1;506
7;93;0;0;0;468;NA;-1;507
93;7;0;0;0;468;NA;-1;507
7;94;0;0;0;468;NA;-1;508
94;7;0;0;0;468;NA;-1;508
7;95;0;0;0;468;NA;-1;509
95;7;0;0;0;468;NA;-1;509
7;96;0;0;0;468;NA;-1;510
96;7;0;0;0;468;NA;-1;510
7;97;0;0;0;468;NA;-1;511
97;7;0;0;0;468;NA;-1;511
7;98;0;0;0;468;NA;-1;512
98;7;0;0;0;468;NA;-1;512
7;99;0;0;0;468;NA;-1;513
99;7;0;0;0;468;NA;-1;513
8;8;0;0;0;468;NA;-0.5;514
8;9;0;0;0;468;NA;-1;515
9;8;0;0;0;468;NA;-1;515
8;10;0;0;4;468;NA;-1;516
10;8;0;19;0;468;NA;-1;516
8;11;0;0;0;468;NA;-1;517
11;8;0;0;0;468;NA;-1;517
8;12;0;0;0;468;NA;-1;518
12;8;0;0;0;468;NA;-1;518
8;13;0;0;0;468;NA;-1;519
13;8;0;0;0;468;NA;-1;519
8;14;0;0;0;468;NA;-1;520
14;8;0;0;0;468;NA;-1;520
8;15;0;0;0;468;NA;-1;521
15;8;0;0;0;468;NA;-1;521
8;16;0;0;0;468;NA;-1;522
16;8;0;0;0;468;NA;-1;522
8;17;0;0;0;468;NA;-1;523
17;8;0;0;0;468;NA;-1;523
8;18;0;0;0;468;NA;-1;524
18;8;0;0;0;468;NA;-1;524
8;19;0;0;0;468;NA;-1;525
19;8;0;4;0;468;NA;-1;525
8;20;0;0;90;468;NA;-1;526
20;8;0;64;0;468;NA;-1;526
8;21;0;0;275;468;NA;-1;527
21;8;0;294;0;468;NA;-1;527
8;22;0;0;0;468;NA;-1;528
22;8;0;0;0;468;NA;-1;528
8;23;0;0;6;468;NA;-1;529
23;8;0;4;0;468;NA;-1;529
8;24;0;0;0;468;NA;-1;530
24;8;0;0;0;468;NA;-1;530
8;25;0;0;1;468;NA;-1;531
25;8;0;2;0;468;NA;-1;531
8;26;0;0;27;468;NA;-1;532
26;8;0;11;0;468;NA;-1;532
8;27;0;0;9;468;NA;-1;533
27;8;0;10;0;468;NA;-1;533
8;28;0;0;17;468;NA;-1;534
28;8;0;37;0;468;NA;-1;534
8;29;0;0;17;468;NA;-1;535
29;8;0;16;0;468;NA;-1;535
8;30;0;0;0;468;NA;-1;536
30;8;0;0;0;468;NA;-1;536
8;31;0;0;0;468;NA;-1;537
31;8;0;0;0;468;NA;-1;537
8;32;0;0;14;468;NA;-1;538
32;8;0;7;0;468;NA;-1;538
8;33;0;0;0;468;NA;-1;539
33;8;0;0;0;468;NA;-1;539
8;35;0;0;0;468;NA;-1;540
35;8;0;0;0;468;NA;-1;540
8;36;0;0;0;468;NA;-1;541
36;8;0;0;0;468;NA;-1;541
8;37;0;0;0;468;NA;-1;542
37;8;0;0;0;468;NA;-1;542
8;38;0;0;0;468;NA;-1;543
38;8;0;0;0;468;NA;-1;543
8;39;0;0;0;468;NA;-1;544
39;8;0;0;0;468;NA;-1;544
8;41;0;0;0;468;NA;-1;545
41;8;0;0;0;468;NA;-1;545
8;42;0;0;0;468;NA;-1;546
42;8;0;0;0;468;NA;-1;546
8;43;0;0;8;468;NA;-1;547
43;8;0;0;0;468;NA;-1;547
8;45;0;0;0;468;NA;-1;548
45;8;0;0;0;468;NA;-1;548
8;46;0;0;0;468;NA;-1;549
46;8;0;0;0;468;NA;-1;549
8;47;0;0;0;468;NA;-1;550
47;8;0;0;0;468;NA;-1;550
8;49;0;0;0;468;NA;-1;551
49;8;0;0;0;468;NA;-1;551
8;50;0;0;0;468;NA;-1;552
50;8;0;0;0;468;NA;-1;552
8;51;0;0;0;468;NA;-1;553
51;8;0;0;0;468;NA;-1;553
8;52;0;0;0;468;NA;-1;554
52;8;0;0;0;468;NA;-1;554
8;53;0;0;0;468;NA;-1;555
53;8;0;0;0;468;NA;-1;555
8;55;0;0;0;468;NA;-1;556
55;8;0;0;0;468;NA;-1;556
8;56;0;0;0;468;NA;-1;557
56;8;0;0;0;468;NA;-1;557
8;58;0;0;0;468;NA;-1;558
58;8;0;0;0;468;NA;-1;558
8;59;0;0;0;468;NA;-1;559
59;8;0;0;0;468;NA;-1;559
8;60;0;0;0;468;NA;-1;560
60;8;0;0;0;468;NA;-1;560
8;61;0;0;0;468;NA;-1;561
61;8;0;0;0;468;NA;-1;561
8;62;0;0;0;468;NA;-1;562
62;8;0;0;0;468;NA;-1;562
8;63;0;0;0;468;NA;-1;563
63;8;0;0;0;468;NA;-1;563
8;64;0;0;0;468;NA;-1;564
64;8;0;0;0;468;NA;-1;564
8;65;0;0;0;468;NA;-1;565
65;8;0;0;0;468;NA;-1;565
8;66;0;0;0;468;NA;-1;566
66;8;0;0;0;468;NA;-1;566
8;68;0;0;0;468;NA;-1;567
68;8;0;0;0;468;NA;-1;567
8;69;0;0;0;468;NA;-1;568
69;8;0;0;0;468;NA;-1;568
8;70;0;0;0;468;NA;-1;569
70;8;0;0;0;468;NA;-1;569
8;71;0;0;0;468;NA;-1;570
71;8;0;0;0;468;NA;-1;570
8;72;0;0;0;468;NA;-1;571
72;8;0;0;0;468;NA;-1;571
8;73;0;0;0;468;NA;-1;572
73;8;0;0;0;468;NA;-1;572
8;74;0;0;0;468;NA;-1;573
74;8;0;0;0;468;NA;-1;573
8;75;0;0;0;468;NA;-1;574
75;8;0;0;0;468;NA;-1;574
8;77;0;0;0;468;NA;-1;575
77;8;0;0;0;468;NA;-1;575
8;78;0;0;0;468;NA;-1;576
78;8;0;0;0;468;NA;-1;576
8;79;0;0;0;468;NA;-1;577
79;8;0;0;0;468;NA;-1;577
8;80;0;0;0;468;NA;-1;578
80;8;0;0;0;468;NA;-1;578
8;81;0;0;0;468;NA;-1;579
81;8;0;0;0;468;NA;-1;579
8;82;0;0;0;468;NA;-1;580
82;8;0;0;0;468;NA;-1;580
8;84;0;0;0;468;NA;-1;581
84;8;0;0;0;468;NA;-1;581
8;85;0;0;0;468;NA;-1;582
85;8;0;0;0;468;NA;-1;582
8;86;0;0;0;468;NA;-1;583
86;8;0;0;0;468;NA;-1;583
8;87;0;0;0;468;NA;-1;584
87;8;0;0;0;468;NA;-1;584
8;88;0;0;0;468;NA;-1;585
88;8;0;0;0;468;NA;-1;585
8;90;0;0;0;468;NA;-1;586
90;8;0;0;0;468;NA;-1;586
8;91;0;0;0;468;NA;-1;587
91;8;0;0;0;468;NA;-1;587
8;92;0;0;0;468;NA;-1;588
92;8;0;0;0;468;NA;-1;588
8;93;0;0;0;468;NA;-1;589
93;8;0;0;0;468;NA;-1;589
8;94;0;0;0;468;NA;-1;590
94;8;0;0;0;468;NA;-1;590
8;95;0;0;0;468;NA;-1;591
95;8;0;0;0;468;NA;-1;591
8;96;0;0;0;468;NA;-1;592
96;8;0;0;0;468;NA;-1;592
8;97;0;0;0;468;NA;-1;593
97;8;0;0;0;468;NA;-1;593
8;98;0;0;0;468;NA;-1;594
98;8;0;0;0;468;NA;-1;594
8;99;0;0;0;468;NA;-1;595
99;8;0;0;0;468;NA;-1;595
9;9;0;0;0;468;NA;-0.5;596
9;10;0;0;4;468;NA;-1;597
10;9;0;19;0;468;NA;-1;597
9;11;0;0;0;468;NA;-1;598
11;9;0;0;0;468;NA;-1;598
9;12;0;0;0;468;NA;-1;599
12;9;0;0;0;468;NA;-1;599
9;13;0;0;0;468;NA;-1;600
13;9;0;0;0;468;NA;-1;600
9;14;0;0;0;468;NA;-1;601
14;9;0;0;0;468;NA;-1;601
9;15;0;0;0;468;NA;-1;602
15;9;0;0;0;468;NA;-1;602
9;16;0;0;0;468;NA;-1;603
16;9;0;0;0;468;NA;-1;603
9;17;0;0;0;468;NA;-1;604
17;9;0;0;0;468;NA;-1;604
9;18;0;0;0;468;NA;-1;605
18;9;0;0;0;468;NA;-1;605
9;19;0;0;0;468;NA;-1;606
19;9;0;4;0;468;NA;-1;606
9;20;0;0;90;468;NA;-1;607
20;9;0;64;0;468;NA;-1;607
9;21;0;0;275;468;NA;-1;608
21;9;0;294;0;468;NA;-1;608
9;22;0;0;0;468;NA;-1;609
22;9;0;0;0;468;NA;-1;609
9;23;0;0;6;468;NA;-1;610
23;9;0;4;0;468;NA;-1;610
9;24;0;0;0;468;NA;-1;611
24;9;0;0;0;468;NA;-1;611
9;25;0;0;1;468;NA;-1;612
25;9;0;2;0;468;NA;-1;612
9;26;0;0;27;468;NA;-1;613
26;9;0;11;0;468;NA;-1;613
9;27;0;0;9;468;NA;-1;614
27;9;0;10;0;468;NA;-1;614
9;28;0;0;17;468;NA;-1;615
28;9;0;37;0;468;NA;-1;615
9;29;0;0;17;468;NA;-1;616
29;9;0;16;0;468;NA;-1;616
9;30;0;0;0;468;NA;-1;617
30;9;0;0;0;468;NA;-1;617
9;31;0;0;0;468;NA;-1;618
31;9;0;0;0;468;NA;-1;618
9;32;0;0;14;468;NA;-1;619
32;9;0;7;0;468;NA;-1;619
9;33;0;0;0;468;NA;-1;620
33;9;0;0;0;468;NA;-1;620
9;35;0;0;0;468;NA;-1;621
35;9;0;0;0;468;NA;-1;621
9;36;0;0;0;468;NA;-1;622
36;9;0;0;0;468;NA;-1;622
9;37;0;0;0;468;NA;-1;623
37;9;0;0;0;468;NA;-1;623
9;38;0;0;0;468;NA;-1;624
38;9;0;0;0;468;NA;-1;624
9;39;0;0;0;468;NA;-1;625
39;9;0;0;0;468;NA;-1;625
9;41;0;0;0;468;NA;-1;626
41;9;0;0;0;468;NA;-1;626
9;42;0;0;0;468;NA;-1;627
42;9;0;0;0;468;NA;-1;627
9;43;0;0;8;468;NA;-1;628
43;9;0;0;0;468;NA;-1;628
9;45;0;0;0;468;NA;-1;629
45;9;0;0;0;468;NA;-1;629
9;46;0;0;0;468;NA;-1;630
46;9;0;0;0;468;NA;-1;630
9;47;0;0;0;468;NA;-1;631
47;9;0;0;0;468;NA;-1;631
9;49;0;0;0;468;NA;-1;632
49;9;0;0;0;468;NA;-1;632
9;50;0;0;0;468;NA;-1;633
50;9;0;0;0;468;NA;-1;633
9;51;0;0;0;468;NA;-1;634
51;9;0;0;0;468;NA;-1;634
9;52;0;0;0;468;NA;-1;635
52;9;0;0;0;468;NA;-1;635
9;53;0;0;0;468;NA;-1;636
53;9;0;0;0;468;NA;-1;636
9;55;0;0;0;468;NA;-1;637
55;9;0;0;0;468;NA;-1;637
9;56;0;0;0;468;NA;-1;638
56;9;0;0;0;468;NA;-1;638
9;58;0;0;0;468;NA;-1;639
58;9;0;0;0;468;NA;-1;639
9;59;0;0;0;468;NA;-1;640
59;9;0;0;0;468;NA;-1;640
9;60;0;0;0;468;NA;-1;641
60;9;0;0;0;468;NA;-1;641
9;61;0;0;0;468;NA;-1;642
61;9;0;0;0;468;NA;-1;642
9;62;0;0;0;468;NA;-1;643
62;9;0;0;0;468;NA;-1;643
9;63;0;0;0;468;NA;-1;644
63;9;0;0;0;468;NA;-1;644
9;64;0;0;0;468;NA;-1;645
64;9;0;0;0;468;NA;-1;645
9;65;0;0;0;468;NA;-1;646
65;9;0;0;0;468;NA;-1;646
9;66;0;0;0;468;NA;-1;647
66;9;0;0;0;468;NA;-1;647
9;68;0;0;0;468;NA;-1;648
68;9;0;0;0;468;NA;-1;648
9;69;0;0;0;468;NA;-1;649
69;9;0;0;0;468;NA;-1;649
9;70;0;0;0;468;NA;-1;650
70;9;0;0;0;468;NA;-1;650
9;71;0;0;0;468;NA;-1;651
71;9;0;0;0;468;NA;-1;651
9;72;0;0;0;468;NA;-1;652
72;9;0;0;0;468;NA;-1;652
9;73;0;0;0;468;NA;-1;653
73;9;0;0;0;468;NA;-1;653
9;74;0;0;0;468;NA;-1;654
74;9;0;0;0;468;NA;-1;654
9;75;0;0;0;468;NA;-1;655
75;9;0;0;0;468;NA;-1;655
9;77;0;0;0;468;NA;-1;656
77;9;0;0;0;468;NA;-1;656
9;78;0;0;0;468;NA;-1;657
78;9;0;0;0;468;NA;-1;657
9;79;0;0;0;468;NA;-1;658
79;9;0;0;0;468;NA;-1;658
9;80;0;0;0;468;NA;-1;659
80;9;0;0;0;468;NA;-1;659
9;81;0;0;0;468;NA;-1;660
81;9;0;0;0;468;NA;-1;660
9;82;0;0;0;468;NA;-1;661
82;9;0;0;0;468;NA;-1;661
9;84;0;0;0;468;NA;-1;662
84;9;0;0;0;468;NA;-1;662
9;85;0;0;0;468;NA;-1;663
85;9;0;0;0;468;NA;-1;663
9;86;0;0;0;468;NA;-1;664
86;9;0;0;0;468;NA;-1;664
9;87;0;0;0;468;NA;-1;665
87;9;0;0;0;468;NA;-1;665
9;88;0;0;0;468;NA;-1;666
88;9;0;0;0;468;NA;-1;666
9;90;0;0;0;468;NA;-1;667
90;9;0;0;0;468;NA;-1;667
9;91;0;0;0;468;NA;-1;668
91;9;0;0;0;468;NA;-1;668
9;92;0;0;0;468;NA;-1;669
92;9;0;0;0;468;NA;-1;669
9;93;0;0;0;468;NA;-1;670
93;9;0;0;0;468;NA;-1;670
9;94;0;0;0;468;NA;-1;671
94;9;0;0;0;468;NA;-1;671
9;95;0;0;0;468;NA;-1;672
95;9;0;0;0;468;NA;-1;672
9;96;0;0;0;468;NA;-1;673
96;9;0;0;0;468;NA;-1;673
9;97;0;0;0;468;NA;-1;674
97;9;0;0;0;468;NA;-1;674
9;98;0;0;0;468;NA;-1;675
98;9;0;0;0;468;NA;-1;675
9;99;0;0;0;468;NA;-1;676
99;9;0;0;0;468;NA;-1;676
10;10;1;19;4;468;6.1578947368421;0.360294117647059;677
10;11;0;19;0;468;NA;-1;678
11;10;0;0;4;468;NA;-1;678
10;12;0;19;0;468;NA;-1;679
12;10;0;0;4;468;NA;-1;679
10;13;0;19;0;468;NA;-1;680
13;10;0;0;4;468;NA;-1;680
10;14;0;19;0;468;NA;-1;681
14;10;0;0;4;468;NA;-1;681
10;15;0;19;0;468;NA;-1;682
15;10;0;0;4;468;NA;-1;682
10;16;0;19;0;468;NA;-1;683
16;10;0;0;4;468;NA;-1;683
10;17;0;19;0;468;NA;-1;684
17;10;0;0;4;468;NA;-1;684
10;18;0;19;0;468;NA;-1;685
18;10;0;0;4;468;NA;-1;685
10;19;0;19;0;468;NA;-1;686
19;10;0;4;4;468;0;-1;686
10;20;2;19;90;468;0.547368421052632;0.000150336377644944;687
20;10;1;64;4;468;1.828125;0.000150336377644944;687
10;21;14;19;275;468;1.25397129186603;-0.000479555682493624;688
21;10;2;294;4;468;0.795918367346939;-0.000479555682493624;688
10;22;0;19;0;468;NA;-1;689
22;10;0;0;4;468;NA;-1;689
10;23;0;19;6;468;0;-1;690
23;10;0;4;4;468;0;-1;690
10;24;0;19;0;468;NA;-1;691
24;10;0;0;4;468;NA;-1;691
10;25;0;19;1;468;0;-1;692
25;10;0;2;4;468;0;-1;692
10;26;2;19;27;468;1.82456140350877;-0.354037267080745;693
26;10;0;11;4;468;0;-0.354037267080745;693
10;27;0;19;9;468;0;-1;694
27;10;0;10;4;468;0;-1;694
10;28;0;19;17;468;0;-1;695
28;10;0;37;4;468;0;-1;695
10;29;0;19;17;468;0;-1;696
29;10;0;16;4;468;0;-1;696
10;30;0;19;0;468;NA;-1;697
30;10;0;0;4;468;NA;-1;697
10;31;0;19;0;468;NA;-1;698
31;10;0;0;4;468;NA;-1;698
10;32;0;19;14;468;0;-1;699
32;10;0;7;4;468;0;-1;699
10;33;0;19;0;468;NA;-1;700
33;10;0;0;4;468;NA;-1;700
10;35;0;19;0;468;NA;-1;701
35;10;0;0;4;468;NA;-1;701
10;36;0;19;0;468;NA;-1;702
36;10;0;0;4;468;NA;-1;702
10;37;0;19;0;468;NA;-1;703
37;10;0;0;4;468;NA;-1;703
10;38;0;19;0;468;NA;-1;704
38;10;0;0;4;468;NA;-1;704
10;39;0;19;0;468;NA;-1;705
39;10;0;0;4;468;NA;-1;705
10;41;0;19;0;468;NA;-1;706
41;10;0;0;4;468;NA;-1;706
10;42;0;19;0;468;NA;-1;707
42;10;0;0;4;468;NA;-1;707
10;43;0;19;8;468;0;-1;708
43;10;0;0;4;468;NA;-1;708
10;45;0;19;0;468;NA;-1;709
45;10;0;0;4;468;NA;-1;709
10;46;0;19;0;468;NA;-1;710
46;10;0;0;4;468;NA;-1;710
10;47;0;19;0;468;NA;-1;711
47;10;0;0;4;468;NA;-1;711
10;49;0;19;0;468;NA;-1;712
49;10;0;0;4;468;NA;-1;712
10;50;0;19;0;468;NA;-1;713
50;10;0;0;4;468;NA;-1;713
10;51;0;19;0;468;NA;-1;714
51;10;0;0;4;468;NA;-1;714
10;52;0;19;0;468;NA;-1;715
52;10;0;0;4;468;NA;-1;715
10;53;0;19;0;468;NA;-1;716
53;10;0;0;4;468;NA;-1;716
10;55;0;19;0;468;NA;-1;717
55;10;0;0;4;468;NA;-1;717
10;56;0;19;0;468;NA;-1;718
56;10;0;0;4;468;NA;-1;718
10;58;0;19;0;468;NA;-1;719
58;10;0;0;4;468;NA;-1;719
10;59;0;19;0;468;NA;-1;720
59;10;0;0;4;468;NA;-1;720
10;60;0;19;0;468;NA;-1;721
60;10;0;0;4;468;NA;-1;721
10;61;0;19;0;468;NA;-1;722
61;10;0;0;4;468;NA;-1;722
10;62;0;19;0;468;NA;-1;723
62;10;0;0;4;468;NA;-1;723
10;63;0;19;0;468;NA;-1;724
63;10;0;0;4;468;NA;-1;724
10;64;0;19;0;468;NA;-1;725
64;10;0;0;4;468;NA;-1;725
10;65;0;19;0;468;NA;-1;726
65;10;0;0;4;468;NA;-1;726
10;66;0;19;0;468;NA;-1;727
66;10;0;0;4;468;NA;-1;727
10;68;0;19;0;468;NA;-1;728
68;10;0;0;4;468;NA;-1;728
10;69;0;19;0;468;NA;-1;729
69;10;0;0;4;468;NA;-1;729
10;70;0;19;0;468;NA;-1;730
70;10;0;0;4;468;NA;-1;730
10;71;0;19;0;468;NA;-1;731
71;10;0;0;4;468;NA;-1;731
10;72;0;19;0;468;NA;-1;732
72;10;0;0;4;468;NA;-1;732
10;73;0;19;0;468;NA;-1;733
73;10;0;0;4;468;NA;-1;733
10;74;0;19;0;468;NA;-1;734
74;10;0;0;4;468;NA;-1;734
10;75;0;19;0;468;NA;-1;735
75;10;0;0;4;468;NA;-1;735
10;77;0;19;0;468;NA;-1;736
77;10;0;0;4;468;NA;-1;736
10;78;0;19;0;468;NA;-1;737
78;10;0;0;4;468;NA;-1;737
10;79;0;19;0;468;NA;-1;738
79;10;0;0;4;468;NA;-1;738
10;80;0;19;0;468;NA;-1;739
80;10;0;0;4;468;NA;-1;739
10;81;0;19;0;468;NA;-1;740
81;10;0;0;4;468;NA;-1;740
10;82;0;19;0;468;NA;-1;741
82;10;0;0;4;468;NA;-1;741
10;84;0;19;0;468;NA;-1;742
84;10;0;0;4;468;NA;-1;742
10;85;0;19;0;468;NA;-1;743
85;10;0;0;4;468;NA;-1;743
10;86;0;19;0;468;NA;-1;744
86;10;0;0;4;468;NA;-1;744
10;87;0;19;0;468;NA;-1;745
87;10;0;0;4;468;NA;-1;745
10;88;0;19;0;468;NA;-1;746
88;10;0;0;4;468;NA;-1;746
10;90;0;19;0;468;NA;-1;747
90;10;0;0;4;468;NA;-1;747
10;91;0;19;0;468;NA;-1;748
91;10;0;0;4;468;NA;-1;748
10;92;0;19;0;468;NA;-1;749
92;10;0;0;4;468;NA;-1;749
10;93;0;19;0;468;NA;-1;750
93;10;0;0;4;468;NA;-1;750
10;94;0;19;0;468;NA;-1;751
94;10;0;0;4;468;NA;-1;751
10;95;0;19;0;468;NA;-1;752
95;10;0;0;4;468;NA;-1;752
10;96;0;19;0;468;NA;-1;753
96;10;0;0;4;468;NA;-1;753
10;97;0;19;0;468;NA;-1;754
97;10;0;0;4;468;NA;-1;754
10;98;0;19;0;468;NA;-1;755
98;10;0;0;4;468;NA;-1;755
10;99;0;19;0;468;NA;-1;756
99;10;0;0;4;468;NA;-1;756
11;11;0;0;0;468;NA;-0.5;757
11;12;0;0;0;468;NA;-1;758
12;11;0;0;0;468;NA;-1;758
11;13;0;0;0;468;NA;-1;759
13;11;0;0;0;468;NA;-1;759
11;14;0;0;0;468;NA;-1;760
14;11;0;0;0;468;NA;-1;760
11;15;0;0;0;468;NA;-1;761
15;11;0;0;0;468;NA;-1;761
11;16;0;0;0;468;NA;-1;762
16;11;0;0;0;468;NA;-1;762
11;17;0;0;0;468;NA;-1;763
17;11;0;0;0;468;NA;-1;763
11;18;0;0;0;468;NA;-1;764
18;11;0;0;0;468;NA;-1;764
11;19;0;0;0;468;NA;-1;765
19;11;0;4;0;468;NA;-1;765
11;20;0;0;90;468;NA;-1;766
20;11;0;64;0;468;NA;-1;766
11;21;0;0;275;468;NA;-1;767
21;11;0;294;0;468;NA;-1;767
11;22;0;0;0;468;NA;-1;768
22;11;0;0;0;468;NA;-1;768
11;23;0;0;6;468;NA;-1;769
23;11;0;4;0;468;NA;-1;769
11;24;0;0;0;468;NA;-1;770
24;11;0;0;0;468;NA;-1;770
11;25;0;0;1;468;NA;-1;771
25;11;0;2;0;468;NA;-1;771
11;26;0;0;27;468;NA;-1;772
26;11;0;11;0;468;NA;-1;772
11;27;0;0;9;468;NA;-1;773
27;11;0;10;0;468;NA;-1;773
11;28;0;0;17;468;NA;-1;774
28;11;0;37;0;468;NA;-1;774
11;29;0;0;17;468;NA;-1;775
29;11;0;16;0;468;NA;-1;775
11;30;0;0;0;468;NA;-1;776
30;11;0;0;0;468;NA;-1;776
11;31;0;0;0;468;NA;-1;777
31;11;0;0;0;468;NA;-1;777
11;32;0;0;14;468;NA;-1;778
32;11;0;7;0;468;NA;-1;778
11;33;0;0;0;468;NA;-1;779
33;11;0;0;0;468;NA;-1;779
11;35;0;0;0;468;NA;-1;780
35;11;0;0;0;468;NA;-1;780
11;36;0;0;0;468;NA;-1;781
36;11;0;0;0;468;NA;-1;781
11;37;0;0;0;468;NA;-1;782
37;11;0;0;0;468;NA;-1;782
11;38;0;0;0;468;NA;-1;783
38;11;0;0;0;468;NA;-1;783
11;39;0;0;0;468;NA;-1;784
39;11;0;0;0;468;NA;-1;784
11;41;0;0;0;468;NA;-1;785
41;11;0;0;0;468;NA;-1;785
11;42;0;0;0;468;NA;-1;786
42;11;0;0;0;468;NA;-1;786
11;43;0;0;8;468;NA;-1;787
43;11;0;0;0;468;NA;-1;787
11;45;0;0;0;468;NA;-1;788
45;11;0;0;0;468;NA;-1;788
11;46;0;0;0;468;NA;-1;789
46;11;0;0;0;468;NA;-1;789
11;47;0;0;0;468;NA;-1;790
47;11;0;0;0;468;NA;-1;790
11;49;0;0;0;468;NA;-1;791
49;11;0;0;0;468;NA;-1;791
11;50;0;0;0;468;NA;-1;792
50;11;0;0;0;468;NA;-1;792
11;51;0;0;0;468;NA;-1;793
51;11;0;0;0;468;NA;-1;793
11;52;0;0;0;468;NA;-1;794
52;11;0;0;0;468;NA;-1;794
11;53;0;0;0;468;NA;-1;795
53;11;0;0;0;468;NA;-1;795
11;55;0;0;0;468;NA;-1;796
55;11;0;0;0;468;NA;-1;796
11;56;0;0;0;468;NA;-1;797
56;11;0;0;0;468;NA;-1;797
11;58;0;0;0;468;NA;-1;798
58;11;0;0;0;468;NA;-1;798
11;59;0;0;0;468;NA;-1;799
59;11;0;0;0;468;NA;-1;799
11;60;0;0;0;468;NA;-1;800
60;11;0;0;0;468;NA;-1;800
11;61;0;0;0;468;NA;-1;801
61;11;0;0;0;468;NA;-1;801
11;62;0;0;0;468;NA;-1;802
62;11;0;0;0;468;NA;-1;802
11;63;0;0;0;468;NA;-1;803
63;11;0;0;0;468;NA;-1;803
11;64;0;0;0;468;NA;-1;804
64;11;0;0;0;468;NA;-1;804
11;65;0;0;0;468;NA;-1;805
65;11;0;0;0;468;NA;-1;805
11;66;0;0;0;468;NA;-1;806
66;11;0;0;0;468;NA;-1;806
11;68;0;0;0;468;NA;-1;807
68;11;0;0;0;468;NA;-1;807
11;69;0;0;0;468;NA;-1;808
69;11;0;0;0;468;NA;-1;808
11;70;0;0;0;468;NA;-1;809
70;11;0;0;0;468;NA;-1;809
11;71;0;0;0;468;NA;-1;810
71;11;0;0;0;468;NA;-1;810
11;72;0;0;0;468;NA;-1;811
72;11;0;0;0;468;NA;-1;811
11;73;0;0;0;468;NA;-1;812
73;11;0;0;0;468;NA;-1;812
11;74;0;0;0;468;NA;-1;813
74;11;0;0;0;468;NA;-1;813
11;75;0;0;0;468;NA;-1;814
75;11;0;0;0;468;NA;-1;814
11;77;0;0;0;468;NA;-1;815
77;11;0;0;0;468;NA;-1;815
11;78;0;0;0;468;NA;-1;816
78;11;0;0;0;468;NA;-1;816
11;79;0;0;0;468;NA;-1;817
79;11;0;0;0;468;NA;-1;817
11;80;0;0;0;468;NA;-1;818
80;11;0;0;0;468;NA;-1;818
11;81;0;0;0;468;NA;-1;819
81;11;0;0;0;468;NA;-1;819
11;82;0;0;0;468;NA;-1;820
82;11;0;0;0;468;NA;-1;820
11;84;0;0;0;468;NA;-1;821
84;11;0;0;0;468;NA;-1;821
11;85;0;0;0;468;NA;-1;822
85;11;0;0;0;468;NA;-1;822
11;86;0;0;0;468;NA;-1;823
86;11;0;0;0;468;NA;-1;823
11;87;0;0;0;468;NA;-1;824
87;11;0;0;0;468;NA;-1;824
11;88;0;0;0;468;NA;-1;825
88;11;0;0;0;468;NA;-1;825
11;90;0;0;0;468;NA;-1;826
90;11;0;0;0;468;NA;-1;826
11;91;0;0;0;468;NA;-1;827
91;11;0;0;0;468;NA;-1;827
11;92;0;0;0;468;NA;-1;828
92;11;0;0;0;468;NA;-1;828
11;93;0;0;0;468;NA;-1;829
93;11;0;0;0;468;NA;-1;829
11;94;0;0;0;468;NA;-1;830
94;11;0;0;0;468;NA;-1;830
11;95;0;0;0;468;NA;-1;831
95;11;0;0;0;468;NA;-1;831
11;96;0;0;0;468;NA;-1;832
96;11;0;0;0;468;NA;-1;832
11;97;0;0;0;468;NA;-1;833
97;11;0;0;0;468;NA;-1;833
11;98;0;0;0;468;NA;-1;834
98;11;0;0;0;468;NA;-1;834
11;99;0;0;0;468;NA;-1;835
99;11;0;0;0;468;NA;-1;835
12;12;0;0;0;468;NA;-0.5;836
12;13;0;0;0;468;NA;-1;837
13;12;0;0;0;468;NA;-1;837
12;14;0;0;0;468;NA;-1;838
14;12;0;0;0;468;NA;-1;838
12;15;0;0;0;468;NA;-1;839
15;12;0;0;0;468;NA;-1;839
12;16;0;0;0;468;NA;-1;840
16;12;0;0;0;468;NA;-1;840
12;17;0;0;0;468;NA;-1;841
17;12;0;0;0;468;NA;-1;841
12;18;0;0;0;468;NA;-1;842
18;12;0;0;0;468;NA;-1;842
12;19;0;0;0;468;NA;-1;843
19;12;0;4;0;468;NA;-1;843
12;20;0;0;90;468;NA;-1;844
20;12;0;64;0;468;NA;-1;844
12;21;0;0;275;468;NA;-1;845
21;12;0;294;0;468;NA;-1;845
12;22;0;0;0;468;NA;-1;846
22;12;0;0;0;468;NA;-1;846
12;23;0;0;6;468;NA;-1;847
23;12;0;4;0;468;NA;-1;847
12;24;0;0;0;468;NA;-1;848
24;12;0;0;0;468;NA;-1;848
12;25;0;0;1;468;NA;-1;849
25;12;0;2;0;468;NA;-1;849
12;26;0;0;27;468;NA;-1;850
26;12;0;11;0;468;NA;-1;850
12;27;0;0;9;468;NA;-1;851
27;12;0;10;0;468;NA;-1;851
12;28;0;0;17;468;NA;-1;852
28;12;0;37;0;468;NA;-1;852
12;29;0;0;17;468;NA;-1;853
29;12;0;16;0;468;NA;-1;853
12;30;0;0;0;468;NA;-1;854
30;12;0;0;0;468;NA;-1;854
12;31;0;0;0;468;NA;-1;855
31;12;0;0;0;468;NA;-1;855
12;32;0;0;14;468;NA;-1;856
32;12;0;7;0;468;NA;-1;856
12;33;0;0;0;468;NA;-1;857
33;12;0;0;0;468;NA;-1;857
12;35;0;0;0;468;NA;-1;858
35;12;0;0;0;468;NA;-1;858
12;36;0;0;0;468;NA;-1;859
36;12;0;0;0;468;NA;-1;859
12;37;0;0;0;468;NA;-1;860
37;12;0;0;0;468;NA;-1;860
12;38;0;0;0;468;NA;-1;861
38;12;0;0;0;468;NA;-1;861
12;39;0;0;0;468;NA;-1;862
39;12;0;0;0;468;NA;-1;862
12;41;0;0;0;468;NA;-1;863
41;12;0;0;0;468;NA;-1;863
12;42;0;0;0;468;NA;-1;864
42;12;0;0;0;468;NA;-1;864
12;43;0;0;8;468;NA;-1;865
43;12;0;0;0;468;NA;-1;865
12;45;0;0;0;468;NA;-1;866
45;12;0;0;0;468;NA;-1;866
12;46;0;0;0;468;NA;-1;867
46;12;0;0;0;468;NA;-1;867
12;47;0;0;0;468;NA;-1;868
47;12;0;0;0;468;NA;-1;868
12;49;0;0;0;468;NA;-1;869
49;12;0;0;0;468;NA;-1;869
12;50;0;0;0;468;NA;-1;870
50;12;0;0;0;468;NA;-1;870
12;51;0;0;0;468;NA;-1;871
51;12;0;0;0;468;NA;-1;871
12;52;0;0;0;468;NA;-1;872
52;12;0;0;0;468;NA;-1;872
12;53;0;0;0;468;NA;-1;873
53;12;0;0;0;468;NA;-1;873
12;55;0;0;0;468;NA;-1;874
55;12;0;0;0;468;NA;-1;874
12;56;0;0;0;468;NA;-1;875
56;12;0;0;0;468;NA;-1;875
12;58;0;0;0;468;NA;-1;876
58;12;0;0;0;468;NA;-1;876
12;59;0;0;0;468;NA;-1;877
59;12;0;0;0;468;NA;-1;877
12;60;0;0;0;468;NA;-1;878
60;12;0;0;0;468;NA;-1;878
12;61;0;0;0;468;NA;-1;879
61;12;0;0;0;468;NA;-1;879
12;62;0;0;0;468;NA;-1;880
62;12;0;0;0;468;NA;-1;880
12;63;0;0;0;468;NA;-1;881
63;12;0;0;0;468;NA;-1;881
12;64;0;0;0;468;NA;-1;882
64;12;0;0;0;468;NA;-1;882
12;65;0;0;0;468;NA;-1;883
65;12;0;0;0;468;NA;-1;883
12;66;0;0;0;468;NA;-1;884
66;12;0;0;0;468;NA;-1;884
12;68;0;0;0;468;NA;-1;885
68;12;0;0;0;468;NA;-1;885
12;69;0;0;0;468;NA;-1;886
69;12;0;0;0;468;NA;-1;886
12;70;0;0;0;468;NA;-1;887
70;12;0;0;0;468;NA;-1;887
12;71;0;0;0;468;NA;-1;888
71;12;0;0;0;468;NA;-1;888
12;72;0;0;0;468;NA;-1;889
72;12;0;0;0;468;NA;-1;889
12;73;0;0;0;468;NA;-1;890
73;12;0;0;0;468;NA;-1;890
12;74;0;0;0;468;NA;-1;891
74;12;0;0;0;468;NA;-1;891
12;75;0;0;0;468;NA;-1;892
75;12;0;0;0;468;NA;-1;892
12;77;0;0;0;468;NA;-1;893
77;12;0;0;0;468;NA;-1;893
12;78;0;0;0;468;NA;-1;894
78;12;0;0;0;468;NA;-1;894
12;79;0;0;0;468;NA;-1;895
79;12;0;0;0;468;NA;-1;895
12;80;0;0;0;468;NA;-1;896
80;12;0;0;0;468;NA;-1;896
12;81;0;0;0;468;NA;-1;897
81;12;0;0;0;468;NA;-1;897
12;82;0;0;0;468;NA;-1;898
82;12;0;0;0;468;NA;-1;898
12;84;0;0;0;468;NA;-1;899
84;12;0;0;0;468;NA;-1;899
12;85;0;0;0;468;NA;-1;900
85;12;0;0;0;468;NA;-1;900
12;86;0;0;0;468;NA;-1;901
86;12;0;0;0;468;NA;-1;901
12;87;0;0;0;468;NA;-1;902
87;12;0;0;0;468;NA;-1;902
12;88;0;0;0;468;NA;-1;903
88;12;0;0;0;468;NA;-1;903
12;90;0;0;0;468;NA;-1;904
90;12;0;0;0;468;NA;-1;904
12;91;0;0;0;468;NA;-1;905
91;12;0;0;0;468;NA;-1;905
12;92;0;0;0;468;NA;-1;906
92;12;0;0;0;468;NA;-1;906
12;93;0;0;0;468;NA;-1;907
93;12;0;0;0;468;NA;-1;907
12;94;0;0;0;468;NA;-1;908
94;12;0;0;0;468;NA;-1;908
12;95;0;0;0;468;NA;-1;909
95;12;0;0;0;468;NA;-1;909
12;96;0;0;0;468;NA;-1;910
96;12;0;0;0;468;NA;-1;910
12;97;0;0;0;468;NA;-1;911
97;12;0;0;0;468;NA;-1;911
12;98;0;0;0;468;NA;-1;912
98;12;0;0;0;468;NA;-1;912
12;99;0;0;0;468;NA;-1;913
99;12;0;0;0;468;NA;-1;913
13;13;0;0;0;468;NA;-0.5;914
13;14;0;0;0;468;NA;-1;915
14;13;0;0;0;468;NA;-1;915
13;15;0;0;0;468;NA;-1;916
15;13;0;0;0;468;NA;-1;916
13;16;0;0;0;468;NA;-1;917
16;13;0;0;0;468;NA;-1;917
13;17;0;0;0;468;NA;-1;918
17;13;0;0;0;468;NA;-1;918
13;18;0;0;0;468;NA;-1;919
18;13;0;0;0;468;NA;-1;919
13;19;0;0;0;468;NA;-1;920
19;13;0;4;0;468;NA;-1;920
13;20;0;0;90;468;NA;-1;921
20;13;0;64;0;468;NA;-1;921
13;21;0;0;275;468;NA;-1;922
21;13;0;294;0;468;NA;-1;922
13;22;0;0;0;468;NA;-1;923
22;13;0;0;0;468;NA;-1;923
13;23;0;0;6;468;NA;-1;924
23;13;0;4;0;468;NA;-1;924
13;24;0;0;0;468;NA;-1;925
24;13;0;0;0;468;NA;-1;925
13;25;0;0;1;468;NA;-1;926
25;13;0;2;0;468;NA;-1;926
13;26;0;0;27;468;NA;-1;927
26;13;0;11;0;468;NA;-1;927
13;27;0;0;9;468;NA;-1;928
27;13;0;10;0;468;NA;-1;928
13;28;0;0;17;468;NA;-1;929
28;13;0;37;0;468;NA;-1;929
13;29;0;0;17;468;NA;-1;930
29;13;0;16;0;468;NA;-1;930
13;30;0;0;0;468;NA;-1;931
30;13;0;0;0;468;NA;-1;931
13;31;0;0;0;468;NA;-1;932
31;13;0;0;0;468;NA;-1;932
13;32;0;0;14;468;NA;-1;933
32;13;0;7;0;468;NA;-1;933
13;33;0;0;0;468;NA;-1;934
33;13;0;0;0;468;NA;-1;934
13;35;0;0;0;468;NA;-1;935
35;13;0;0;0;468;NA;-1;935
13;36;0;0;0;468;NA;-1;936
36;13;0;0;0;468;NA;-1;936
13;37;0;0;0;468;NA;-1;937
37;13;0;0;0;468;NA;-1;937
13;38;0;0;0;468;NA;-1;938
38;13;0;0;0;468;NA;-1;938
13;39;0;0;0;468;NA;-1;939
39;13;0;0;0;468;NA;-1;939
13;41;0;0;0;468;NA;-1;940
41;13;0;0;0;468;NA;-1;940
13;42;0;0;0;468;NA;-1;941
42;13;0;0;0;468;NA;-1;941
13;43;0;0;8;468;NA;-1;942
43;13;0;0;0;468;NA;-1;942
13;45;0;0;0;468;NA;-1;943
45;13;0;0;0;468;NA;-1;943
13;46;0;0;0;468;NA;-1;944
46;13;0;0;0;468;NA;-1;944
13;47;0;0;0;468;NA;-1;945
47;13;0;0;0;468;NA;-1;945
13;49;0;0;0;468;NA;-1;946
49;13;0;0;0;468;NA;-1;946
13;50;0;0;0;468;NA;-1;947
50;13;0;0;0;468;NA;-1;947
13;51;0;0;0;468;NA;-1;948
51;13;0;0;0;468;NA;-1;948
13;52;0;0;0;468;NA;-1;949
52;13;0;0;0;468;NA;-1;949
13;53;0;0;0;468;NA;-1;950
53;13;0;0;0;468;NA;-1;950
13;55;0;0;0;468;NA;-1;951
55;13;0;0;0;468;NA;-1;951
13;56;0;0;0;468;NA;-1;952
56;13;0;0;0;468;NA;-1;952
13;58;0;0;0;468;NA;-1;953
58;13;0;0;0;468;NA;-1;953
13;59;0;0;0;468;NA;-1;954
59;13;0;0;0;468;NA;-1;954
13;60;0;0;0;468;NA;-1;955
60;13;0;0;0;468;NA;-1;955
13;61;0;0;0;468;NA;-1;956
61;13;0;0;0;468;NA;-1;956
13;62;0;0;0;468;NA;-1;957
62;13;0;0;0;468;NA;-1;957
13;63;0;0;0;468;NA;-1;958
63;13;0;0;0;468;NA;-1;958
13;64;0;0;0;468;NA;-1;959
64;13;0;0;0;468;NA;-1;959
13;65;0;0;0;468;NA;-1;960
65;13;0;0;0;468;NA;-1;960
13;66;0;0;0;468;NA;-1;961
66;13;0;0;0;468;NA;-1;961
13;68;0;0;0;468;NA;-1;962
68;13;0;0;0;468;NA;-1;962
13;69;0;0;0;468;NA;-1;963
69;13;0;0;0;468;NA;-1;963
13;70;0;0;0;468;NA;-1;964
70;13;0;0;0;468;NA;-1;964
13;71;0;0;0;468;NA;-1;965
71;13;0;0;0;468;NA;-1;965
13;72;0;0;0;468;NA;-1;966
72;13;0;0;0;468;NA;-1;966
13;73;0;0;0;468;NA;-1;967
73;13;0;0;0;468;NA;-1;967
13;74;0;0;0;468;NA;-1;968
74;13;0;0;0;468;NA;-1;968
13;75;0;0;0;468;NA;-1;969
75;13;0;0;0;468;NA;-1;969
13;77;0;0;0;468;NA;-1;970
77;13;0;0;0;468;NA;-1;970
13;78;0;0;0;468;NA;-1;971
78;13;0;0;0;468;NA;-1;971
13;79;0;0;0;468;NA;-1;972
79;13;0;0;0;468;NA;-1;972
13;80;0;0;0;468;NA;-1;973
80;13;0;0;0;468;NA;-1;973
13;81;0;0;0;468;NA;-1;974
81;13;0;0;0;468;NA;-1;974
13;82;0;0;0;468;NA;-1;975
82;13;0;0;0;468;NA;-1;975
13;84;0;0;0;468;NA;-1;976
84;13;0;0;0;468;NA;-1;976
13;85;0;0;0;468;NA;-1;977
85;13;0;0;0;468;NA;-1;977
13;86;0;0;0;468;NA;-1;978
86;13;0;0;0;468;NA;-1;978
13;87;0;0;0;468;NA;-1;979
87;13;0;0;0;468;NA;-1;979
13;88;0;0;0;468;NA;-1;980
88;13;0;0;0;468;NA;-1;980
13;90;0;0;0;468;NA;-1;981
90;13;0;0;0;468;NA;-1;981
13;91;0;0;0;468;NA;-1;982
91;13;0;0;0;468;NA;-1;982
13;92;0;0;0;468;NA;-1;983
92;13;0;0;0;468;NA;-1;983
13;93;0;0;0;468;NA;-1;984
93;13;0;0;0;468;NA;-1;984
13;94;0;0;0;468;NA;-1;985
94;13;0;0;0;468;NA;-1;985
13;95;0;0;0;468;NA;-1;986
95;13;0;0;0;468;NA;-1;986
13;96;0;0;0;468;NA;-1;987
96;13;0;0;0;468;NA;-1;987
13;97;0;0;0;468;NA;-1;988
97;13;0;0;0;468;NA;-1;988
13;98;0;0;0;468;NA;-1;989
98;13;0;0;0;468;NA;-1;989
13;99;0;0;0;468;NA;-1;990
99;13;0;0;0;468;NA;-1;990
14;14;0;0;0;468;NA;-0.5;991
14;15;0;0;0;468;NA;-1;992
15;14;0;0;0;468;NA;-1;992
14;16;0;0;0;468;NA;-1;993
16;14;0;0;0;468;NA;-1;993
14;17;0;0;0;468;NA;-1;994
17;14;0;0;0;468;NA;-1;994
14;18;0;0;0;468;NA;-1;995
18;14;0;0;0;468;NA;-1;995
14;19;0;0;0;468;NA;-1;996
19;14;0;4;0;468;NA;-1;996
14;20;0;0;90;468;NA;-1;997
20;14;0;64;0;468;NA;-1;997
14;21;0;0;275;468;NA;-1;998
21;14;0;294;0;468;NA;-1;998
14;22;0;0;0;468;NA;-1;999
22;14;0;0;0;468;NA;-1;999
14;23;0;0;6;468;NA;-1;1000
23;14;0;4;0;468;NA;-1;1000
14;24;0;0;0;468;NA;-1;1001
24;14;0;0;0;468;NA;-1;1001
14;25;0;0;1;468;NA;-1;1002
25;14;0;2;0;468;NA;-1;1002
14;26;0;0;27;468;NA;-1;1003
26;14;0;11;0;468;NA;-1;1003
14;27;0;0;9;468;NA;-1;1004
27;14;0;10;0;468;NA;-1;1004
14;28;0;0;17;468;NA;-1;1005
28;14;0;37;0;468;NA;-1;1005
14;29;0;0;17;468;NA;-1;1006
29;14;0;16;0;468;NA;-1;1006
14;30;0;0;0;468;NA;-1;1007
30;14;0;0;0;468;NA;-1;1007
14;31;0;0;0;468;NA;-1;1008
31;14;0;0;0;468;NA;-1;1008
14;32;0;0;14;468;NA;-1;1009
32;14;0;7;0;468;NA;-1;1009
14;33;0;0;0;468;NA;-1;1010
33;14;0;0;0;468;NA;-1;1010
14;35;0;0;0;468;NA;-1;1011
35;14;0;0;0;468;NA;-1;1011
14;36;0;0;0;468;NA;-1;1012
36;14;0;0;0;468;NA;-1;1012
14;37;0;0;0;468;NA;-1;1013
37;14;0;0;0;468;NA;-1;1013
14;38;0;0;0;468;NA;-1;1014
38;14;0;0;0;468;NA;-1;1014
14;39;0;0;0;468;NA;-1;1015
39;14;0;0;0;468;NA;-1;1015
14;41;0;0;0;468;NA;-1;1016
41;14;0;0;0;468;NA;-1;1016
14;42;0;0;0;468;NA;-1;1017
42;14;0;0;0;468;NA;-1;1017
14;43;0;0;8;468;NA;-1;1018
43;14;0;0;0;468;NA;-1;1018
14;45;0;0;0;468;NA;-1;1019
45;14;0;0;0;468;NA;-1;1019
14;46;0;0;0;468;NA;-1;1020
46;14;0;0;0;468;NA;-1;1020
14;47;0;0;0;468;NA;-1;1021
47;14;0;0;0;468;NA;-1;1021
14;49;0;0;0;468;NA;-1;1022
49;14;0;0;0;468;NA;-1;1022
14;50;0;0;0;468;NA;-1;1023
50;14;0;0;0;468;NA;-1;1023
14;51;0;0;0;468;NA;-1;1024
51;14;0;0;0;468;NA;-1;1024
14;52;0;0;0;468;NA;-1;1025
52;14;0;0;0;468;NA;-1;1025
14;53;0;0;0;468;NA;-1;1026
53;14;0;0;0;468;NA;-1;1026
14;55;0;0;0;468;NA;-1;1027
55;14;0;0;0;468;NA;-1;1027
14;56;0;0;0;468;NA;-1;1028
56;14;0;0;0;468;NA;-1;1028
14;58;0;0;0;468;NA;-1;1029
58;14;0;0;0;468;NA;-1;1029
14;59;0;0;0;468;NA;-1;1030
59;14;0;0;0;468;NA;-1;1030
14;60;0;0;0;468;NA;-1;1031
60;14;0;0;0;468;NA;-1;1031
14;61;0;0;0;468;NA;-1;1032
61;14;0;0;0;468;NA;-1;1032
14;62;0;0;0;468;NA;-1;1033
62;14;0;0;0;468;NA;-1;1033
14;63;0;0;0;468;NA;-1;1034
63;14;0;0;0;468;NA;-1;1034
14;64;0;0;0;468;NA;-1;1035
64;14;0;0;0;468;NA;-1;1035
14;65;0;0;0;468;NA;-1;1036
65;14;0;0;0;468;NA;-1;1036
14;66;0;0;0;468;NA;-1;1037
66;14;0;0;0;468;NA;-1;1037
14;68;0;0;0;468;NA;-1;1038
68;14;0;0;0;468;NA;-1;1038
14;69;0;0;0;468;NA;-1;1039
69;14;0;0;0;468;NA;-1;1039
14;70;0;0;0;468;NA;-1;1040
70;14;0;0;0;468;NA;-1;1040
14;71;0;0;0;468;NA;-1;1041
71;14;0;0;0;468;NA;-1;1041
14;72;0;0;0;468;NA;-1;1042
72;14;0;0;0;468;NA;-1;1042
14;73;0;0;0;468;NA;-1;1043
73;14;0;0;0;468;NA;-1;1043
14;74;0;0;0;468;NA;-1;1044
74;14;0;0;0;468;NA;-1;1044
14;75;0;0;0;468;NA;-1;1045
75;14;0;0;0;468;NA;-1;1045
14;77;0;0;0;468;NA;-1;1046
77;14;0;0;0;468;NA;-1;1046
14;78;0;0;0;468;NA;-1;1047
78;14;0;0;0;468;NA;-1;1047
14;79;0;0;0;468;NA;-1;1048
79;14;0;0;0;468;NA;-1;1048
14;80;0;0;0;468;NA;-1;1049
80;14;0;0;0;468;NA;-1;1049
14;81;0;0;0;468;NA;-1;1050
81;14;0;0;0;468;NA;-1;1050
14;82;0;0;0;468;NA;-1;1051
82;14;0;0;0;468;NA;-1;1051
14;84;0;0;0;468;NA;-1;1052
84;14;0;0;0;468;NA;-1;1052
14;85;0;0;0;468;NA;-1;1053
85;14;0;0;0;468;NA;-1;1053
14;86;0;0;0;468;NA;-1;1054
86;14;0;0;0;468;NA;-1;1054
14;87;0;0;0;468;NA;-1;1055
87;14;0;0;0;468;NA;-1;1055
14;88;0;0;0;468;NA;-1;1056
88;14;0;0;0;468;NA;-1;1056
14;90;0;0;0;468;NA;-1;1057
90;14;0;0;0;468;NA;-1;1057
14;91;0;0;0;468;NA;-1;1058
91;14;0;0;0;468;NA;-1;1058
14;92;0;0;0;468;NA;-1;1059
92;14;0;0;0;468;NA;-1;1059
14;93;0;0;0;468;NA;-1;1060
93;14;0;0;0;468;NA;-1;1060
14;94;0;0;0;468;NA;-1;1061
94;14;0;0;0;468;NA;-1;1061
14;95;0;0;0;468;NA;-1;1062
95;14;0;0;0;468;NA;-1;1062
14;96;0;0;0;468;NA;-1;1063
96;14;0;0;0;468;NA;-1;1063
14;97;0;0;0;468;NA;-1;1064
97;14;0;0;0;468;NA;-1;1064
14;98;0;0;0;468;NA;-1;1065
98;14;0;0;0;468;NA;-1;1065
14;99;0;0;0;468;NA;-1;1066
99;14;0;0;0;468;NA;-1;1066
15;15;0;0;0;468;NA;-0.5;1067
15;16;0;0;0;468;NA;-1;1068
16;15;0;0;0;468;NA;-1;1068
15;17;0;0;0;468;NA;-1;1069
17;15;0;0;0;468;NA;-1;1069
15;18;0;0;0;468;NA;-1;1070
18;15;0;0;0;468;NA;-1;1070
15;19;0;0;0;468;NA;-1;1071
19;15;0;4;0;468;NA;-1;1071
15;20;0;0;90;468;NA;-1;1072
20;15;0;64;0;468;NA;-1;1072
15;21;0;0;275;468;NA;-1;1073
21;15;0;294;0;468;NA;-1;1073
15;22;0;0;0;468;NA;-1;1074
22;15;0;0;0;468;NA;-1;1074
15;23;0;0;6;468;NA;-1;1075
23;15;0;4;0;468;NA;-1;1075
15;24;0;0;0;468;NA;-1;1076
24;15;0;0;0;468;NA;-1;1076
15;25;0;0;1;468;NA;-1;1077
25;15;0;2;0;468;NA;-1;1077
15;26;0;0;27;468;NA;-1;1078
26;15;0;11;0;468;NA;-1;1078
15;27;0;0;9;468;NA;-1;1079
27;15;0;10;0;468;NA;-1;1079
15;28;0;0;17;468;NA;-1;1080
28;15;0;37;0;468;NA;-1;1080
15;29;0;0;17;468;NA;-1;1081
29;15;0;16;0;468;NA;-1;1081
15;30;0;0;0;468;NA;-1;1082
30;15;0;0;0;468;NA;-1;1082
15;31;0;0;0;468;NA;-1;1083
31;15;0;0;0;468;NA;-1;1083
15;32;0;0;14;468;NA;-1;1084
32;15;0;7;0;468;NA;-1;1084
15;33;0;0;0;468;NA;-1;1085
33;15;0;0;0;468;NA;-1;1085
15;35;0;0;0;468;NA;-1;1086
35;15;0;0;0;468;NA;-1;1086
15;36;0;0;0;468;NA;-1;1087
36;15;0;0;0;468;NA;-1;1087
15;37;0;0;0;468;NA;-1;1088
37;15;0;0;0;468;NA;-1;1088
15;38;0;0;0;468;NA;-1;1089
38;15;0;0;0;468;NA;-1;1089
15;39;0;0;0;468;NA;-1;1090
39;15;0;0;0;468;NA;-1;1090
15;41;0;0;0;468;NA;-1;1091
41;15;0;0;0;468;NA;-1;1091
15;42;0;0;0;468;NA;-1;1092
42;15;0;0;0;468;NA;-1;1092
15;43;0;0;8;468;NA;-1;1093
43;15;0;0;0;468;NA;-1;1093
15;45;0;0;0;468;NA;-1;1094
45;15;0;0;0;468;NA;-1;1094
15;46;0;0;0;468;NA;-1;1095
46;15;0;0;0;468;NA;-1;1095
15;47;0;0;0;468;NA;-1;1096
47;15;0;0;0;468;NA;-1;1096
15;49;0;0;0;468;NA;-1;1097
49;15;0;0;0;468;NA;-1;1097
15;50;0;0;0;468;NA;-1;1098
50;15;0;0;0;468;NA;-1;1098
15;51;0;0;0;468;NA;-1;1099
51;15;0;0;0;468;NA;-1;1099
15;52;0;0;0;468;NA;-1;1100
52;15;0;0;0;468;NA;-1;1100
15;53;0;0;0;468;NA;-1;1101
53;15;0;0;0;468;NA;-1;1101
15;55;0;0;0;468;NA;-1;1102
55;15;0;0;0;468;NA;-1;1102
15;56;0;0;0;468;NA;-1;1103
56;15;0;0;0;468;NA;-1;1103
15;58;0;0;0;468;NA;-1;1104
58;15;0;0;0;468;NA;-1;1104
15;59;0;0;0;468;NA;-1;1105
59;15;0;0;0;468;NA;-1;1105
15;60;0;0;0;468;NA;-1;1106
60;15;0;0;0;468;NA;-1;1106
15;61;0;0;0;468;NA;-1;1107
61;15;0;0;0;468;NA;-1;1107
15;62;0;0;0;468;NA;-1;1108
62;15;0;0;0;468;NA;-1;1108
15;63;0;0;0;468;NA;-1;1109
63;15;0;0;0;468;NA;-1;1109
15;64;0;0;0;468;NA;-1;1110
64;15;0;0;0;468;NA;-1;1110
15;65;0;0;0;468;NA;-1;1111
65;15;0;0;0;468;NA;-1;1111
15;66;0;0;0;468;NA;-1;1112
66;15;0;0;0;468;NA;-1;1112
15;68;0;0;0;468;NA;-1;1113
68;15;0;0;0;468;NA;-1;1113
15;69;0;0;0;468;NA;-1;1114
69;15;0;0;0;468;NA;-1;1114
15;70;0;0;0;468;NA;-1;1115
70;15;0;0;0;468;NA;-1;1115
15;71;0;0;0;468;NA;-1;1116
71;15;0;0;0;468;NA;-1;1116
15;72;0;0;0;468;NA;-1;1117
72;15;0;0;0;468;NA;-1;1117
15;73;0;0;0;468;NA;-1;1118
73;15;0;0;0;468;NA;-1;1118
15;74;0;0;0;468;NA;-1;1119
74;15;0;0;0;468;NA;-1;1119
15;75;0;0;0;468;NA;-1;1120
75;15;0;0;0;468;NA;-1;1120
15;77;0;0;0;468;NA;-1;1121
77;15;0;0;0;468;NA;-1;1121
15;78;0;0;0;468;NA;-1;1122
78;15;0;0;0;468;NA;-1;1122
15;79;0;0;0;468;NA;-1;1123
79;15;0;0;0;468;NA;-1;1123
15;80;0;0;0;468;NA;-1;1124
80;15;0;0;0;468;NA;-1;1124
15;81;0;0;0;468;NA;-1;1125
81;15;0;0;0;468;NA;-1;1125
15;82;0;0;0;468;NA;-1;1126
82;15;0;0;0;468;NA;-1;1126
15;84;0;0;0;468;NA;-1;1127
84;15;0;0;0;468;NA;-1;1127
15;85;0;0;0;468;NA;-1;1128
85;15;0;0;0;468;NA;-1;1128
15;86;0;0;0;468;NA;-1;1129
86;15;0;0;0;468;NA;-1;1129
15;87;0;0;0;468;NA;-1;1130
87;15;0;0;0;468;NA;-1;1130
15;88;0;0;0;468;NA;-1;1131
88;15;0;0;0;468;NA;-1;1131
15;90;0;0;0;468;NA;-1;1132
90;15;0;0;0;468;NA;-1;1132
15;91;0;0;0;468;NA;-1;1133
91;15;0;0;0;468;NA;-1;1133
15;92;0;0;0;468;NA;-1;1134
92;15;0;0;0;468;NA;-1;1134
15;93;0;0;0;468;NA;-1;1135
93;15;0;0;0;468;NA;-1;1135
15;94;0;0;0;468;NA;-1;1136
94;15;0;0;0;468;NA;-1;1136
15;95;0;0;0;468;NA;-1;1137
95;15;0;0;0;468;NA;-1;1137
15;96;0;0;0;468;NA;-1;1138
96;15;0;0;0;468;NA;-1;1138
15;97;0;0;0;468;NA;-1;1139
97;15;0;0;0;468;NA;-1;1139
15;98;0;0;0;468;NA;-1;1140
98;15;0;0;0;468;NA;-1;1140
15;99;0;0;0;468;NA;-1;1141
99;15;0;0;0;468;NA;-1;1141
16;16;0;0;0;468;NA;-0.5;1142
16;17;0;0;0;468;NA;-1;1143
17;16;0;0;0;468;NA;-1;1143
16;18;0;0;0;468;NA;-1;1144
18;16;0;0;0;468;NA;-1;1144
16;19;0;0;0;468;NA;-1;1145
19;16;0;4;0;468;NA;-1;1145
16;20;0;0;90;468;NA;-1;1146
20;16;0;64;0;468;NA;-1;1146
16;21;0;0;275;468;NA;-1;1147
21;16;0;294;0;468;NA;-1;1147
16;22;0;0;0;468;NA;-1;1148
22;16;0;0;0;468;NA;-1;1148
16;23;0;0;6;468;NA;-1;1149
23;16;0;4;0;468;NA;-1;1149
16;24;0;0;0;468;NA;-1;1150
24;16;0;0;0;468;NA;-1;1150
16;25;0;0;1;468;NA;-1;1151
25;16;0;2;0;468;NA;-1;1151
16;26;0;0;27;468;NA;-1;1152
26;16;0;11;0;468;NA;-1;1152
16;27;0;0;9;468;NA;-1;1153
27;16;0;10;0;468;NA;-1;1153
16;28;0;0;17;468;NA;-1;1154
28;16;0;37;0;468;NA;-1;1154
16;29;0;0;17;468;NA;-1;1155
29;16;0;16;0;468;NA;-1;1155
16;30;0;0;0;468;NA;-1;1156
30;16;0;0;0;468;NA;-1;1156
16;31;0;0;0;468;NA;-1;1157
31;16;0;0;0;468;NA;-1;1157
16;32;0;0;14;468;NA;-1;1158
32;16;0;7;0;468;NA;-1;1158
16;33;0;0;0;468;NA;-1;1159
33;16;0;0;0;468;NA;-1;1159
16;35;0;0;0;468;NA;-1;1160
35;16;0;0;0;468;NA;-1;1160
16;36;0;0;0;468;NA;-1;1161
36;16;0;0;0;468;NA;-1;1161
16;37;0;0;0;468;NA;-1;1162
37;16;0;0;0;468;NA;-1;1162
16;38;0;0;0;468;NA;-1;1163
38;16;0;0;0;468;NA;-1;1163
16;39;0;0;0;468;NA;-1;1164
39;16;0;0;0;468;NA;-1;1164
16;41;0;0;0;468;NA;-1;1165
41;16;0;0;0;468;NA;-1;1165
16;42;0;0;0;468;NA;-1;1166
42;16;0;0;0;468;NA;-1;1166
16;43;0;0;8;468;NA;-1;1167
43;16;0;0;0;468;NA;-1;1167
16;45;0;0;0;468;NA;-1;1168
45;16;0;0;0;468;NA;-1;1168
16;46;0;0;0;468;NA;-1;1169
46;16;0;0;0;468;NA;-1;1169
16;47;0;0;0;468;NA;-1;1170
47;16;0;0;0;468;NA;-1;1170
16;49;0;0;0;468;NA;-1;1171
49;16;0;0;0;468;NA;-1;1171
16;50;0;0;0;468;NA;-1;1172
50;16;0;0;0;468;NA;-1;1172
16;51;0;0;0;468;NA;-1;1173
51;16;0;0;0;468;NA;-1;1173
16;52;0;0;0;468;NA;-1;1174
52;16;0;0;0;468;NA;-1;1174
16;53;0;0;0;468;NA;-1;1175
53;16;0;0;0;468;NA;-1;1175
16;55;0;0;0;468;NA;-1;1176
55;16;0;0;0;468;NA;-1;1176
16;56;0;0;0;468;NA;-1;1177
56;16;0;0;0;468;NA;-1;1177
16;58;0;0;0;468;NA;-1;1178
58;16;0;0;0;468;NA;-1;1178
16;59;0;0;0;468;NA;-1;1179
59;16;0;0;0;468;NA;-1;1179
16;60;0;0;0;468;NA;-1;1180
60;16;0;0;0;468;NA;-1;1180
16;61;0;0;0;468;NA;-1;1181
61;16;0;0;0;468;NA;-1;1181
16;62;0;0;0;468;NA;-1;1182
62;16;0;0;0;468;NA;-1;1182
16;63;0;0;0;468;NA;-1;1183
63;16;0;0;0;468;NA;-1;1183
16;64;0;0;0;468;NA;-1;1184
64;16;0;0;0;468;NA;-1;1184
16;65;0;0;0;468;NA;-1;1185
65;16;0;0;0;468;NA;-1;1185
16;66;0;0;0;468;NA;-1;1186
66;16;0;0;0;468;NA;-1;1186
16;68;0;0;0;468;NA;-1;1187
68;16;0;0;0;468;NA;-1;1187
16;69;0;0;0;468;NA;-1;1188
69;16;0;0;0;468;NA;-1;1188
16;70;0;0;0;468;NA;-1;1189
70;16;0;0;0;468;NA;-1;1189
16;71;0;0;0;468;NA;-1;1190
71;16;0;0;0;468;NA;-1;1190
16;72;0;0;0;468;NA;-1;1191
72;16;0;0;0;468;NA;-1;1191
16;73;0;0;0;468;NA;-1;1192
73;16;0;0;0;468;NA;-1;1192
16;74;0;0;0;468;NA;-1;1193
74;16;0;0;0;468;NA;-1;1193
16;75;0;0;0;468;NA;-1;1194
75;16;0;0;0;468;NA;-1;1194
16;77;0;0;0;468;NA;-1;1195
77;16;0;0;0;468;NA;-1;1195
16;78;0;0;0;468;NA;-1;1196
78;16;0;0;0;468;NA;-1;1196
16;79;0;0;0;468;NA;-1;1197
79;16;0;0;0;468;NA;-1;1197
16;80;0;0;0;468;NA;-1;1198
80;16;0;0;0;468;NA;-1;1198
16;81;0;0;0;468;NA;-1;1199
81;16;0;0;0;468;NA;-1;1199
16;82;0;0;0;468;NA;-1;1200
82;16;0;0;0;468;NA;-1;1200
16;84;0;0;0;468;NA;-1;1201
84;16;0;0;0;468;NA;-1;1201
16;85;0;0;0;468;NA;-1;1202
85;16;0;0;0;468;NA;-1;1202
16;86;0;0;0;468;NA;-1;1203
86;16;0;0;0;468;NA;-1;1203
16;87;0;0;0;468;NA;-1;1204
87;16;0;0;0;468;NA;-1;1204
16;88;0;0;0;468;NA;-1;1205
88;16;0;0;0;468;NA;-1;1205
16;90;0;0;0;468;NA;-1;1206
90;16;0;0;0;468;NA;-1;1206
16;91;0;0;0;468;NA;-1;1207
91;16;0;0;0;468;NA;-1;1207
16;92;0;0;0;468;NA;-1;1208
92;16;0;0;0;468;NA;-1;1208
16;93;0;0;0;468;NA;-1;1209
93;16;0;0;0;468;NA;-1;1209
16;94;0;0;0;468;NA;-1;1210
94;16;0;0;0;468;NA;-1;1210
16;95;0;0;0;468;NA;-1;1211
95;16;0;0;0;468;NA;-1;1211
16;96;0;0;0;468;NA;-1;1212
96;16;0;0;0;468;NA;-1;1212
16;97;0;0;0;468;NA;-1;1213
97;16;0;0;0;468;NA;-1;1213
16;98;0;0;0;468;NA;-1;1214
98;16;0;0;0;468;NA;-1;1214
16;99;0;0;0;468;NA;-1;1215
99;16;0;0;0;468;NA;-1;1215
17;17;0;0;0;468;NA;-0.5;1216
17;18;0;0;0;468;NA;-1;1217
18;17;0;0;0;468;NA;-1;1217
17;19;0;0;0;468;NA;-1;1218
19;17;0;4;0;468;NA;-1;1218
17;20;0;0;90;468;NA;-1;1219
20;17;0;64;0;468;NA;-1;1219
17;21;0;0;275;468;NA;-1;1220
21;17;0;294;0;468;NA;-1;1220
17;22;0;0;0;468;NA;-1;1221
22;17;0;0;0;468;NA;-1;1221
17;23;0;0;6;468;NA;-1;1222
23;17;0;4;0;468;NA;-1;1222
17;24;0;0;0;468;NA;-1;1223
24;17;0;0;0;468;NA;-1;1223
17;25;0;0;1;468;NA;-1;1224
25;17;0;2;0;468;NA;-1;1224
17;26;0;0;27;468;NA;-1;1225
26;17;0;11;0;468;NA;-1;1225
17;27;0;0;9;468;NA;-1;1226
27;17;0;10;0;468;NA;-1;1226
17;28;0;0;17;468;NA;-1;1227
28;17;0;37;0;468;NA;-1;1227
17;29;0;0;17;468;NA;-1;1228
29;17;0;16;0;468;NA;-1;1228
17;30;0;0;0;468;NA;-1;1229
30;17;0;0;0;468;NA;-1;1229
17;31;0;0;0;468;NA;-1;1230
31;17;0;0;0;468;NA;-1;1230
17;32;0;0;14;468;NA;-1;1231
32;17;0;7;0;468;NA;-1;1231
17;33;0;0;0;468;NA;-1;1232
33;17;0;0;0;468;NA;-1;1232
17;35;0;0;0;468;NA;-1;1233
35;17;0;0;0;468;NA;-1;1233
17;36;0;0;0;468;NA;-1;1234
36;17;0;0;0;468;NA;-1;1234
17;37;0;0;0;468;NA;-1;1235
37;17;0;0;0;468;NA;-1;1235
17;38;0;0;0;468;NA;-1;1236
38;17;0;0;0;468;NA;-1;1236
17;39;0;0;0;468;NA;-1;1237
39;17;0;0;0;468;NA;-1;1237
17;41;0;0;0;468;NA;-1;1238
41;17;0;0;0;468;NA;-1;1238
17;42;0;0;0;468;NA;-1;1239
42;17;0;0;0;468;NA;-1;1239
17;43;0;0;8;468;NA;-1;1240
43;17;0;0;0;468;NA;-1;1240
17;45;0;0;0;468;NA;-1;1241
45;17;0;0;0;468;NA;-1;1241
17;46;0;0;0;468;NA;-1;1242
46;17;0;0;0;468;NA;-1;1242
17;47;0;0;0;468;NA;-1;1243
47;17;0;0;0;468;NA;-1;1243
17;49;0;0;0;468;NA;-1;1244
49;17;0;0;0;468;NA;-1;1244
17;50;0;0;0;468;NA;-1;1245
50;17;0;0;0;468;NA;-1;1245
17;51;0;0;0;468;NA;-1;1246
51;17;0;0;0;468;NA;-1;1246
17;52;0;0;0;468;NA;-1;1247
52;17;0;0;0;468;NA;-1;1247
17;53;0;0;0;468;NA;-1;1248
53;17;0;0;0;468;NA;-1;1248
17;55;0;0;0;468;NA;-1;1249
55;17;0;0;0;468;NA;-1;1249
17;56;0;0;0;468;NA;-1;1250
56;17;0;0;0;468;NA;-1;1250
17;58;0;0;0;468;NA;-1;1251
58;17;0;0;0;468;NA;-1;1251
17;59;0;0;0;468;NA;-1;1252
59;17;0;0;0;468;NA;-1;1252
17;60;0;0;0;468;NA;-1;1253
60;17;0;0;0;468;NA;-1;1253
17;61;0;0;0;468;NA;-1;1254
61;17;0;0;0;468;NA;-1;1254
17;62;0;0;0;468;NA;-1;1255
62;17;0;0;0;468;NA;-1;1255
17;63;0;0;0;468;NA;-1;1256
63;17;0;0;0;468;NA;-1;1256
17;64;0;0;0;468;NA;-1;1257
64;17;0;0;0;468;NA;-1;1257
17;65;0;0;0;468;NA;-1;1258
65;17;0;0;0;468;NA;-1;1258
17;66;0;0;0;468;NA;-1;1259
66;17;0;0;0;468;NA;-1;1259
17;68;0;0;0;468;NA;-1;1260
68;17;0;0;0;468;NA;-1;1260
17;69;0;0;0;468;NA;-1;1261
69;17;0;0;0;468;NA;-1;1261
17;70;0;0;0;468;NA;-1;1262
70;17;0;0;0;468;NA;-1;1262
17;71;0;0;0;468;NA;-1;1263
71;17;0;0;0;468;NA;-1;1263
17;72;0;0;0;468;NA;-1;1264
72;17;0;0;0;468;NA;-1;1264
17;73;0;0;0;468;NA;-1;1265
73;17;0;0;0;468;NA;-1;1265
17;74;0;0;0;468;NA;-1;1266
74;17;0;0;0;468;NA;-1;1266
17;75;0;0;0;468;NA;-1;1267
75;17;0;0;0;468;NA;-1;1267
17;77;0;0;0;468;NA;-1;1268
77;17;0;0;0;468;NA;-1;1268
17;78;0;0;0;468;NA;-1;1269
78;17;0;0;0;468;NA;-1;1269
17;79;0;0;0;468;NA;-1;1270
79;17;0;0;0;468;NA;-1;1270
17;80;0;0;0;468;NA;-1;1271
80;17;0;0;0;468;NA;-1;1271
17;81;0;0;0;468;NA;-1;1272
81;17;0;0;0;468;NA;-1;1272
17;82;0;0;0;468;NA;-1;1273
82;17;0;0;0;468;NA;-1;1273
17;84;0;0;0;468;NA;-1;1274
84;17;0;0;0;468;NA;-1;1274
17;85;0;0;0;468;NA;-1;1275
85;17;0;0;0;468;NA;-1;1275
17;86;0;0;0;468;NA;-1;1276
86;17;0;0;0;468;NA;-1;1276
17;87;0;0;0;468;NA;-1;1277
87;17;0;0;0;468;NA;-1;1277
17;88;0;0;0;468;NA;-1;1278
88;17;0;0;0;468;NA;-1;1278
17;90;0;0;0;468;NA;-1;1279
90;17;0;0;0;468;NA;-1;1279
17;91;0;0;0;468;NA;-1;1280
91;17;0;0;0;468;NA;-1;1280
17;92;0;0;0;468;NA;-1;1281
92;17;0;0;0;468;NA;-1;1281
17;93;0;0;0;468;NA;-1;1282
93;17;0;0;0;468;NA;-1;1282
17;94;0;0;0;468;NA;-1;1283
94;17;0;0;0;468;NA;-1;1283
17;95;0;0;0;468;NA;-1;1284
95;17;0;0;0;468;NA;-1;1284
17;96;0;0;0;468;NA;-1;1285
96;17;0;0;0;468;NA;-1;1285
17;97;0;0;0;468;NA;-1;1286
97;17;0;0;0;468;NA;-1;1286
17;98;0;0;0;468;NA;-1;1287
98;17;0;0;0;468;NA;-1;1287
17;99;0;0;0;468;NA;-1;1288
99;17;0;0;0;468;NA;-1;1288
18;18;0;0;0;468;NA;-0.5;1289
18;19;0;0;0;468;NA;-1;1290
19;18;0;4;0;468;NA;-1;1290
18;20;0;0;90;468;NA;-1;1291
20;18;0;64;0;468;NA;-1;1291
18;21;0;0;275;468;NA;-1;1292
21;18;0;294;0;468;NA;-1;1292
18;22;0;0;0;468;NA;-1;1293
22;18;0;0;0;468;NA;-1;1293
18;23;0;0;6;468;NA;-1;1294
23;18;0;4;0;468;NA;-1;1294
18;24;0;0;0;468;NA;-1;1295
24;18;0;0;0;468;NA;-1;1295
18;25;0;0;1;468;NA;-1;1296
25;18;0;2;0;468;NA;-1;1296
18;26;0;0;27;468;NA;-1;1297
26;18;0;11;0;468;NA;-1;1297
18;27;0;0;9;468;NA;-1;1298
27;18;0;10;0;468;NA;-1;1298
18;28;0;0;17;468;NA;-1;1299
28;18;0;37;0;468;NA;-1;1299
18;29;0;0;17;468;NA;-1;1300
29;18;0;16;0;468;NA;-1;1300
18;30;0;0;0;468;NA;-1;1301
30;18;0;0;0;468;NA;-1;1301
18;31;0;0;0;468;NA;-1;1302
31;18;0;0;0;468;NA;-1;1302
18;32;0;0;14;468;NA;-1;1303
32;18;0;7;0;468;NA;-1;1303
18;33;0;0;0;468;NA;-1;1304
33;18;0;0;0;468;NA;-1;1304
18;35;0;0;0;468;NA;-1;1305
35;18;0;0;0;468;NA;-1;1305
18;36;0;0;0;468;NA;-1;1306
36;18;0;0;0;468;NA;-1;1306
18;37;0;0;0;468;NA;-1;1307
37;18;0;0;0;468;NA;-1;1307
18;38;0;0;0;468;NA;-1;1308
38;18;0;0;0;468;NA;-1;1308
18;39;0;0;0;468;NA;-1;1309
39;18;0;0;0;468;NA;-1;1309
18;41;0;0;0;468;NA;-1;1310
41;18;0;0;0;468;NA;-1;1310
18;42;0;0;0;468;NA;-1;1311
42;18;0;0;0;468;NA;-1;1311
18;43;0;0;8;468;NA;-1;1312
43;18;0;0;0;468;NA;-1;1312
18;45;0;0;0;468;NA;-1;1313
45;18;0;0;0;468;NA;-1;1313
18;46;0;0;0;468;NA;-1;1314
46;18;0;0;0;468;NA;-1;1314
18;47;0;0;0;468;NA;-1;1315
47;18;0;0;0;468;NA;-1;1315
18;49;0;0;0;468;NA;-1;1316
49;18;0;0;0;468;NA;-1;1316
18;50;0;0;0;468;NA;-1;1317
50;18;0;0;0;468;NA;-1;1317
18;51;0;0;0;468;NA;-1;1318
51;18;0;0;0;468;NA;-1;1318
18;52;0;0;0;468;NA;-1;1319
52;18;0;0;0;468;NA;-1;1319
18;53;0;0;0;468;NA;-1;1320
53;18;0;0;0;468;NA;-1;1320
18;55;0;0;0;468;NA;-1;1321
55;18;0;0;0;468;NA;-1;1321
18;56;0;0;0;468;NA;-1;1322
56;18;0;0;0;468;NA;-1;1322
18;58;0;0;0;468;NA;-1;1323
58;18;0;0;0;468;NA;-1;1323
18;59;0;0;0;468;NA;-1;1324
59;18;0;0;0;468;NA;-1;1324
18;60;0;0;0;468;NA;-1;1325
60;18;0;0;0;468;NA;-1;1325
18;61;0;0;0;468;NA;-1;1326
61;18;0;0;0;468;NA;-1;1326
18;62;0;0;0;468;NA;-1;1327
62;18;0;0;0;468;NA;-1;1327
18;63;0;0;0;468;NA;-1;1328
63;18;0;0;0;468;NA;-1;1328
18;64;0;0;0;468;NA;-1;1329
64;18;0;0;0;468;NA;-1;1329
18;65;0;0;0;468;NA;-1;1330
65;18;0;0;0;468;NA;-1;1330
18;66;0;0;0;468;NA;-1;1331
66;18;0;0;0;468;NA;-1;1331
18;68;0;0;0;468;NA;-1;1332
68;18;0;0;0;468;NA;-1;1332
18;69;0;0;0;468;NA;-1;1333
69;18;0;0;0;468;NA;-1;1333
18;70;0;0;0;468;NA;-1;1334
70;18;0;0;0;468;NA;-1;1334
18;71;0;0;0;468;NA;-1;1335
71;18;0;0;0;468;NA;-1;1335
18;72;0;0;0;468;NA;-1;1336
72;18;0;0;0;468;NA;-1;1336
18;73;0;0;0;468;NA;-1;1337
73;18;0;0;0;468;NA;-1;1337
18;74;0;0;0;468;NA;-1;1338
74;18;0;0;0;468;NA;-1;1338
18;75;0;0;0;468;NA;-1;1339
75;18;0;0;0;468;NA;-1;1339
18;77;0;0;0;468;NA;-1;1340
77;18;0;0;0;468;NA;-1;1340
18;78;0;0;0;468;NA;-1;1341
78;18;0;0;0;468;NA;-1;1341
18;79;0;0;0;468;NA;-1;1342
79;18;0;0;0;468;NA;-1;1342
18;80;0;0;0;468;NA;-1;1343
80;18;0;0;0;468;NA;-1;1343
18;81;0;0;0;468;NA;-1;1344
81;18;0;0;0;468;NA;-1;1344
18;82;0;0;0;468;NA;-1;1345
82;18;0;0;0;468;NA;-1;1345
18;84;0;0;0;468;NA;-1;1346
84;18;0;0;0;468;NA;-1;1346
18;85;0;0;0;468;NA;-1;1347
85;18;0;0;0;468;NA;-1;1347
18;86;0;0;0;468;NA;-1;1348
86;18;0;0;0;468;NA;-1;1348
18;87;0;0;0;468;NA;-1;1349
87;18;0;0;0;468;NA;-1;1349
18;88;0;0;0;468;NA;-1;1350
88;18;0;0;0;468;NA;-1;1350
18;90;0;0;0;468;NA;-1;1351
90;18;0;0;0;468;NA;-1;1351
18;91;0;0;0;468;NA;-1;1352
91;18;0;0;0;468;NA;-1;1352
18;92;0;0;0;468;NA;-1;1353
92;18;0;0;0;468;NA;-1;1353
18;93;0;0;0;468;NA;-1;1354
93;18;0;0;0;468;NA;-1;1354
18;94;0;0;0;468;NA;-1;1355
94;18;0;0;0;468;NA;-1;1355
18;95;0;0;0;468;NA;-1;1356
95;18;0;0;0;468;NA;-1;1356
18;96;0;0;0;468;NA;-1;1357
96;18;0;0;0;468;NA;-1;1357
18;97;0;0;0;468;NA;-1;1358
97;18;0;0;0;468;NA;-1;1358
18;98;0;0;0;468;NA;-1;1359
98;18;0;0;0;468;NA;-1;1359
18;99;0;0;0;468;NA;-1;1360
99;18;0;0;0;468;NA;-1;1360
19;19;0;4;0;468;NA;-0.5;1361
19;20;4;4;90;468;5.2;-0.161290322580645;1362
20;19;0;64;0;468;NA;-0.161290322580645;1362
19;21;0;4;275;468;0;-1;1363
21;19;0;294;0;468;NA;-1;1363
19;22;0;4;0;468;NA;-1;1364
22;19;0;0;0;468;NA;-1;1364
19;23;0;4;6;468;0;-1;1365
23;19;0;4;0;468;NA;-1;1365
19;24;0;4;0;468;NA;-1;1366
24;19;0;0;0;468;NA;-1;1366
19;25;0;4;1;468;0;-1;1367
25;19;0;2;0;468;NA;-1;1367
19;26;0;4;27;468;0;-1;1368
26;19;0;11;0;468;NA;-1;1368
19;27;0;4;9;468;0;-1;1369
27;19;0;10;0;468;NA;-1;1369
19;28;0;4;17;468;0;-1;1370
28;19;0;37;0;468;NA;-1;1370
19;29;0;4;17;468;0;-1;1371
29;19;0;16;0;468;NA;-1;1371
19;30;0;4;0;468;NA;-1;1372
30;19;0;0;0;468;NA;-1;1372
19;31;0;4;0;468;NA;-1;1373
31;19;0;0;0;468;NA;-1;1373
19;32;0;4;14;468;0;-1;1374
32;19;0;7;0;468;NA;-1;1374
19;33;0;4;0;468;NA;-1;1375
33;19;0;0;0;468;NA;-1;1375
19;35;0;4;0;468;NA;-1;1376
35;19;0;0;0;468;NA;-1;1376
19;36;0;4;0;468;NA;-1;1377
36;19;0;0;0;468;NA;-1;1377
19;37;0;4;0;468;NA;-1;1378
37;19;0;0;0;468;NA;-1;1378
19;38;0;4;0;468;NA;-1;1379
38;19;0;0;0;468;NA;-1;1379
19;39;0;4;0;468;NA;-1;1380
39;19;0;0;0;468;NA;-1;1380
19;41;0;4;0;468;NA;-1;1381
41;19;0;0;0;468;NA;-1;1381
19;42;0;4;0;468;NA;-1;1382
42;19;0;0;0;468;NA;-1;1382
19;43;0;4;8;468;0;-1;1383
43;19;0;0;0;468;NA;-1;1383
19;45;0;4;0;468;NA;-1;1384
45;19;0;0;0;468;NA;-1;1384
19;46;0;4;0;468;NA;-1;1385
46;19;0;0;0;468;NA;-1;1385
19;47;0;4;0;468;NA;-1;1386
47;19;0;0;0;468;NA;-1;1386
19;49;0;4;0;468;NA;-1;1387
49;19;0;0;0;468;NA;-1;1387
19;50;0;4;0;468;NA;-1;1388
50;19;0;0;0;468;NA;-1;1388
19;51;0;4;0;468;NA;-1;1389
51;19;0;0;0;468;NA;-1;1389
19;52;0;4;0;468;NA;-1;1390
52;19;0;0;0;468;NA;-1;1390
19;53;0;4;0;468;NA;-1;1391
53;19;0;0;0;468;NA;-1;1391
19;55;0;4;0;468;NA;-1;1392
55;19;0;0;0;468;NA;-1;1392
19;56;0;4;0;468;NA;-1;1393
56;19;0;0;0;468;NA;-1;1393
19;58;0;4;0;468;NA;-1;1394
58;19;0;0;0;468;NA;-1;1394
19;59;0;4;0;468;NA;-1;1395
59;19;0;0;0;468;NA;-1;1395
19;60;0;4;0;468;NA;-1;1396
60;19;0;0;0;468;NA;-1;1396
19;61;0;4;0;468;NA;-1;1397
61;19;0;0;0;468;NA;-1;1397
19;62;0;4;0;468;NA;-1;1398
62;19;0;0;0;468;NA;-1;1398
19;63;0;4;0;468;NA;-1;1399
63;19;0;0;0;468;NA;-1;1399
19;64;0;4;0;468;NA;-1;1400
64;19;0;0;0;468;NA;-1;1400
19;65;0;4;0;468;NA;-1;1401
65;19;0;0;0;468;NA;-1;1401
19;66;0;4;0;468;NA;-1;1402
66;19;0;0;0;468;NA;-1;1402
19;68;0;4;0;468;NA;-1;1403
68;19;0;0;0;468;NA;-1;1403
19;69;0;4;0;468;NA;-1;1404
69;19;0;0;0;468;NA;-1;1404
19;70;0;4;0;468;NA;-1;1405
70;19;0;0;0;468;NA;-1;1405
19;71;0;4;0;468;NA;-1;1406
71;19;0;0;0;468;NA;-1;1406
19;72;0;4;0;468;NA;-1;1407
72;19;0;0;0;468;NA;-1;1407
19;73;0;4;0;468;NA;-1;1408
73;19;0;0;0;468;NA;-1;1408
19;74;0;4;0;468;NA;-1;1409
74;19;0;0;0;468;NA;-1;1409
19;75;0;4;0;468;NA;-1;1410
75;19;0;0;0;468;NA;-1;1410
19;77;0;4;0;468;NA;-1;1411
77;19;0;0;0;468;NA;-1;1411
19;78;0;4;0;468;NA;-1;1412
78;19;0;0;0;468;NA;-1;1412
19;79;0;4;0;468;NA;-1;1413
79;19;0;0;0;468;NA;-1;1413
19;80;0;4;0;468;NA;-1;1414
80;19;0;0;0;468;NA;-1;1414
19;81;0;4;0;468;NA;-1;1415
81;19;0;0;0;468;NA;-1;1415
19;82;0;4;0;468;NA;-1;1416
82;19;0;0;0;468;NA;-1;1416
19;84;0;4;0;468;NA;-1;1417
84;19;0;0;0;468;NA;-1;1417
19;85;0;4;0;468;NA;-1;1418
85;19;0;0;0;468;NA;-1;1418
19;86;0;4;0;468;NA;-1;1419
86;19;0;0;0;468;NA;-1;1419
19;87;0;4;0;468;NA;-1;1420
87;19;0;0;0;468;NA;-1;1420
19;88;0;4;0;468;NA;-1;1421
88;19;0;0;0;468;NA;-1;1421
19;90;0;4;0;468;NA;-1;1422
90;19;0;0;0;468;NA;-1;1422
19;91;0;4;0;468;NA;-1;1423
91;19;0;0;0;468;NA;-1;1423
19;92;0;4;0;468;NA;-1;1424
92;19;0;0;0;468;NA;-1;1424
19;93;0;4;0;468;NA;-1;1425
93;19;0;0;0;468;NA;-1;1425
19;94;0;4;0;468;NA;-1;1426
94;19;0;0;0;468;NA;-1;1426
19;95;0;4;0;468;NA;-1;1427
95;19;0;0;0;468;NA;-1;1427
19;96;0;4;0;468;NA;-1;1428
96;19;0;0;0;468;NA;-1;1428
19;97;0;4;0;468;NA;-1;1429
97;19;0;0;0;468;NA;-1;1429
19;98;0;4;0;468;NA;-1;1430
98;19;0;0;0;468;NA;-1;1430
19;99;0;4;0;468;NA;-1;1431
99;19;0;0;0;468;NA;-1;1431
20;20;22;64;90;468;1.7875;0.141255605381166;1432
20;21;38;64;275;468;1.01045454545455;0.0174515303666926;1433
21;20;60;294;90;468;1.06122448979592;0.0174515303666926;1433
20;22;0;64;0;468;NA;-1;1434
22;20;0;0;90;468;NA;-1;1434
20;23;1;64;6;468;1.21875;0.114513165952235;1435
23;20;1;4;90;468;1.3;0.114513165952235;1435
20;24;0;64;0;468;NA;-1;1436
24;20;0;0;90;468;NA;-1;1436
20;25;0;64;1;468;0;-1;1437
25;20;0;2;90;468;0;-1;1437
20;26;0;64;27;468;0;-1;1438
26;20;0;11;90;468;0;-1;1438
20;27;0;64;9;468;0;-1;1439
27;20;0;10;90;468;0;-1;1439
20;28;1;64;17;468;0.430147058823529;-0.699228791773779;1440
28;20;0;37;90;468;0;-0.699228791773779;1440
20;29;0;64;17;468;0;-1;1441
29;20;0;16;90;468;0;-1;1441
20;30;0;64;0;468;NA;-1;1442
30;20;0;0;90;468;NA;-1;1442
20;31;0;64;0;468;NA;-1;1443
31;20;0;0;90;468;NA;-1;1443
20;32;0;64;14;468;0;-0.573770491803279;1444
32;20;1;7;90;468;0.742857142857143;-0.573770491803279;1444
20;33;0;64;0;468;NA;-1;1445
33;20;0;0;90;468;NA;-1;1445
20;35;0;64;0;468;NA;-1;1446
35;20;0;0;90;468;NA;-1;1446
20;36;0;64;0;468;NA;-1;1447
36;20;0;0;90;468;NA;-1;1447
20;37;0;64;0;468;NA;-1;1448
37;20;0;0;90;468;NA;-1;1448
20;38;0;64;0;468;NA;-1;1449
38;20;0;0;90;468;NA;-1;1449
20;39;0;64;0;468;NA;-1;1450
39;20;0;0;90;468;NA;-1;1450
20;41;0;64;0;468;NA;-1;1451
41;20;0;0;90;468;NA;-1;1451
20;42;0;64;0;468;NA;-1;1452
42;20;0;0;90;468;NA;-1;1452
20;43;1;64;8;468;0.9140625;-0.522448979591837;1453
43;20;0;0;90;468;NA;-0.522448979591837;1453
20;45;0;64;0;468;NA;-1;1454
45;20;0;0;90;468;NA;-1;1454
20;46;0;64;0;468;NA;-1;1455
46;20;0;0;90;468;NA;-1;1455
20;47;0;64;0;468;NA;-1;1456
47;20;0;0;90;468;NA;-1;1456
20;49;0;64;0;468;NA;-1;1457
49;20;0;0;90;468;NA;-1;1457
20;50;0;64;0;468;NA;-1;1458
50;20;0;0;90;468;NA;-1;1458
20;51;0;64;0;468;NA;-1;1459
51;20;0;0;90;468;NA;-1;1459
20;52;0;64;0;468;NA;-1;1460
52;20;0;0;90;468;NA;-1;1460
20;53;0;64;0;468;NA;-1;1461
53;20;0;0;90;468;NA;-1;1461
20;55;0;64;0;468;NA;-1;1462
55;20;0;0;90;468;NA;-1;1462
20;56;0;64;0;468;NA;-1;1463
56;20;0;0;90;468;NA;-1;1463
20;58;0;64;0;468;NA;-1;1464
58;20;0;0;90;468;NA;-1;1464
20;59;0;64;0;468;NA;-1;1465
59;20;0;0;90;468;NA;-1;1465
20;60;0;64;0;468;NA;-1;1466
60;20;0;0;90;468;NA;-1;1466
20;61;0;64;0;468;NA;-1;1467
61;20;0;0;90;468;NA;-1;1467
20;62;0;64;0;468;NA;-1;1468
62;20;0;0;90;468;NA;-1;1468
20;63;0;64;0;468;NA;-1;1469
63;20;0;0;90;468;NA;-1;1469
20;64;0;64;0;468;NA;-1;1470
64;20;0;0;90;468;NA;-1;1470
20;65;0;64;0;468;NA;-1;1471
65;20;0;0;90;468;NA;-1;1471
20;66;0;64;0;468;NA;-1;1472
66;20;0;0;90;468;NA;-1;1472
20;68;0;64;0;468;NA;-1;1473
68;20;0;0;90;468;NA;-1;1473
20;69;0;64;0;468;NA;-1;1474
69;20;0;0;90;468;NA;-1;1474
20;70;0;64;0;468;NA;-1;1475
70;20;0;0;90;468;NA;-1;1475
20;71;0;64;0;468;NA;-1;1476
71;20;0;0;90;468;NA;-1;1476
20;72;0;64;0;468;NA;-1;1477
72;20;0;0;90;468;NA;-1;1477
20;73;0;64;0;468;NA;-1;1478
73;20;0;0;90;468;NA;-1;1478
20;74;0;64;0;468;NA;-1;1479
74;20;0;0;90;468;NA;-1;1479
20;75;0;64;0;468;NA;-1;1480
75;20;0;0;90;468;NA;-1;1480
20;77;0;64;0;468;NA;-1;1481
77;20;0;0;90;468;NA;-1;1481
20;78;0;64;0;468;NA;-1;1482
78;20;0;0;90;468;NA;-1;1482
20;79;0;64;0;468;NA;-1;1483
79;20;0;0;90;468;NA;-1;1483
20;80;0;64;0;468;NA;-1;1484
80;20;0;0;90;468;NA;-1;1484
20;81;0;64;0;468;NA;-1;1485
81;20;0;0;90;468;NA;-1;1485
20;82;0;64;0;468;NA;-1;1486
82;20;0;0;90;468;NA;-1;1486
20;84;0;64;0;468;NA;-1;1487
84;20;0;0;90;468;NA;-1;1487
20;85;0;64;0;468;NA;-1;1488
85;20;0;0;90;468;NA;-1;1488
20;86;0;64;0;468;NA;-1;1489
86;20;0;0;90;468;NA;-1;1489
20;87;0;64;0;468;NA;-1;1490
87;20;0;0;90;468;NA;-1;1490
20;88;0;64;0;468;NA;-1;1491
88;20;0;0;90;468;NA;-1;1491
20;90;0;64;0;468;NA;-1;1492
90;20;0;0;90;468;NA;-1;1492
20;91;0;64;0;468;NA;-1;1493
91;20;0;0;90;468;NA;-1;1493
20;92;0;64;0;468;NA;-1;1494
92;20;0;0;90;468;NA;-1;1494
20;93;0;64;0;468;NA;-1;1495
93;20;0;0;90;468;NA;-1;1495
20;94;0;64;0;468;NA;-1;1496
94;20;0;0;90;468;NA;-1;1496
20;95;0;64;0;468;NA;-1;1497
95;20;0;0;90;468;NA;-1;1497
20;96;0;64;0;468;NA;-1;1498
96;20;0;0;90;468;NA;-1;1498
20;97;0;64;0;468;NA;-1;1499
97;20;0;0;90;468;NA;-1;1499
20;98;0;64;0;468;NA;-1;1500
98;20;0;0;90;468;NA;-1;1500
20;99;0;64;0;468;NA;-1;1501
99;20;0;0;90;468;NA;-1;1501
21;21;213;294;275;468;1.23294990723562;0.0521619196384061;1502
21;22;0;294;0;468;NA;-1;1503
22;21;0;0;275;468;NA;-1;1503
21;23;0;294;6;468;0;-1;1504
23;21;0;4;275;468;0;-1;1504
21;24;0;294;0;468;NA;-1;1505
24;21;0;0;275;468;NA;-1;1505
21;25;0;294;1;468;0;-1;1506
25;21;0;2;275;468;0;-1;1506
21;26;11;294;27;468;0.648526077097506;-0.370298512282929;1507
26;21;2;11;275;468;0.309421487603306;-0.370298512282929;1507
21;27;0;294;9;468;0;-1;1508
27;21;0;10;275;468;0;-1;1508
21;28;0;294;17;468;0;-0.813024370755094;1509
28;21;5;37;275;468;0.22997542997543;-0.813024370755094;1509
21;29;0;294;17;468;0;-1;1510
29;21;0;16;275;468;0;-1;1510
21;30;0;294;0;468;NA;-1;1511
30;21;0;0;275;468;NA;-1;1511
21;31;0;294;0;468;NA;-1;1512
31;21;0;0;275;468;NA;-1;1512
21;32;8;294;14;468;0.909620991253644;-0.101915849382824;1513
32;21;3;7;275;468;0.729350649350649;-0.101915849382824;1513
21;33;0;294;0;468;NA;-1;1514
33;21;0;0;275;468;NA;-1;1514
21;35;0;294;0;468;NA;-1;1515
35;21;0;0;275;468;NA;-1;1515
21;36;0;294;0;468;NA;-1;1516
36;21;0;0;275;468;NA;-1;1516
21;37;0;294;0;468;NA;-1;1517
37;21;0;0;275;468;NA;-1;1517
21;38;0;294;0;468;NA;-1;1518
38;21;0;0;275;468;NA;-1;1518
21;39;0;294;0;468;NA;-1;1519
39;21;0;0;275;468;NA;-1;1519
21;41;0;294;0;468;NA;-1;1520
41;21;0;0;275;468;NA;-1;1520
21;42;0;294;0;468;NA;-1;1521
42;21;0;0;275;468;NA;-1;1521
21;43;0;294;8;468;0;-1;1522
43;21;0;0;275;468;NA;-1;1522
21;45;0;294;0;468;NA;-1;1523
45;21;0;0;275;468;NA;-1;1523
21;46;0;294;0;468;NA;-1;1524
46;21;0;0;275;468;NA;-1;1524
21;47;0;294;0;468;NA;-1;1525
47;21;0;0;275;468;NA;-1;1525
21;49;0;294;0;468;NA;-1;1526
49;21;0;0;275;468;NA;-1;1526
21;50;0;294;0;468;NA;-1;1527
50;21;0;0;275;468;NA;-1;1527
21;51;0;294;0;468;NA;-1;1528
51;21;0;0;275;468;NA;-1;1528
21;52;0;294;0;468;NA;-1;1529
52;21;0;0;275;468;NA;-1;1529
21;53;0;294;0;468;NA;-1;1530
53;21;0;0;275;468;NA;-1;1530
21;55;0;294;0;468;NA;-1;1531
55;21;0;0;275;468;NA;-1;1531
21;56;0;294;0;468;NA;-1;1532
56;21;0;0;275;468;NA;-1;1532
21;58;0;294;0;468;NA;-1;1533
58;21;0;0;275;468;NA;-1;1533
21;59;0;294;0;468;NA;-1;1534
59;21;0;0;275;468;NA;-1;1534
21;60;0;294;0;468;NA;-1;1535
60;21;0;0;275;468;NA;-1;1535
21;61;0;294;0;468;NA;-1;1536
61;21;0;0;275;468;NA;-1;1536
21;62;0;294;0;468;NA;-1;1537
62;21;0;0;275;468;NA;-1;1537
21;63;0;294;0;468;NA;-1;1538
63;21;0;0;275;468;NA;-1;1538
21;64;0;294;0;468;NA;-1;1539
64;21;0;0;275;468;NA;-1;1539
21;65;0;294;0;468;NA;-1;1540
65;21;0;0;275;468;NA;-1;1540
21;66;0;294;0;468;NA;-1;1541
66;21;0;0;275;468;NA;-1;1541
21;68;0;294;0;468;NA;-1;1542
68;21;0;0;275;468;NA;-1;1542
21;69;0;294;0;468;NA;-1;1543
69;21;0;0;275;468;NA;-1;1543
21;70;0;294;0;468;NA;-1;1544
70;21;0;0;275;468;NA;-1;1544
21;71;0;294;0;468;NA;-1;1545
71;21;0;0;275;468;NA;-1;1545
21;72;0;294;0;468;NA;-1;1546
72;21;0;0;275;468;NA;-1;1546
21;73;0;294;0;468;NA;-1;1547
73;21;0;0;275;468;NA;-1;1547
21;74;0;294;0;468;NA;-1;1548
74;21;0;0;275;468;NA;-1;1548
21;75;0;294;0;468;NA;-1;1549
75;21;0;0;275;468;NA;-1;1549
21;77;0;294;0;468;NA;-1;1550
77;21;0;0;275;468;NA;-1;1550
21;78;0;294;0;468;NA;-1;1551
78;21;0;0;275;468;NA;-1;1551
21;79;0;294;0;468;NA;-1;1552
79;21;0;0;275;468;NA;-1;1552
21;80;0;294;0;468;NA;-1;1553
80;21;0;0;275;468;NA;-1;1553
21;81;0;294;0;468;NA;-1;1554
81;21;0;0;275;468;NA;-1;1554
21;82;0;294;0;468;NA;-1;1555
82;21;0;0;275;468;NA;-1;1555
21;84;0;294;0;468;NA;-1;1556
84;21;0;0;275;468;NA;-1;1556
21;85;0;294;0;468;NA;-1;1557
85;21;0;0;275;468;NA;-1;1557
21;86;0;294;0;468;NA;-1;1558
86;21;0;0;275;468;NA;-1;1558
21;87;0;294;0;468;NA;-1;1559
87;21;0;0;275;468;NA;-1;1559
21;88;0;294;0;468;NA;-1;1560
88;21;0;0;275;468;NA;-1;1560
21;90;0;294;0;468;NA;-1;1561
90;21;0;0;275;468;NA;-1;1561
21;91;0;294;0;468;NA;-1;1562
91;21;0;0;275;468;NA;-1;1562
21;92;0;294;0;468;NA;-1;1563
92;21;0;0;275;468;NA;-1;1563
21;93;0;294;0;468;NA;-1;1564
93;21;0;0;275;468;NA;-1;1564
21;94;0;294;0;468;NA;-1;1565
94;21;0;0;275;468;NA;-1;1565
21;95;0;294;0;468;NA;-1;1566
95;21;0;0;275;468;NA;-1;1566
21;96;0;294;0;468;NA;-1;1567
96;21;0;0;275;468;NA;-1;1567
21;97;0;294;0;468;NA;-1;1568
97;21;0;0;275;468;NA;-1;1568
21;98;0;294;0;468;NA;-1;1569
98;21;0;0;275;468;NA;-1;1569
21;99;0;294;0;468;NA;-1;1570
99;21;0;0;275;468;NA;-1;1570
22;22;0;0;0;468;NA;-0.5;1571
22;23;0;0;6;468;NA;-1;1572
23;22;0;4;0;468;NA;-1;1572
22;24;0;0;0;468;NA;-1;1573
24;22;0;0;0;468;NA;-1;1573
22;25;0;0;1;468;NA;-1;1574
25;22;0;2;0;468;NA;-1;1574
22;26;0;0;27;468;NA;-1;1575
26;22;0;11;0;468;NA;-1;1575
22;27;0;0;9;468;NA;-1;1576
27;22;0;10;0;468;NA;-1;1576
22;28;0;0;17;468;NA;-1;1577
28;22;0;37;0;468;NA;-1;1577
22;29;0;0;17;468;NA;-1;1578
29;22;0;16;0;468;NA;-1;1578
22;30;0;0;0;468;NA;-1;1579
30;22;0;0;0;468;NA;-1;1579
22;31;0;0;0;468;NA;-1;1580
31;22;0;0;0;468;NA;-1;1580
22;32;0;0;14;468;NA;-1;1581
32;22;0;7;0;468;NA;-1;1581
22;33;0;0;0;468;NA;-1;1582
33;22;0;0;0;468;NA;-1;1582
22;35;0;0;0;468;NA;-1;1583
35;22;0;0;0;468;NA;-1;1583
22;36;0;0;0;468;NA;-1;1584
36;22;0;0;0;468;NA;-1;1584
22;37;0;0;0;468;NA;-1;1585
37;22;0;0;0;468;NA;-1;1585
22;38;0;0;0;468;NA;-1;1586
38;22;0;0;0;468;NA;-1;1586
22;39;0;0;0;468;NA;-1;1587
39;22;0;0;0;468;NA;-1;1587
22;41;0;0;0;468;NA;-1;1588
41;22;0;0;0;468;NA;-1;1588
22;42;0;0;0;468;NA;-1;1589
42;22;0;0;0;468;NA;-1;1589
22;43;0;0;8;468;NA;-1;1590
43;22;0;0;0;468;NA;-1;1590
22;45;0;0;0;468;NA;-1;1591
45;22;0;0;0;468;NA;-1;1591
22;46;0;0;0;468;NA;-1;1592
46;22;0;0;0;468;NA;-1;1592
22;47;0;0;0;468;NA;-1;1593
47;22;0;0;0;468;NA;-1;1593
22;49;0;0;0;468;NA;-1;1594
49;22;0;0;0;468;NA;-1;1594
22;50;0;0;0;468;NA;-1;1595
50;22;0;0;0;468;NA;-1;1595
22;51;0;0;0;468;NA;-1;1596
51;22;0;0;0;468;NA;-1;1596
22;52;0;0;0;468;NA;-1;1597
52;22;0;0;0;468;NA;-1;1597
22;53;0;0;0;468;NA;-1;1598
53;22;0;0;0;468;NA;-1;1598
22;55;0;0;0;468;NA;-1;1599
55;22;0;0;0;468;NA;-1;1599
22;56;0;0;0;468;NA;-1;1600
56;22;0;0;0;468;NA;-1;1600
22;58;0;0;0;468;NA;-1;1601
58;22;0;0;0;468;NA;-1;1601
22;59;0;0;0;468;NA;-1;1602
59;22;0;0;0;468;NA;-1;1602
22;60;0;0;0;468;NA;-1;1603
60;22;0;0;0;468;NA;-1;1603
22;61;0;0;0;468;NA;-1;1604
61;22;0;0;0;468;NA;-1;1604
22;62;0;0;0;468;NA;-1;1605
62;22;0;0;0;468;NA;-1;1605
22;63;0;0;0;468;NA;-1;1606
63;22;0;0;0;468;NA;-1;1606
22;64;0;0;0;468;NA;-1;1607
64;22;0;0;0;468;NA;-1;1607
22;65;0;0;0;468;NA;-1;1608
65;22;0;0;0;468;NA;-1;1608
22;66;0;0;0;468;NA;-1;1609
66;22;0;0;0;468;NA;-1;1609
22;68;0;0;0;468;NA;-1;1610
68;22;0;0;0;468;NA;-1;1610
22;69;0;0;0;468;NA;-1;1611
69;22;0;0;0;468;NA;-1;1611
22;70;0;0;0;468;NA;-1;1612
70;22;0;0;0;468;NA;-1;1612
22;71;0;0;0;468;NA;-1;1613
71;22;0;0;0;468;NA;-1;1613
22;72;0;0;0;468;NA;-1;1614
72;22;0;0;0;468;NA;-1;1614
22;73;0;0;0;468;NA;-1;1615
73;22;0;0;0;468;NA;-1;1615
22;74;0;0;0;468;NA;-1;1616
74;22;0;0;0;468;NA;-1;1616
22;75;0;0;0;468;NA;-1;1617
75;22;0;0;0;468;NA;-1;1617
22;77;0;0;0;468;NA;-1;1618
77;22;0;0;0;468;NA;-1;1618
22;78;0;0;0;468;NA;-1;1619
78;22;0;0;0;468;NA;-1;1619
22;79;0;0;0;468;NA;-1;1620
79;22;0;0;0;468;NA;-1;1620
22;80;0;0;0;468;NA;-1;1621
80;22;0;0;0;468;NA;-1;1621
22;81;0;0;0;468;NA;-1;1622
81;22;0;0;0;468;NA;-1;1622
22;82;0;0;0;468;NA;-1;1623
82;22;0;0;0;468;NA;-1;1623
22;84;0;0;0;468;NA;-1;1624
84;22;0;0;0;468;NA;-1;1624
22;85;0;0;0;468;NA;-1;1625
85;22;0;0;0;468;NA;-1;1625
22;86;0;0;0;468;NA;-1;1626
86;22;0;0;0;468;NA;-1;1626
22;87;0;0;0;468;NA;-1;1627
87;22;0;0;0;468;NA;-1;1627
22;88;0;0;0;468;NA;-1;1628
88;22;0;0;0;468;NA;-1;1628
22;90;0;0;0;468;NA;-1;1629
90;22;0;0;0;468;NA;-1;1629
22;91;0;0;0;468;NA;-1;1630
91;22;0;0;0;468;NA;-1;1630
22;92;0;0;0;468;NA;-1;1631
92;22;0;0;0;468;NA;-1;1631
22;93;0;0;0;468;NA;-1;1632
93;22;0;0;0;468;NA;-1;1632
22;94;0;0;0;468;NA;-1;1633
94;22;0;0;0;468;NA;-1;1633
22;95;0;0;0;468;NA;-1;1634
95;22;0;0;0;468;NA;-1;1634
22;96;0;0;0;468;NA;-1;1635
96;22;0;0;0;468;NA;-1;1635
22;97;0;0;0;468;NA;-1;1636
97;22;0;0;0;468;NA;-1;1636
22;98;0;0;0;468;NA;-1;1637
98;22;0;0;0;468;NA;-1;1637
22;99;0;0;0;468;NA;-1;1638
99;22;0;0;0;468;NA;-1;1638
23;23;1;4;6;468;19.5;0.451219512195122;1639
23;24;0;4;0;468;NA;-1;1640
24;23;0;0;6;468;NA;-1;1640
23;25;0;4;1;468;0;-1;1641
25;23;0;2;6;468;0;-1;1641
23;26;0;4;27;468;0;-1;1642
26;23;0;11;6;468;0;-1;1642
23;27;0;4;9;468;0;-1;1643
27;23;0;10;6;468;0;-1;1643
23;28;0;4;17;468;0;-0.106017191977077;1644
28;23;4;37;6;468;8.43243243243243;-0.106017191977077;1644
23;29;0;4;17;468;0;-1;1645
29;23;0;16;6;468;0;-1;1645
23;30;0;4;0;468;NA;-1;1646
30;23;0;0;6;468;NA;-1;1646
23;31;0;4;0;468;NA;-1;1647
31;23;0;0;6;468;NA;-1;1647
23;32;0;4;14;468;0;-1;1648
32;23;0;7;6;468;0;-1;1648
23;33;0;4;0;468;NA;-1;1649
33;23;0;0;6;468;NA;-1;1649
23;35;0;4;0;468;NA;-1;1650
35;23;0;0;6;468;NA;-1;1650
23;36;0;4;0;468;NA;-1;1651
36;23;0;0;6;468;NA;-1;1651
23;37;0;4;0;468;NA;-1;1652
37;23;0;0;6;468;NA;-1;1652
23;38;0;4;0;468;NA;-1;1653
38;23;0;0;6;468;NA;-1;1653
23;39;0;4;0;468;NA;-1;1654
39;23;0;0;6;468;NA;-1;1654
23;41;0;4;0;468;NA;-1;1655
41;23;0;0;6;468;NA;-1;1655
23;42;0;4;0;468;NA;-1;1656
42;23;0;0;6;468;NA;-1;1656
23;43;2;4;8;468;29.25;-0.0330578512396694;1657
43;23;0;0;6;468;NA;-0.0330578512396694;1657
23;45;0;4;0;468;NA;-1;1658
45;23;0;0;6;468;NA;-1;1658
23;46;0;4;0;468;NA;-1;1659
46;23;0;0;6;468;NA;-1;1659
23;47;0;4;0;468;NA;-1;1660
47;23;0;0;6;468;NA;-1;1660
23;49;0;4;0;468;NA;-1;1661
49;23;0;0;6;468;NA;-1;1661
23;50;0;4;0;468;NA;-1;1662
50;23;0;0;6;468;NA;-1;1662
23;51;0;4;0;468;NA;-1;1663
51;23;0;0;6;468;NA;-1;1663
23;52;0;4;0;468;NA;-1;1664
52;23;0;0;6;468;NA;-1;1664
23;53;0;4;0;468;NA;-1;1665
53;23;0;0;6;468;NA;-1;1665
23;55;0;4;0;468;NA;-1;1666
55;23;0;0;6;468;NA;-1;1666
23;56;0;4;0;468;NA;-1;1667
56;23;0;0;6;468;NA;-1;1667
23;58;0;4;0;468;NA;-1;1668
58;23;0;0;6;468;NA;-1;1668
23;59;0;4;0;468;NA;-1;1669
59;23;0;0;6;468;NA;-1;1669
23;60;0;4;0;468;NA;-1;1670
60;23;0;0;6;468;NA;-1;1670
23;61;0;4;0;468;NA;-1;1671
61;23;0;0;6;468;NA;-1;1671
23;62;0;4;0;468;NA;-1;1672
62;23;0;0;6;468;NA;-1;1672
23;63;0;4;0;468;NA;-1;1673
63;23;0;0;6;468;NA;-1;1673
23;64;0;4;0;468;NA;-1;1674
64;23;0;0;6;468;NA;-1;1674
23;65;0;4;0;468;NA;-1;1675
65;23;0;0;6;468;NA;-1;1675
23;66;0;4;0;468;NA;-1;1676
66;23;0;0;6;468;NA;-1;1676
23;68;0;4;0;468;NA;-1;1677
68;23;0;0;6;468;NA;-1;1677
23;69;0;4;0;468;NA;-1;1678
69;23;0;0;6;468;NA;-1;1678
23;70;0;4;0;468;NA;-1;1679
70;23;0;0;6;468;NA;-1;1679
23;71;0;4;0;468;NA;-1;1680
71;23;0;0;6;468;NA;-1;1680
23;72;0;4;0;468;NA;-1;1681
72;23;0;0;6;468;NA;-1;1681
23;73;0;4;0;468;NA;-1;1682
73;23;0;0;6;468;NA;-1;1682
23;74;0;4;0;468;NA;-1;1683
74;23;0;0;6;468;NA;-1;1683
23;75;0;4;0;468;NA;-1;1684
75;23;0;0;6;468;NA;-1;1684
23;77;0;4;0;468;NA;-1;1685
77;23;0;0;6;468;NA;-1;1685
23;78;0;4;0;468;NA;-1;1686
78;23;0;0;6;468;NA;-1;1686
23;79;0;4;0;468;NA;-1;1687
79;23;0;0;6;468;NA;-1;1687
23;80;0;4;0;468;NA;-1;1688
80;23;0;0;6;468;NA;-1;1688
23;81;0;4;0;468;NA;-1;1689
81;23;0;0;6;468;NA;-1;1689
23;82;0;4;0;468;NA;-1;1690
82;23;0;0;6;468;NA;-1;1690
23;84;0;4;0;468;NA;-1;1691
84;23;0;0;6;468;NA;-1;1691
23;85;0;4;0;468;NA;-1;1692
85;23;0;0;6;468;NA;-1;1692
23;86;0;4;0;468;NA;-1;1693
86;23;0;0;6;468;NA;-1;1693
23;87;0;4;0;468;NA;-1;1694
87;23;0;0;6;468;NA;-1;1694
23;88;0;4;0;468;NA;-1;1695
88;23;0;0;6;468;NA;-1;1695
23;90;0;4;0;468;NA;-1;1696
90;23;0;0;6;468;NA;-1;1696
23;91;0;4;0;468;NA;-1;1697
91;23;0;0;6;468;NA;-1;1697
23;92;0;4;0;468;NA;-1;1698
92;23;0;0;6;468;NA;-1;1698
23;93;0;4;0;468;NA;-1;1699
93;23;0;0;6;468;NA;-1;1699
23;94;0;4;0;468;NA;-1;1700
94;23;0;0;6;468;NA;-1;1700
23;95;0;4;0;468;NA;-1;1701
95;23;0;0;6;468;NA;-1;1701
23;96;0;4;0;468;NA;-1;1702
96;23;0;0;6;468;NA;-1;1702
23;97;0;4;0;468;NA;-1;1703
97;23;0;0;6;468;NA;-1;1703
23;98;0;4;0;468;NA;-1;1704
98;23;0;0;6;468;NA;-1;1704
23;99;0;4;0;468;NA;-1;1705
99;23;0;0;6;468;NA;-1;1705
24;24;0;0;0;468;NA;-0.5;1706
24;25;0;0;1;468;NA;-1;1707
25;24;0;2;0;468;NA;-1;1707
24;26;0;0;27;468;NA;-1;1708
26;24;0;11;0;468;NA;-1;1708
24;27;0;0;9;468;NA;-1;1709
27;24;0;10;0;468;NA;-1;1709
24;28;0;0;17;468;NA;-1;1710
28;24;0;37;0;468;NA;-1;1710
24;29;0;0;17;468;NA;-1;1711
29;24;0;16;0;468;NA;-1;1711
24;30;0;0;0;468;NA;-1;1712
30;24;0;0;0;468;NA;-1;1712
24;31;0;0;0;468;NA;-1;1713
31;24;0;0;0;468;NA;-1;1713
24;32;0;0;14;468;NA;-1;1714
32;24;0;7;0;468;NA;-1;1714
24;33;0;0;0;468;NA;-1;1715
33;24;0;0;0;468;NA;-1;1715
24;35;0;0;0;468;NA;-1;1716
35;24;0;0;0;468;NA;-1;1716
24;36;0;0;0;468;NA;-1;1717
36;24;0;0;0;468;NA;-1;1717
24;37;0;0;0;468;NA;-1;1718
37;24;0;0;0;468;NA;-1;1718
24;38;0;0;0;468;NA;-1;1719
38;24;0;0;0;468;NA;-1;1719
24;39;0;0;0;468;NA;-1;1720
39;24;0;0;0;468;NA;-1;1720
24;41;0;0;0;468;NA;-1;1721
41;24;0;0;0;468;NA;-1;1721
24;42;0;0;0;468;NA;-1;1722
42;24;0;0;0;468;NA;-1;1722
24;43;0;0;8;468;NA;-1;1723
43;24;0;0;0;468;NA;-1;1723
24;45;0;0;0;468;NA;-1;1724
45;24;0;0;0;468;NA;-1;1724
24;46;0;0;0;468;NA;-1;1725
46;24;0;0;0;468;NA;-1;1725
24;47;0;0;0;468;NA;-1;1726
47;24;0;0;0;468;NA;-1;1726
24;49;0;0;0;468;NA;-1;1727
49;24;0;0;0;468;NA;-1;1727
24;50;0;0;0;468;NA;-1;1728
50;24;0;0;0;468;NA;-1;1728
24;51;0;0;0;468;NA;-1;1729
51;24;0;0;0;468;NA;-1;1729
24;52;0;0;0;468;NA;-1;1730
52;24;0;0;0;468;NA;-1;1730
24;53;0;0;0;468;NA;-1;1731
53;24;0;0;0;468;NA;-1;1731
24;55;0;0;0;468;NA;-1;1732
55;24;0;0;0;468;NA;-1;1732
24;56;0;0;0;468;NA;-1;1733
56;24;0;0;0;468;NA;-1;1733
24;58;0;0;0;468;NA;-1;1734
58;24;0;0;0;468;NA;-1;1734
24;59;0;0;0;468;NA;-1;1735
59;24;0;0;0;468;NA;-1;1735
24;60;0;0;0;468;NA;-1;1736
60;24;0;0;0;468;NA;-1;1736
24;61;0;0;0;468;NA;-1;1737
61;24;0;0;0;468;NA;-1;1737
24;62;0;0;0;468;NA;-1;1738
62;24;0;0;0;468;NA;-1;1738
24;63;0;0;0;468;NA;-1;1739
63;24;0;0;0;468;NA;-1;1739
24;64;0;0;0;468;NA;-1;1740
64;24;0;0;0;468;NA;-1;1740
24;65;0;0;0;468;NA;-1;1741
65;24;0;0;0;468;NA;-1;1741
24;66;0;0;0;468;NA;-1;1742
66;24;0;0;0;468;NA;-1;1742
24;68;0;0;0;468;NA;-1;1743
68;24;0;0;0;468;NA;-1;1743
24;69;0;0;0;468;NA;-1;1744
69;24;0;0;0;468;NA;-1;1744
24;70;0;0;0;468;NA;-1;1745
70;24;0;0;0;468;NA;-1;1745
24;71;0;0;0;468;NA;-1;1746
71;24;0;0;0;468;NA;-1;1746
24;72;0;0;0;468;NA;-1;1747
72;24;0;0;0;468;NA;-1;1747
24;73;0;0;0;468;NA;-1;1748
73;24;0;0;0;468;NA;-1;1748
24;74;0;0;0;468;NA;-1;1749
74;24;0;0;0;468;NA;-1;1749
24;75;0;0;0;468;NA;-1;1750
75;24;0;0;0;468;NA;-1;1750
24;77;0;0;0;468;NA;-1;1751
77;24;0;0;0;468;NA;-1;1751
24;78;0;0;0;468;NA;-1;1752
78;24;0;0;0;468;NA;-1;1752
24;79;0;0;0;468;NA;-1;1753
79;24;0;0;0;468;NA;-1;1753
24;80;0;0;0;468;NA;-1;1754
80;24;0;0;0;468;NA;-1;1754
24;81;0;0;0;468;NA;-1;1755
81;24;0;0;0;468;NA;-1;1755
24;82;0;0;0;468;NA;-1;1756
82;24;0;0;0;468;NA;-1;1756
24;84;0;0;0;468;NA;-1;1757
84;24;0;0;0;468;NA;-1;1757
24;85;0;0;0;468;NA;-1;1758
85;24;0;0;0;468;NA;-1;1758
24;86;0;0;0;468;NA;-1;1759
86;24;0;0;0;468;NA;-1;1759
24;87;0;0;0;468;NA;-1;1760
87;24;0;0;0;468;NA;-1;1760
24;88;0;0;0;468;NA;-1;1761
88;24;0;0;0;468;NA;-1;1761
24;90;0;0;0;468;NA;-1;1762
90;24;0;0;0;468;NA;-1;1762
24;91;0;0;0;468;NA;-1;1763
91;24;0;0;0;468;NA;-1;1763
24;92;0;0;0;468;NA;-1;1764
92;24;0;0;0;468;NA;-1;1764
24;93;0;0;0;468;NA;-1;1765
93;24;0;0;0;468;NA;-1;1765
24;94;0;0;0;468;NA;-1;1766
94;24;0;0;0;468;NA;-1;1766
24;95;0;0;0;468;NA;-1;1767
95;24;0;0;0;468;NA;-1;1767
24;96;0;0;0;468;NA;-1;1768
96;24;0;0;0;468;NA;-1;1768
24;97;0;0;0;468;NA;-1;1769
97;24;0;0;0;468;NA;-1;1769
24;98;0;0;0;468;NA;-1;1770
98;24;0;0;0;468;NA;-1;1770
24;99;0;0;0;468;NA;-1;1771
99;24;0;0;0;468;NA;-1;1771
25;25;0;2;1;468;0;-0.5;1772
25;26;0;2;27;468;0;-1;1773
26;25;0;11;1;468;0;-1;1773
25;27;0;2;9;468;0;-1;1774
27;25;0;10;1;468;0;-1;1774
25;28;1;2;17;468;13.7647058823529;0.859003589601988;1775
28;25;1;37;1;468;12.6486486486486;0.859003589601988;1775
25;29;0;2;17;468;0;-1;1776
29;25;0;16;1;468;0;-1;1776
25;30;0;2;0;468;NA;-1;1777
30;25;0;0;1;468;NA;-1;1777
25;31;0;2;0;468;NA;-1;1778
31;25;0;0;1;468;NA;-1;1778
25;32;0;2;14;468;0;-1;1779
32;25;0;7;1;468;0;-1;1779
25;33;0;2;0;468;NA;-1;1780
33;25;0;0;1;468;NA;-1;1780
25;35;0;2;0;468;NA;-1;1781
35;25;0;0;1;468;NA;-1;1781
25;36;0;2;0;468;NA;-1;1782
36;25;0;0;1;468;NA;-1;1782
25;37;0;2;0;468;NA;-1;1783
37;25;0;0;1;468;NA;-1;1783
25;38;0;2;0;468;NA;-1;1784
38;25;0;0;1;468;NA;-1;1784
25;39;0;2;0;468;NA;-1;1785
39;25;0;0;1;468;NA;-1;1785
25;41;0;2;0;468;NA;-1;1786
41;25;0;0;1;468;NA;-1;1786
25;42;0;2;0;468;NA;-1;1787
42;25;0;0;1;468;NA;-1;1787
25;43;1;2;8;468;29.25;-0.0330578512396694;1788
43;25;0;0;1;468;NA;-0.0330578512396694;1788
25;45;0;2;0;468;NA;-1;1789
45;25;0;0;1;468;NA;-1;1789
25;46;0;2;0;468;NA;-1;1790
46;25;0;0;1;468;NA;-1;1790
25;47;0;2;0;468;NA;-1;1791
47;25;0;0;1;468;NA;-1;1791
25;49;0;2;0;468;NA;-1;1792
49;25;0;0;1;468;NA;-1;1792
25;50;0;2;0;468;NA;-1;1793
50;25;0;0;1;468;NA;-1;1793
25;51;0;2;0;468;NA;-1;1794
51;25;0;0;1;468;NA;-1;1794
25;52;0;2;0;468;NA;-1;1795
52;25;0;0;1;468;NA;-1;1795
25;53;0;2;0;468;NA;-1;1796
53;25;0;0;1;468;NA;-1;1796
25;55;0;2;0;468;NA;-1;1797
55;25;0;0;1;468;NA;-1;1797
25;56;0;2;0;468;NA;-1;1798
56;25;0;0;1;468;NA;-1;1798
25;58;0;2;0;468;NA;-1;1799
58;25;0;0;1;468;NA;-1;1799
25;59;0;2;0;468;NA;-1;1800
59;25;0;0;1;468;NA;-1;1800
25;60;0;2;0;468;NA;-1;1801
60;25;0;0;1;468;NA;-1;1801
25;61;0;2;0;468;NA;-1;1802
61;25;0;0;1;468;NA;-1;1802
25;62;0;2;0;468;NA;-1;1803
62;25;0;0;1;468;NA;-1;1803
25;63;0;2;0;468;NA;-1;1804
63;25;0;0;1;468;NA;-1;1804
25;64;0;2;0;468;NA;-1;1805
64;25;0;0;1;468;NA;-1;1805
25;65;0;2;0;468;NA;-1;1806
65;25;0;0;1;468;NA;-1;1806
25;66;0;2;0;468;NA;-1;1807
66;25;0;0;1;468;NA;-1;1807
25;68;0;2;0;468;NA;-1;1808
68;25;0;0;1;468;NA;-1;1808
25;69;0;2;0;468;NA;-1;1809
69;25;0;0;1;468;NA;-1;1809
25;70;0;2;0;468;NA;-1;1810
70;25;0;0;1;468;NA;-1;1810
25;71;0;2;0;468;NA;-1;1811
71;25;0;0;1;468;NA;-1;1811
25;72;0;2;0;468;NA;-1;1812
72;25;0;0;1;468;NA;-1;1812
25;73;0;2;0;468;NA;-1;1813
73;25;0;0;1;468;NA;-1;1813
25;74;0;2;0;468;NA;-1;1814
74;25;0;0;1;468;NA;-1;1814
25;75;0;2;0;468;NA;-1;1815
75;25;0;0;1;468;NA;-1;1815
25;77;0;2;0;468;NA;-1;1816
77;25;0;0;1;468;NA;-1;1816
25;78;0;2;0;468;NA;-1;1817
78;25;0;0;1;468;NA;-1;1817
25;79;0;2;0;468;NA;-1;1818
79;25;0;0;1;468;NA;-1;1818
25;80;0;2;0;468;NA;-1;1819
80;25;0;0;1;468;NA;-1;1819
25;81;0;2;0;468;NA;-1;1820
81;25;0;0;1;468;NA;-1;1820
25;82;0;2;0;468;NA;-1;1821
82;25;0;0;1;468;NA;-1;1821
25;84;0;2;0;468;NA;-1;1822
84;25;0;0;1;468;NA;-1;1822
25;85;0;2;0;468;NA;-1;1823
85;25;0;0;1;468;NA;-1;1823
25;86;0;2;0;468;NA;-1;1824
86;25;0;0;1;468;NA;-1;1824
25;87;0;2;0;468;NA;-1;1825
87;25;0;0;1;468;NA;-1;1825
25;88;0;2;0;468;NA;-1;1826
88;25;0;0;1;468;NA;-1;1826
25;90;0;2;0;468;NA;-1;1827
90;25;0;0;1;468;NA;-1;1827
25;91;0;2;0;468;NA;-1;1828
91;25;0;0;1;468;NA;-1;1828
25;92;0;2;0;468;NA;-1;1829
92;25;0;0;1;468;NA;-1;1829
25;93;0;2;0;468;NA;-1;1830
93;25;0;0;1;468;NA;-1;1830
25;94;0;2;0;468;NA;-1;1831
94;25;0;0;1;468;NA;-1;1831
25;95;0;2;0;468;NA;-1;1832
95;25;0;0;1;468;NA;-1;1832
25;96;0;2;0;468;NA;-1;1833
96;25;0;0;1;468;NA;-1;1833
25;97;0;2;0;468;NA;-1;1834
97;25;0;0;1;468;NA;-1;1834
25;98;0;2;0;468;NA;-1;1835
98;25;0;0;1;468;NA;-1;1835
25;99;0;2;0;468;NA;-1;1836
99;25;0;0;1;468;NA;-1;1836
26;26;5;11;27;468;7.87878787878788;0.387372013651877;1837
26;27;2;11;9;468;9.45454545454546;0.778297405918889;1838
27;26;4;10;27;468;6.93333333333333;0.778297405918889;1838
26;28;0;11;17;468;0;-0.516279069767442;1839
28;26;2;37;27;468;0.936936936936937;-0.516279069767442;1839
26;29;0;11;17;468;0;-1;1840
29;26;0;16;27;468;0;-1;1840
26;30;0;11;0;468;NA;-1;1841
30;26;0;0;27;468;NA;-1;1841
26;31;0;11;0;468;NA;-1;1842
31;26;0;0;27;468;NA;-1;1842
26;32;2;11;14;468;6.07792207792208;0.740071528533665;1843
32;26;3;7;27;468;7.42857142857143;0.740071528533665;1843
26;33;0;11;0;468;NA;-1;1844
33;26;0;0;27;468;NA;-1;1844
26;35;0;11;0;468;NA;-1;1845
35;26;0;0;27;468;NA;-1;1845
26;36;0;11;0;468;NA;-1;1846
36;26;0;0;27;468;NA;-1;1846
26;37;0;11;0;468;NA;-1;1847
37;26;0;0;27;468;NA;-1;1847
26;38;0;11;0;468;NA;-1;1848
38;26;0;0;27;468;NA;-1;1848
26;39;0;11;0;468;NA;-1;1849
39;26;0;0;27;468;NA;-1;1849
26;41;0;11;0;468;NA;-1;1850
41;26;0;0;27;468;NA;-1;1850
26;42;0;11;0;468;NA;-1;1851
42;26;0;0;27;468;NA;-1;1851
26;43;0;11;8;468;0;-1;1852
43;26;0;0;27;468;NA;-1;1852
26;45;0;11;0;468;NA;-1;1853
45;26;0;0;27;468;NA;-1;1853
26;46;0;11;0;468;NA;-1;1854
46;26;0;0;27;468;NA;-1;1854
26;47;0;11;0;468;NA;-1;1855
47;26;0;0;27;468;NA;-1;1855
26;49;0;11;0;468;NA;-1;1856
49;26;0;0;27;468;NA;-1;1856
26;50;0;11;0;468;NA;-1;1857
50;26;0;0;27;468;NA;-1;1857
26;51;0;11;0;468;NA;-1;1858
51;26;0;0;27;468;NA;-1;1858
26;52;0;11;0;468;NA;-1;1859
52;26;0;0;27;468;NA;-1;1859
26;53;0;11;0;468;NA;-1;1860
53;26;0;0;27;468;NA;-1;1860
26;55;0;11;0;468;NA;-1;1861
55;26;0;0;27;468;NA;-1;1861
26;56;0;11;0;468;NA;-1;1862
56;26;0;0;27;468;NA;-1;1862
26;58;0;11;0;468;NA;-1;1863
58;26;0;0;27;468;NA;-1;1863
26;59;0;11;0;468;NA;-1;1864
59;26;0;0;27;468;NA;-1;1864
26;60;0;11;0;468;NA;-1;1865
60;26;0;0;27;468;NA;-1;1865
26;61;0;11;0;468;NA;-1;1866
61;26;0;0;27;468;NA;-1;1866
26;62;0;11;0;468;NA;-1;1867
62;26;0;0;27;468;NA;-1;1867
26;63;0;11;0;468;NA;-1;1868
63;26;0;0;27;468;NA;-1;1868
26;64;0;11;0;468;NA;-1;1869
64;26;0;0;27;468;NA;-1;1869
26;65;0;11;0;468;NA;-1;1870
65;26;0;0;27;468;NA;-1;1870
26;66;0;11;0;468;NA;-1;1871
66;26;0;0;27;468;NA;-1;1871
26;68;0;11;0;468;NA;-1;1872
68;26;0;0;27;468;NA;-1;1872
26;69;0;11;0;468;NA;-1;1873
69;26;0;0;27;468;NA;-1;1873
26;70;0;11;0;468;NA;-1;1874
70;26;0;0;27;468;NA;-1;1874
26;71;0;11;0;468;NA;-1;1875
71;26;0;0;27;468;NA;-1;1875
26;72;0;11;0;468;NA;-1;1876
72;26;0;0;27;468;NA;-1;1876
26;73;0;11;0;468;NA;-1;1877
73;26;0;0;27;468;NA;-1;1877
26;74;0;11;0;468;NA;-1;1878
74;26;0;0;27;468;NA;-1;1878
26;75;0;11;0;468;NA;-1;1879
75;26;0;0;27;468;NA;-1;1879
26;77;0;11;0;468;NA;-1;1880
77;26;0;0;27;468;NA;-1;1880
26;78;0;11;0;468;NA;-1;1881
78;26;0;0;27;468;NA;-1;1881
26;79;0;11;0;468;NA;-1;1882
79;26;0;0;27;468;NA;-1;1882
26;80;0;11;0;468;NA;-1;1883
80;26;0;0;27;468;NA;-1;1883
26;81;0;11;0;468;NA;-1;1884
81;26;0;0;27;468;NA;-1;1884
26;82;0;11;0;468;NA;-1;1885
82;26;0;0;27;468;NA;-1;1885
26;84;0;11;0;468;NA;-1;1886
84;26;0;0;27;468;NA;-1;1886
26;85;0;11;0;468;NA;-1;1887
85;26;0;0;27;468;NA;-1;1887
26;86;0;11;0;468;NA;-1;1888
86;26;0;0;27;468;NA;-1;1888
26;87;0;11;0;468;NA;-1;1889
87;26;0;0;27;468;NA;-1;1889
26;88;0;11;0;468;NA;-1;1890
88;26;0;0;27;468;NA;-1;1890
26;90;0;11;0;468;NA;-1;1891
90;26;0;0;27;468;NA;-1;1891
26;91;0;11;0;468;NA;-1;1892
91;26;0;0;27;468;NA;-1;1892
26;92;0;11;0;468;NA;-1;1893
92;26;0;0;27;468;NA;-1;1893
26;93;0;11;0;468;NA;-1;1894
93;26;0;0;27;468;NA;-1;1894
26;94;0;11;0;468;NA;-1;1895
94;26;0;0;27;468;NA;-1;1895
26;95;0;11;0;468;NA;-1;1896
95;26;0;0;27;468;NA;-1;1896
26;96;0;11;0;468;NA;-1;1897
96;26;0;0;27;468;NA;-1;1897
26;97;0;11;0;468;NA;-1;1898
97;26;0;0;27;468;NA;-1;1898
26;98;0;11;0;468;NA;-1;1899
98;26;0;0;27;468;NA;-1;1899
26;99;0;11;0;468;NA;-1;1900
99;26;0;0;27;468;NA;-1;1900
27;27;2;10;9;468;10.4;0.412280701754386;1901
27;28;2;10;17;468;5.50588235294118;0.654583102999185;1902
28;27;3;37;9;468;4.21621621621622;0.654583102999185;1902
27;29;2;10;17;468;5.50588235294118;0.712959614225437;1903
29;27;2;16;9;468;6.5;0.712959614225437;1903
27;30;0;10;0;468;NA;-1;1904
30;27;0;0;9;468;NA;-1;1904
27;31;0;10;0;468;NA;-1;1905
31;27;0;0;9;468;NA;-1;1905
27;32;0;10;14;468;0;-1;1906
32;27;0;7;9;468;0;-1;1906
27;33;0;10;0;468;NA;-1;1907
33;27;0;0;9;468;NA;-1;1907
27;35;0;10;0;468;NA;-1;1908
35;27;0;0;9;468;NA;-1;1908
27;36;0;10;0;468;NA;-1;1909
36;27;0;0;9;468;NA;-1;1909
27;37;0;10;0;468;NA;-1;1910
37;27;0;0;9;468;NA;-1;1910
27;38;0;10;0;468;NA;-1;1911
38;27;0;0;9;468;NA;-1;1911
27;39;0;10;0;468;NA;-1;1912
39;27;0;0;9;468;NA;-1;1912
27;41;0;10;0;468;NA;-1;1913
41;27;0;0;9;468;NA;-1;1913
27;42;0;10;0;468;NA;-1;1914
42;27;0;0;9;468;NA;-1;1914
27;43;0;10;8;468;0;-1;1915
43;27;0;0;9;468;NA;-1;1915
27;45;0;10;0;468;NA;-1;1916
45;27;0;0;9;468;NA;-1;1916
27;46;0;10;0;468;NA;-1;1917
46;27;0;0;9;468;NA;-1;1917
27;47;0;10;0;468;NA;-1;1918
47;27;0;0;9;468;NA;-1;1918
27;49;0;10;0;468;NA;-1;1919
49;27;0;0;9;468;NA;-1;1919
27;50;0;10;0;468;NA;-1;1920
50;27;0;0;9;468;NA;-1;1920
27;51;0;10;0;468;NA;-1;1921
51;27;0;0;9;468;NA;-1;1921
27;52;0;10;0;468;NA;-1;1922
52;27;0;0;9;468;NA;-1;1922
27;53;0;10;0;468;NA;-1;1923
53;27;0;0;9;468;NA;-1;1923
27;55;0;10;0;468;NA;-1;1924
55;27;0;0;9;468;NA;-1;1924
27;56;0;10;0;468;NA;-1;1925
56;27;0;0;9;468;NA;-1;1925
27;58;0;10;0;468;NA;-1;1926
58;27;0;0;9;468;NA;-1;1926
27;59;0;10;0;468;NA;-1;1927
59;27;0;0;9;468;NA;-1;1927
27;60;0;10;0;468;NA;-1;1928
60;27;0;0;9;468;NA;-1;1928
27;61;0;10;0;468;NA;-1;1929
61;27;0;0;9;468;NA;-1;1929
27;62;0;10;0;468;NA;-1;1930
62;27;0;0;9;468;NA;-1;1930
27;63;0;10;0;468;NA;-1;1931
63;27;0;0;9;468;NA;-1;1931
27;64;0;10;0;468;NA;-1;1932
64;27;0;0;9;468;NA;-1;1932
27;65;0;10;0;468;NA;-1;1933
65;27;0;0;9;468;NA;-1;1933
27;66;0;10;0;468;NA;-1;1934
66;27;0;0;9;468;NA;-1;1934
27;68;0;10;0;468;NA;-1;1935
68;27;0;0;9;468;NA;-1;1935
27;69;0;10;0;468;NA;-1;1936
69;27;0;0;9;468;NA;-1;1936
27;70;0;10;0;468;NA;-1;1937
70;27;0;0;9;468;NA;-1;1937
27;71;0;10;0;468;NA;-1;1938
71;27;0;0;9;468;NA;-1;1938
27;72;0;10;0;468;NA;-1;1939
72;27;0;0;9;468;NA;-1;1939
27;73;0;10;0;468;NA;-1;1940
73;27;0;0;9;468;NA;-1;1940
27;74;0;10;0;468;NA;-1;1941
74;27;0;0;9;468;NA;-1;1941
27;75;0;10;0;468;NA;-1;1942
75;27;0;0;9;468;NA;-1;1942
27;77;0;10;0;468;NA;-1;1943
77;27;0;0;9;468;NA;-1;1943
27;78;0;10;0;468;NA;-1;1944
78;27;0;0;9;468;NA;-1;1944
27;79;0;10;0;468;NA;-1;1945
79;27;0;0;9;468;NA;-1;1945
27;80;0;10;0;468;NA;-1;1946
80;27;0;0;9;468;NA;-1;1946
27;81;0;10;0;468;NA;-1;1947
81;27;0;0;9;468;NA;-1;1947
27;82;0;10;0;468;NA;-1;1948
82;27;0;0;9;468;NA;-1;1948
27;84;0;10;0;468;NA;-1;1949
84;27;0;0;9;468;NA;-1;1949
27;85;0;10;0;468;NA;-1;1950
85;27;0;0;9;468;NA;-1;1950
27;86;0;10;0;468;NA;-1;1951
86;27;0;0;9;468;NA;-1;1951
27;87;0;10;0;468;NA;-1;1952
87;27;0;0;9;468;NA;-1;1952
27;88;0;10;0;468;NA;-1;1953
88;27;0;0;9;468;NA;-1;1953
27;90;0;10;0;468;NA;-1;1954
90;27;0;0;9;468;NA;-1;1954
27;91;0;10;0;468;NA;-1;1955
91;27;0;0;9;468;NA;-1;1955
27;92;0;10;0;468;NA;-1;1956
92;27;0;0;9;468;NA;-1;1956
27;93;0;10;0;468;NA;-1;1957
93;27;0;0;9;468;NA;-1;1957
27;94;0;10;0;468;NA;-1;1958
94;27;0;0;9;468;NA;-1;1958
27;95;0;10;0;468;NA;-1;1959
95;27;0;0;9;468;NA;-1;1959
27;96;0;10;0;468;NA;-1;1960
96;27;0;0;9;468;NA;-1;1960
27;97;0;10;0;468;NA;-1;1961
97;27;0;0;9;468;NA;-1;1961
27;98;0;10;0;468;NA;-1;1962
98;27;0;0;9;468;NA;-1;1962
27;99;0;10;0;468;NA;-1;1963
99;27;0;0;9;468;NA;-1;1963
28;28;12;37;17;468;8.92845786963434;0.399279423538831;1964
28;29;2;37;17;468;1.48807631160572;0.230515499525084;1965
29;28;1;16;17;468;1.72058823529412;0.230515499525084;1965
28;30;0;37;0;468;NA;-1;1966
30;28;0;0;17;468;NA;-1;1966
28;31;0;37;0;468;NA;-1;1967
31;28;0;0;17;468;NA;-1;1967
28;32;4;37;14;468;3.61389961389961;-0.21673640167364;1968
32;28;0;7;17;468;0;-0.21673640167364;1968
28;33;0;37;0;468;NA;-1;1969
33;28;0;0;17;468;NA;-1;1969
28;35;0;37;0;468;NA;-1;1970
35;28;0;0;17;468;NA;-1;1970
28;36;0;37;0;468;NA;-1;1971
36;28;0;0;17;468;NA;-1;1971
28;37;0;37;0;468;NA;-1;1972
37;28;0;0;17;468;NA;-1;1972
28;38;0;37;0;468;NA;-1;1973
38;28;0;0;17;468;NA;-1;1973
28;39;0;37;0;468;NA;-1;1974
39;28;0;0;17;468;NA;-1;1974
28;41;0;37;0;468;NA;-1;1975
41;28;0;0;17;468;NA;-1;1975
28;42;0;37;0;468;NA;-1;1976
42;28;0;0;17;468;NA;-1;1976
28;43;4;37;8;468;6.32432432432432;-0.136531365313653;1977
43;28;0;0;17;468;NA;-0.136531365313653;1977
28;45;0;37;0;468;NA;-1;1978
45;28;0;0;17;468;NA;-1;1978
28;46;0;37;0;468;NA;-1;1979
46;28;0;0;17;468;NA;-1;1979
28;47;0;37;0;468;NA;-1;1980
47;28;0;0;17;468;NA;-1;1980
28;49;0;37;0;468;NA;-1;1981
49;28;0;0;17;468;NA;-1;1981
28;50;0;37;0;468;NA;-1;1982
50;28;0;0;17;468;NA;-1;1982
28;51;0;37;0;468;NA;-1;1983
51;28;0;0;17;468;NA;-1;1983
28;52;0;37;0;468;NA;-1;1984
52;28;0;0;17;468;NA;-1;1984
28;53;0;37;0;468;NA;-1;1985
53;28;0;0;17;468;NA;-1;1985
28;55;0;37;0;468;NA;-1;1986
55;28;0;0;17;468;NA;-1;1986
28;56;0;37;0;468;NA;-1;1987
56;28;0;0;17;468;NA;-1;1987
28;58;0;37;0;468;NA;-1;1988
58;28;0;0;17;468;NA;-1;1988
28;59;0;37;0;468;NA;-1;1989
59;28;0;0;17;468;NA;-1;1989
28;60;0;37;0;468;NA;-1;1990
60;28;0;0;17;468;NA;-1;1990
28;61;0;37;0;468;NA;-1;1991
61;28;0;0;17;468;NA;-1;1991
28;62;0;37;0;468;NA;-1;1992
62;28;0;0;17;468;NA;-1;1992
28;63;0;37;0;468;NA;-1;1993
63;28;0;0;17;468;NA;-1;1993
28;64;0;37;0;468;NA;-1;1994
64;28;0;0;17;468;NA;-1;1994
28;65;0;37;0;468;NA;-1;1995
65;28;0;0;17;468;NA;-1;1995
28;66;0;37;0;468;NA;-1;1996
66;28;0;0;17;468;NA;-1;1996
28;68;0;37;0;468;NA;-1;1997
68;28;0;0;17;468;NA;-1;1997
28;69;0;37;0;468;NA;-1;1998
69;28;0;0;17;468;NA;-1;1998
28;70;0;37;0;468;NA;-1;1999
70;28;0;0;17;468;NA;-1;1999
28;71;0;37;0;468;NA;-1;2000
71;28;0;0;17;468;NA;-1;2000
28;72;0;37;0;468;NA;-1;2001
72;28;0;0;17;468;NA;-1;2001
28;73;0;37;0;468;NA;-1;2002
73;28;0;0;17;468;NA;-1;2002
28;74;0;37;0;468;NA;-1;2003
74;28;0;0;17;468;NA;-1;2003
28;75;0;37;0;468;NA;-1;2004
75;28;0;0;17;468;NA;-1;2004
28;77;0;37;0;468;NA;-1;2005
77;28;0;0;17;468;NA;-1;2005
28;78;0;37;0;468;NA;-1;2006
78;28;0;0;17;468;NA;-1;2006
28;79;0;37;0;468;NA;-1;2007
79;28;0;0;17;468;NA;-1;2007
28;80;0;37;0;468;NA;-1;2008
80;28;0;0;17;468;NA;-1;2008
28;81;0;37;0;468;NA;-1;2009
81;28;0;0;17;468;NA;-1;2009
28;82;0;37;0;468;NA;-1;2010
82;28;0;0;17;468;NA;-1;2010
28;84;0;37;0;468;NA;-1;2011
84;28;0;0;17;468;NA;-1;2011
28;85;0;37;0;468;NA;-1;2012
85;28;0;0;17;468;NA;-1;2012
28;86;0;37;0;468;NA;-1;2013
86;28;0;0;17;468;NA;-1;2013
28;87;0;37;0;468;NA;-1;2014
87;28;0;0;17;468;NA;-1;2014
28;88;0;37;0;468;NA;-1;2015
88;28;0;0;17;468;NA;-1;2015
28;90;0;37;0;468;NA;-1;2016
90;28;0;0;17;468;NA;-1;2016
28;91;0;37;0;468;NA;-1;2017
91;28;0;0;17;468;NA;-1;2017
28;92;0;37;0;468;NA;-1;2018
92;28;0;0;17;468;NA;-1;2018
28;93;0;37;0;468;NA;-1;2019
93;28;0;0;17;468;NA;-1;2019
28;94;0;37;0;468;NA;-1;2020
94;28;0;0;17;468;NA;-1;2020
28;95;0;37;0;468;NA;-1;2021
95;28;0;0;17;468;NA;-1;2021
28;96;0;37;0;468;NA;-1;2022
96;28;0;0;17;468;NA;-1;2022
28;97;0;37;0;468;NA;-1;2023
97;28;0;0;17;468;NA;-1;2023
28;98;0;37;0;468;NA;-1;2024
98;28;0;0;17;468;NA;-1;2024
28;99;0;37;0;468;NA;-1;2025
99;28;0;0;17;468;NA;-1;2025
29;29;13;16;17;468;22.3676470588235;0.457205789804909;2026
29;30;0;16;0;468;NA;-1;2027
30;29;0;0;17;468;NA;-1;2027
29;31;0;16;0;468;NA;-1;2028
31;29;0;0;17;468;NA;-1;2028
29;32;0;16;14;468;0;-1;2029
32;29;0;7;17;468;0;-1;2029
29;33;0;16;0;468;NA;-1;2030
33;29;0;0;17;468;NA;-1;2030
29;35;0;16;0;468;NA;-1;2031
35;29;0;0;17;468;NA;-1;2031
29;36;0;16;0;468;NA;-1;2032
36;29;0;0;17;468;NA;-1;2032
29;37;0;16;0;468;NA;-1;2033
37;29;0;0;17;468;NA;-1;2033
29;38;0;16;0;468;NA;-1;2034
38;29;0;0;17;468;NA;-1;2034
29;39;0;16;0;468;NA;-1;2035
39;29;0;0;17;468;NA;-1;2035
29;41;0;16;0;468;NA;-1;2036
41;29;0;0;17;468;NA;-1;2036
29;42;0;16;0;468;NA;-1;2037
42;29;0;0;17;468;NA;-1;2037
29;43;0;16;8;468;0;-1;2038
43;29;0;0;17;468;NA;-1;2038
29;45;0;16;0;468;NA;-1;2039
45;29;0;0;17;468;NA;-1;2039
29;46;0;16;0;468;NA;-1;2040
46;29;0;0;17;468;NA;-1;2040
29;47;0;16;0;468;NA;-1;2041
47;29;0;0;17;468;NA;-1;2041
29;49;0;16;0;468;NA;-1;2042
49;29;0;0;17;468;NA;-1;2042
29;50;0;16;0;468;NA;-1;2043
50;29;0;0;17;468;NA;-1;2043
29;51;0;16;0;468;NA;-1;2044
51;29;0;0;17;468;NA;-1;2044
29;52;0;16;0;468;NA;-1;2045
52;29;0;0;17;468;NA;-1;2045
29;53;0;16;0;468;NA;-1;2046
53;29;0;0;17;468;NA;-1;2046
29;55;0;16;0;468;NA;-1;2047
55;29;0;0;17;468;NA;-1;2047
29;56;0;16;0;468;NA;-1;2048
56;29;0;0;17;468;NA;-1;2048
29;58;0;16;0;468;NA;-1;2049
58;29;0;0;17;468;NA;-1;2049
29;59;0;16;0;468;NA;-1;2050
59;29;0;0;17;468;NA;-1;2050
29;60;0;16;0;468;NA;-1;2051
60;29;0;0;17;468;NA;-1;2051
29;61;0;16;0;468;NA;-1;2052
61;29;0;0;17;468;NA;-1;2052
29;62;0;16;0;468;NA;-1;2053
62;29;0;0;17;468;NA;-1;2053
29;63;0;16;0;468;NA;-1;2054
63;29;0;0;17;468;NA;-1;2054
29;64;0;16;0;468;NA;-1;2055
64;29;0;0;17;468;NA;-1;2055
29;65;0;16;0;468;NA;-1;2056
65;29;0;0;17;468;NA;-1;2056
29;66;0;16;0;468;NA;-1;2057
66;29;0;0;17;468;NA;-1;2057
29;68;0;16;0;468;NA;-1;2058
68;29;0;0;17;468;NA;-1;2058
29;69;0;16;0;468;NA;-1;2059
69;29;0;0;17;468;NA;-1;2059
29;70;0;16;0;468;NA;-1;2060
70;29;0;0;17;468;NA;-1;2060
29;71;0;16;0;468;NA;-1;2061
71;29;0;0;17;468;NA;-1;2061
29;72;0;16;0;468;NA;-1;2062
72;29;0;0;17;468;NA;-1;2062
29;73;0;16;0;468;NA;-1;2063
73;29;0;0;17;468;NA;-1;2063
29;74;0;16;0;468;NA;-1;2064
74;29;0;0;17;468;NA;-1;2064
29;75;0;16;0;468;NA;-1;2065
75;29;0;0;17;468;NA;-1;2065
29;77;0;16;0;468;NA;-1;2066
77;29;0;0;17;468;NA;-1;2066
29;78;0;16;0;468;NA;-1;2067
78;29;0;0;17;468;NA;-1;2067
29;79;0;16;0;468;NA;-1;2068
79;29;0;0;17;468;NA;-1;2068
29;80;0;16;0;468;NA;-1;2069
80;29;0;0;17;468;NA;-1;2069
29;81;0;16;0;468;NA;-1;2070
81;29;0;0;17;468;NA;-1;2070
29;82;0;16;0;468;NA;-1;2071
82;29;0;0;17;468;NA;-1;2071
29;84;0;16;0;468;NA;-1;2072
84;29;0;0;17;468;NA;-1;2072
29;85;0;16;0;468;NA;-1;2073
85;29;0;0;17;468;NA;-1;2073
29;86;0;16;0;468;NA;-1;2074
86;29;0;0;17;468;NA;-1;2074
29;87;0;16;0;468;NA;-1;2075
87;29;0;0;17;468;NA;-1;2075
29;88;0;16;0;468;NA;-1;2076
88;29;0;0;17;468;NA;-1;2076
29;90;0;16;0;468;NA;-1;2077
90;29;0;0;17;468;NA;-1;2077
29;91;0;16;0;468;NA;-1;2078
91;29;0;0;17;468;NA;-1;2078
29;92;0;16;0;468;NA;-1;2079
92;29;0;0;17;468;NA;-1;2079
29;93;0;16;0;468;NA;-1;2080
93;29;0;0;17;468;NA;-1;2080
29;94;0;16;0;468;NA;-1;2081
94;29;0;0;17;468;NA;-1;2081
29;95;0;16;0;468;NA;-1;2082
95;29;0;0;17;468;NA;-1;2082
29;96;0;16;0;468;NA;-1;2083
96;29;0;0;17;468;NA;-1;2083
29;97;0;16;0;468;NA;-1;2084
97;29;0;0;17;468;NA;-1;2084
29;98;0;16;0;468;NA;-1;2085
98;29;0;0;17;468;NA;-1;2085
29;99;0;16;0;468;NA;-1;2086
99;29;0;0;17;468;NA;-1;2086
30;30;0;0;0;468;NA;-0.5;2087
30;31;0;0;0;468;NA;-1;2088
31;30;0;0;0;468;NA;-1;2088
30;32;0;0;14;468;NA;-1;2089
32;30;0;7;0;468;NA;-1;2089
30;33;0;0;0;468;NA;-1;2090
33;30;0;0;0;468;NA;-1;2090
30;35;0;0;0;468;NA;-1;2091
35;30;0;0;0;468;NA;-1;2091
30;36;0;0;0;468;NA;-1;2092
36;30;0;0;0;468;NA;-1;2092
30;37;0;0;0;468;NA;-1;2093
37;30;0;0;0;468;NA;-1;2093
30;38;0;0;0;468;NA;-1;2094
38;30;0;0;0;468;NA;-1;2094
30;39;0;0;0;468;NA;-1;2095
39;30;0;0;0;468;NA;-1;2095
30;41;0;0;0;468;NA;-1;2096
41;30;0;0;0;468;NA;-1;2096
30;42;0;0;0;468;NA;-1;2097
42;30;0;0;0;468;NA;-1;2097
30;43;0;0;8;468;NA;-1;2098
43;30;0;0;0;468;NA;-1;2098
30;45;0;0;0;468;NA;-1;2099
45;30;0;0;0;468;NA;-1;2099
30;46;0;0;0;468;NA;-1;2100
46;30;0;0;0;468;NA;-1;2100
30;47;0;0;0;468;NA;-1;2101
47;30;0;0;0;468;NA;-1;2101
30;49;0;0;0;468;NA;-1;2102
49;30;0;0;0;468;NA;-1;2102
30;50;0;0;0;468;NA;-1;2103
50;30;0;0;0;468;NA;-1;2103
30;51;0;0;0;468;NA;-1;2104
51;30;0;0;0;468;NA;-1;2104
30;52;0;0;0;468;NA;-1;2105
52;30;0;0;0;468;NA;-1;2105
30;53;0;0;0;468;NA;-1;2106
53;30;0;0;0;468;NA;-1;2106
30;55;0;0;0;468;NA;-1;2107
55;30;0;0;0;468;NA;-1;2107
30;56;0;0;0;468;NA;-1;2108
56;30;0;0;0;468;NA;-1;2108
30;58;0;0;0;468;NA;-1;2109
58;30;0;0;0;468;NA;-1;2109
30;59;0;0;0;468;NA;-1;2110
59;30;0;0;0;468;NA;-1;2110
30;60;0;0;0;468;NA;-1;2111
60;30;0;0;0;468;NA;-1;2111
30;61;0;0;0;468;NA;-1;2112
61;30;0;0;0;468;NA;-1;2112
30;62;0;0;0;468;NA;-1;2113
62;30;0;0;0;468;NA;-1;2113
30;63;0;0;0;468;NA;-1;2114
63;30;0;0;0;468;NA;-1;2114
30;64;0;0;0;468;NA;-1;2115
64;30;0;0;0;468;NA;-1;2115
30;65;0;0;0;468;NA;-1;2116
65;30;0;0;0;468;NA;-1;2116
30;66;0;0;0;468;NA;-1;2117
66;30;0;0;0;468;NA;-1;2117
30;68;0;0;0;468;NA;-1;2118
68;30;0;0;0;468;NA;-1;2118
30;69;0;0;0;468;NA;-1;2119
69;30;0;0;0;468;NA;-1;2119
30;70;0;0;0;468;NA;-1;2120
70;30;0;0;0;468;NA;-1;2120
30;71;0;0;0;468;NA;-1;2121
71;30;0;0;0;468;NA;-1;2121
30;72;0;0;0;468;NA;-1;2122
72;30;0;0;0;468;NA;-1;2122
30;73;0;0;0;468;NA;-1;2123
73;30;0;0;0;468;NA;-1;2123
30;74;0;0;0;468;NA;-1;2124
74;30;0;0;0;468;NA;-1;2124
30;75;0;0;0;468;NA;-1;2125
75;30;0;0;0;468;NA;-1;2125
30;77;0;0;0;468;NA;-1;2126
77;30;0;0;0;468;NA;-1;2126
30;78;0;0;0;468;NA;-1;2127
78;30;0;0;0;468;NA;-1;2127
30;79;0;0;0;468;NA;-1;2128
79;30;0;0;0;468;NA;-1;2128
30;80;0;0;0;468;NA;-1;2129
80;30;0;0;0;468;NA;-1;2129
30;81;0;0;0;468;NA;-1;2130
81;30;0;0;0;468;NA;-1;2130
30;82;0;0;0;468;NA;-1;2131
82;30;0;0;0;468;NA;-1;2131
30;84;0;0;0;468;NA;-1;2132
84;30;0;0;0;468;NA;-1;2132
30;85;0;0;0;468;NA;-1;2133
85;30;0;0;0;468;NA;-1;2133
30;86;0;0;0;468;NA;-1;2134
86;30;0;0;0;468;NA;-1;2134
30;87;0;0;0;468;NA;-1;2135
87;30;0;0;0;468;NA;-1;2135
30;88;0;0;0;468;NA;-1;2136
88;30;0;0;0;468;NA;-1;2136
30;90;0;0;0;468;NA;-1;2137
90;30;0;0;0;468;NA;-1;2137
30;91;0;0;0;468;NA;-1;2138
91;30;0;0;0;468;NA;-1;2138
30;92;0;0;0;468;NA;-1;2139
92;30;0;0;0;468;NA;-1;2139
30;93;0;0;0;468;NA;-1;2140
93;30;0;0;0;468;NA;-1;2140
30;94;0;0;0;468;NA;-1;2141
94;30;0;0;0;468;NA;-1;2141
30;95;0;0;0;468;NA;-1;2142
95;30;0;0;0;468;NA;-1;2142
30;96;0;0;0;468;NA;-1;2143
96;30;0;0;0;468;NA;-1;2143
30;97;0;0;0;468;NA;-1;2144
97;30;0;0;0;468;NA;-1;2144
30;98;0;0;0;468;NA;-1;2145
98;30;0;0;0;468;NA;-1;2145
30;99;0;0;0;468;NA;-1;2146
99;30;0;0;0;468;NA;-1;2146
31;31;0;0;0;468;NA;-0.5;2147
31;32;0;0;14;468;NA;-1;2148
32;31;0;7;0;468;NA;-1;2148
31;33;0;0;0;468;NA;-1;2149
33;31;0;0;0;468;NA;-1;2149
31;35;0;0;0;468;NA;-1;2150
35;31;0;0;0;468;NA;-1;2150
31;36;0;0;0;468;NA;-1;2151
36;31;0;0;0;468;NA;-1;2151
31;37;0;0;0;468;NA;-1;2152
37;31;0;0;0;468;NA;-1;2152
31;38;0;0;0;468;NA;-1;2153
38;31;0;0;0;468;NA;-1;2153
31;39;0;0;0;468;NA;-1;2154
39;31;0;0;0;468;NA;-1;2154
31;41;0;0;0;468;NA;-1;2155
41;31;0;0;0;468;NA;-1;2155
31;42;0;0;0;468;NA;-1;2156
42;31;0;0;0;468;NA;-1;2156
31;43;0;0;8;468;NA;-1;2157
43;31;0;0;0;468;NA;-1;2157
31;45;0;0;0;468;NA;-1;2158
45;31;0;0;0;468;NA;-1;2158
31;46;0;0;0;468;NA;-1;2159
46;31;0;0;0;468;NA;-1;2159
31;47;0;0;0;468;NA;-1;2160
47;31;0;0;0;468;NA;-1;2160
31;49;0;0;0;468;NA;-1;2161
49;31;0;0;0;468;NA;-1;2161
31;50;0;0;0;468;NA;-1;2162
50;31;0;0;0;468;NA;-1;2162
31;51;0;0;0;468;NA;-1;2163
51;31;0;0;0;468;NA;-1;2163
31;52;0;0;0;468;NA;-1;2164
52;31;0;0;0;468;NA;-1;2164
31;53;0;0;0;468;NA;-1;2165
53;31;0;0;0;468;NA;-1;2165
31;55;0;0;0;468;NA;-1;2166
55;31;0;0;0;468;NA;-1;2166
31;56;0;0;0;468;NA;-1;2167
56;31;0;0;0;468;NA;-1;2167
31;58;0;0;0;468;NA;-1;2168
58;31;0;0;0;468;NA;-1;2168
31;59;0;0;0;468;NA;-1;2169
59;31;0;0;0;468;NA;-1;2169
31;60;0;0;0;468;NA;-1;2170
60;31;0;0;0;468;NA;-1;2170
31;61;0;0;0;468;NA;-1;2171
61;31;0;0;0;468;NA;-1;2171
31;62;0;0;0;468;NA;-1;2172
62;31;0;0;0;468;NA;-1;2172
31;63;0;0;0;468;NA;-1;2173
63;31;0;0;0;468;NA;-1;2173
31;64;0;0;0;468;NA;-1;2174
64;31;0;0;0;468;NA;-1;2174
31;65;0;0;0;468;NA;-1;2175
65;31;0;0;0;468;NA;-1;2175
31;66;0;0;0;468;NA;-1;2176
66;31;0;0;0;468;NA;-1;2176
31;68;0;0;0;468;NA;-1;2177
68;31;0;0;0;468;NA;-1;2177
31;69;0;0;0;468;NA;-1;2178
69;31;0;0;0;468;NA;-1;2178
31;70;0;0;0;468;NA;-1;2179
70;31;0;0;0;468;NA;-1;2179
31;71;0;0;0;468;NA;-1;2180
71;31;0;0;0;468;NA;-1;2180
31;72;0;0;0;468;NA;-1;2181
72;31;0;0;0;468;NA;-1;2181
31;73;0;0;0;468;NA;-1;2182
73;31;0;0;0;468;NA;-1;2182
31;74;0;0;0;468;NA;-1;2183
74;31;0;0;0;468;NA;-1;2183
31;75;0;0;0;468;NA;-1;2184
75;31;0;0;0;468;NA;-1;2184
31;77;0;0;0;468;NA;-1;2185
77;31;0;0;0;468;NA;-1;2185
31;78;0;0;0;468;NA;-1;2186
78;31;0;0;0;468;NA;-1;2186
31;79;0;0;0;468;NA;-1;2187
79;31;0;0;0;468;NA;-1;2187
31;80;0;0;0;468;NA;-1;2188
80;31;0;0;0;468;NA;-1;2188
31;81;0;0;0;468;NA;-1;2189
81;31;0;0;0;468;NA;-1;2189
31;82;0;0;0;468;NA;-1;2190
82;31;0;0;0;468;NA;-1;2190
31;84;0;0;0;468;NA;-1;2191
84;31;0;0;0;468;NA;-1;2191
31;85;0;0;0;468;NA;-1;2192
85;31;0;0;0;468;NA;-1;2192
31;86;0;0;0;468;NA;-1;2193
86;31;0;0;0;468;NA;-1;2193
31;87;0;0;0;468;NA;-1;2194
87;31;0;0;0;468;NA;-1;2194
31;88;0;0;0;468;NA;-1;2195
88;31;0;0;0;468;NA;-1;2195
31;90;0;0;0;468;NA;-1;2196
90;31;0;0;0;468;NA;-1;2196
31;91;0;0;0;468;NA;-1;2197
91;31;0;0;0;468;NA;-1;2197
31;92;0;0;0;468;NA;-1;2198
92;31;0;0;0;468;NA;-1;2198
31;93;0;0;0;468;NA;-1;2199
93;31;0;0;0;468;NA;-1;2199
31;94;0;0;0;468;NA;-1;2200
94;31;0;0;0;468;NA;-1;2200
31;95;0;0;0;468;NA;-1;2201
95;31;0;0;0;468;NA;-1;2201
31;96;0;0;0;468;NA;-1;2202
96;31;0;0;0;468;NA;-1;2202
31;97;0;0;0;468;NA;-1;2203
97;31;0;0;0;468;NA;-1;2203
31;98;0;0;0;468;NA;-1;2204
98;31;0;0;0;468;NA;-1;2204
31;99;0;0;0;468;NA;-1;2205
99;31;0;0;0;468;NA;-1;2205
32;32;0;7;14;468;0;-0.5;2206
32;33;0;7;0;468;NA;-1;2207
33;32;0;0;14;468;NA;-1;2207
32;35;0;7;0;468;NA;-1;2208
35;32;0;0;14;468;NA;-1;2208
32;36;0;7;0;468;NA;-1;2209
36;32;0;0;14;468;NA;-1;2209
32;37;0;7;0;468;NA;-1;2210
37;32;0;0;14;468;NA;-1;2210
32;38;0;7;0;468;NA;-1;2211
38;32;0;0;14;468;NA;-1;2211
32;39;0;7;0;468;NA;-1;2212
39;32;0;0;14;468;NA;-1;2212
32;41;0;7;0;468;NA;-1;2213
41;32;0;0;14;468;NA;-1;2213
32;42;0;7;0;468;NA;-1;2214
42;32;0;0;14;468;NA;-1;2214
32;43;0;7;8;468;0;-1;2215
43;32;0;0;14;468;NA;-1;2215
32;45;0;7;0;468;NA;-1;2216
45;32;0;0;14;468;NA;-1;2216
32;46;0;7;0;468;NA;-1;2217
46;32;0;0;14;468;NA;-1;2217
32;47;0;7;0;468;NA;-1;2218
47;32;0;0;14;468;NA;-1;2218
32;49;0;7;0;468;NA;-1;2219
49;32;0;0;14;468;NA;-1;2219
32;50;0;7;0;468;NA;-1;2220
50;32;0;0;14;468;NA;-1;2220
32;51;0;7;0;468;NA;-1;2221
51;32;0;0;14;468;NA;-1;2221
32;52;0;7;0;468;NA;-1;2222
52;32;0;0;14;468;NA;-1;2222
32;53;0;7;0;468;NA;-1;2223
53;32;0;0;14;468;NA;-1;2223
32;55;0;7;0;468;NA;-1;2224
55;32;0;0;14;468;NA;-1;2224
32;56;0;7;0;468;NA;-1;2225
56;32;0;0;14;468;NA;-1;2225
32;58;0;7;0;468;NA;-1;2226
58;32;0;0;14;468;NA;-1;2226
32;59;0;7;0;468;NA;-1;2227
59;32;0;0;14;468;NA;-1;2227
32;60;0;7;0;468;NA;-1;2228
60;32;0;0;14;468;NA;-1;2228
32;61;0;7;0;468;NA;-1;2229
61;32;0;0;14;468;NA;-1;2229
32;62;0;7;0;468;NA;-1;2230
62;32;0;0;14;468;NA;-1;2230
32;63;0;7;0;468;NA;-1;2231
63;32;0;0;14;468;NA;-1;2231
32;64;0;7;0;468;NA;-1;2232
64;32;0;0;14;468;NA;-1;2232
32;65;0;7;0;468;NA;-1;2233
65;32;0;0;14;468;NA;-1;2233
32;66;0;7;0;468;NA;-1;2234
66;32;0;0;14;468;NA;-1;2234
32;68;0;7;0;468;NA;-1;2235
68;32;0;0;14;468;NA;-1;2235
32;69;0;7;0;468;NA;-1;2236
69;32;0;0;14;468;NA;-1;2236
32;70;0;7;0;468;NA;-1;2237
70;32;0;0;14;468;NA;-1;2237
32;71;0;7;0;468;NA;-1;2238
71;32;0;0;14;468;NA;-1;2238
32;72;0;7;0;468;NA;-1;2239
72;32;0;0;14;468;NA;-1;2239
32;73;0;7;0;468;NA;-1;2240
73;32;0;0;14;468;NA;-1;2240
32;74;0;7;0;468;NA;-1;2241
74;32;0;0;14;468;NA;-1;2241
32;75;0;7;0;468;NA;-1;2242
75;32;0;0;14;468;NA;-1;2242
32;77;0;7;0;468;NA;-1;2243
77;32;0;0;14;468;NA;-1;2243
32;78;0;7;0;468;NA;-1;2244
78;32;0;0;14;468;NA;-1;2244
32;79;0;7;0;468;NA;-1;2245
79;32;0;0;14;468;NA;-1;2245
32;80;0;7;0;468;NA;-1;2246
80;32;0;0;14;468;NA;-1;2246
32;81;0;7;0;468;NA;-1;2247
81;32;0;0;14;468;NA;-1;2247
32;82;0;7;0;468;NA;-1;2248
82;32;0;0;14;468;NA;-1;2248
32;84;0;7;0;468;NA;-1;2249
84;32;0;0;14;468;NA;-1;2249
32;85;0;7;0;468;NA;-1;2250
85;32;0;0;14;468;NA;-1;2250
32;86;0;7;0;468;NA;-1;2251
86;32;0;0;14;468;NA;-1;2251
32;87;0;7;0;468;NA;-1;2252
87;32;0;0;14;468;NA;-1;2252
32;88;0;7;0;468;NA;-1;2253
88;32;0;0;14;468;NA;-1;2253
32;90;0;7;0;468;NA;-1;2254
90;32;0;0;14;468;NA;-1;2254
32;91;0;7;0;468;NA;-1;2255
91;32;0;0;14;468;NA;-1;2255
32;92;0;7;0;468;NA;-1;2256
92;32;0;0;14;468;NA;-1;2256
32;93;0;7;0;468;NA;-1;2257
93;32;0;0;14;468;NA;-1;2257
32;94;0;7;0;468;NA;-1;2258
94;32;0;0;14;468;NA;-1;2258
32;95;0;7;0;468;NA;-1;2259
95;32;0;0;14;468;NA;-1;2259
32;96;0;7;0;468;NA;-1;2260
96;32;0;0;14;468;NA;-1;2260
32;97;0;7;0;468;NA;-1;2261
97;32;0;0;14;468;NA;-1;2261
32;98;0;7;0;468;NA;-1;2262
98;32;0;0;14;468;NA;-1;2262
32;99;0;7;0;468;NA;-1;2263
99;32;0;0;14;468;NA;-1;2263
33;33;0;0;0;468;NA;-0.5;2264
33;35;0;0;0;468;NA;-1;2265
35;33;0;0;0;468;NA;-1;2265
33;36;0;0;0;468;NA;-1;2266
36;33;0;0;0;468;NA;-1;2266
33;37;0;0;0;468;NA;-1;2267
37;33;0;0;0;468;NA;-1;2267
33;38;0;0;0;468;NA;-1;2268
38;33;0;0;0;468;NA;-1;2268
33;39;0;0;0;468;NA;-1;2269
39;33;0;0;0;468;NA;-1;2269
33;41;0;0;0;468;NA;-1;2270
41;33;0;0;0;468;NA;-1;2270
33;42;0;0;0;468;NA;-1;2271
42;33;0;0;0;468;NA;-1;2271
33;43;0;0;8;468;NA;-1;2272
43;33;0;0;0;468;NA;-1;2272
33;45;0;0;0;468;NA;-1;2273
45;33;0;0;0;468;NA;-1;2273
33;46;0;0;0;468;NA;-1;2274
46;33;0;0;0;468;NA;-1;2274
33;47;0;0;0;468;NA;-1;2275
47;33;0;0;0;468;NA;-1;2275
33;49;0;0;0;468;NA;-1;2276
49;33;0;0;0;468;NA;-1;2276
33;50;0;0;0;468;NA;-1;2277
50;33;0;0;0;468;NA;-1;2277
33;51;0;0;0;468;NA;-1;2278
51;33;0;0;0;468;NA;-1;2278
33;52;0;0;0;468;NA;-1;2279
52;33;0;0;0;468;NA;-1;2279
33;53;0;0;0;468;NA;-1;2280
53;33;0;0;0;468;NA;-1;2280
33;55;0;0;0;468;NA;-1;2281
55;33;0;0;0;468;NA;-1;2281
33;56;0;0;0;468;NA;-1;2282
56;33;0;0;0;468;NA;-1;2282
33;58;0;0;0;468;NA;-1;2283
58;33;0;0;0;468;NA;-1;2283
33;59;0;0;0;468;NA;-1;2284
59;33;0;0;0;468;NA;-1;2284
33;60;0;0;0;468;NA;-1;2285
60;33;0;0;0;468;NA;-1;2285
33;61;0;0;0;468;NA;-1;2286
61;33;0;0;0;468;NA;-1;2286
33;62;0;0;0;468;NA;-1;2287
62;33;0;0;0;468;NA;-1;2287
33;63;0;0;0;468;NA;-1;2288
63;33;0;0;0;468;NA;-1;2288
33;64;0;0;0;468;NA;-1;2289
64;33;0;0;0;468;NA;-1;2289
33;65;0;0;0;468;NA;-1;2290
65;33;0;0;0;468;NA;-1;2290
33;66;0;0;0;468;NA;-1;2291
66;33;0;0;0;468;NA;-1;2291
33;68;0;0;0;468;NA;-1;2292
68;33;0;0;0;468;NA;-1;2292
33;69;0;0;0;468;NA;-1;2293
69;33;0;0;0;468;NA;-1;2293
33;70;0;0;0;468;NA;-1;2294
70;33;0;0;0;468;NA;-1;2294
33;71;0;0;0;468;NA;-1;2295
71;33;0;0;0;468;NA;-1;2295
33;72;0;0;0;468;NA;-1;2296
72;33;0;0;0;468;NA;-1;2296
33;73;0;0;0;468;NA;-1;2297
73;33;0;0;0;468;NA;-1;2297
33;74;0;0;0;468;NA;-1;2298
74;33;0;0;0;468;NA;-1;2298
33;75;0;0;0;468;NA;-1;2299
75;33;0;0;0;468;NA;-1;2299
33;77;0;0;0;468;NA;-1;2300
77;33;0;0;0;468;NA;-1;2300
33;78;0;0;0;468;NA;-1;2301
78;33;0;0;0;468;NA;-1;2301
33;79;0;0;0;468;NA;-1;2302
79;33;0;0;0;468;NA;-1;2302
33;80;0;0;0;468;NA;-1;2303
80;33;0;0;0;468;NA;-1;2303
33;81;0;0;0;468;NA;-1;2304
81;33;0;0;0;468;NA;-1;2304
33;82;0;0;0;468;NA;-1;2305
82;33;0;0;0;468;NA;-1;2305
33;84;0;0;0;468;NA;-1;2306
84;33;0;0;0;468;NA;-1;2306
33;85;0;0;0;468;NA;-1;2307
85;33;0;0;0;468;NA;-1;2307
33;86;0;0;0;468;NA;-1;2308
86;33;0;0;0;468;NA;-1;2308
33;87;0;0;0;468;NA;-1;2309
87;33;0;0;0;468;NA;-1;2309
33;88;0;0;0;468;NA;-1;2310
88;33;0;0;0;468;NA;-1;2310
33;90;0;0;0;468;NA;-1;2311
90;33;0;0;0;468;NA;-1;2311
33;91;0;0;0;468;NA;-1;2312
91;33;0;0;0;468;NA;-1;2312
33;92;0;0;0;468;NA;-1;2313
92;33;0;0;0;468;NA;-1;2313
33;93;0;0;0;468;NA;-1;2314
93;33;0;0;0;468;NA;-1;2314
33;94;0;0;0;468;NA;-1;2315
94;33;0;0;0;468;NA;-1;2315
33;95;0;0;0;468;NA;-1;2316
95;33;0;0;0;468;NA;-1;2316
33;96;0;0;0;468;NA;-1;2317
96;33;0;0;0;468;NA;-1;2317
33;97;0;0;0;468;NA;-1;2318
97;33;0;0;0;468;NA;-1;2318
33;98;0;0;0;468;NA;-1;2319
98;33;0;0;0;468;NA;-1;2319
33;99;0;0;0;468;NA;-1;2320
99;33;0;0;0;468;NA;-1;2320
35;35;0;0;0;468;NA;-0.5;2321
35;36;0;0;0;468;NA;-1;2322
36;35;0;0;0;468;NA;-1;2322
35;37;0;0;0;468;NA;-1;2323
37;35;0;0;0;468;NA;-1;2323
35;38;0;0;0;468;NA;-1;2324
38;35;0;0;0;468;NA;-1;2324
35;39;0;0;0;468;NA;-1;2325
39;35;0;0;0;468;NA;-1;2325
35;41;0;0;0;468;NA;-1;2326
41;35;0;0;0;468;NA;-1;2326
35;42;0;0;0;468;NA;-1;2327
42;35;0;0;0;468;NA;-1;2327
35;43;0;0;8;468;NA;-1;2328
43;35;0;0;0;468;NA;-1;2328
35;45;0;0;0;468;NA;-1;2329
45;35;0;0;0;468;NA;-1;2329
35;46;0;0;0;468;NA;-1;2330
46;35;0;0;0;468;NA;-1;2330
35;47;0;0;0;468;NA;-1;2331
47;35;0;0;0;468;NA;-1;2331
35;49;0;0;0;468;NA;-1;2332
49;35;0;0;0;468;NA;-1;2332
35;50;0;0;0;468;NA;-1;2333
50;35;0;0;0;468;NA;-1;2333
35;51;0;0;0;468;NA;-1;2334
51;35;0;0;0;468;NA;-1;2334
35;52;0;0;0;468;NA;-1;2335
52;35;0;0;0;468;NA;-1;2335
35;53;0;0;0;468;NA;-1;2336
53;35;0;0;0;468;NA;-1;2336
35;55;0;0;0;468;NA;-1;2337
55;35;0;0;0;468;NA;-1;2337
35;56;0;0;0;468;NA;-1;2338
56;35;0;0;0;468;NA;-1;2338
35;58;0;0;0;468;NA;-1;2339
58;35;0;0;0;468;NA;-1;2339
35;59;0;0;0;468;NA;-1;2340
59;35;0;0;0;468;NA;-1;2340
35;60;0;0;0;468;NA;-1;2341
60;35;0;0;0;468;NA;-1;2341
35;61;0;0;0;468;NA;-1;2342
61;35;0;0;0;468;NA;-1;2342
35;62;0;0;0;468;NA;-1;2343
62;35;0;0;0;468;NA;-1;2343
35;63;0;0;0;468;NA;-1;2344
63;35;0;0;0;468;NA;-1;2344
35;64;0;0;0;468;NA;-1;2345
64;35;0;0;0;468;NA;-1;2345
35;65;0;0;0;468;NA;-1;2346
65;35;0;0;0;468;NA;-1;2346
35;66;0;0;0;468;NA;-1;2347
66;35;0;0;0;468;NA;-1;2347
35;68;0;0;0;468;NA;-1;2348
68;35;0;0;0;468;NA;-1;2348
35;69;0;0;0;468;NA;-1;2349
69;35;0;0;0;468;NA;-1;2349
35;70;0;0;0;468;NA;-1;2350
70;35;0;0;0;468;NA;-1;2350
35;71;0;0;0;468;NA;-1;2351
71;35;0;0;0;468;NA;-1;2351
35;72;0;0;0;468;NA;-1;2352
72;35;0;0;0;468;NA;-1;2352
35;73;0;0;0;468;NA;-1;2353
73;35;0;0;0;468;NA;-1;2353
35;74;0;0;0;468;NA;-1;2354
74;35;0;0;0;468;NA;-1;2354
35;75;0;0;0;468;NA;-1;2355
75;35;0;0;0;468;NA;-1;2355
35;77;0;0;0;468;NA;-1;2356
77;35;0;0;0;468;NA;-1;2356
35;78;0;0;0;468;NA;-1;2357
78;35;0;0;0;468;NA;-1;2357
35;79;0;0;0;468;NA;-1;2358
79;35;0;0;0;468;NA;-1;2358
35;80;0;0;0;468;NA;-1;2359
80;35;0;0;0;468;NA;-1;2359
35;81;0;0;0;468;NA;-1;2360
81;35;0;0;0;468;NA;-1;2360
35;82;0;0;0;468;NA;-1;2361
82;35;0;0;0;468;NA;-1;2361
35;84;0;0;0;468;NA;-1;2362
84;35;0;0;0;468;NA;-1;2362
35;85;0;0;0;468;NA;-1;2363
85;35;0;0;0;468;NA;-1;2363
35;86;0;0;0;468;NA;-1;2364
86;35;0;0;0;468;NA;-1;2364
35;87;0;0;0;468;NA;-1;2365
87;35;0;0;0;468;NA;-1;2365
35;88;0;0;0;468;NA;-1;2366
88;35;0;0;0;468;NA;-1;2366
35;90;0;0;0;468;NA;-1;2367
90;35;0;0;0;468;NA;-1;2367
35;91;0;0;0;468;NA;-1;2368
91;35;0;0;0;468;NA;-1;2368
35;92;0;0;0;468;NA;-1;2369
92;35;0;0;0;468;NA;-1;2369
35;93;0;0;0;468;NA;-1;2370
93;35;0;0;0;468;NA;-1;2370
35;94;0;0;0;468;NA;-1;2371
94;35;0;0;0;468;NA;-1;2371
35;95;0;0;0;468;NA;-1;2372
95;35;0;0;0;468;NA;-1;2372
35;96;0;0;0;468;NA;-1;2373
96;35;0;0;0;468;NA;-1;2373
35;97;0;0;0;468;NA;-1;2374
97;35;0;0;0;468;NA;-1;2374
35;98;0;0;0;468;NA;-1;2375
98;35;0;0;0;468;NA;-1;2375
35;99;0;0;0;468;NA;-1;2376
99;35;0;0;0;468;NA;-1;2376
36;36;0;0;0;468;NA;-0.5;2377
36;37;0;0;0;468;NA;-1;2378
37;36;0;0;0;468;NA;-1;2378
36;38;0;0;0;468;NA;-1;2379
38;36;0;0;0;468;NA;-1;2379
36;39;0;0;0;468;NA;-1;2380
39;36;0;0;0;468;NA;-1;2380
36;41;0;0;0;468;NA;-1;2381
41;36;0;0;0;468;NA;-1;2381
36;42;0;0;0;468;NA;-1;2382
42;36;0;0;0;468;NA;-1;2382
36;43;0;0;8;468;NA;-1;2383
43;36;0;0;0;468;NA;-1;2383
36;45;0;0;0;468;NA;-1;2384
45;36;0;0;0;468;NA;-1;2384
36;46;0;0;0;468;NA;-1;2385
46;36;0;0;0;468;NA;-1;2385
36;47;0;0;0;468;NA;-1;2386
47;36;0;0;0;468;NA;-1;2386
36;49;0;0;0;468;NA;-1;2387
49;36;0;0;0;468;NA;-1;2387
36;50;0;0;0;468;NA;-1;2388
50;36;0;0;0;468;NA;-1;2388
36;51;0;0;0;468;NA;-1;2389
51;36;0;0;0;468;NA;-1;2389
36;52;0;0;0;468;NA;-1;2390
52;36;0;0;0;468;NA;-1;2390
36;53;0;0;0;468;NA;-1;2391
53;36;0;0;0;468;NA;-1;2391
36;55;0;0;0;468;NA;-1;2392
55;36;0;0;0;468;NA;-1;2392
36;56;0;0;0;468;NA;-1;2393
56;36;0;0;0;468;NA;-1;2393
36;58;0;0;0;468;NA;-1;2394
58;36;0;0;0;468;NA;-1;2394
36;59;0;0;0;468;NA;-1;2395
59;36;0;0;0;468;NA;-1;2395
36;60;0;0;0;468;NA;-1;2396
60;36;0;0;0;468;NA;-1;2396
36;61;0;0;0;468;NA;-1;2397
61;36;0;0;0;468;NA;-1;2397
36;62;0;0;0;468;NA;-1;2398
62;36;0;0;0;468;NA;-1;2398
36;63;0;0;0;468;NA;-1;2399
63;36;0;0;0;468;NA;-1;2399
36;64;0;0;0;468;NA;-1;2400
64;36;0;0;0;468;NA;-1;2400
36;65;0;0;0;468;NA;-1;2401
65;36;0;0;0;468;NA;-1;2401
36;66;0;0;0;468;NA;-1;2402
66;36;0;0;0;468;NA;-1;2402
36;68;0;0;0;468;NA;-1;2403
68;36;0;0;0;468;NA;-1;2403
36;69;0;0;0;468;NA;-1;2404
69;36;0;0;0;468;NA;-1;2404
36;70;0;0;0;468;NA;-1;2405
70;36;0;0;0;468;NA;-1;2405
36;71;0;0;0;468;NA;-1;2406
71;36;0;0;0;468;NA;-1;2406
36;72;0;0;0;468;NA;-1;2407
72;36;0;0;0;468;NA;-1;2407
36;73;0;0;0;468;NA;-1;2408
73;36;0;0;0;468;NA;-1;2408
36;74;0;0;0;468;NA;-1;2409
74;36;0;0;0;468;NA;-1;2409
36;75;0;0;0;468;NA;-1;2410
75;36;0;0;0;468;NA;-1;2410
36;77;0;0;0;468;NA;-1;2411
77;36;0;0;0;468;NA;-1;2411
36;78;0;0;0;468;NA;-1;2412
78;36;0;0;0;468;NA;-1;2412
36;79;0;0;0;468;NA;-1;2413
79;36;0;0;0;468;NA;-1;2413
36;80;0;0;0;468;NA;-1;2414
80;36;0;0;0;468;NA;-1;2414
36;81;0;0;0;468;NA;-1;2415
81;36;0;0;0;468;NA;-1;2415
36;82;0;0;0;468;NA;-1;2416
82;36;0;0;0;468;NA;-1;2416
36;84;0;0;0;468;NA;-1;2417
84;36;0;0;0;468;NA;-1;2417
36;85;0;0;0;468;NA;-1;2418
85;36;0;0;0;468;NA;-1;2418
36;86;0;0;0;468;NA;-1;2419
86;36;0;0;0;468;NA;-1;2419
36;87;0;0;0;468;NA;-1;2420
87;36;0;0;0;468;NA;-1;2420
36;88;0;0;0;468;NA;-1;2421
88;36;0;0;0;468;NA;-1;2421
36;90;0;0;0;468;NA;-1;2422
90;36;0;0;0;468;NA;-1;2422
36;91;0;0;0;468;NA;-1;2423
91;36;0;0;0;468;NA;-1;2423
36;92;0;0;0;468;NA;-1;2424
92;36;0;0;0;468;NA;-1;2424
36;93;0;0;0;468;NA;-1;2425
93;36;0;0;0;468;NA;-1;2425
36;94;0;0;0;468;NA;-1;2426
94;36;0;0;0;468;NA;-1;2426
36;95;0;0;0;468;NA;-1;2427
95;36;0;0;0;468;NA;-1;2427
36;96;0;0;0;468;NA;-1;2428
96;36;0;0;0;468;NA;-1;2428
36;97;0;0;0;468;NA;-1;2429
97;36;0;0;0;468;NA;-1;2429
36;98;0;0;0;468;NA;-1;2430
98;36;0;0;0;468;NA;-1;2430
36;99;0;0;0;468;NA;-1;2431
99;36;0;0;0;468;NA;-1;2431
37;37;0;0;0;468;NA;-0.5;2432
37;38;0;0;0;468;NA;-1;2433
38;37;0;0;0;468;NA;-1;2433
37;39;0;0;0;468;NA;-1;2434
39;37;0;0;0;468;NA;-1;2434
37;41;0;0;0;468;NA;-1;2435
41;37;0;0;0;468;NA;-1;2435
37;42;0;0;0;468;NA;-1;2436
42;37;0;0;0;468;NA;-1;2436
37;43;0;0;8;468;NA;-1;2437
43;37;0;0;0;468;NA;-1;2437
37;45;0;0;0;468;NA;-1;2438
45;37;0;0;0;468;NA;-1;2438
37;46;0;0;0;468;NA;-1;2439
46;37;0;0;0;468;NA;-1;2439
37;47;0;0;0;468;NA;-1;2440
47;37;0;0;0;468;NA;-1;2440
37;49;0;0;0;468;NA;-1;2441
49;37;0;0;0;468;NA;-1;2441
37;50;0;0;0;468;NA;-1;2442
50;37;0;0;0;468;NA;-1;2442
37;51;0;0;0;468;NA;-1;2443
51;37;0;0;0;468;NA;-1;2443
37;52;0;0;0;468;NA;-1;2444
52;37;0;0;0;468;NA;-1;2444
37;53;0;0;0;468;NA;-1;2445
53;37;0;0;0;468;NA;-1;2445
37;55;0;0;0;468;NA;-1;2446
55;37;0;0;0;468;NA;-1;2446
37;56;0;0;0;468;NA;-1;2447
56;37;0;0;0;468;NA;-1;2447
37;58;0;0;0;468;NA;-1;2448
58;37;0;0;0;468;NA;-1;2448
37;59;0;0;0;468;NA;-1;2449
59;37;0;0;0;468;NA;-1;2449
37;60;0;0;0;468;NA;-1;2450
60;37;0;0;0;468;NA;-1;2450
37;61;0;0;0;468;NA;-1;2451
61;37;0;0;0;468;NA;-1;2451
37;62;0;0;0;468;NA;-1;2452
62;37;0;0;0;468;NA;-1;2452
37;63;0;0;0;468;NA;-1;2453
63;37;0;0;0;468;NA;-1;2453
37;64;0;0;0;468;NA;-1;2454
64;37;0;0;0;468;NA;-1;2454
37;65;0;0;0;468;NA;-1;2455
65;37;0;0;0;468;NA;-1;2455
37;66;0;0;0;468;NA;-1;2456
66;37;0;0;0;468;NA;-1;2456
37;68;0;0;0;468;NA;-1;2457
68;37;0;0;0;468;NA;-1;2457
37;69;0;0;0;468;NA;-1;2458
69;37;0;0;0;468;NA;-1;2458
37;70;0;0;0;468;NA;-1;2459
70;37;0;0;0;468;NA;-1;2459
37;71;0;0;0;468;NA;-1;2460
71;37;0;0;0;468;NA;-1;2460
37;72;0;0;0;468;NA;-1;2461
72;37;0;0;0;468;NA;-1;2461
37;73;0;0;0;468;NA;-1;2462
73;37;0;0;0;468;NA;-1;2462
37;74;0;0;0;468;NA;-1;2463
74;37;0;0;0;468;NA;-1;2463
37;75;0;0;0;468;NA;-1;2464
75;37;0;0;0;468;NA;-1;2464
37;77;0;0;0;468;NA;-1;2465
77;37;0;0;0;468;NA;-1;2465
37;78;0;0;0;468;NA;-1;2466
78;37;0;0;0;468;NA;-1;2466
37;79;0;0;0;468;NA;-1;2467
79;37;0;0;0;468;NA;-1;2467
37;80;0;0;0;468;NA;-1;2468
80;37;0;0;0;468;NA;-1;2468
37;81;0;0;0;468;NA;-1;2469
81;37;0;0;0;468;NA;-1;2469
37;82;0;0;0;468;NA;-1;2470
82;37;0;0;0;468;NA;-1;2470
37;84;0;0;0;468;NA;-1;2471
84;37;0;0;0;468;NA;-1;2471
37;85;0;0;0;468;NA;-1;2472
85;37;0;0;0;468;NA;-1;2472
37;86;0;0;0;468;NA;-1;2473
86;37;0;0;0;468;NA;-1;2473
37;87;0;0;0;468;NA;-1;2474
87;37;0;0;0;468;NA;-1;2474
37;88;0;0;0;468;NA;-1;2475
88;37;0;0;0;468;NA;-1;2475
37;90;0;0;0;468;NA;-1;2476
90;37;0;0;0;468;NA;-1;2476
37;91;0;0;0;468;NA;-1;2477
91;37;0;0;0;468;NA;-1;2477
37;92;0;0;0;468;NA;-1;2478
92;37;0;0;0;468;NA;-1;2478
37;93;0;0;0;468;NA;-1;2479
93;37;0;0;0;468;NA;-1;2479
37;94;0;0;0;468;NA;-1;2480
94;37;0;0;0;468;NA;-1;2480
37;95;0;0;0;468;NA;-1;2481
95;37;0;0;0;468;NA;-1;2481
37;96;0;0;0;468;NA;-1;2482
96;37;0;0;0;468;NA;-1;2482
37;97;0;0;0;468;NA;-1;2483
97;37;0;0;0;468;NA;-1;2483
37;98;0;0;0;468;NA;-1;2484
98;37;0;0;0;468;NA;-1;2484
37;99;0;0;0;468;NA;-1;2485
99;37;0;0;0;468;NA;-1;2485
38;38;0;0;0;468;NA;-0.5;2486
38;39;0;0;0;468;NA;-1;2487
39;38;0;0;0;468;NA;-1;2487
38;41;0;0;0;468;NA;-1;2488
41;38;0;0;0;468;NA;-1;2488
38;42;0;0;0;468;NA;-1;2489
42;38;0;0;0;468;NA;-1;2489
38;43;0;0;8;468;NA;-1;2490
43;38;0;0;0;468;NA;-1;2490
38;45;0;0;0;468;NA;-1;2491
45;38;0;0;0;468;NA;-1;2491
38;46;0;0;0;468;NA;-1;2492
46;38;0;0;0;468;NA;-1;2492
38;47;0;0;0;468;NA;-1;2493
47;38;0;0;0;468;NA;-1;2493
38;49;0;0;0;468;NA;-1;2494
49;38;0;0;0;468;NA;-1;2494
38;50;0;0;0;468;NA;-1;2495
50;38;0;0;0;468;NA;-1;2495
38;51;0;0;0;468;NA;-1;2496
51;38;0;0;0;468;NA;-1;2496
38;52;0;0;0;468;NA;-1;2497
52;38;0;0;0;468;NA;-1;2497
38;53;0;0;0;468;NA;-1;2498
53;38;0;0;0;468;NA;-1;2498
38;55;0;0;0;468;NA;-1;2499
55;38;0;0;0;468;NA;-1;2499
38;56;0;0;0;468;NA;-1;2500
56;38;0;0;0;468;NA;-1;2500
38;58;0;0;0;468;NA;-1;2501
58;38;0;0;0;468;NA;-1;2501
38;59;0;0;0;468;NA;-1;2502
59;38;0;0;0;468;NA;-1;2502
38;60;0;0;0;468;NA;-1;2503
60;38;0;0;0;468;NA;-1;2503
38;61;0;0;0;468;NA;-1;2504
61;38;0;0;0;468;NA;-1;2504
38;62;0;0;0;468;NA;-1;2505
62;38;0;0;0;468;NA;-1;2505
38;63;0;0;0;468;NA;-1;2506
63;38;0;0;0;468;NA;-1;2506
38;64;0;0;0;468;NA;-1;2507
64;38;0;0;0;468;NA;-1;2507
38;65;0;0;0;468;NA;-1;2508
65;38;0;0;0;468;NA;-1;2508
38;66;0;0;0;468;NA;-1;2509
66;38;0;0;0;468;NA;-1;2509
38;68;0;0;0;468;NA;-1;2510
68;38;0;0;0;468;NA;-1;2510
38;69;0;0;0;468;NA;-1;2511
69;38;0;0;0;468;NA;-1;2511
38;70;0;0;0;468;NA;-1;2512
70;38;0;0;0;468;NA;-1;2512
38;71;0;0;0;468;NA;-1;2513
71;38;0;0;0;468;NA;-1;2513
38;72;0;0;0;468;NA;-1;2514
72;38;0;0;0;468;NA;-1;2514
38;73;0;0;0;468;NA;-1;2515
73;38;0;0;0;468;NA;-1;2515
38;74;0;0;0;468;NA;-1;2516
74;38;0;0;0;468;NA;-1;2516
38;75;0;0;0;468;NA;-1;2517
75;38;0;0;0;468;NA;-1;2517
38;77;0;0;0;468;NA;-1;2518
77;38;0;0;0;468;NA;-1;2518
38;78;0;0;0;468;NA;-1;2519
78;38;0;0;0;468;NA;-1;2519
38;79;0;0;0;468;NA;-1;2520
79;38;0;0;0;468;NA;-1;2520
38;80;0;0;0;468;NA;-1;2521
80;38;0;0;0;468;NA;-1;2521
38;81;0;0;0;468;NA;-1;2522
81;38;0;0;0;468;NA;-1;2522
38;82;0;0;0;468;NA;-1;2523
82;38;0;0;0;468;NA;-1;2523
38;84;0;0;0;468;NA;-1;2524
84;38;0;0;0;468;NA;-1;2524
38;85;0;0;0;468;NA;-1;2525
85;38;0;0;0;468;NA;-1;2525
38;86;0;0;0;468;NA;-1;2526
86;38;0;0;0;468;NA;-1;2526
38;87;0;0;0;468;NA;-1;2527
87;38;0;0;0;468;NA;-1;2527
38;88;0;0;0;468;NA;-1;2528
88;38;0;0;0;468;NA;-1;2528
38;90;0;0;0;468;NA;-1;2529
90;38;0;0;0;468;NA;-1;2529
38;91;0;0;0;468;NA;-1;2530
91;38;0;0;0;468;NA;-1;2530
38;92;0;0;0;468;NA;-1;2531
92;38;0;0;0;468;NA;-1;2531
38;93;0;0;0;468;NA;-1;2532
93;38;0;0;0;468;NA;-1;2532
38;94;0;0;0;468;NA;-1;2533
94;38;0;0;0;468;NA;-1;2533
38;95;0;0;0;468;NA;-1;2534
95;38;0;0;0;468;NA;-1;2534
38;96;0;0;0;468;NA;-1;2535
96;38;0;0;0;468;NA;-1;2535
38;97;0;0;0;468;NA;-1;2536
97;38;0;0;0;468;NA;-1;2536
38;98;0;0;0;468;NA;-1;2537
98;38;0;0;0;468;NA;-1;2537
38;99;0;0;0;468;NA;-1;2538
99;38;0;0;0;468;NA;-1;2538
39;39;0;0;0;468;NA;-0.5;2539
39;41;0;0;0;468;NA;-1;2540
41;39;0;0;0;468;NA;-1;2540
39;42;0;0;0;468;NA;-1;2541
42;39;0;0;0;468;NA;-1;2541
39;43;0;0;8;468;NA;-1;2542
43;39;0;0;0;468;NA;-1;2542
39;45;0;0;0;468;NA;-1;2543
45;39;0;0;0;468;NA;-1;2543
39;46;0;0;0;468;NA;-1;2544
46;39;0;0;0;468;NA;-1;2544
39;47;0;0;0;468;NA;-1;2545
47;39;0;0;0;468;NA;-1;2545
39;49;0;0;0;468;NA;-1;2546
49;39;0;0;0;468;NA;-1;2546
39;50;0;0;0;468;NA;-1;2547
50;39;0;0;0;468;NA;-1;2547
39;51;0;0;0;468;NA;-1;2548
51;39;0;0;0;468;NA;-1;2548
39;52;0;0;0;468;NA;-1;2549
52;39;0;0;0;468;NA;-1;2549
39;53;0;0;0;468;NA;-1;2550
53;39;0;0;0;468;NA;-1;2550
39;55;0;0;0;468;NA;-1;2551
55;39;0;0;0;468;NA;-1;2551
39;56;0;0;0;468;NA;-1;2552
56;39;0;0;0;468;NA;-1;2552
39;58;0;0;0;468;NA;-1;2553
58;39;0;0;0;468;NA;-1;2553
39;59;0;0;0;468;NA;-1;2554
59;39;0;0;0;468;NA;-1;2554
39;60;0;0;0;468;NA;-1;2555
60;39;0;0;0;468;NA;-1;2555
39;61;0;0;0;468;NA;-1;2556
61;39;0;0;0;468;NA;-1;2556
39;62;0;0;0;468;NA;-1;2557
62;39;0;0;0;468;NA;-1;2557
39;63;0;0;0;468;NA;-1;2558
63;39;0;0;0;468;NA;-1;2558
39;64;0;0;0;468;NA;-1;2559
64;39;0;0;0;468;NA;-1;2559
39;65;0;0;0;468;NA;-1;2560
65;39;0;0;0;468;NA;-1;2560
39;66;0;0;0;468;NA;-1;2561
66;39;0;0;0;468;NA;-1;2561
39;68;0;0;0;468;NA;-1;2562
68;39;0;0;0;468;NA;-1;2562
39;69;0;0;0;468;NA;-1;2563
69;39;0;0;0;468;NA;-1;2563
39;70;0;0;0;468;NA;-1;2564
70;39;0;0;0;468;NA;-1;2564
39;71;0;0;0;468;NA;-1;2565
71;39;0;0;0;468;NA;-1;2565
39;72;0;0;0;468;NA;-1;2566
72;39;0;0;0;468;NA;-1;2566
39;73;0;0;0;468;NA;-1;2567
73;39;0;0;0;468;NA;-1;2567
39;74;0;0;0;468;NA;-1;2568
74;39;0;0;0;468;NA;-1;2568
39;75;0;0;0;468;NA;-1;2569
75;39;0;0;0;468;NA;-1;2569
39;77;0;0;0;468;NA;-1;2570
77;39;0;0;0;468;NA;-1;2570
39;78;0;0;0;468;NA;-1;2571
78;39;0;0;0;468;NA;-1;2571
39;79;0;0;0;468;NA;-1;2572
79;39;0;0;0;468;NA;-1;2572
39;80;0;0;0;468;NA;-1;2573
80;39;0;0;0;468;NA;-1;2573
39;81;0;0;0;468;NA;-1;2574
81;39;0;0;0;468;NA;-1;2574
39;82;0;0;0;468;NA;-1;2575
82;39;0;0;0;468;NA;-1;2575
39;84;0;0;0;468;NA;-1;2576
84;39;0;0;0;468;NA;-1;2576
39;85;0;0;0;468;NA;-1;2577
85;39;0;0;0;468;NA;-1;2577
39;86;0;0;0;468;NA;-1;2578
86;39;0;0;0;468;NA;-1;2578
39;87;0;0;0;468;NA;-1;2579
87;39;0;0;0;468;NA;-1;2579
39;88;0;0;0;468;NA;-1;2580
88;39;0;0;0;468;NA;-1;2580
39;90;0;0;0;468;NA;-1;2581
90;39;0;0;0;468;NA;-1;2581
39;91;0;0;0;468;NA;-1;2582
91;39;0;0;0;468;NA;-1;2582
39;92;0;0;0;468;NA;-1;2583
92;39;0;0;0;468;NA;-1;2583
39;93;0;0;0;468;NA;-1;2584
93;39;0;0;0;468;NA;-1;2584
39;94;0;0;0;468;NA;-1;2585
94;39;0;0;0;468;NA;-1;2585
39;95;0;0;0;468;NA;-1;2586
95;39;0;0;0;468;NA;-1;2586
39;96;0;0;0;468;NA;-1;2587
96;39;0;0;0;468;NA;-1;2587
39;97;0;0;0;468;NA;-1;2588
97;39;0;0;0;468;NA;-1;2588
39;98;0;0;0;468;NA;-1;2589
98;39;0;0;0;468;NA;-1;2589
39;99;0;0;0;468;NA;-1;2590
99;39;0;0;0;468;NA;-1;2590
41;41;0;0;0;468;NA;-0.5;2591
41;42;0;0;0;468;NA;-1;2592
42;41;0;0;0;468;NA;-1;2592
41;43;0;0;8;468;NA;-1;2593
43;41;0;0;0;468;NA;-1;2593
41;45;0;0;0;468;NA;-1;2594
45;41;0;0;0;468;NA;-1;2594
41;46;0;0;0;468;NA;-1;2595
46;41;0;0;0;468;NA;-1;2595
41;47;0;0;0;468;NA;-1;2596
47;41;0;0;0;468;NA;-1;2596
41;49;0;0;0;468;NA;-1;2597
49;41;0;0;0;468;NA;-1;2597
41;50;0;0;0;468;NA;-1;2598
50;41;0;0;0;468;NA;-1;2598
41;51;0;0;0;468;NA;-1;2599
51;41;0;0;0;468;NA;-1;2599
41;52;0;0;0;468;NA;-1;2600
52;41;0;0;0;468;NA;-1;2600
41;53;0;0;0;468;NA;-1;2601
53;41;0;0;0;468;NA;-1;2601
41;55;0;0;0;468;NA;-1;2602
55;41;0;0;0;468;NA;-1;2602
41;56;0;0;0;468;NA;-1;2603
56;41;0;0;0;468;NA;-1;2603
41;58;0;0;0;468;NA;-1;2604
58;41;0;0;0;468;NA;-1;2604
41;59;0;0;0;468;NA;-1;2605
59;41;0;0;0;468;NA;-1;2605
41;60;0;0;0;468;NA;-1;2606
60;41;0;0;0;468;NA;-1;2606
41;61;0;0;0;468;NA;-1;2607
61;41;0;0;0;468;NA;-1;2607
41;62;0;0;0;468;NA;-1;2608
62;41;0;0;0;468;NA;-1;2608
41;63;0;0;0;468;NA;-1;2609
63;41;0;0;0;468;NA;-1;2609
41;64;0;0;0;468;NA;-1;2610
64;41;0;0;0;468;NA;-1;2610
41;65;0;0;0;468;NA;-1;2611
65;41;0;0;0;468;NA;-1;2611
41;66;0;0;0;468;NA;-1;2612
66;41;0;0;0;468;NA;-1;2612
41;68;0;0;0;468;NA;-1;2613
68;41;0;0;0;468;NA;-1;2613
41;69;0;0;0;468;NA;-1;2614
69;41;0;0;0;468;NA;-1;2614
41;70;0;0;0;468;NA;-1;2615
70;41;0;0;0;468;NA;-1;2615
41;71;0;0;0;468;NA;-1;2616
71;41;0;0;0;468;NA;-1;2616
41;72;0;0;0;468;NA;-1;2617
72;41;0;0;0;468;NA;-1;2617
41;73;0;0;0;468;NA;-1;2618
73;41;0;0;0;468;NA;-1;2618
41;74;0;0;0;468;NA;-1;2619
74;41;0;0;0;468;NA;-1;2619
41;75;0;0;0;468;NA;-1;2620
75;41;0;0;0;468;NA;-1;2620
41;77;0;0;0;468;NA;-1;2621
77;41;0;0;0;468;NA;-1;2621
41;78;0;0;0;468;NA;-1;2622
78;41;0;0;0;468;NA;-1;2622
41;79;0;0;0;468;NA;-1;2623
79;41;0;0;0;468;NA;-1;2623
41;80;0;0;0;468;NA;-1;2624
80;41;0;0;0;468;NA;-1;2624
41;81;0;0;0;468;NA;-1;2625
81;41;0;0;0;468;NA;-1;2625
41;82;0;0;0;468;NA;-1;2626
82;41;0;0;0;468;NA;-1;2626
41;84;0;0;0;468;NA;-1;2627
84;41;0;0;0;468;NA;-1;2627
41;85;0;0;0;468;NA;-1;2628
85;41;0;0;0;468;NA;-1;2628
41;86;0;0;0;468;NA;-1;2629
86;41;0;0;0;468;NA;-1;2629
41;87;0;0;0;468;NA;-1;2630
87;41;0;0;0;468;NA;-1;2630
41;88;0;0;0;468;NA;-1;2631
88;41;0;0;0;468;NA;-1;2631
41;90;0;0;0;468;NA;-1;2632
90;41;0;0;0;468;NA;-1;2632
41;91;0;0;0;468;NA;-1;2633
91;41;0;0;0;468;NA;-1;2633
41;92;0;0;0;468;NA;-1;2634
92;41;0;0;0;468;NA;-1;2634
41;93;0;0;0;468;NA;-1;2635
93;41;0;0;0;468;NA;-1;2635
41;94;0;0;0;468;NA;-1;2636
94;41;0;0;0;468;NA;-1;2636
41;95;0;0;0;468;NA;-1;2637
95;41;0;0;0;468;NA;-1;2637
41;96;0;0;0;468;NA;-1;2638
96;41;0;0;0;468;NA;-1;2638
41;97;0;0;0;468;NA;-1;2639
97;41;0;0;0;468;NA;-1;2639
41;98;0;0;0;468;NA;-1;2640
98;41;0;0;0;468;NA;-1;2640
41;99;0;0;0;468;NA;-1;2641
99;41;0;0;0;468;NA;-1;2641
42;42;0;0;0;468;NA;-0.5;2642
42;43;0;0;8;468;NA;-1;2643
43;42;0;0;0;468;NA;-1;2643
42;45;0;0;0;468;NA;-1;2644
45;42;0;0;0;468;NA;-1;2644
42;46;0;0;0;468;NA;-1;2645
46;42;0;0;0;468;NA;-1;2645
42;47;0;0;0;468;NA;-1;2646
47;42;0;0;0;468;NA;-1;2646
42;49;0;0;0;468;NA;-1;2647
49;42;0;0;0;468;NA;-1;2647
42;50;0;0;0;468;NA;-1;2648
50;42;0;0;0;468;NA;-1;2648
42;51;0;0;0;468;NA;-1;2649
51;42;0;0;0;468;NA;-1;2649
42;52;0;0;0;468;NA;-1;2650
52;42;0;0;0;468;NA;-1;2650
42;53;0;0;0;468;NA;-1;2651
53;42;0;0;0;468;NA;-1;2651
42;55;0;0;0;468;NA;-1;2652
55;42;0;0;0;468;NA;-1;2652
42;56;0;0;0;468;NA;-1;2653
56;42;0;0;0;468;NA;-1;2653
42;58;0;0;0;468;NA;-1;2654
58;42;0;0;0;468;NA;-1;2654
42;59;0;0;0;468;NA;-1;2655
59;42;0;0;0;468;NA;-1;2655
42;60;0;0;0;468;NA;-1;2656
60;42;0;0;0;468;NA;-1;2656
42;61;0;0;0;468;NA;-1;2657
61;42;0;0;0;468;NA;-1;2657
42;62;0;0;0;468;NA;-1;2658
62;42;0;0;0;468;NA;-1;2658
42;63;0;0;0;468;NA;-1;2659
63;42;0;0;0;468;NA;-1;2659
42;64;0;0;0;468;NA;-1;2660
64;42;0;0;0;468;NA;-1;2660
42;65;0;0;0;468;NA;-1;2661
65;42;0;0;0;468;NA;-1;2661
42;66;0;0;0;468;NA;-1;2662
66;42;0;0;0;468;NA;-1;2662
42;68;0;0;0;468;NA;-1;2663
68;42;0;0;0;468;NA;-1;2663
42;69;0;0;0;468;NA;-1;2664
69;42;0;0;0;468;NA;-1;2664
42;70;0;0;0;468;NA;-1;2665
70;42;0;0;0;468;NA;-1;2665
42;71;0;0;0;468;NA;-1;2666
71;42;0;0;0;468;NA;-1;2666
42;72;0;0;0;468;NA;-1;2667
72;42;0;0;0;468;NA;-1;2667
42;73;0;0;0;468;NA;-1;2668
73;42;0;0;0;468;NA;-1;2668
42;74;0;0;0;468;NA;-1;2669
74;42;0;0;0;468;NA;-1;2669
42;75;0;0;0;468;NA;-1;2670
75;42;0;0;0;468;NA;-1;2670
42;77;0;0;0;468;NA;-1;2671
77;42;0;0;0;468;NA;-1;2671
42;78;0;0;0;468;NA;-1;2672
78;42;0;0;0;468;NA;-1;2672
42;79;0;0;0;468;NA;-1;2673
79;42;0;0;0;468;NA;-1;2673
42;80;0;0;0;468;NA;-1;2674
80;42;0;0;0;468;NA;-1;2674
42;81;0;0;0;468;NA;-1;2675
81;42;0;0;0;468;NA;-1;2675
42;82;0;0;0;468;NA;-1;2676
82;42;0;0;0;468;NA;-1;2676
42;84;0;0;0;468;NA;-1;2677
84;42;0;0;0;468;NA;-1;2677
42;85;0;0;0;468;NA;-1;2678
85;42;0;0;0;468;NA;-1;2678
42;86;0;0;0;468;NA;-1;2679
86;42;0;0;0;468;NA;-1;2679
42;87;0;0;0;468;NA;-1;2680
87;42;0;0;0;468;NA;-1;2680
42;88;0;0;0;468;NA;-1;2681
88;42;0;0;0;468;NA;-1;2681
42;90;0;0;0;468;NA;-1;2682
90;42;0;0;0;468;NA;-1;2682
42;91;0;0;0;468;NA;-1;2683
91;42;0;0;0;468;NA;-1;2683
42;92;0;0;0;468;NA;-1;2684
92;42;0;0;0;468;NA;-1;2684
42;93;0;0;0;468;NA;-1;2685
93;42;0;0;0;468;NA;-1;2685
42;94;0;0;0;468;NA;-1;2686
94;42;0;0;0;468;NA;-1;2686
42;95;0;0;0;468;NA;-1;2687
95;42;0;0;0;468;NA;-1;2687
42;96;0;0;0;468;NA;-1;2688
96;42;0;0;0;468;NA;-1;2688
42;97;0;0;0;468;NA;-1;2689
97;42;0;0;0;468;NA;-1;2689
42;98;0;0;0;468;NA;-1;2690
98;42;0;0;0;468;NA;-1;2690
42;99;0;0;0;468;NA;-1;2691
99;42;0;0;0;468;NA;-1;2691
43;43;0;0;8;468;NA;-0.5;2692
43;45;0;0;0;468;NA;-1;2693
45;43;0;0;8;468;NA;-1;2693
43;46;0;0;0;468;NA;-1;2694
46;43;0;0;8;468;NA;-1;2694
43;47;0;0;0;468;NA;-1;2695
47;43;0;0;8;468;NA;-1;2695
43;49;0;0;0;468;NA;-1;2696
49;43;0;0;8;468;NA;-1;2696
43;50;0;0;0;468;NA;-1;2697
50;43;0;0;8;468;NA;-1;2697
43;51;0;0;0;468;NA;-1;2698
51;43;0;0;8;468;NA;-1;2698
43;52;0;0;0;468;NA;-1;2699
52;43;0;0;8;468;NA;-1;2699
43;53;0;0;0;468;NA;-1;2700
53;43;0;0;8;468;NA;-1;2700
43;55;0;0;0;468;NA;-1;2701
55;43;0;0;8;468;NA;-1;2701
43;56;0;0;0;468;NA;-1;2702
56;43;0;0;8;468;NA;-1;2702
43;58;0;0;0;468;NA;-1;2703
58;43;0;0;8;468;NA;-1;2703
43;59;0;0;0;468;NA;-1;2704
59;43;0;0;8;468;NA;-1;2704
43;60;0;0;0;468;NA;-1;2705
60;43;0;0;8;468;NA;-1;2705
43;61;0;0;0;468;NA;-1;2706
61;43;0;0;8;468;NA;-1;2706
43;62;0;0;0;468;NA;-1;2707
62;43;0;0;8;468;NA;-1;2707
43;63;0;0;0;468;NA;-1;2708
63;43;0;0;8;468;NA;-1;2708
43;64;0;0;0;468;NA;-1;2709
64;43;0;0;8;468;NA;-1;2709
43;65;0;0;0;468;NA;-1;2710
65;43;0;0;8;468;NA;-1;2710
43;66;0;0;0;468;NA;-1;2711
66;43;0;0;8;468;NA;-1;2711
43;68;0;0;0;468;NA;-1;2712
68;43;0;0;8;468;NA;-1;2712
43;69;0;0;0;468;NA;-1;2713
69;43;0;0;8;468;NA;-1;2713
43;70;0;0;0;468;NA;-1;2714
70;43;0;0;8;468;NA;-1;2714
43;71;0;0;0;468;NA;-1;2715
71;43;0;0;8;468;NA;-1;2715
43;72;0;0;0;468;NA;-1;2716
72;43;0;0;8;468;NA;-1;2716
43;73;0;0;0;468;NA;-1;2717
73;43;0;0;8;468;NA;-1;2717
43;74;0;0;0;468;NA;-1;2718
74;43;0;0;8;468;NA;-1;2718
43;75;0;0;0;468;NA;-1;2719
75;43;0;0;8;468;NA;-1;2719
43;77;0;0;0;468;NA;-1;2720
77;43;0;0;8;468;NA;-1;2720
43;78;0;0;0;468;NA;-1;2721
78;43;0;0;8;468;NA;-1;2721
43;79;0;0;0;468;NA;-1;2722
79;43;0;0;8;468;NA;-1;2722
43;80;0;0;0;468;NA;-1;2723
80;43;0;0;8;468;NA;-1;2723
43;81;0;0;0;468;NA;-1;2724
81;43;0;0;8;468;NA;-1;2724
43;82;0;0;0;468;NA;-1;2725
82;43;0;0;8;468;NA;-1;2725
43;84;0;0;0;468;NA;-1;2726
84;43;0;0;8;468;NA;-1;2726
43;85;0;0;0;468;NA;-1;2727
85;43;0;0;8;468;NA;-1;2727
43;86;0;0;0;468;NA;-1;2728
86;43;0;0;8;468;NA;-1;2728
43;87;0;0;0;468;NA;-1;2729
87;43;0;0;8;468;NA;-1;2729
43;88;0;0;0;468;NA;-1;2730
88;43;0;0;8;468;NA;-1;2730
43;90;0;0;0;468;NA;-1;2731
90;43;0;0;8;468;NA;-1;2731
43;91;0;0;0;468;NA;-1;2732
91;43;0;0;8;468;NA;-1;2732
43;92;0;0;0;468;NA;-1;2733
92;43;0;0;8;468;NA;-1;2733
43;93;0;0;0;468;NA;-1;2734
93;43;0;0;8;468;NA;-1;2734
43;94;0;0;0;468;NA;-1;2735
94;43;0;0;8;468;NA;-1;2735
43;95;0;0;0;468;NA;-1;2736
95;43;0;0;8;468;NA;-1;2736
43;96;0;0;0;468;NA;-1;2737
96;43;0;0;8;468;NA;-1;2737
43;97;0;0;0;468;NA;-1;2738
97;43;0;0;8;468;NA;-1;2738
43;98;0;0;0;468;NA;-1;2739
98;43;0;0;8;468;NA;-1;2739
43;99;0;0;0;468;NA;-1;2740
99;43;0;0;8;468;NA;-1;2740
45;45;0;0;0;468;NA;-0.5;2741
45;46;0;0;0;468;NA;-1;2742
46;45;0;0;0;468;NA;-1;2742
45;47;0;0;0;468;NA;-1;2743
47;45;0;0;0;468;NA;-1;2743
45;49;0;0;0;468;NA;-1;2744
49;45;0;0;0;468;NA;-1;2744
45;50;0;0;0;468;NA;-1;2745
50;45;0;0;0;468;NA;-1;2745
45;51;0;0;0;468;NA;-1;2746
51;45;0;0;0;468;NA;-1;2746
45;52;0;0;0;468;NA;-1;2747
52;45;0;0;0;468;NA;-1;2747
45;53;0;0;0;468;NA;-1;2748
53;45;0;0;0;468;NA;-1;2748
45;55;0;0;0;468;NA;-1;2749
55;45;0;0;0;468;NA;-1;2749
45;56;0;0;0;468;NA;-1;2750
56;45;0;0;0;468;NA;-1;2750
45;58;0;0;0;468;NA;-1;2751
58;45;0;0;0;468;NA;-1;2751
45;59;0;0;0;468;NA;-1;2752
59;45;0;0;0;468;NA;-1;2752
45;60;0;0;0;468;NA;-1;2753
60;45;0;0;0;468;NA;-1;2753
45;61;0;0;0;468;NA;-1;2754
61;45;0;0;0;468;NA;-1;2754
45;62;0;0;0;468;NA;-1;2755
62;45;0;0;0;468;NA;-1;2755
45;63;0;0;0;468;NA;-1;2756
63;45;0;0;0;468;NA;-1;2756
45;64;0;0;0;468;NA;-1;2757
64;45;0;0;0;468;NA;-1;2757
45;65;0;0;0;468;NA;-1;2758
65;45;0;0;0;468;NA;-1;2758
45;66;0;0;0;468;NA;-1;2759
66;45;0;0;0;468;NA;-1;2759
45;68;0;0;0;468;NA;-1;2760
68;45;0;0;0;468;NA;-1;2760
45;69;0;0;0;468;NA;-1;2761
69;45;0;0;0;468;NA;-1;2761
45;70;0;0;0;468;NA;-1;2762
70;45;0;0;0;468;NA;-1;2762
45;71;0;0;0;468;NA;-1;2763
71;45;0;0;0;468;NA;-1;2763
45;72;0;0;0;468;NA;-1;2764
72;45;0;0;0;468;NA;-1;2764
45;73;0;0;0;468;NA;-1;2765
73;45;0;0;0;468;NA;-1;2765
45;74;0;0;0;468;NA;-1;2766
74;45;0;0;0;468;NA;-1;2766
45;75;0;0;0;468;NA;-1;2767
75;45;0;0;0;468;NA;-1;2767
45;77;0;0;0;468;NA;-1;2768
77;45;0;0;0;468;NA;-1;2768
45;78;0;0;0;468;NA;-1;2769
78;45;0;0;0;468;NA;-1;2769
45;79;0;0;0;468;NA;-1;2770
79;45;0;0;0;468;NA;-1;2770
45;80;0;0;0;468;NA;-1;2771
80;45;0;0;0;468;NA;-1;2771
45;81;0;0;0;468;NA;-1;2772
81;45;0;0;0;468;NA;-1;2772
45;82;0;0;0;468;NA;-1;2773
82;45;0;0;0;468;NA;-1;2773
45;84;0;0;0;468;NA;-1;2774
84;45;0;0;0;468;NA;-1;2774
45;85;0;0;0;468;NA;-1;2775
85;45;0;0;0;468;NA;-1;2775
45;86;0;0;0;468;NA;-1;2776
86;45;0;0;0;468;NA;-1;2776
45;87;0;0;0;468;NA;-1;2777
87;45;0;0;0;468;NA;-1;2777
45;88;0;0;0;468;NA;-1;2778
88;45;0;0;0;468;NA;-1;2778
45;90;0;0;0;468;NA;-1;2779
90;45;0;0;0;468;NA;-1;2779
45;91;0;0;0;468;NA;-1;2780
91;45;0;0;0;468;NA;-1;2780
45;92;0;0;0;468;NA;-1;2781
92;45;0;0;0;468;NA;-1;2781
45;93;0;0;0;468;NA;-1;2782
93;45;0;0;0;468;NA;-1;2782
45;94;0;0;0;468;NA;-1;2783
94;45;0;0;0;468;NA;-1;2783
45;95;0;0;0;468;NA;-1;2784
95;45;0;0;0;468;NA;-1;2784
45;96;0;0;0;468;NA;-1;2785
96;45;0;0;0;468;NA;-1;2785
45;97;0;0;0;468;NA;-1;2786
97;45;0;0;0;468;NA;-1;2786
45;98;0;0;0;468;NA;-1;2787
98;45;0;0;0;468;NA;-1;2787
45;99;0;0;0;468;NA;-1;2788
99;45;0;0;0;468;NA;-1;2788
46;46;0;0;0;468;NA;-0.5;2789
46;47;0;0;0;468;NA;-1;2790
47;46;0;0;0;468;NA;-1;2790
46;49;0;0;0;468;NA;-1;2791
49;46;0;0;0;468;NA;-1;2791
46;50;0;0;0;468;NA;-1;2792
50;46;0;0;0;468;NA;-1;2792
46;51;0;0;0;468;NA;-1;2793
51;46;0;0;0;468;NA;-1;2793
46;52;0;0;0;468;NA;-1;2794
52;46;0;0;0;468;NA;-1;2794
46;53;0;0;0;468;NA;-1;2795
53;46;0;0;0;468;NA;-1;2795
46;55;0;0;0;468;NA;-1;2796
55;46;0;0;0;468;NA;-1;2796
46;56;0;0;0;468;NA;-1;2797
56;46;0;0;0;468;NA;-1;2797
46;58;0;0;0;468;NA;-1;2798
58;46;0;0;0;468;NA;-1;2798
46;59;0;0;0;468;NA;-1;2799
59;46;0;0;0;468;NA;-1;2799
46;60;0;0;0;468;NA;-1;2800
60;46;0;0;0;468;NA;-1;2800
46;61;0;0;0;468;NA;-1;2801
61;46;0;0;0;468;NA;-1;2801
46;62;0;0;0;468;NA;-1;2802
62;46;0;0;0;468;NA;-1;2802
46;63;0;0;0;468;NA;-1;2803
63;46;0;0;0;468;NA;-1;2803
46;64;0;0;0;468;NA;-1;2804
64;46;0;0;0;468;NA;-1;2804
46;65;0;0;0;468;NA;-1;2805
65;46;0;0;0;468;NA;-1;2805
46;66;0;0;0;468;NA;-1;2806
66;46;0;0;0;468;NA;-1;2806
46;68;0;0;0;468;NA;-1;2807
68;46;0;0;0;468;NA;-1;2807
46;69;0;0;0;468;NA;-1;2808
69;46;0;0;0;468;NA;-1;2808
46;70;0;0;0;468;NA;-1;2809
70;46;0;0;0;468;NA;-1;2809
46;71;0;0;0;468;NA;-1;2810
71;46;0;0;0;468;NA;-1;2810
46;72;0;0;0;468;NA;-1;2811
72;46;0;0;0;468;NA;-1;2811
46;73;0;0;0;468;NA;-1;2812
73;46;0;0;0;468;NA;-1;2812
46;74;0;0;0;468;NA;-1;2813
74;46;0;0;0;468;NA;-1;2813
46;75;0;0;0;468;NA;-1;2814
75;46;0;0;0;468;NA;-1;2814
46;77;0;0;0;468;NA;-1;2815
77;46;0;0;0;468;NA;-1;2815
46;78;0;0;0;468;NA;-1;2816
78;46;0;0;0;468;NA;-1;2816
46;79;0;0;0;468;NA;-1;2817
79;46;0;0;0;468;NA;-1;2817
46;80;0;0;0;468;NA;-1;2818
80;46;0;0;0;468;NA;-1;2818
46;81;0;0;0;468;NA;-1;2819
81;46;0;0;0;468;NA;-1;2819
46;82;0;0;0;468;NA;-1;2820
82;46;0;0;0;468;NA;-1;2820
46;84;0;0;0;468;NA;-1;2821
84;46;0;0;0;468;NA;-1;2821
46;85;0;0;0;468;NA;-1;2822
85;46;0;0;0;468;NA;-1;2822
46;86;0;0;0;468;NA;-1;2823
86;46;0;0;0;468;NA;-1;2823
46;87;0;0;0;468;NA;-1;2824
87;46;0;0;0;468;NA;-1;2824
46;88;0;0;0;468;NA;-1;2825
88;46;0;0;0;468;NA;-1;2825
46;90;0;0;0;468;NA;-1;2826
90;46;0;0;0;468;NA;-1;2826
46;91;0;0;0;468;NA;-1;2827
91;46;0;0;0;468;NA;-1;2827
46;92;0;0;0;468;NA;-1;2828
92;46;0;0;0;468;NA;-1;2828
46;93;0;0;0;468;NA;-1;2829
93;46;0;0;0;468;NA;-1;2829
46;94;0;0;0;468;NA;-1;2830
94;46;0;0;0;468;NA;-1;2830
46;95;0;0;0;468;NA;-1;2831
95;46;0;0;0;468;NA;-1;2831
46;96;0;0;0;468;NA;-1;2832
96;46;0;0;0;468;NA;-1;2832
46;97;0;0;0;468;NA;-1;2833
97;46;0;0;0;468;NA;-1;2833
46;98;0;0;0;468;NA;-1;2834
98;46;0;0;0;468;NA;-1;2834
46;99;0;0;0;468;NA;-1;2835
99;46;0;0;0;468;NA;-1;2835
47;47;0;0;0;468;NA;-0.5;2836
47;49;0;0;0;468;NA;-1;2837
49;47;0;0;0;468;NA;-1;2837
47;50;0;0;0;468;NA;-1;2838
50;47;0;0;0;468;NA;-1;2838
47;51;0;0;0;468;NA;-1;2839
51;47;0;0;0;468;NA;-1;2839
47;52;0;0;0;468;NA;-1;2840
52;47;0;0;0;468;NA;-1;2840
47;53;0;0;0;468;NA;-1;2841
53;47;0;0;0;468;NA;-1;2841
47;55;0;0;0;468;NA;-1;2842
55;47;0;0;0;468;NA;-1;2842
47;56;0;0;0;468;NA;-1;2843
56;47;0;0;0;468;NA;-1;2843
47;58;0;0;0;468;NA;-1;2844
58;47;0;0;0;468;NA;-1;2844
47;59;0;0;0;468;NA;-1;2845
59;47;0;0;0;468;NA;-1;2845
47;60;0;0;0;468;NA;-1;2846
60;47;0;0;0;468;NA;-1;2846
47;61;0;0;0;468;NA;-1;2847
61;47;0;0;0;468;NA;-1;2847
47;62;0;0;0;468;NA;-1;2848
62;47;0;0;0;468;NA;-1;2848
47;63;0;0;0;468;NA;-1;2849
63;47;0;0;0;468;NA;-1;2849
47;64;0;0;0;468;NA;-1;2850
64;47;0;0;0;468;NA;-1;2850
47;65;0;0;0;468;NA;-1;2851
65;47;0;0;0;468;NA;-1;2851
47;66;0;0;0;468;NA;-1;2852
66;47;0;0;0;468;NA;-1;2852
47;68;0;0;0;468;NA;-1;2853
68;47;0;0;0;468;NA;-1;2853
47;69;0;0;0;468;NA;-1;2854
69;47;0;0;0;468;NA;-1;2854
47;70;0;0;0;468;NA;-1;2855
70;47;0;0;0;468;NA;-1;2855
47;71;0;0;0;468;NA;-1;2856
71;47;0;0;0;468;NA;-1;2856
47;72;0;0;0;468;NA;-1;2857
72;47;0;0;0;468;NA;-1;2857
47;73;0;0;0;468;NA;-1;2858
73;47;0;0;0;468;NA;-1;2858
47;74;0;0;0;468;NA;-1;2859
74;47;0;0;0;468;NA;-1;2859
47;75;0;0;0;468;NA;-1;2860
75;47;0;0;0;468;NA;-1;2860
47;77;0;0;0;468;NA;-1;2861
77;47;0;0;0;468;NA;-1;2861
47;78;0;0;0;468;NA;-1;2862
78;47;0;0;0;468;NA;-1;2862
47;79;0;0;0;468;NA;-1;2863
79;47;0;0;0;468;NA;-1;2863
47;80;0;0;0;468;NA;-1;2864
80;47;0;0;0;468;NA;-1;2864
47;81;0;0;0;468;NA;-1;2865
81;47;0;0;0;468;NA;-1;2865
47;82;0;0;0;468;NA;-1;2866
82;47;0;0;0;468;NA;-1;2866
47;84;0;0;0;468;NA;-1;2867
84;47;0;0;0;468;NA;-1;2867
47;85;0;0;0;468;NA;-1;2868
85;47;0;0;0;468;NA;-1;2868
47;86;0;0;0;468;NA;-1;2869
86;47;0;0;0;468;NA;-1;2869
47;87;0;0;0;468;NA;-1;2870
87;47;0;0;0;468;NA;-1;2870
47;88;0;0;0;468;NA;-1;2871
88;47;0;0;0;468;NA;-1;2871
47;90;0;0;0;468;NA;-1;2872
90;47;0;0;0;468;NA;-1;2872
47;91;0;0;0;468;NA;-1;2873
91;47;0;0;0;468;NA;-1;2873
47;92;0;0;0;468;NA;-1;2874
92;47;0;0;0;468;NA;-1;2874
47;93;0;0;0;468;NA;-1;2875
93;47;0;0;0;468;NA;-1;2875
47;94;0;0;0;468;NA;-1;2876
94;47;0;0;0;468;NA;-1;2876
47;95;0;0;0;468;NA;-1;2877
95;47;0;0;0;468;NA;-1;2877
47;96;0;0;0;468;NA;-1;2878
96;47;0;0;0;468;NA;-1;2878
47;97;0;0;0;468;NA;-1;2879
97;47;0;0;0;468;NA;-1;2879
47;98;0;0;0;468;NA;-1;2880
98;47;0;0;0;468;NA;-1;2880
47;99;0;0;0;468;NA;-1;2881
99;47;0;0;0;468;NA;-1;2881
49;49;0;0;0;468;NA;-0.5;2882
49;50;0;0;0;468;NA;-1;2883
50;49;0;0;0;468;NA;-1;2883
49;51;0;0;0;468;NA;-1;2884
51;49;0;0;0;468;NA;-1;2884
49;52;0;0;0;468;NA;-1;2885
52;49;0;0;0;468;NA;-1;2885
49;53;0;0;0;468;NA;-1;2886
53;49;0;0;0;468;NA;-1;2886
49;55;0;0;0;468;NA;-1;2887
55;49;0;0;0;468;NA;-1;2887
49;56;0;0;0;468;NA;-1;2888
56;49;0;0;0;468;NA;-1;2888
49;58;0;0;0;468;NA;-1;2889
58;49;0;0;0;468;NA;-1;2889
49;59;0;0;0;468;NA;-1;2890
59;49;0;0;0;468;NA;-1;2890
49;60;0;0;0;468;NA;-1;2891
60;49;0;0;0;468;NA;-1;2891
49;61;0;0;0;468;NA;-1;2892
61;49;0;0;0;468;NA;-1;2892
49;62;0;0;0;468;NA;-1;2893
62;49;0;0;0;468;NA;-1;2893
49;63;0;0;0;468;NA;-1;2894
63;49;0;0;0;468;NA;-1;2894
49;64;0;0;0;468;NA;-1;2895
64;49;0;0;0;468;NA;-1;2895
49;65;0;0;0;468;NA;-1;2896
65;49;0;0;0;468;NA;-1;2896
49;66;0;0;0;468;NA;-1;2897
66;49;0;0;0;468;NA;-1;2897
49;68;0;0;0;468;NA;-1;2898
68;49;0;0;0;468;NA;-1;2898
49;69;0;0;0;468;NA;-1;2899
69;49;0;0;0;468;NA;-1;2899
49;70;0;0;0;468;NA;-1;2900
70;49;0;0;0;468;NA;-1;2900
49;71;0;0;0;468;NA;-1;2901
71;49;0;0;0;468;NA;-1;2901
49;72;0;0;0;468;NA;-1;2902
72;49;0;0;0;468;NA;-1;2902
49;73;0;0;0;468;NA;-1;2903
73;49;0;0;0;468;NA;-1;2903
49;74;0;0;0;468;NA;-1;2904
74;49;0;0;0;468;NA;-1;2904
49;75;0;0;0;468;NA;-1;2905
75;49;0;0;0;468;NA;-1;2905
49;77;0;0;0;468;NA;-1;2906
77;49;0;0;0;468;NA;-1;2906
49;78;0;0;0;468;NA;-1;2907
78;49;0;0;0;468;NA;-1;2907
49;79;0;0;0;468;NA;-1;2908
79;49;0;0;0;468;NA;-1;2908
49;80;0;0;0;468;NA;-1;2909
80;49;0;0;0;468;NA;-1;2909
49;81;0;0;0;468;NA;-1;2910
81;49;0;0;0;468;NA;-1;2910
49;82;0;0;0;468;NA;-1;2911
82;49;0;0;0;468;NA;-1;2911
49;84;0;0;0;468;NA;-1;2912
84;49;0;0;0;468;NA;-1;2912
49;85;0;0;0;468;NA;-1;2913
85;49;0;0;0;468;NA;-1;2913
49;86;0;0;0;468;NA;-1;2914
86;49;0;0;0;468;NA;-1;2914
49;87;0;0;0;468;NA;-1;2915
87;49;0;0;0;468;NA;-1;2915
49;88;0;0;0;468;NA;-1;2916
88;49;0;0;0;468;NA;-1;2916
49;90;0;0;0;468;NA;-1;2917
90;49;0;0;0;468;NA;-1;2917
49;91;0;0;0;468;NA;-1;2918
91;49;0;0;0;468;NA;-1;2918
49;92;0;0;0;468;NA;-1;2919
92;49;0;0;0;468;NA;-1;2919
49;93;0;0;0;468;NA;-1;2920
93;49;0;0;0;468;NA;-1;2920
49;94;0;0;0;468;NA;-1;2921
94;49;0;0;0;468;NA;-1;2921
49;95;0;0;0;468;NA;-1;2922
95;49;0;0;0;468;NA;-1;2922
49;96;0;0;0;468;NA;-1;2923
96;49;0;0;0;468;NA;-1;2923
49;97;0;0;0;468;NA;-1;2924
97;49;0;0;0;468;NA;-1;2924
49;98;0;0;0;468;NA;-1;2925
98;49;0;0;0;468;NA;-1;2925
49;99;0;0;0;468;NA;-1;2926
99;49;0;0;0;468;NA;-1;2926
50;50;0;0;0;468;NA;-0.5;2927
50;51;0;0;0;468;NA;-1;2928
51;50;0;0;0;468;NA;-1;2928
50;52;0;0;0;468;NA;-1;2929
52;50;0;0;0;468;NA;-1;2929
50;53;0;0;0;468;NA;-1;2930
53;50;0;0;0;468;NA;-1;2930
50;55;0;0;0;468;NA;-1;2931
55;50;0;0;0;468;NA;-1;2931
50;56;0;0;0;468;NA;-1;2932
56;50;0;0;0;468;NA;-1;2932
50;58;0;0;0;468;NA;-1;2933
58;50;0;0;0;468;NA;-1;2933
50;59;0;0;0;468;NA;-1;2934
59;50;0;0;0;468;NA;-1;2934
50;60;0;0;0;468;NA;-1;2935
60;50;0;0;0;468;NA;-1;2935
50;61;0;0;0;468;NA;-1;2936
61;50;0;0;0;468;NA;-1;2936
50;62;0;0;0;468;NA;-1;2937
62;50;0;0;0;468;NA;-1;2937
50;63;0;0;0;468;NA;-1;2938
63;50;0;0;0;468;NA;-1;2938
50;64;0;0;0;468;NA;-1;2939
64;50;0;0;0;468;NA;-1;2939
50;65;0;0;0;468;NA;-1;2940
65;50;0;0;0;468;NA;-1;2940
50;66;0;0;0;468;NA;-1;2941
66;50;0;0;0;468;NA;-1;2941
50;68;0;0;0;468;NA;-1;2942
68;50;0;0;0;468;NA;-1;2942
50;69;0;0;0;468;NA;-1;2943
69;50;0;0;0;468;NA;-1;2943
50;70;0;0;0;468;NA;-1;2944
70;50;0;0;0;468;NA;-1;2944
50;71;0;0;0;468;NA;-1;2945
71;50;0;0;0;468;NA;-1;2945
50;72;0;0;0;468;NA;-1;2946
72;50;0;0;0;468;NA;-1;2946
50;73;0;0;0;468;NA;-1;2947
73;50;0;0;0;468;NA;-1;2947
50;74;0;0;0;468;NA;-1;2948
74;50;0;0;0;468;NA;-1;2948
50;75;0;0;0;468;NA;-1;2949
75;50;0;0;0;468;NA;-1;2949
50;77;0;0;0;468;NA;-1;2950
77;50;0;0;0;468;NA;-1;2950
50;78;0;0;0;468;NA;-1;2951
78;50;0;0;0;468;NA;-1;2951
50;79;0;0;0;468;NA;-1;2952
79;50;0;0;0;468;NA;-1;2952
50;80;0;0;0;468;NA;-1;2953
80;50;0;0;0;468;NA;-1;2953
50;81;0;0;0;468;NA;-1;2954
81;50;0;0;0;468;NA;-1;2954
50;82;0;0;0;468;NA;-1;2955
82;50;0;0;0;468;NA;-1;2955
50;84;0;0;0;468;NA;-1;2956
84;50;0;0;0;468;NA;-1;2956
50;85;0;0;0;468;NA;-1;2957
85;50;0;0;0;468;NA;-1;2957
50;86;0;0;0;468;NA;-1;2958
86;50;0;0;0;468;NA;-1;2958
50;87;0;0;0;468;NA;-1;2959
87;50;0;0;0;468;NA;-1;2959
50;88;0;0;0;468;NA;-1;2960
88;50;0;0;0;468;NA;-1;2960
50;90;0;0;0;468;NA;-1;2961
90;50;0;0;0;468;NA;-1;2961
50;91;0;0;0;468;NA;-1;2962
91;50;0;0;0;468;NA;-1;2962
50;92;0;0;0;468;NA;-1;2963
92;50;0;0;0;468;NA;-1;2963
50;93;0;0;0;468;NA;-1;2964
93;50;0;0;0;468;NA;-1;2964
50;94;0;0;0;468;NA;-1;2965
94;50;0;0;0;468;NA;-1;2965
50;95;0;0;0;468;NA;-1;2966
95;50;0;0;0;468;NA;-1;2966
50;96;0;0;0;468;NA;-1;2967
96;50;0;0;0;468;NA;-1;2967
50;97;0;0;0;468;NA;-1;2968
97;50;0;0;0;468;NA;-1;2968
50;98;0;0;0;468;NA;-1;2969
98;50;0;0;0;468;NA;-1;2969
50;99;0;0;0;468;NA;-1;2970
99;50;0;0;0;468;NA;-1;2970
51;51;0;0;0;468;NA;-0.5;2971
51;52;0;0;0;468;NA;-1;2972
52;51;0;0;0;468;NA;-1;2972
51;53;0;0;0;468;NA;-1;2973
53;51;0;0;0;468;NA;-1;2973
51;55;0;0;0;468;NA;-1;2974
55;51;0;0;0;468;NA;-1;2974
51;56;0;0;0;468;NA;-1;2975
56;51;0;0;0;468;NA;-1;2975
51;58;0;0;0;468;NA;-1;2976
58;51;0;0;0;468;NA;-1;2976
51;59;0;0;0;468;NA;-1;2977
59;51;0;0;0;468;NA;-1;2977
51;60;0;0;0;468;NA;-1;2978
60;51;0;0;0;468;NA;-1;2978
51;61;0;0;0;468;NA;-1;2979
61;51;0;0;0;468;NA;-1;2979
51;62;0;0;0;468;NA;-1;2980
62;51;0;0;0;468;NA;-1;2980
51;63;0;0;0;468;NA;-1;2981
63;51;0;0;0;468;NA;-1;2981
51;64;0;0;0;468;NA;-1;2982
64;51;0;0;0;468;NA;-1;2982
51;65;0;0;0;468;NA;-1;2983
65;51;0;0;0;468;NA;-1;2983
51;66;0;0;0;468;NA;-1;2984
66;51;0;0;0;468;NA;-1;2984
51;68;0;0;0;468;NA;-1;2985
68;51;0;0;0;468;NA;-1;2985
51;69;0;0;0;468;NA;-1;2986
69;51;0;0;0;468;NA;-1;2986
51;70;0;0;0;468;NA;-1;2987
70;51;0;0;0;468;NA;-1;2987
51;71;0;0;0;468;NA;-1;2988
71;51;0;0;0;468;NA;-1;2988
51;72;0;0;0;468;NA;-1;2989
72;51;0;0;0;468;NA;-1;2989
51;73;0;0;0;468;NA;-1;2990
73;51;0;0;0;468;NA;-1;2990
51;74;0;0;0;468;NA;-1;2991
74;51;0;0;0;468;NA;-1;2991
51;75;0;0;0;468;NA;-1;2992
75;51;0;0;0;468;NA;-1;2992
51;77;0;0;0;468;NA;-1;2993
77;51;0;0;0;468;NA;-1;2993
51;78;0;0;0;468;NA;-1;2994
78;51;0;0;0;468;NA;-1;2994
51;79;0;0;0;468;NA;-1;2995
79;51;0;0;0;468;NA;-1;2995
51;80;0;0;0;468;NA;-1;2996
80;51;0;0;0;468;NA;-1;2996
51;81;0;0;0;468;NA;-1;2997
81;51;0;0;0;468;NA;-1;2997
51;82;0;0;0;468;NA;-1;2998
82;51;0;0;0;468;NA;-1;2998
51;84;0;0;0;468;NA;-1;2999
84;51;0;0;0;468;NA;-1;2999
51;85;0;0;0;468;NA;-1;3000
85;51;0;0;0;468;NA;-1;3000
51;86;0;0;0;468;NA;-1;3001
86;51;0;0;0;468;NA;-1;3001
51;87;0;0;0;468;NA;-1;3002
87;51;0;0;0;468;NA;-1;3002
51;88;0;0;0;468;NA;-1;3003
88;51;0;0;0;468;NA;-1;3003
51;90;0;0;0;468;NA;-1;3004
90;51;0;0;0;468;NA;-1;3004
51;91;0;0;0;468;NA;-1;3005
91;51;0;0;0;468;NA;-1;3005
51;92;0;0;0;468;NA;-1;3006
92;51;0;0;0;468;NA;-1;3006
51;93;0;0;0;468;NA;-1;3007
93;51;0;0;0;468;NA;-1;3007
51;94;0;0;0;468;NA;-1;3008
94;51;0;0;0;468;NA;-1;3008
51;95;0;0;0;468;NA;-1;3009
95;51;0;0;0;468;NA;-1;3009
51;96;0;0;0;468;NA;-1;3010
96;51;0;0;0;468;NA;-1;3010
51;97;0;0;0;468;NA;-1;3011
97;51;0;0;0;468;NA;-1;3011
51;98;0;0;0;468;NA;-1;3012
98;51;0;0;0;468;NA;-1;3012
51;99;0;0;0;468;NA;-1;3013
99;51;0;0;0;468;NA;-1;3013
52;52;0;0;0;468;NA;-0.5;3014
52;53;0;0;0;468;NA;-1;3015
53;52;0;0;0;468;NA;-1;3015
52;55;0;0;0;468;NA;-1;3016
55;52;0;0;0;468;NA;-1;3016
52;56;0;0;0;468;NA;-1;3017
56;52;0;0;0;468;NA;-1;3017
52;58;0;0;0;468;NA;-1;3018
58;52;0;0;0;468;NA;-1;3018
52;59;0;0;0;468;NA;-1;3019
59;52;0;0;0;468;NA;-1;3019
52;60;0;0;0;468;NA;-1;3020
60;52;0;0;0;468;NA;-1;3020
52;61;0;0;0;468;NA;-1;3021
61;52;0;0;0;468;NA;-1;3021
52;62;0;0;0;468;NA;-1;3022
62;52;0;0;0;468;NA;-1;3022
52;63;0;0;0;468;NA;-1;3023
63;52;0;0;0;468;NA;-1;3023
52;64;0;0;0;468;NA;-1;3024
64;52;0;0;0;468;NA;-1;3024
52;65;0;0;0;468;NA;-1;3025
65;52;0;0;0;468;NA;-1;3025
52;66;0;0;0;468;NA;-1;3026
66;52;0;0;0;468;NA;-1;3026
52;68;0;0;0;468;NA;-1;3027
68;52;0;0;0;468;NA;-1;3027
52;69;0;0;0;468;NA;-1;3028
69;52;0;0;0;468;NA;-1;3028
52;70;0;0;0;468;NA;-1;3029
70;52;0;0;0;468;NA;-1;3029
52;71;0;0;0;468;NA;-1;3030
71;52;0;0;0;468;NA;-1;3030
52;72;0;0;0;468;NA;-1;3031
72;52;0;0;0;468;NA;-1;3031
52;73;0;0;0;468;NA;-1;3032
73;52;0;0;0;468;NA;-1;3032
52;74;0;0;0;468;NA;-1;3033
74;52;0;0;0;468;NA;-1;3033
52;75;0;0;0;468;NA;-1;3034
75;52;0;0;0;468;NA;-1;3034
52;77;0;0;0;468;NA;-1;3035
77;52;0;0;0;468;NA;-1;3035
52;78;0;0;0;468;NA;-1;3036
78;52;0;0;0;468;NA;-1;3036
52;79;0;0;0;468;NA;-1;3037
79;52;0;0;0;468;NA;-1;3037
52;80;0;0;0;468;NA;-1;3038
80;52;0;0;0;468;NA;-1;3038
52;81;0;0;0;468;NA;-1;3039
81;52;0;0;0;468;NA;-1;3039
52;82;0;0;0;468;NA;-1;3040
82;52;0;0;0;468;NA;-1;3040
52;84;0;0;0;468;NA;-1;3041
84;52;0;0;0;468;NA;-1;3041
52;85;0;0;0;468;NA;-1;3042
85;52;0;0;0;468;NA;-1;3042
52;86;0;0;0;468;NA;-1;3043
86;52;0;0;0;468;NA;-1;3043
52;87;0;0;0;468;NA;-1;3044
87;52;0;0;0;468;NA;-1;3044
52;88;0;0;0;468;NA;-1;3045
88;52;0;0;0;468;NA;-1;3045
52;90;0;0;0;468;NA;-1;3046
90;52;0;0;0;468;NA;-1;3046
52;91;0;0;0;468;NA;-1;3047
91;52;0;0;0;468;NA;-1;3047
52;92;0;0;0;468;NA;-1;3048
92;52;0;0;0;468;NA;-1;3048
52;93;0;0;0;468;NA;-1;3049
93;52;0;0;0;468;NA;-1;3049
52;94;0;0;0;468;NA;-1;3050
94;52;0;0;0;468;NA;-1;3050
52;95;0;0;0;468;NA;-1;3051
95;52;0;0;0;468;NA;-1;3051
52;96;0;0;0;468;NA;-1;3052
96;52;0;0;0;468;NA;-1;3052
52;97;0;0;0;468;NA;-1;3053
97;52;0;0;0;468;NA;-1;3053
52;98;0;0;0;468;NA;-1;3054
98;52;0;0;0;468;NA;-1;3054
52;99;0;0;0;468;NA;-1;3055
99;52;0;0;0;468;NA;-1;3055
53;53;0;0;0;468;NA;-0.5;3056
53;55;0;0;0;468;NA;-1;3057
55;53;0;0;0;468;NA;-1;3057
53;56;0;0;0;468;NA;-1;3058
56;53;0;0;0;468;NA;-1;3058
53;58;0;0;0;468;NA;-1;3059
58;53;0;0;0;468;NA;-1;3059
53;59;0;0;0;468;NA;-1;3060
59;53;0;0;0;468;NA;-1;3060
53;60;0;0;0;468;NA;-1;3061
60;53;0;0;0;468;NA;-1;3061
53;61;0;0;0;468;NA;-1;3062
61;53;0;0;0;468;NA;-1;3062
53;62;0;0;0;468;NA;-1;3063
62;53;0;0;0;468;NA;-1;3063
53;63;0;0;0;468;NA;-1;3064
63;53;0;0;0;468;NA;-1;3064
53;64;0;0;0;468;NA;-1;3065
64;53;0;0;0;468;NA;-1;3065
53;65;0;0;0;468;NA;-1;3066
65;53;0;0;0;468;NA;-1;3066
53;66;0;0;0;468;NA;-1;3067
66;53;0;0;0;468;NA;-1;3067
53;68;0;0;0;468;NA;-1;3068
68;53;0;0;0;468;NA;-1;3068
53;69;0;0;0;468;NA;-1;3069
69;53;0;0;0;468;NA;-1;3069
53;70;0;0;0;468;NA;-1;3070
70;53;0;0;0;468;NA;-1;3070
53;71;0;0;0;468;NA;-1;3071
71;53;0;0;0;468;NA;-1;3071
53;72;0;0;0;468;NA;-1;3072
72;53;0;0;0;468;NA;-1;3072
53;73;0;0;0;468;NA;-1;3073
73;53;0;0;0;468;NA;-1;3073
53;74;0;0;0;468;NA;-1;3074
74;53;0;0;0;468;NA;-1;3074
53;75;0;0;0;468;NA;-1;3075
75;53;0;0;0;468;NA;-1;3075
53;77;0;0;0;468;NA;-1;3076
77;53;0;0;0;468;NA;-1;3076
53;78;0;0;0;468;NA;-1;3077
78;53;0;0;0;468;NA;-1;3077
53;79;0;0;0;468;NA;-1;3078
79;53;0;0;0;468;NA;-1;3078
53;80;0;0;0;468;NA;-1;3079
80;53;0;0;0;468;NA;-1;3079
53;81;0;0;0;468;NA;-1;3080
81;53;0;0;0;468;NA;-1;3080
53;82;0;0;0;468;NA;-1;3081
82;53;0;0;0;468;NA;-1;3081
53;84;0;0;0;468;NA;-1;3082
84;53;0;0;0;468;NA;-1;3082
53;85;0;0;0;468;NA;-1;3083
85;53;0;0;0;468;NA;-1;3083
53;86;0;0;0;468;NA;-1;3084
86;53;0;0;0;468;NA;-1;3084
53;87;0;0;0;468;NA;-1;3085
87;53;0;0;0;468;NA;-1;3085
53;88;0;0;0;468;NA;-1;3086
88;53;0;0;0;468;NA;-1;3086
53;90;0;0;0;468;NA;-1;3087
90;53;0;0;0;468;NA;-1;3087
53;91;0;0;0;468;NA;-1;3088
91;53;0;0;0;468;NA;-1;3088
53;92;0;0;0;468;NA;-1;3089
92;53;0;0;0;468;NA;-1;3089
53;93;0;0;0;468;NA;-1;3090
93;53;0;0;0;468;NA;-1;3090
53;94;0;0;0;468;NA;-1;3091
94;53;0;0;0;468;NA;-1;3091
53;95;0;0;0;468;NA;-1;3092
95;53;0;0;0;468;NA;-1;3092
53;96;0;0;0;468;NA;-1;3093
96;53;0;0;0;468;NA;-1;3093
53;97;0;0;0;468;NA;-1;3094
97;53;0;0;0;468;NA;-1;3094
53;98;0;0;0;468;NA;-1;3095
98;53;0;0;0;468;NA;-1;3095
53;99;0;0;0;468;NA;-1;3096
99;53;0;0;0;468;NA;-1;3096
55;55;0;0;0;468;NA;-0.5;3097
55;56;0;0;0;468;NA;-1;3098
56;55;0;0;0;468;NA;-1;3098
55;58;0;0;0;468;NA;-1;3099
58;55;0;0;0;468;NA;-1;3099
55;59;0;0;0;468;NA;-1;3100
59;55;0;0;0;468;NA;-1;3100
55;60;0;0;0;468;NA;-1;3101
60;55;0;0;0;468;NA;-1;3101
55;61;0;0;0;468;NA;-1;3102
61;55;0;0;0;468;NA;-1;3102
55;62;0;0;0;468;NA;-1;3103
62;55;0;0;0;468;NA;-1;3103
55;63;0;0;0;468;NA;-1;3104
63;55;0;0;0;468;NA;-1;3104
55;64;0;0;0;468;NA;-1;3105
64;55;0;0;0;468;NA;-1;3105
55;65;0;0;0;468;NA;-1;3106
65;55;0;0;0;468;NA;-1;3106
55;66;0;0;0;468;NA;-1;3107
66;55;0;0;0;468;NA;-1;3107
55;68;0;0;0;468;NA;-1;3108
68;55;0;0;0;468;NA;-1;3108
55;69;0;0;0;468;NA;-1;3109
69;55;0;0;0;468;NA;-1;3109
55;70;0;0;0;468;NA;-1;3110
70;55;0;0;0;468;NA;-1;3110
55;71;0;0;0;468;NA;-1;3111
71;55;0;0;0;468;NA;-1;3111
55;72;0;0;0;468;NA;-1;3112
72;55;0;0;0;468;NA;-1;3112
55;73;0;0;0;468;NA;-1;3113
73;55;0;0;0;468;NA;-1;3113
55;74;0;0;0;468;NA;-1;3114
74;55;0;0;0;468;NA;-1;3114
55;75;0;0;0;468;NA;-1;3115
75;55;0;0;0;468;NA;-1;3115
55;77;0;0;0;468;NA;-1;3116
77;55;0;0;0;468;NA;-1;3116
55;78;0;0;0;468;NA;-1;3117
78;55;0;0;0;468;NA;-1;3117
55;79;0;0;0;468;NA;-1;3118
79;55;0;0;0;468;NA;-1;3118
55;80;0;0;0;468;NA;-1;3119
80;55;0;0;0;468;NA;-1;3119
55;81;0;0;0;468;NA;-1;3120
81;55;0;0;0;468;NA;-1;3120
55;82;0;0;0;468;NA;-1;3121
82;55;0;0;0;468;NA;-1;3121
55;84;0;0;0;468;NA;-1;3122
84;55;0;0;0;468;NA;-1;3122
55;85;0;0;0;468;NA;-1;3123
85;55;0;0;0;468;NA;-1;3123
55;86;0;0;0;468;NA;-1;3124
86;55;0;0;0;468;NA;-1;3124
55;87;0;0;0;468;NA;-1;3125
87;55;0;0;0;468;NA;-1;3125
55;88;0;0;0;468;NA;-1;3126
88;55;0;0;0;468;NA;-1;3126
55;90;0;0;0;468;NA;-1;3127
90;55;0;0;0;468;NA;-1;3127
55;91;0;0;0;468;NA;-1;3128
91;55;0;0;0;468;NA;-1;3128
55;92;0;0;0;468;NA;-1;3129
92;55;0;0;0;468;NA;-1;3129
55;93;0;0;0;468;NA;-1;3130
93;55;0;0;0;468;NA;-1;3130
55;94;0;0;0;468;NA;-1;3131
94;55;0;0;0;468;NA;-1;3131
55;95;0;0;0;468;NA;-1;3132
95;55;0;0;0;468;NA;-1;3132
55;96;0;0;0;468;NA;-1;3133
96;55;0;0;0;468;NA;-1;3133
55;97;0;0;0;468;NA;-1;3134
97;55;0;0;0;468;NA;-1;3134
55;98;0;0;0;468;NA;-1;3135
98;55;0;0;0;468;NA;-1;3135
55;99;0;0;0;468;NA;-1;3136
99;55;0;0;0;468;NA;-1;3136
56;56;0;0;0;468;NA;-0.5;3137
56;58;0;0;0;468;NA;-1;3138
58;56;0;0;0;468;NA;-1;3138
56;59;0;0;0;468;NA;-1;3139
59;56;0;0;0;468;NA;-1;3139
56;60;0;0;0;468;NA;-1;3140
60;56;0;0;0;468;NA;-1;3140
56;61;0;0;0;468;NA;-1;3141
61;56;0;0;0;468;NA;-1;3141
56;62;0;0;0;468;NA;-1;3142
62;56;0;0;0;468;NA;-1;3142
56;63;0;0;0;468;NA;-1;3143
63;56;0;0;0;468;NA;-1;3143
56;64;0;0;0;468;NA;-1;3144
64;56;0;0;0;468;NA;-1;3144
56;65;0;0;0;468;NA;-1;3145
65;56;0;0;0;468;NA;-1;3145
56;66;0;0;0;468;NA;-1;3146
66;56;0;0;0;468;NA;-1;3146
56;68;0;0;0;468;NA;-1;3147
68;56;0;0;0;468;NA;-1;3147
56;69;0;0;0;468;NA;-1;3148
69;56;0;0;0;468;NA;-1;3148
56;70;0;0;0;468;NA;-1;3149
70;56;0;0;0;468;NA;-1;3149
56;71;0;0;0;468;NA;-1;3150
71;56;0;0;0;468;NA;-1;3150
56;72;0;0;0;468;NA;-1;3151
72;56;0;0;0;468;NA;-1;3151
56;73;0;0;0;468;NA;-1;3152
73;56;0;0;0;468;NA;-1;3152
56;74;0;0;0;468;NA;-1;3153
74;56;0;0;0;468;NA;-1;3153
56;75;0;0;0;468;NA;-1;3154
75;56;0;0;0;468;NA;-1;3154
56;77;0;0;0;468;NA;-1;3155
77;56;0;0;0;468;NA;-1;3155
56;78;0;0;0;468;NA;-1;3156
78;56;0;0;0;468;NA;-1;3156
56;79;0;0;0;468;NA;-1;3157
79;56;0;0;0;468;NA;-1;3157
56;80;0;0;0;468;NA;-1;3158
80;56;0;0;0;468;NA;-1;3158
56;81;0;0;0;468;NA;-1;3159
81;56;0;0;0;468;NA;-1;3159
56;82;0;0;0;468;NA;-1;3160
82;56;0;0;0;468;NA;-1;3160
56;84;0;0;0;468;NA;-1;3161
84;56;0;0;0;468;NA;-1;3161
56;85;0;0;0;468;NA;-1;3162
85;56;0;0;0;468;NA;-1;3162
56;86;0;0;0;468;NA;-1;3163
86;56;0;0;0;468;NA;-1;3163
56;87;0;0;0;468;NA;-1;3164
87;56;0;0;0;468;NA;-1;3164
56;88;0;0;0;468;NA;-1;3165
88;56;0;0;0;468;NA;-1;3165
56;90;0;0;0;468;NA;-1;3166
90;56;0;0;0;468;NA;-1;3166
56;91;0;0;0;468;NA;-1;3167
91;56;0;0;0;468;NA;-1;3167
56;92;0;0;0;468;NA;-1;3168
92;56;0;0;0;468;NA;-1;3168
56;93;0;0;0;468;NA;-1;3169
93;56;0;0;0;468;NA;-1;3169
56;94;0;0;0;468;NA;-1;3170
94;56;0;0;0;468;NA;-1;3170
56;95;0;0;0;468;NA;-1;3171
95;56;0;0;0;468;NA;-1;3171
56;96;0;0;0;468;NA;-1;3172
96;56;0;0;0;468;NA;-1;3172
56;97;0;0;0;468;NA;-1;3173
97;56;0;0;0;468;NA;-1;3173
56;98;0;0;0;468;NA;-1;3174
98;56;0;0;0;468;NA;-1;3174
56;99;0;0;0;468;NA;-1;3175
99;56;0;0;0;468;NA;-1;3175
58;58;0;0;0;468;NA;-0.5;3176
58;59;0;0;0;468;NA;-1;3177
59;58;0;0;0;468;NA;-1;3177
58;60;0;0;0;468;NA;-1;3178
60;58;0;0;0;468;NA;-1;3178
58;61;0;0;0;468;NA;-1;3179
61;58;0;0;0;468;NA;-1;3179
58;62;0;0;0;468;NA;-1;3180
62;58;0;0;0;468;NA;-1;3180
58;63;0;0;0;468;NA;-1;3181
63;58;0;0;0;468;NA;-1;3181
58;64;0;0;0;468;NA;-1;3182
64;58;0;0;0;468;NA;-1;3182
58;65;0;0;0;468;NA;-1;3183
65;58;0;0;0;468;NA;-1;3183
58;66;0;0;0;468;NA;-1;3184
66;58;0;0;0;468;NA;-1;3184
58;68;0;0;0;468;NA;-1;3185
68;58;0;0;0;468;NA;-1;3185
58;69;0;0;0;468;NA;-1;3186
69;58;0;0;0;468;NA;-1;3186
58;70;0;0;0;468;NA;-1;3187
70;58;0;0;0;468;NA;-1;3187
58;71;0;0;0;468;NA;-1;3188
71;58;0;0;0;468;NA;-1;3188
58;72;0;0;0;468;NA;-1;3189
72;58;0;0;0;468;NA;-1;3189
58;73;0;0;0;468;NA;-1;3190
73;58;0;0;0;468;NA;-1;3190
58;74;0;0;0;468;NA;-1;3191
74;58;0;0;0;468;NA;-1;3191
58;75;0;0;0;468;NA;-1;3192
75;58;0;0;0;468;NA;-1;3192
58;77;0;0;0;468;NA;-1;3193
77;58;0;0;0;468;NA;-1;3193
58;78;0;0;0;468;NA;-1;3194
78;58;0;0;0;468;NA;-1;3194
58;79;0;0;0;468;NA;-1;3195
79;58;0;0;0;468;NA;-1;3195
58;80;0;0;0;468;NA;-1;3196
80;58;0;0;0;468;NA;-1;3196
58;81;0;0;0;468;NA;-1;3197
81;58;0;0;0;468;NA;-1;3197
58;82;0;0;0;468;NA;-1;3198
82;58;0;0;0;468;NA;-1;3198
58;84;0;0;0;468;NA;-1;3199
84;58;0;0;0;468;NA;-1;3199
58;85;0;0;0;468;NA;-1;3200
85;58;0;0;0;468;NA;-1;3200
58;86;0;0;0;468;NA;-1;3201
86;58;0;0;0;468;NA;-1;3201
58;87;0;0;0;468;NA;-1;3202
87;58;0;0;0;468;NA;-1;3202
58;88;0;0;0;468;NA;-1;3203
88;58;0;0;0;468;NA;-1;3203
58;90;0;0;0;468;NA;-1;3204
90;58;0;0;0;468;NA;-1;3204
58;91;0;0;0;468;NA;-1;3205
91;58;0;0;0;468;NA;-1;3205
58;92;0;0;0;468;NA;-1;3206
92;58;0;0;0;468;NA;-1;3206
58;93;0;0;0;468;NA;-1;3207
93;58;0;0;0;468;NA;-1;3207
58;94;0;0;0;468;NA;-1;3208
94;58;0;0;0;468;NA;-1;3208
58;95;0;0;0;468;NA;-1;3209
95;58;0;0;0;468;NA;-1;3209
58;96;0;0;0;468;NA;-1;3210
96;58;0;0;0;468;NA;-1;3210
58;97;0;0;0;468;NA;-1;3211
97;58;0;0;0;468;NA;-1;3211
58;98;0;0;0;468;NA;-1;3212
98;58;0;0;0;468;NA;-1;3212
58;99;0;0;0;468;NA;-1;3213
99;58;0;0;0;468;NA;-1;3213
59;59;0;0;0;468;NA;-0.5;3214
59;60;0;0;0;468;NA;-1;3215
60;59;0;0;0;468;NA;-1;3215
59;61;0;0;0;468;NA;-1;3216
61;59;0;0;0;468;NA;-1;3216
59;62;0;0;0;468;NA;-1;3217
62;59;0;0;0;468;NA;-1;3217
59;63;0;0;0;468;NA;-1;3218
63;59;0;0;0;468;NA;-1;3218
59;64;0;0;0;468;NA;-1;3219
64;59;0;0;0;468;NA;-1;3219
59;65;0;0;0;468;NA;-1;3220
65;59;0;0;0;468;NA;-1;3220
59;66;0;0;0;468;NA;-1;3221
66;59;0;0;0;468;NA;-1;3221
59;68;0;0;0;468;NA;-1;3222
68;59;0;0;0;468;NA;-1;3222
59;69;0;0;0;468;NA;-1;3223
69;59;0;0;0;468;NA;-1;3223
59;70;0;0;0;468;NA;-1;3224
70;59;0;0;0;468;NA;-1;3224
59;71;0;0;0;468;NA;-1;3225
71;59;0;0;0;468;NA;-1;3225
59;72;0;0;0;468;NA;-1;3226
72;59;0;0;0;468;NA;-1;3226
59;73;0;0;0;468;NA;-1;3227
73;59;0;0;0;468;NA;-1;3227
59;74;0;0;0;468;NA;-1;3228
74;59;0;0;0;468;NA;-1;3228
59;75;0;0;0;468;NA;-1;3229
75;59;0;0;0;468;NA;-1;3229
59;77;0;0;0;468;NA;-1;3230
77;59;0;0;0;468;NA;-1;3230
59;78;0;0;0;468;NA;-1;3231
78;59;0;0;0;468;NA;-1;3231
59;79;0;0;0;468;NA;-1;3232
79;59;0;0;0;468;NA;-1;3232
59;80;0;0;0;468;NA;-1;3233
80;59;0;0;0;468;NA;-1;3233
59;81;0;0;0;468;NA;-1;3234
81;59;0;0;0;468;NA;-1;3234
59;82;0;0;0;468;NA;-1;3235
82;59;0;0;0;468;NA;-1;3235
59;84;0;0;0;468;NA;-1;3236
84;59;0;0;0;468;NA;-1;3236
59;85;0;0;0;468;NA;-1;3237
85;59;0;0;0;468;NA;-1;3237
59;86;0;0;0;468;NA;-1;3238
86;59;0;0;0;468;NA;-1;3238
59;87;0;0;0;468;NA;-1;3239
87;59;0;0;0;468;NA;-1;3239
59;88;0;0;0;468;NA;-1;3240
88;59;0;0;0;468;NA;-1;3240
59;90;0;0;0;468;NA;-1;3241
90;59;0;0;0;468;NA;-1;3241
59;91;0;0;0;468;NA;-1;3242
91;59;0;0;0;468;NA;-1;3242
59;92;0;0;0;468;NA;-1;3243
92;59;0;0;0;468;NA;-1;3243
59;93;0;0;0;468;NA;-1;3244
93;59;0;0;0;468;NA;-1;3244
59;94;0;0;0;468;NA;-1;3245
94;59;0;0;0;468;NA;-1;3245
59;95;0;0;0;468;NA;-1;3246
95;59;0;0;0;468;NA;-1;3246
59;96;0;0;0;468;NA;-1;3247
96;59;0;0;0;468;NA;-1;3247
59;97;0;0;0;468;NA;-1;3248
97;59;0;0;0;468;NA;-1;3248
59;98;0;0;0;468;NA;-1;3249
98;59;0;0;0;468;NA;-1;3249
59;99;0;0;0;468;NA;-1;3250
99;59;0;0;0;468;NA;-1;3250
60;60;0;0;0;468;NA;-0.5;3251
60;61;0;0;0;468;NA;-1;3252
61;60;0;0;0;468;NA;-1;3252
60;62;0;0;0;468;NA;-1;3253
62;60;0;0;0;468;NA;-1;3253
60;63;0;0;0;468;NA;-1;3254
63;60;0;0;0;468;NA;-1;3254
60;64;0;0;0;468;NA;-1;3255
64;60;0;0;0;468;NA;-1;3255
60;65;0;0;0;468;NA;-1;3256
65;60;0;0;0;468;NA;-1;3256
60;66;0;0;0;468;NA;-1;3257
66;60;0;0;0;468;NA;-1;3257
60;68;0;0;0;468;NA;-1;3258
68;60;0;0;0;468;NA;-1;3258
60;69;0;0;0;468;NA;-1;3259
69;60;0;0;0;468;NA;-1;3259
60;70;0;0;0;468;NA;-1;3260
70;60;0;0;0;468;NA;-1;3260
60;71;0;0;0;468;NA;-1;3261
71;60;0;0;0;468;NA;-1;3261
60;72;0;0;0;468;NA;-1;3262
72;60;0;0;0;468;NA;-1;3262
60;73;0;0;0;468;NA;-1;3263
73;60;0;0;0;468;NA;-1;3263
60;74;0;0;0;468;NA;-1;3264
74;60;0;0;0;468;NA;-1;3264
60;75;0;0;0;468;NA;-1;3265
75;60;0;0;0;468;NA;-1;3265
60;77;0;0;0;468;NA;-1;3266
77;60;0;0;0;468;NA;-1;3266
60;78;0;0;0;468;NA;-1;3267
78;60;0;0;0;468;NA;-1;3267
60;79;0;0;0;468;NA;-1;3268
79;60;0;0;0;468;NA;-1;3268
60;80;0;0;0;468;NA;-1;3269
80;60;0;0;0;468;NA;-1;3269
60;81;0;0;0;468;NA;-1;3270
81;60;0;0;0;468;NA;-1;3270
60;82;0;0;0;468;NA;-1;3271
82;60;0;0;0;468;NA;-1;3271
60;84;0;0;0;468;NA;-1;3272
84;60;0;0;0;468;NA;-1;3272
60;85;0;0;0;468;NA;-1;3273
85;60;0;0;0;468;NA;-1;3273
60;86;0;0;0;468;NA;-1;3274
86;60;0;0;0;468;NA;-1;3274
60;87;0;0;0;468;NA;-1;3275
87;60;0;0;0;468;NA;-1;3275
60;88;0;0;0;468;NA;-1;3276
88;60;0;0;0;468;NA;-1;3276
60;90;0;0;0;468;NA;-1;3277
90;60;0;0;0;468;NA;-1;3277
60;91;0;0;0;468;NA;-1;3278
91;60;0;0;0;468;NA;-1;3278
60;92;0;0;0;468;NA;-1;3279
92;60;0;0;0;468;NA;-1;3279
60;93;0;0;0;468;NA;-1;3280
93;60;0;0;0;468;NA;-1;3280
60;94;0;0;0;468;NA;-1;3281
94;60;0;0;0;468;NA;-1;3281
60;95;0;0;0;468;NA;-1;3282
95;60;0;0;0;468;NA;-1;3282
60;96;0;0;0;468;NA;-1;3283
96;60;0;0;0;468;NA;-1;3283
60;97;0;0;0;468;NA;-1;3284
97;60;0;0;0;468;NA;-1;3284
60;98;0;0;0;468;NA;-1;3285
98;60;0;0;0;468;NA;-1;3285
60;99;0;0;0;468;NA;-1;3286
99;60;0;0;0;468;NA;-1;3286
61;61;0;0;0;468;NA;-0.5;3287
61;62;0;0;0;468;NA;-1;3288
62;61;0;0;0;468;NA;-1;3288
61;63;0;0;0;468;NA;-1;3289
63;61;0;0;0;468;NA;-1;3289
61;64;0;0;0;468;NA;-1;3290
64;61;0;0;0;468;NA;-1;3290
61;65;0;0;0;468;NA;-1;3291
65;61;0;0;0;468;NA;-1;3291
61;66;0;0;0;468;NA;-1;3292
66;61;0;0;0;468;NA;-1;3292
61;68;0;0;0;468;NA;-1;3293
68;61;0;0;0;468;NA;-1;3293
61;69;0;0;0;468;NA;-1;3294
69;61;0;0;0;468;NA;-1;3294
61;70;0;0;0;468;NA;-1;3295
70;61;0;0;0;468;NA;-1;3295
61;71;0;0;0;468;NA;-1;3296
71;61;0;0;0;468;NA;-1;3296
61;72;0;0;0;468;NA;-1;3297
72;61;0;0;0;468;NA;-1;3297
61;73;0;0;0;468;NA;-1;3298
73;61;0;0;0;468;NA;-1;3298
61;74;0;0;0;468;NA;-1;3299
74;61;0;0;0;468;NA;-1;3299
61;75;0;0;0;468;NA;-1;3300
75;61;0;0;0;468;NA;-1;3300
61;77;0;0;0;468;NA;-1;3301
77;61;0;0;0;468;NA;-1;3301
61;78;0;0;0;468;NA;-1;3302
78;61;0;0;0;468;NA;-1;3302
61;79;0;0;0;468;NA;-1;3303
79;61;0;0;0;468;NA;-1;3303
61;80;0;0;0;468;NA;-1;3304
80;61;0;0;0;468;NA;-1;3304
61;81;0;0;0;468;NA;-1;3305
81;61;0;0;0;468;NA;-1;3305
61;82;0;0;0;468;NA;-1;3306
82;61;0;0;0;468;NA;-1;3306
61;84;0;0;0;468;NA;-1;3307
84;61;0;0;0;468;NA;-1;3307
61;85;0;0;0;468;NA;-1;3308
85;61;0;0;0;468;NA;-1;3308
61;86;0;0;0;468;NA;-1;3309
86;61;0;0;0;468;NA;-1;3309
61;87;0;0;0;468;NA;-1;3310
87;61;0;0;0;468;NA;-1;3310
61;88;0;0;0;468;NA;-1;3311
88;61;0;0;0;468;NA;-1;3311
61;90;0;0;0;468;NA;-1;3312
90;61;0;0;0;468;NA;-1;3312
61;91;0;0;0;468;NA;-1;3313
91;61;0;0;0;468;NA;-1;3313
61;92;0;0;0;468;NA;-1;3314
92;61;0;0;0;468;NA;-1;3314
61;93;0;0;0;468;NA;-1;3315
93;61;0;0;0;468;NA;-1;3315
61;94;0;0;0;468;NA;-1;3316
94;61;0;0;0;468;NA;-1;3316
61;95;0;0;0;468;NA;-1;3317
95;61;0;0;0;468;NA;-1;3317
61;96;0;0;0;468;NA;-1;3318
96;61;0;0;0;468;NA;-1;3318
61;97;0;0;0;468;NA;-1;3319
97;61;0;0;0;468;NA;-1;3319
61;98;0;0;0;468;NA;-1;3320
98;61;0;0;0;468;NA;-1;3320
61;99;0;0;0;468;NA;-1;3321
99;61;0;0;0;468;NA;-1;3321
62;62;0;0;0;468;NA;-0.5;3322
62;63;0;0;0;468;NA;-1;3323
63;62;0;0;0;468;NA;-1;3323
62;64;0;0;0;468;NA;-1;3324
64;62;0;0;0;468;NA;-1;3324
62;65;0;0;0;468;NA;-1;3325
65;62;0;0;0;468;NA;-1;3325
62;66;0;0;0;468;NA;-1;3326
66;62;0;0;0;468;NA;-1;3326
62;68;0;0;0;468;NA;-1;3327
68;62;0;0;0;468;NA;-1;3327
62;69;0;0;0;468;NA;-1;3328
69;62;0;0;0;468;NA;-1;3328
62;70;0;0;0;468;NA;-1;3329
70;62;0;0;0;468;NA;-1;3329
62;71;0;0;0;468;NA;-1;3330
71;62;0;0;0;468;NA;-1;3330
62;72;0;0;0;468;NA;-1;3331
72;62;0;0;0;468;NA;-1;3331
62;73;0;0;0;468;NA;-1;3332
73;62;0;0;0;468;NA;-1;3332
62;74;0;0;0;468;NA;-1;3333
74;62;0;0;0;468;NA;-1;3333
62;75;0;0;0;468;NA;-1;3334
75;62;0;0;0;468;NA;-1;3334
62;77;0;0;0;468;NA;-1;3335
77;62;0;0;0;468;NA;-1;3335
62;78;0;0;0;468;NA;-1;3336
78;62;0;0;0;468;NA;-1;3336
62;79;0;0;0;468;NA;-1;3337
79;62;0;0;0;468;NA;-1;3337
62;80;0;0;0;468;NA;-1;3338
80;62;0;0;0;468;NA;-1;3338
62;81;0;0;0;468;NA;-1;3339
81;62;0;0;0;468;NA;-1;3339
62;82;0;0;0;468;NA;-1;3340
82;62;0;0;0;468;NA;-1;3340
62;84;0;0;0;468;NA;-1;3341
84;62;0;0;0;468;NA;-1;3341
62;85;0;0;0;468;NA;-1;3342
85;62;0;0;0;468;NA;-1;3342
62;86;0;0;0;468;NA;-1;3343
86;62;0;0;0;468;NA;-1;3343
62;87;0;0;0;468;NA;-1;3344
87;62;0;0;0;468;NA;-1;3344
62;88;0;0;0;468;NA;-1;3345
88;62;0;0;0;468;NA;-1;3345
62;90;0;0;0;468;NA;-1;3346
90;62;0;0;0;468;NA;-1;3346
62;91;0;0;0;468;NA;-1;3347
91;62;0;0;0;468;NA;-1;3347
62;92;0;0;0;468;NA;-1;3348
92;62;0;0;0;468;NA;-1;3348
62;93;0;0;0;468;NA;-1;3349
93;62;0;0;0;468;NA;-1;3349
62;94;0;0;0;468;NA;-1;3350
94;62;0;0;0;468;NA;-1;3350
62;95;0;0;0;468;NA;-1;3351
95;62;0;0;0;468;NA;-1;3351
62;96;0;0;0;468;NA;-1;3352
96;62;0;0;0;468;NA;-1;3352
62;97;0;0;0;468;NA;-1;3353
97;62;0;0;0;468;NA;-1;3353
62;98;0;0;0;468;NA;-1;3354
98;62;0;0;0;468;NA;-1;3354
62;99;0;0;0;468;NA;-1;3355
99;62;0;0;0;468;NA;-1;3355
63;63;0;0;0;468;NA;-0.5;3356
63;64;0;0;0;468;NA;-1;3357
64;63;0;0;0;468;NA;-1;3357
63;65;0;0;0;468;NA;-1;3358
65;63;0;0;0;468;NA;-1;3358
63;66;0;0;0;468;NA;-1;3359
66;63;0;0;0;468;NA;-1;3359
63;68;0;0;0;468;NA;-1;3360
68;63;0;0;0;468;NA;-1;3360
63;69;0;0;0;468;NA;-1;3361
69;63;0;0;0;468;NA;-1;3361
63;70;0;0;0;468;NA;-1;3362
70;63;0;0;0;468;NA;-1;3362
63;71;0;0;0;468;NA;-1;3363
71;63;0;0;0;468;NA;-1;3363
63;72;0;0;0;468;NA;-1;3364
72;63;0;0;0;468;NA;-1;3364
63;73;0;0;0;468;NA;-1;3365
73;63;0;0;0;468;NA;-1;3365
63;74;0;0;0;468;NA;-1;3366
74;63;0;0;0;468;NA;-1;3366
63;75;0;0;0;468;NA;-1;3367
75;63;0;0;0;468;NA;-1;3367
63;77;0;0;0;468;NA;-1;3368
77;63;0;0;0;468;NA;-1;3368
63;78;0;0;0;468;NA;-1;3369
78;63;0;0;0;468;NA;-1;3369
63;79;0;0;0;468;NA;-1;3370
79;63;0;0;0;468;NA;-1;3370
63;80;0;0;0;468;NA;-1;3371
80;63;0;0;0;468;NA;-1;3371
63;81;0;0;0;468;NA;-1;3372
81;63;0;0;0;468;NA;-1;3372
63;82;0;0;0;468;NA;-1;3373
82;63;0;0;0;468;NA;-1;3373
63;84;0;0;0;468;NA;-1;3374
84;63;0;0;0;468;NA;-1;3374
63;85;0;0;0;468;NA;-1;3375
85;63;0;0;0;468;NA;-1;3375
63;86;0;0;0;468;NA;-1;3376
86;63;0;0;0;468;NA;-1;3376
63;87;0;0;0;468;NA;-1;3377
87;63;0;0;0;468;NA;-1;3377
63;88;0;0;0;468;NA;-1;3378
88;63;0;0;0;468;NA;-1;3378
63;90;0;0;0;468;NA;-1;3379
90;63;0;0;0;468;NA;-1;3379
63;91;0;0;0;468;NA;-1;3380
91;63;0;0;0;468;NA;-1;3380
63;92;0;0;0;468;NA;-1;3381
92;63;0;0;0;468;NA;-1;3381
63;93;0;0;0;468;NA;-1;3382
93;63;0;0;0;468;NA;-1;3382
63;94;0;0;0;468;NA;-1;3383
94;63;0;0;0;468;NA;-1;3383
63;95;0;0;0;468;NA;-1;3384
95;63;0;0;0;468;NA;-1;3384
63;96;0;0;0;468;NA;-1;3385
96;63;0;0;0;468;NA;-1;3385
63;97;0;0;0;468;NA;-1;3386
97;63;0;0;0;468;NA;-1;3386
63;98;0;0;0;468;NA;-1;3387
98;63;0;0;0;468;NA;-1;3387
63;99;0;0;0;468;NA;-1;3388
99;63;0;0;0;468;NA;-1;3388
64;64;0;0;0;468;NA;-0.5;3389
64;65;0;0;0;468;NA;-1;3390
65;64;0;0;0;468;NA;-1;3390
64;66;0;0;0;468;NA;-1;3391
66;64;0;0;0;468;NA;-1;3391
64;68;0;0;0;468;NA;-1;3392
68;64;0;0;0;468;NA;-1;3392
64;69;0;0;0;468;NA;-1;3393
69;64;0;0;0;468;NA;-1;3393
64;70;0;0;0;468;NA;-1;3394
70;64;0;0;0;468;NA;-1;3394
64;71;0;0;0;468;NA;-1;3395
71;64;0;0;0;468;NA;-1;3395
64;72;0;0;0;468;NA;-1;3396
72;64;0;0;0;468;NA;-1;3396
64;73;0;0;0;468;NA;-1;3397
73;64;0;0;0;468;NA;-1;3397
64;74;0;0;0;468;NA;-1;3398
74;64;0;0;0;468;NA;-1;3398
64;75;0;0;0;468;NA;-1;3399
75;64;0;0;0;468;NA;-1;3399
64;77;0;0;0;468;NA;-1;3400
77;64;0;0;0;468;NA;-1;3400
64;78;0;0;0;468;NA;-1;3401
78;64;0;0;0;468;NA;-1;3401
64;79;0;0;0;468;NA;-1;3402
79;64;0;0;0;468;NA;-1;3402
64;80;0;0;0;468;NA;-1;3403
80;64;0;0;0;468;NA;-1;3403
64;81;0;0;0;468;NA;-1;3404
81;64;0;0;0;468;NA;-1;3404
64;82;0;0;0;468;NA;-1;3405
82;64;0;0;0;468;NA;-1;3405
64;84;0;0;0;468;NA;-1;3406
84;64;0;0;0;468;NA;-1;3406
64;85;0;0;0;468;NA;-1;3407
85;64;0;0;0;468;NA;-1;3407
64;86;0;0;0;468;NA;-1;3408
86;64;0;0;0;468;NA;-1;3408
64;87;0;0;0;468;NA;-1;3409
87;64;0;0;0;468;NA;-1;3409
64;88;0;0;0;468;NA;-1;3410
88;64;0;0;0;468;NA;-1;3410
64;90;0;0;0;468;NA;-1;3411
90;64;0;0;0;468;NA;-1;3411
64;91;0;0;0;468;NA;-1;3412
91;64;0;0;0;468;NA;-1;3412
64;92;0;0;0;468;NA;-1;3413
92;64;0;0;0;468;NA;-1;3413
64;93;0;0;0;468;NA;-1;3414
93;64;0;0;0;468;NA;-1;3414
64;94;0;0;0;468;NA;-1;3415
94;64;0;0;0;468;NA;-1;3415
64;95;0;0;0;468;NA;-1;3416
95;64;0;0;0;468;NA;-1;3416
64;96;0;0;0;468;NA;-1;3417
96;64;0;0;0;468;NA;-1;3417
64;97;0;0;0;468;NA;-1;3418
97;64;0;0;0;468;NA;-1;3418
64;98;0;0;0;468;NA;-1;3419
98;64;0;0;0;468;NA;-1;3419
64;99;0;0;0;468;NA;-1;3420
99;64;0;0;0;468;NA;-1;3420
65;65;0;0;0;468;NA;-0.5;3421
65;66;0;0;0;468;NA;-1;3422
66;65;0;0;0;468;NA;-1;3422
65;68;0;0;0;468;NA;-1;3423
68;65;0;0;0;468;NA;-1;3423
65;69;0;0;0;468;NA;-1;3424
69;65;0;0;0;468;NA;-1;3424
65;70;0;0;0;468;NA;-1;3425
70;65;0;0;0;468;NA;-1;3425
65;71;0;0;0;468;NA;-1;3426
71;65;0;0;0;468;NA;-1;3426
65;72;0;0;0;468;NA;-1;3427
72;65;0;0;0;468;NA;-1;3427
65;73;0;0;0;468;NA;-1;3428
73;65;0;0;0;468;NA;-1;3428
65;74;0;0;0;468;NA;-1;3429
74;65;0;0;0;468;NA;-1;3429
65;75;0;0;0;468;NA;-1;3430
75;65;0;0;0;468;NA;-1;3430
65;77;0;0;0;468;NA;-1;3431
77;65;0;0;0;468;NA;-1;3431
65;78;0;0;0;468;NA;-1;3432
78;65;0;0;0;468;NA;-1;3432
65;79;0;0;0;468;NA;-1;3433
79;65;0;0;0;468;NA;-1;3433
65;80;0;0;0;468;NA;-1;3434
80;65;0;0;0;468;NA;-1;3434
65;81;0;0;0;468;NA;-1;3435
81;65;0;0;0;468;NA;-1;3435
65;82;0;0;0;468;NA;-1;3436
82;65;0;0;0;468;NA;-1;3436
65;84;0;0;0;468;NA;-1;3437
84;65;0;0;0;468;NA;-1;3437
65;85;0;0;0;468;NA;-1;3438
85;65;0;0;0;468;NA;-1;3438
65;86;0;0;0;468;NA;-1;3439
86;65;0;0;0;468;NA;-1;3439
65;87;0;0;0;468;NA;-1;3440
87;65;0;0;0;468;NA;-1;3440
65;88;0;0;0;468;NA;-1;3441
88;65;0;0;0;468;NA;-1;3441
65;90;0;0;0;468;NA;-1;3442
90;65;0;0;0;468;NA;-1;3442
65;91;0;0;0;468;NA;-1;3443
91;65;0;0;0;468;NA;-1;3443
65;92;0;0;0;468;NA;-1;3444
92;65;0;0;0;468;NA;-1;3444
65;93;0;0;0;468;NA;-1;3445
93;65;0;0;0;468;NA;-1;3445
65;94;0;0;0;468;NA;-1;3446
94;65;0;0;0;468;NA;-1;3446
65;95;0;0;0;468;NA;-1;3447
95;65;0;0;0;468;NA;-1;3447
65;96;0;0;0;468;NA;-1;3448
96;65;0;0;0;468;NA;-1;3448
65;97;0;0;0;468;NA;-1;3449
97;65;0;0;0;468;NA;-1;3449
65;98;0;0;0;468;NA;-1;3450
98;65;0;0;0;468;NA;-1;3450
65;99;0;0;0;468;NA;-1;3451
99;65;0;0;0;468;NA;-1;3451
66;66;0;0;0;468;NA;-0.5;3452
66;68;0;0;0;468;NA;-1;3453
68;66;0;0;0;468;NA;-1;3453
66;69;0;0;0;468;NA;-1;3454
69;66;0;0;0;468;NA;-1;3454
66;70;0;0;0;468;NA;-1;3455
70;66;0;0;0;468;NA;-1;3455
66;71;0;0;0;468;NA;-1;3456
71;66;0;0;0;468;NA;-1;3456
66;72;0;0;0;468;NA;-1;3457
72;66;0;0;0;468;NA;-1;3457
66;73;0;0;0;468;NA;-1;3458
73;66;0;0;0;468;NA;-1;3458
66;74;0;0;0;468;NA;-1;3459
74;66;0;0;0;468;NA;-1;3459
66;75;0;0;0;468;NA;-1;3460
75;66;0;0;0;468;NA;-1;3460
66;77;0;0;0;468;NA;-1;3461
77;66;0;0;0;468;NA;-1;3461
66;78;0;0;0;468;NA;-1;3462
78;66;0;0;0;468;NA;-1;3462
66;79;0;0;0;468;NA;-1;3463
79;66;0;0;0;468;NA;-1;3463
66;80;0;0;0;468;NA;-1;3464
80;66;0;0;0;468;NA;-1;3464
66;81;0;0;0;468;NA;-1;3465
81;66;0;0;0;468;NA;-1;3465
66;82;0;0;0;468;NA;-1;3466
82;66;0;0;0;468;NA;-1;3466
66;84;0;0;0;468;NA;-1;3467
84;66;0;0;0;468;NA;-1;3467
66;85;0;0;0;468;NA;-1;3468
85;66;0;0;0;468;NA;-1;3468
66;86;0;0;0;468;NA;-1;3469
86;66;0;0;0;468;NA;-1;3469
66;87;0;0;0;468;NA;-1;3470
87;66;0;0;0;468;NA;-1;3470
66;88;0;0;0;468;NA;-1;3471
88;66;0;0;0;468;NA;-1;3471
66;90;0;0;0;468;NA;-1;3472
90;66;0;0;0;468;NA;-1;3472
66;91;0;0;0;468;NA;-1;3473
91;66;0;0;0;468;NA;-1;3473
66;92;0;0;0;468;NA;-1;3474
92;66;0;0;0;468;NA;-1;3474
66;93;0;0;0;468;NA;-1;3475
93;66;0;0;0;468;NA;-1;3475
66;94;0;0;0;468;NA;-1;3476
94;66;0;0;0;468;NA;-1;3476
66;95;0;0;0;468;NA;-1;3477
95;66;0;0;0;468;NA;-1;3477
66;96;0;0;0;468;NA;-1;3478
96;66;0;0;0;468;NA;-1;3478
66;97;0;0;0;468;NA;-1;3479
97;66;0;0;0;468;NA;-1;3479
66;98;0;0;0;468;NA;-1;3480
98;66;0;0;0;468;NA;-1;3480
66;99;0;0;0;468;NA;-1;3481
99;66;0;0;0;468;NA;-1;3481
68;68;0;0;0;468;NA;-0.5;3482
68;69;0;0;0;468;NA;-1;3483
69;68;0;0;0;468;NA;-1;3483
68;70;0;0;0;468;NA;-1;3484
70;68;0;0;0;468;NA;-1;3484
68;71;0;0;0;468;NA;-1;3485
71;68;0;0;0;468;NA;-1;3485
68;72;0;0;0;468;NA;-1;3486
72;68;0;0;0;468;NA;-1;3486
68;73;0;0;0;468;NA;-1;3487
73;68;0;0;0;468;NA;-1;3487
68;74;0;0;0;468;NA;-1;3488
74;68;0;0;0;468;NA;-1;3488
68;75;0;0;0;468;NA;-1;3489
75;68;0;0;0;468;NA;-1;3489
68;77;0;0;0;468;NA;-1;3490
77;68;0;0;0;468;NA;-1;3490
68;78;0;0;0;468;NA;-1;3491
78;68;0;0;0;468;NA;-1;3491
68;79;0;0;0;468;NA;-1;3492
79;68;0;0;0;468;NA;-1;3492
68;80;0;0;0;468;NA;-1;3493
80;68;0;0;0;468;NA;-1;3493
68;81;0;0;0;468;NA;-1;3494
81;68;0;0;0;468;NA;-1;3494
68;82;0;0;0;468;NA;-1;3495
82;68;0;0;0;468;NA;-1;3495
68;84;0;0;0;468;NA;-1;3496
84;68;0;0;0;468;NA;-1;3496
68;85;0;0;0;468;NA;-1;3497
85;68;0;0;0;468;NA;-1;3497
68;86;0;0;0;468;NA;-1;3498
86;68;0;0;0;468;NA;-1;3498
68;87;0;0;0;468;NA;-1;3499
87;68;0;0;0;468;NA;-1;3499
68;88;0;0;0;468;NA;-1;3500
88;68;0;0;0;468;NA;-1;3500
68;90;0;0;0;468;NA;-1;3501
90;68;0;0;0;468;NA;-1;3501
68;91;0;0;0;468;NA;-1;3502
91;68;0;0;0;468;NA;-1;3502
68;92;0;0;0;468;NA;-1;3503
92;68;0;0;0;468;NA;-1;3503
68;93;0;0;0;468;NA;-1;3504
93;68;0;0;0;468;NA;-1;3504
68;94;0;0;0;468;NA;-1;3505
94;68;0;0;0;468;NA;-1;3505
68;95;0;0;0;468;NA;-1;3506
95;68;0;0;0;468;NA;-1;3506
68;96;0;0;0;468;NA;-1;3507
96;68;0;0;0;468;NA;-1;3507
68;97;0;0;0;468;NA;-1;3508
97;68;0;0;0;468;NA;-1;3508
68;98;0;0;0;468;NA;-1;3509
98;68;0;0;0;468;NA;-1;3509
68;99;0;0;0;468;NA;-1;3510
99;68;0;0;0;468;NA;-1;3510
69;69;0;0;0;468;NA;-0.5;3511
69;70;0;0;0;468;NA;-1;3512
70;69;0;0;0;468;NA;-1;3512
69;71;0;0;0;468;NA;-1;3513
71;69;0;0;0;468;NA;-1;3513
69;72;0;0;0;468;NA;-1;3514
72;69;0;0;0;468;NA;-1;3514
69;73;0;0;0;468;NA;-1;3515
73;69;0;0;0;468;NA;-1;3515
69;74;0;0;0;468;NA;-1;3516
74;69;0;0;0;468;NA;-1;3516
69;75;0;0;0;468;NA;-1;3517
75;69;0;0;0;468;NA;-1;3517
69;77;0;0;0;468;NA;-1;3518
77;69;0;0;0;468;NA;-1;3518
69;78;0;0;0;468;NA;-1;3519
78;69;0;0;0;468;NA;-1;3519
69;79;0;0;0;468;NA;-1;3520
79;69;0;0;0;468;NA;-1;3520
69;80;0;0;0;468;NA;-1;3521
80;69;0;0;0;468;NA;-1;3521
69;81;0;0;0;468;NA;-1;3522
81;69;0;0;0;468;NA;-1;3522
69;82;0;0;0;468;NA;-1;3523
82;69;0;0;0;468;NA;-1;3523
69;84;0;0;0;468;NA;-1;3524
84;69;0;0;0;468;NA;-1;3524
69;85;0;0;0;468;NA;-1;3525
85;69;0;0;0;468;NA;-1;3525
69;86;0;0;0;468;NA;-1;3526
86;69;0;0;0;468;NA;-1;3526
69;87;0;0;0;468;NA;-1;3527
87;69;0;0;0;468;NA;-1;3527
69;88;0;0;0;468;NA;-1;3528
88;69;0;0;0;468;NA;-1;3528
69;90;0;0;0;468;NA;-1;3529
90;69;0;0;0;468;NA;-1;3529
69;91;0;0;0;468;NA;-1;3530
91;69;0;0;0;468;NA;-1;3530
69;92;0;0;0;468;NA;-1;3531
92;69;0;0;0;468;NA;-1;3531
69;93;0;0;0;468;NA;-1;3532
93;69;0;0;0;468;NA;-1;3532
69;94;0;0;0;468;NA;-1;3533
94;69;0;0;0;468;NA;-1;3533
69;95;0;0;0;468;NA;-1;3534
95;69;0;0;0;468;NA;-1;3534
69;96;0;0;0;468;NA;-1;3535
96;69;0;0;0;468;NA;-1;3535
69;97;0;0;0;468;NA;-1;3536
97;69;0;0;0;468;NA;-1;3536
69;98;0;0;0;468;NA;-1;3537
98;69;0;0;0;468;NA;-1;3537
69;99;0;0;0;468;NA;-1;3538
99;69;0;0;0;468;NA;-1;3538
70;70;0;0;0;468;NA;-0.5;3539
70;71;0;0;0;468;NA;-1;3540
71;70;0;0;0;468;NA;-1;3540
70;72;0;0;0;468;NA;-1;3541
72;70;0;0;0;468;NA;-1;3541
70;73;0;0;0;468;NA;-1;3542
73;70;0;0;0;468;NA;-1;3542
70;74;0;0;0;468;NA;-1;3543
74;70;0;0;0;468;NA;-1;3543
70;75;0;0;0;468;NA;-1;3544
75;70;0;0;0;468;NA;-1;3544
70;77;0;0;0;468;NA;-1;3545
77;70;0;0;0;468;NA;-1;3545
70;78;0;0;0;468;NA;-1;3546
78;70;0;0;0;468;NA;-1;3546
70;79;0;0;0;468;NA;-1;3547
79;70;0;0;0;468;NA;-1;3547
70;80;0;0;0;468;NA;-1;3548
80;70;0;0;0;468;NA;-1;3548
70;81;0;0;0;468;NA;-1;3549
81;70;0;0;0;468;NA;-1;3549
70;82;0;0;0;468;NA;-1;3550
82;70;0;0;0;468;NA;-1;3550
70;84;0;0;0;468;NA;-1;3551
84;70;0;0;0;468;NA;-1;3551
70;85;0;0;0;468;NA;-1;3552
85;70;0;0;0;468;NA;-1;3552
70;86;0;0;0;468;NA;-1;3553
86;70;0;0;0;468;NA;-1;3553
70;87;0;0;0;468;NA;-1;3554
87;70;0;0;0;468;NA;-1;3554
70;88;0;0;0;468;NA;-1;3555
88;70;0;0;0;468;NA;-1;3555
70;90;0;0;0;468;NA;-1;3556
90;70;0;0;0;468;NA;-1;3556
70;91;0;0;0;468;NA;-1;3557
91;70;0;0;0;468;NA;-1;3557
70;92;0;0;0;468;NA;-1;3558
92;70;0;0;0;468;NA;-1;3558
70;93;0;0;0;468;NA;-1;3559
93;70;0;0;0;468;NA;-1;3559
70;94;0;0;0;468;NA;-1;3560
94;70;0;0;0;468;NA;-1;3560
70;95;0;0;0;468;NA;-1;3561
95;70;0;0;0;468;NA;-1;3561
70;96;0;0;0;468;NA;-1;3562
96;70;0;0;0;468;NA;-1;3562
70;97;0;0;0;468;NA;-1;3563
97;70;0;0;0;468;NA;-1;3563
70;98;0;0;0;468;NA;-1;3564
98;70;0;0;0;468;NA;-1;3564
70;99;0;0;0;468;NA;-1;3565
99;70;0;0;0;468;NA;-1;3565
71;71;0;0;0;468;NA;-0.5;3566
71;72;0;0;0;468;NA;-1;3567
72;71;0;0;0;468;NA;-1;3567
71;73;0;0;0;468;NA;-1;3568
73;71;0;0;0;468;NA;-1;3568
71;74;0;0;0;468;NA;-1;3569
74;71;0;0;0;468;NA;-1;3569
71;75;0;0;0;468;NA;-1;3570
75;71;0;0;0;468;NA;-1;3570
71;77;0;0;0;468;NA;-1;3571
77;71;0;0;0;468;NA;-1;3571
71;78;0;0;0;468;NA;-1;3572
78;71;0;0;0;468;NA;-1;3572
71;79;0;0;0;468;NA;-1;3573
79;71;0;0;0;468;NA;-1;3573
71;80;0;0;0;468;NA;-1;3574
80;71;0;0;0;468;NA;-1;3574
71;81;0;0;0;468;NA;-1;3575
81;71;0;0;0;468;NA;-1;3575
71;82;0;0;0;468;NA;-1;3576
82;71;0;0;0;468;NA;-1;3576
71;84;0;0;0;468;NA;-1;3577
84;71;0;0;0;468;NA;-1;3577
71;85;0;0;0;468;NA;-1;3578
85;71;0;0;0;468;NA;-1;3578
71;86;0;0;0;468;NA;-1;3579
86;71;0;0;0;468;NA;-1;3579
71;87;0;0;0;468;NA;-1;3580
87;71;0;0;0;468;NA;-1;3580
71;88;0;0;0;468;NA;-1;3581
88;71;0;0;0;468;NA;-1;3581
71;90;0;0;0;468;NA;-1;3582
90;71;0;0;0;468;NA;-1;3582
71;91;0;0;0;468;NA;-1;3583
91;71;0;0;0;468;NA;-1;3583
71;92;0;0;0;468;NA;-1;3584
92;71;0;0;0;468;NA;-1;3584
71;93;0;0;0;468;NA;-1;3585
93;71;0;0;0;468;NA;-1;3585
71;94;0;0;0;468;NA;-1;3586
94;71;0;0;0;468;NA;-1;3586
71;95;0;0;0;468;NA;-1;3587
95;71;0;0;0;468;NA;-1;3587
71;96;0;0;0;468;NA;-1;3588
96;71;0;0;0;468;NA;-1;3588
71;97;0;0;0;468;NA;-1;3589
97;71;0;0;0;468;NA;-1;3589
71;98;0;0;0;468;NA;-1;3590
98;71;0;0;0;468;NA;-1;3590
71;99;0;0;0;468;NA;-1;3591
99;71;0;0;0;468;NA;-1;3591
72;72;0;0;0;468;NA;-0.5;3592
72;73;0;0;0;468;NA;-1;3593
73;72;0;0;0;468;NA;-1;3593
72;74;0;0;0;468;NA;-1;3594
74;72;0;0;0;468;NA;-1;3594
72;75;0;0;0;468;NA;-1;3595
75;72;0;0;0;468;NA;-1;3595
72;77;0;0;0;468;NA;-1;3596
77;72;0;0;0;468;NA;-1;3596
72;78;0;0;0;468;NA;-1;3597
78;72;0;0;0;468;NA;-1;3597
72;79;0;0;0;468;NA;-1;3598
79;72;0;0;0;468;NA;-1;3598
72;80;0;0;0;468;NA;-1;3599
80;72;0;0;0;468;NA;-1;3599
72;81;0;0;0;468;NA;-1;3600
81;72;0;0;0;468;NA;-1;3600
72;82;0;0;0;468;NA;-1;3601
82;72;0;0;0;468;NA;-1;3601
72;84;0;0;0;468;NA;-1;3602
84;72;0;0;0;468;NA;-1;3602
72;85;0;0;0;468;NA;-1;3603
85;72;0;0;0;468;NA;-1;3603
72;86;0;0;0;468;NA;-1;3604
86;72;0;0;0;468;NA;-1;3604
72;87;0;0;0;468;NA;-1;3605
87;72;0;0;0;468;NA;-1;3605
72;88;0;0;0;468;NA;-1;3606
88;72;0;0;0;468;NA;-1;3606
72;90;0;0;0;468;NA;-1;3607
90;72;0;0;0;468;NA;-1;3607
72;91;0;0;0;468;NA;-1;3608
91;72;0;0;0;468;NA;-1;3608
72;92;0;0;0;468;NA;-1;3609
92;72;0;0;0;468;NA;-1;3609
72;93;0;0;0;468;NA;-1;3610
93;72;0;0;0;468;NA;-1;3610
72;94;0;0;0;468;NA;-1;3611
94;72;0;0;0;468;NA;-1;3611
72;95;0;0;0;468;NA;-1;3612
95;72;0;0;0;468;NA;-1;3612
72;96;0;0;0;468;NA;-1;3613
96;72;0;0;0;468;NA;-1;3613
72;97;0;0;0;468;NA;-1;3614
97;72;0;0;0;468;NA;-1;3614
72;98;0;0;0;468;NA;-1;3615
98;72;0;0;0;468;NA;-1;3615
72;99;0;0;0;468;NA;-1;3616
99;72;0;0;0;468;NA;-1;3616
73;73;0;0;0;468;NA;-0.5;3617
73;74;0;0;0;468;NA;-1;3618
74;73;0;0;0;468;NA;-1;3618
73;75;0;0;0;468;NA;-1;3619
75;73;0;0;0;468;NA;-1;3619
73;77;0;0;0;468;NA;-1;3620
77;73;0;0;0;468;NA;-1;3620
73;78;0;0;0;468;NA;-1;3621
78;73;0;0;0;468;NA;-1;3621
73;79;0;0;0;468;NA;-1;3622
79;73;0;0;0;468;NA;-1;3622
73;80;0;0;0;468;NA;-1;3623
80;73;0;0;0;468;NA;-1;3623
73;81;0;0;0;468;NA;-1;3624
81;73;0;0;0;468;NA;-1;3624
73;82;0;0;0;468;NA;-1;3625
82;73;0;0;0;468;NA;-1;3625
73;84;0;0;0;468;NA;-1;3626
84;73;0;0;0;468;NA;-1;3626
73;85;0;0;0;468;NA;-1;3627
85;73;0;0;0;468;NA;-1;3627
73;86;0;0;0;468;NA;-1;3628
86;73;0;0;0;468;NA;-1;3628
73;87;0;0;0;468;NA;-1;3629
87;73;0;0;0;468;NA;-1;3629
73;88;0;0;0;468;NA;-1;3630
88;73;0;0;0;468;NA;-1;3630
73;90;0;0;0;468;NA;-1;3631
90;73;0;0;0;468;NA;-1;3631
73;91;0;0;0;468;NA;-1;3632
91;73;0;0;0;468;NA;-1;3632
73;92;0;0;0;468;NA;-1;3633
92;73;0;0;0;468;NA;-1;3633
73;93;0;0;0;468;NA;-1;3634
93;73;0;0;0;468;NA;-1;3634
73;94;0;0;0;468;NA;-1;3635
94;73;0;0;0;468;NA;-1;3635
73;95;0;0;0;468;NA;-1;3636
95;73;0;0;0;468;NA;-1;3636
73;96;0;0;0;468;NA;-1;3637
96;73;0;0;0;468;NA;-1;3637
73;97;0;0;0;468;NA;-1;3638
97;73;0;0;0;468;NA;-1;3638
73;98;0;0;0;468;NA;-1;3639
98;73;0;0;0;468;NA;-1;3639
73;99;0;0;0;468;NA;-1;3640
99;73;0;0;0;468;NA;-1;3640
74;74;0;0;0;468;NA;-0.5;3641
74;75;0;0;0;468;NA;-1;3642
75;74;0;0;0;468;NA;-1;3642
74;77;0;0;0;468;NA;-1;3643
77;74;0;0;0;468;NA;-1;3643
74;78;0;0;0;468;NA;-1;3644
78;74;0;0;0;468;NA;-1;3644
74;79;0;0;0;468;NA;-1;3645
79;74;0;0;0;468;NA;-1;3645
74;80;0;0;0;468;NA;-1;3646
80;74;0;0;0;468;NA;-1;3646
74;81;0;0;0;468;NA;-1;3647
81;74;0;0;0;468;NA;-1;3647
74;82;0;0;0;468;NA;-1;3648
82;74;0;0;0;468;NA;-1;3648
74;84;0;0;0;468;NA;-1;3649
84;74;0;0;0;468;NA;-1;3649
74;85;0;0;0;468;NA;-1;3650
85;74;0;0;0;468;NA;-1;3650
74;86;0;0;0;468;NA;-1;3651
86;74;0;0;0;468;NA;-1;3651
74;87;0;0;0;468;NA;-1;3652
87;74;0;0;0;468;NA;-1;3652
74;88;0;0;0;468;NA;-1;3653
88;74;0;0;0;468;NA;-1;3653
74;90;0;0;0;468;NA;-1;3654
90;74;0;0;0;468;NA;-1;3654
74;91;0;0;0;468;NA;-1;3655
91;74;0;0;0;468;NA;-1;3655
74;92;0;0;0;468;NA;-1;3656
92;74;0;0;0;468;NA;-1;3656
74;93;0;0;0;468;NA;-1;3657
93;74;0;0;0;468;NA;-1;3657
74;94;0;0;0;468;NA;-1;3658
94;74;0;0;0;468;NA;-1;3658
74;95;0;0;0;468;NA;-1;3659
95;74;0;0;0;468;NA;-1;3659
74;96;0;0;0;468;NA;-1;3660
96;74;0;0;0;468;NA;-1;3660
74;97;0;0;0;468;NA;-1;3661
97;74;0;0;0;468;NA;-1;3661
74;98;0;0;0;468;NA;-1;3662
98;74;0;0;0;468;NA;-1;3662
74;99;0;0;0;468;NA;-1;3663
99;74;0;0;0;468;NA;-1;3663
75;75;0;0;0;468;NA;-0.5;3664
75;77;0;0;0;468;NA;-1;3665
77;75;0;0;0;468;NA;-1;3665
75;78;0;0;0;468;NA;-1;3666
78;75;0;0;0;468;NA;-1;3666
75;79;0;0;0;468;NA;-1;3667
79;75;0;0;0;468;NA;-1;3667
75;80;0;0;0;468;NA;-1;3668
80;75;0;0;0;468;NA;-1;3668
75;81;0;0;0;468;NA;-1;3669
81;75;0;0;0;468;NA;-1;3669
75;82;0;0;0;468;NA;-1;3670
82;75;0;0;0;468;NA;-1;3670
75;84;0;0;0;468;NA;-1;3671
84;75;0;0;0;468;NA;-1;3671
75;85;0;0;0;468;NA;-1;3672
85;75;0;0;0;468;NA;-1;3672
75;86;0;0;0;468;NA;-1;3673
86;75;0;0;0;468;NA;-1;3673
75;87;0;0;0;468;NA;-1;3674
87;75;0;0;0;468;NA;-1;3674
75;88;0;0;0;468;NA;-1;3675
88;75;0;0;0;468;NA;-1;3675
75;90;0;0;0;468;NA;-1;3676
90;75;0;0;0;468;NA;-1;3676
75;91;0;0;0;468;NA;-1;3677
91;75;0;0;0;468;NA;-1;3677
75;92;0;0;0;468;NA;-1;3678
92;75;0;0;0;468;NA;-1;3678
75;93;0;0;0;468;NA;-1;3679
93;75;0;0;0;468;NA;-1;3679
75;94;0;0;0;468;NA;-1;3680
94;75;0;0;0;468;NA;-1;3680
75;95;0;0;0;468;NA;-1;3681
95;75;0;0;0;468;NA;-1;3681
75;96;0;0;0;468;NA;-1;3682
96;75;0;0;0;468;NA;-1;3682
75;97;0;0;0;468;NA;-1;3683
97;75;0;0;0;468;NA;-1;3683
75;98;0;0;0;468;NA;-1;3684
98;75;0;0;0;468;NA;-1;3684
75;99;0;0;0;468;NA;-1;3685
99;75;0;0;0;468;NA;-1;3685
77;77;0;0;0;468;NA;-0.5;3686
77;78;0;0;0;468;NA;-1;3687
78;77;0;0;0;468;NA;-1;3687
77;79;0;0;0;468;NA;-1;3688
79;77;0;0;0;468;NA;-1;3688
77;80;0;0;0;468;NA;-1;3689
80;77;0;0;0;468;NA;-1;3689
77;81;0;0;0;468;NA;-1;3690
81;77;0;0;0;468;NA;-1;3690
77;82;0;0;0;468;NA;-1;3691
82;77;0;0;0;468;NA;-1;3691
77;84;0;0;0;468;NA;-1;3692
84;77;0;0;0;468;NA;-1;3692
77;85;0;0;0;468;NA;-1;3693
85;77;0;0;0;468;NA;-1;3693
77;86;0;0;0;468;NA;-1;3694
86;77;0;0;0;468;NA;-1;3694
77;87;0;0;0;468;NA;-1;3695
87;77;0;0;0;468;NA;-1;3695
77;88;0;0;0;468;NA;-1;3696
88;77;0;0;0;468;NA;-1;3696
77;90;0;0;0;468;NA;-1;3697
90;77;0;0;0;468;NA;-1;3697
77;91;0;0;0;468;NA;-1;3698
91;77;0;0;0;468;NA;-1;3698
77;92;0;0;0;468;NA;-1;3699
92;77;0;0;0;468;NA;-1;3699
77;93;0;0;0;468;NA;-1;3700
93;77;0;0;0;468;NA;-1;3700
77;94;0;0;0;468;NA;-1;3701
94;77;0;0;0;468;NA;-1;3701
77;95;0;0;0;468;NA;-1;3702
95;77;0;0;0;468;NA;-1;3702
77;96;0;0;0;468;NA;-1;3703
96;77;0;0;0;468;NA;-1;3703
77;97;0;0;0;468;NA;-1;3704
97;77;0;0;0;468;NA;-1;3704
77;98;0;0;0;468;NA;-1;3705
98;77;0;0;0;468;NA;-1;3705
77;99;0;0;0;468;NA;-1;3706
99;77;0;0;0;468;NA;-1;3706
78;78;0;0;0;468;NA;-0.5;3707
78;79;0;0;0;468;NA;-1;3708
79;78;0;0;0;468;NA;-1;3708
78;80;0;0;0;468;NA;-1;3709
80;78;0;0;0;468;NA;-1;3709
78;81;0;0;0;468;NA;-1;3710
81;78;0;0;0;468;NA;-1;3710
78;82;0;0;0;468;NA;-1;3711
82;78;0;0;0;468;NA;-1;3711
78;84;0;0;0;468;NA;-1;3712
84;78;0;0;0;468;NA;-1;3712
78;85;0;0;0;468;NA;-1;3713
85;78;0;0;0;468;NA;-1;3713
78;86;0;0;0;468;NA;-1;3714
86;78;0;0;0;468;NA;-1;3714
78;87;0;0;0;468;NA;-1;3715
87;78;0;0;0;468;NA;-1;3715
78;88;0;0;0;468;NA;-1;3716
88;78;0;0;0;468;NA;-1;3716
78;90;0;0;0;468;NA;-1;3717
90;78;0;0;0;468;NA;-1;3717
78;91;0;0;0;468;NA;-1;3718
91;78;0;0;0;468;NA;-1;3718
78;92;0;0;0;468;NA;-1;3719
92;78;0;0;0;468;NA;-1;3719
78;93;0;0;0;468;NA;-1;3720
93;78;0;0;0;468;NA;-1;3720
78;94;0;0;0;468;NA;-1;3721
94;78;0;0;0;468;NA;-1;3721
78;95;0;0;0;468;NA;-1;3722
95;78;0;0;0;468;NA;-1;3722
78;96;0;0;0;468;NA;-1;3723
96;78;0;0;0;468;NA;-1;3723
78;97;0;0;0;468;NA;-1;3724
97;78;0;0;0;468;NA;-1;3724
78;98;0;0;0;468;NA;-1;3725
98;78;0;0;0;468;NA;-1;3725
78;99;0;0;0;468;NA;-1;3726
99;78;0;0;0;468;NA;-1;3726
79;79;0;0;0;468;NA;-0.5;3727
79;80;0;0;0;468;NA;-1;3728
80;79;0;0;0;468;NA;-1;3728
79;81;0;0;0;468;NA;-1;3729
81;79;0;0;0;468;NA;-1;3729
79;82;0;0;0;468;NA;-1;3730
82;79;0;0;0;468;NA;-1;3730
79;84;0;0;0;468;NA;-1;3731
84;79;0;0;0;468;NA;-1;3731
79;85;0;0;0;468;NA;-1;3732
85;79;0;0;0;468;NA;-1;3732
79;86;0;0;0;468;NA;-1;3733
86;79;0;0;0;468;NA;-1;3733
79;87;0;0;0;468;NA;-1;3734
87;79;0;0;0;468;NA;-1;3734
79;88;0;0;0;468;NA;-1;3735
88;79;0;0;0;468;NA;-1;3735
79;90;0;0;0;468;NA;-1;3736
90;79;0;0;0;468;NA;-1;3736
79;91;0;0;0;468;NA;-1;3737
91;79;0;0;0;468;NA;-1;3737
79;92;0;0;0;468;NA;-1;3738
92;79;0;0;0;468;NA;-1;3738
79;93;0;0;0;468;NA;-1;3739
93;79;0;0;0;468;NA;-1;3739
79;94;0;0;0;468;NA;-1;3740
94;79;0;0;0;468;NA;-1;3740
79;95;0;0;0;468;NA;-1;3741
95;79;0;0;0;468;NA;-1;3741
79;96;0;0;0;468;NA;-1;3742
96;79;0;0;0;468;NA;-1;3742
79;97;0;0;0;468;NA;-1;3743
97;79;0;0;0;468;NA;-1;3743
79;98;0;0;0;468;NA;-1;3744
98;79;0;0;0;468;NA;-1;3744
79;99;0;0;0;468;NA;-1;3745
99;79;0;0;0;468;NA;-1;3745
80;80;0;0;0;468;NA;-0.5;3746
80;81;0;0;0;468;NA;-1;3747
81;80;0;0;0;468;NA;-1;3747
80;82;0;0;0;468;NA;-1;3748
82;80;0;0;0;468;NA;-1;3748
80;84;0;0;0;468;NA;-1;3749
84;80;0;0;0;468;NA;-1;3749
80;85;0;0;0;468;NA;-1;3750
85;80;0;0;0;468;NA;-1;3750
80;86;0;0;0;468;NA;-1;3751
86;80;0;0;0;468;NA;-1;3751
80;87;0;0;0;468;NA;-1;3752
87;80;0;0;0;468;NA;-1;3752
80;88;0;0;0;468;NA;-1;3753
88;80;0;0;0;468;NA;-1;3753
80;90;0;0;0;468;NA;-1;3754
90;80;0;0;0;468;NA;-1;3754
80;91;0;0;0;468;NA;-1;3755
91;80;0;0;0;468;NA;-1;3755
80;92;0;0;0;468;NA;-1;3756
92;80;0;0;0;468;NA;-1;3756
80;93;0;0;0;468;NA;-1;3757
93;80;0;0;0;468;NA;-1;3757
80;94;0;0;0;468;NA;-1;3758
94;80;0;0;0;468;NA;-1;3758
80;95;0;0;0;468;NA;-1;3759
95;80;0;0;0;468;NA;-1;3759
80;96;0;0;0;468;NA;-1;3760
96;80;0;0;0;468;NA;-1;3760
80;97;0;0;0;468;NA;-1;3761
97;80;0;0;0;468;NA;-1;3761
80;98;0;0;0;468;NA;-1;3762
98;80;0;0;0;468;NA;-1;3762
80;99;0;0;0;468;NA;-1;3763
99;80;0;0;0;468;NA;-1;3763
81;81;0;0;0;468;NA;-0.5;3764
81;82;0;0;0;468;NA;-1;3765
82;81;0;0;0;468;NA;-1;3765
81;84;0;0;0;468;NA;-1;3766
84;81;0;0;0;468;NA;-1;3766
81;85;0;0;0;468;NA;-1;3767
85;81;0;0;0;468;NA;-1;3767
81;86;0;0;0;468;NA;-1;3768
86;81;0;0;0;468;NA;-1;3768
81;87;0;0;0;468;NA;-1;3769
87;81;0;0;0;468;NA;-1;3769
81;88;0;0;0;468;NA;-1;3770
88;81;0;0;0;468;NA;-1;3770
81;90;0;0;0;468;NA;-1;3771
90;81;0;0;0;468;NA;-1;3771
81;91;0;0;0;468;NA;-1;3772
91;81;0;0;0;468;NA;-1;3772
81;92;0;0;0;468;NA;-1;3773
92;81;0;0;0;468;NA;-1;3773
81;93;0;0;0;468;NA;-1;3774
93;81;0;0;0;468;NA;-1;3774
81;94;0;0;0;468;NA;-1;3775
94;81;0;0;0;468;NA;-1;3775
81;95;0;0;0;468;NA;-1;3776
95;81;0;0;0;468;NA;-1;3776
81;96;0;0;0;468;NA;-1;3777
96;81;0;0;0;468;NA;-1;3777
81;97;0;0;0;468;NA;-1;3778
97;81;0;0;0;468;NA;-1;3778
81;98;0;0;0;468;NA;-1;3779
98;81;0;0;0;468;NA;-1;3779
81;99;0;0;0;468;NA;-1;3780
99;81;0;0;0;468;NA;-1;3780
82;82;0;0;0;468;NA;-0.5;3781
82;84;0;0;0;468;NA;-1;3782
84;82;0;0;0;468;NA;-1;3782
82;85;0;0;0;468;NA;-1;3783
85;82;0;0;0;468;NA;-1;3783
82;86;0;0;0;468;NA;-1;3784
86;82;0;0;0;468;NA;-1;3784
82;87;0;0;0;468;NA;-1;3785
87;82;0;0;0;468;NA;-1;3785
82;88;0;0;0;468;NA;-1;3786
88;82;0;0;0;468;NA;-1;3786
82;90;0;0;0;468;NA;-1;3787
90;82;0;0;0;468;NA;-1;3787
82;91;0;0;0;468;NA;-1;3788
91;82;0;0;0;468;NA;-1;3788
82;92;0;0;0;468;NA;-1;3789
92;82;0;0;0;468;NA;-1;3789
82;93;0;0;0;468;NA;-1;3790
93;82;0;0;0;468;NA;-1;3790
82;94;0;0;0;468;NA;-1;3791
94;82;0;0;0;468;NA;-1;3791
82;95;0;0;0;468;NA;-1;3792
95;82;0;0;0;468;NA;-1;3792
82;96;0;0;0;468;NA;-1;3793
96;82;0;0;0;468;NA;-1;3793
82;97;0;0;0;468;NA;-1;3794
97;82;0;0;0;468;NA;-1;3794
82;98;0;0;0;468;NA;-1;3795
98;82;0;0;0;468;NA;-1;3795
82;99;0;0;0;468;NA;-1;3796
99;82;0;0;0;468;NA;-1;3796
84;84;0;0;0;468;NA;-0.5;3797
84;85;0;0;0;468;NA;-1;3798
85;84;0;0;0;468;NA;-1;3798
84;86;0;0;0;468;NA;-1;3799
86;84;0;0;0;468;NA;-1;3799
84;87;0;0;0;468;NA;-1;3800
87;84;0;0;0;468;NA;-1;3800
84;88;0;0;0;468;NA;-1;3801
88;84;0;0;0;468;NA;-1;3801
84;90;0;0;0;468;NA;-1;3802
90;84;0;0;0;468;NA;-1;3802
84;91;0;0;0;468;NA;-1;3803
91;84;0;0;0;468;NA;-1;3803
84;92;0;0;0;468;NA;-1;3804
92;84;0;0;0;468;NA;-1;3804
84;93;0;0;0;468;NA;-1;3805
93;84;0;0;0;468;NA;-1;3805
84;94;0;0;0;468;NA;-1;3806
94;84;0;0;0;468;NA;-1;3806
84;95;0;0;0;468;NA;-1;3807
95;84;0;0;0;468;NA;-1;3807
84;96;0;0;0;468;NA;-1;3808
96;84;0;0;0;468;NA;-1;3808
84;97;0;0;0;468;NA;-1;3809
97;84;0;0;0;468;NA;-1;3809
84;98;0;0;0;468;NA;-1;3810
98;84;0;0;0;468;NA;-1;3810
84;99;0;0;0;468;NA;-1;3811
99;84;0;0;0;468;NA;-1;3811
85;85;0;0;0;468;NA;-0.5;3812
85;86;0;0;0;468;NA;-1;3813
86;85;0;0;0;468;NA;-1;3813
85;87;0;0;0;468;NA;-1;3814
87;85;0;0;0;468;NA;-1;3814
85;88;0;0;0;468;NA;-1;3815
88;85;0;0;0;468;NA;-1;3815
85;90;0;0;0;468;NA;-1;3816
90;85;0;0;0;468;NA;-1;3816
85;91;0;0;0;468;NA;-1;3817
91;85;0;0;0;468;NA;-1;3817
85;92;0;0;0;468;NA;-1;3818
92;85;0;0;0;468;NA;-1;3818
85;93;0;0;0;468;NA;-1;3819
93;85;0;0;0;468;NA;-1;3819
85;94;0;0;0;468;NA;-1;3820
94;85;0;0;0;468;NA;-1;3820
85;95;0;0;0;468;NA;-1;3821
95;85;0;0;0;468;NA;-1;3821
85;96;0;0;0;468;NA;-1;3822
96;85;0;0;0;468;NA;-1;3822
85;97;0;0;0;468;NA;-1;3823
97;85;0;0;0;468;NA;-1;3823
85;98;0;0;0;468;NA;-1;3824
98;85;0;0;0;468;NA;-1;3824
85;99;0;0;0;468;NA;-1;3825
99;85;0;0;0;468;NA;-1;3825
86;86;0;0;0;468;NA;-0.5;3826
86;87;0;0;0;468;NA;-1;3827
87;86;0;0;0;468;NA;-1;3827
86;88;0;0;0;468;NA;-1;3828
88;86;0;0;0;468;NA;-1;3828
86;90;0;0;0;468;NA;-1;3829
90;86;0;0;0;468;NA;-1;3829
86;91;0;0;0;468;NA;-1;3830
91;86;0;0;0;468;NA;-1;3830
86;92;0;0;0;468;NA;-1;3831
92;86;0;0;0;468;NA;-1;3831
86;93;0;0;0;468;NA;-1;3832
93;86;0;0;0;468;NA;-1;3832
86;94;0;0;0;468;NA;-1;3833
94;86;0;0;0;468;NA;-1;3833
86;95;0;0;0;468;NA;-1;3834
95;86;0;0;0;468;NA;-1;3834
86;96;0;0;0;468;NA;-1;3835
96;86;0;0;0;468;NA;-1;3835
86;97;0;0;0;468;NA;-1;3836
97;86;0;0;0;468;NA;-1;3836
86;98;0;0;0;468;NA;-1;3837
98;86;0;0;0;468;NA;-1;3837
86;99;0;0;0;468;NA;-1;3838
99;86;0;0;0;468;NA;-1;3838
87;87;0;0;0;468;NA;-0.5;3839
87;88;0;0;0;468;NA;-1;3840
88;87;0;0;0;468;NA;-1;3840
87;90;0;0;0;468;NA;-1;3841
90;87;0;0;0;468;NA;-1;3841
87;91;0;0;0;468;NA;-1;3842
91;87;0;0;0;468;NA;-1;3842
87;92;0;0;0;468;NA;-1;3843
92;87;0;0;0;468;NA;-1;3843
87;93;0;0;0;468;NA;-1;3844
93;87;0;0;0;468;NA;-1;3844
87;94;0;0;0;468;NA;-1;3845
94;87;0;0;0;468;NA;-1;3845
87;95;0;0;0;468;NA;-1;3846
95;87;0;0;0;468;NA;-1;3846
87;96;0;0;0;468;NA;-1;3847
96;87;0;0;0;468;NA;-1;3847
87;97;0;0;0;468;NA;-1;3848
97;87;0;0;0;468;NA;-1;3848
87;98;0;0;0;468;NA;-1;3849
98;87;0;0;0;468;NA;-1;3849
87;99;0;0;0;468;NA;-1;3850
99;87;0;0;0;468;NA;-1;3850
88;88;0;0;0;468;NA;-0.5;3851
88;90;0;0;0;468;NA;-1;3852
90;88;0;0;0;468;NA;-1;3852
88;91;0;0;0;468;NA;-1;3853
91;88;0;0;0;468;NA;-1;3853
88;92;0;0;0;468;NA;-1;3854
92;88;0;0;0;468;NA;-1;3854
88;93;0;0;0;468;NA;-1;3855
93;88;0;0;0;468;NA;-1;3855
88;94;0;0;0;468;NA;-1;3856
94;88;0;0;0;468;NA;-1;3856
88;95;0;0;0;468;NA;-1;3857
95;88;0;0;0;468;NA;-1;3857
88;96;0;0;0;468;NA;-1;3858
96;88;0;0;0;468;NA;-1;3858
88;97;0;0;0;468;NA;-1;3859
97;88;0;0;0;468;NA;-1;3859
88;98;0;0;0;468;NA;-1;3860
98;88;0;0;0;468;NA;-1;3860
88;99;0;0;0;468;NA;-1;3861
99;88;0;0;0;468;NA;-1;3861
90;90;0;0;0;468;NA;-0.5;3862
90;91;0;0;0;468;NA;-1;3863
91;90;0;0;0;468;NA;-1;3863
90;92;0;0;0;468;NA;-1;3864
92;90;0;0;0;468;NA;-1;3864
90;93;0;0;0;468;NA;-1;3865
93;90;0;0;0;468;NA;-1;3865
90;94;0;0;0;468;NA;-1;3866
94;90;0;0;0;468;NA;-1;3866
90;95;0;0;0;468;NA;-1;3867
95;90;0;0;0;468;NA;-1;3867
90;96;0;0;0;468;NA;-1;3868
96;90;0;0;0;468;NA;-1;3868
90;97;0;0;0;468;NA;-1;3869
97;90;0;0;0;468;NA;-1;3869
90;98;0;0;0;468;NA;-1;3870
98;90;0;0;0;468;NA;-1;3870
90;99;0;0;0;468;NA;-1;3871
99;90;0;0;0;468;NA;-1;3871
91;91;0;0;0;468;NA;-0.5;3872
91;92;0;0;0;468;NA;-1;3873
92;91;0;0;0;468;NA;-1;3873
91;93;0;0;0;468;NA;-1;3874
93;91;0;0;0;468;NA;-1;3874
91;94;0;0;0;468;NA;-1;3875
94;91;0;0;0;468;NA;-1;3875
91;95;0;0;0;468;NA;-1;3876
95;91;0;0;0;468;NA;-1;3876
91;96;0;0;0;468;NA;-1;3877
96;91;0;0;0;468;NA;-1;3877
91;97;0;0;0;468;NA;-1;3878
97;91;0;0;0;468;NA;-1;3878
91;98;0;0;0;468;NA;-1;3879
98;91;0;0;0;468;NA;-1;3879
91;99;0;0;0;468;NA;-1;3880
99;91;0;0;0;468;NA;-1;3880
92;92;0;0;0;468;NA;-0.5;3881
92;93;0;0;0;468;NA;-1;3882
93;92;0;0;0;468;NA;-1;3882
92;94;0;0;0;468;NA;-1;3883
94;92;0;0;0;468;NA;-1;3883
92;95;0;0;0;468;NA;-1;3884
95;92;0;0;0;468;NA;-1;3884
92;96;0;0;0;468;NA;-1;3885
96;92;0;0;0;468;NA;-1;3885
92;97;0;0;0;468;NA;-1;3886
97;92;0;0;0;468;NA;-1;3886
92;98;0;0;0;468;NA;-1;3887
98;92;0;0;0;468;NA;-1;3887
92;99;0;0;0;468;NA;-1;3888
99;92;0;0;0;468;NA;-1;3888
93;93;0;0;0;468;NA;-0.5;3889
93;94;0;0;0;468;NA;-1;3890
94;93;0;0;0;468;NA;-1;3890
93;95;0;0;0;468;NA;-1;3891
95;93;0;0;0;468;NA;-1;3891
93;96;0;0;0;468;NA;-1;3892
96;93;0;0;0;468;NA;-1;3892
93;97;0;0;0;468;NA;-1;3893
97;93;0;0;0;468;NA;-1;3893
93;98;0;0;0;468;NA;-1;3894
98;93;0;0;0;468;NA;-1;3894
93;99;0;0;0;468;NA;-1;3895
99;93;0;0;0;468;NA;-1;3895
94;94;0;0;0;468;NA;-0.5;3896
94;95;0;0;0;468;NA;-1;3897
95;94;0;0;0;468;NA;-1;3897
94;96;0;0;0;468;NA;-1;3898
96;94;0;0;0;468;NA;-1;3898
94;97;0;0;0;468;NA;-1;3899
97;94;0;0;0;468;NA;-1;3899
94;98;0;0;0;468;NA;-1;3900
98;94;0;0;0;468;NA;-1;3900
94;99;0;0;0;468;NA;-1;3901
99;94;0;0;0;468;NA;-1;3901
95;95;0;0;0;468;NA;-0.5;3902
95;96;0;0;0;468;NA;-1;3903
96;95;0;0;0;468;NA;-1;3903
95;97;0;0;0;468;NA;-1;3904
97;95;0;0;0;468;NA;-1;3904
95;98;0;0;0;468;NA;-1;3905
98;95;0;0;0;468;NA;-1;3905
95;99;0;0;0;468;NA;-1;3906
99;95;0;0;0;468;NA;-1;3906
96;96;0;0;0;468;NA;-0.5;3907
96;97;0;0;0;468;NA;-1;3908
97;96;0;0;0;468;NA;-1;3908
96;98;0;0;0;468;NA;-1;3909
98;96;0;0;0;468;NA;-1;3909
96;99;0;0;0;468;NA;-1;3910
99;96;0;0;0;468;NA;-1;3910
97;97;0;0;0;468;NA;-0.5;3911
97;98;0;0;0;468;NA;-1;3912
98;97;0;0;0;468;NA;-1;3912
97;99;0;0;0;468;NA;-1;3913
99;97;0;0;0;468;NA;-1;3913
98;98;0;0;0;468;NA;-0.5;3914
98;99;0;0;0;468;NA;-1;3915
99;98;0;0;0;468;NA;-1;3915
99;99;0;0;0;468;NA;-0.5;3916
