"appln_id";"ctry_code";"IPC4d"
689;"HU";"A61K"
689;"HU";"A61P"
689;"HU";"C07D"
1544;"HU";"C07C"
1862;"HU";"A61K"
1862;"HU";"A61P"
1862;"HU";"C07D"
1862;"HU";"C07K"
1862;"HU";"C12N"
1862;"HU";"C12Q"
1862;"HU";"G01N"
3252;"HU";"B82Y"
3252;"HU";"C04B"
3252;"HU";"F27D"
4672;"HU";"A01N"
5534;"HU";"A61K"
5534;"HU";"A61P"
5534;"HU";"C07D"
22357;"HU";"C07C"
22357;"HU";"C07D"
24712;"HU";"A23L"
24712;"HU";"B65B"
24712;"HU";"B65D"
25168;"HU";"F16D"
25986;"HU";"G01J"
25986;"HU";"H01S"
32930;"HU";"G06F"
32930;"HU";"H04L"
39846;"HU";"A61K"
39846;"HU";"C07D"
39983;"HU";"C25B"
39983;"HU";"H01M"
41908;"HU";"A62C"
43604;"HU";"H04L"
51209;"HU";"G06Q"
52023;"HU";"B60J"
52304;"HU";"B60R"
52548;"HU";"A61B"
52548;"HU";"A61N"
52665;"HU";"H04L"
53048;"HU";"C25B"
53643;"HU";"A61K"
53643;"HU";"C12N"
53643;"HU";"G01N"
54686;"HU";"A61L"
54838;"HU";"A61K"
54838;"HU";"C01B"
54888;"HU";"G06F"
54888;"HU";"H04L"
55523;"HU";"G01M"
55523;"HU";"G01N"
55611;"HU";"A61K"
55611;"HU";"A61P"
55611;"HU";"C07D"
55611;"HU";"C07F"
55611;"HU";"C12N"
56223;"HU";"F16F"
59693;"HU";"G06F"
64447;"HU";"C22C"
65976;"HU";"H04L"
65976;"HU";"H04W"
66074;"HU";"A61K"
66074;"HU";"C07D"
66697;"HU";"A61K"
66697;"HU";"A61P"
84238;"HU";"C04B"
84238;"HU";"F27B"
84238;"HU";"F27D"
91037;"HU";"H04L"
91037;"HU";"H04Q"
91037;"HU";"H04W"
91067;"HU";"A61K"
91067;"HU";"A61P"
92175;"HU";"A61K"
92175;"HU";"C07D"
92953;"HU";"A61K"
92953;"HU";"C07B"
92953;"HU";"C07D"
96627;"HU";"A61K"
96627;"HU";"A61P"
102339;"HU";"H04L"
102431;"HU";"C12N"
102431;"HU";"C12P"
102431;"HU";"C12R"
102669;"HU";"H04L"
102675;"HU";"E04B"
102924;"HU";"D06F"
102924;"HU";"E03B"
102924;"HU";"E03D"
103161;"HU";"A61K"
103161;"HU";"A61P"
103161;"HU";"C07D"
103184;"HU";"A61K"
103184;"HU";"A61P"
103184;"HU";"C07D"
103206;"HU";"C12Q"
103206;"HU";"G01N"
103536;"HU";"H04L"
104244;"HU";"A47G"
113739;"HU";"C09K"
113739;"HU";"H01J"
116003;"HU";"G02B"
116239;"HU";"A61N"
116655;"HU";"C12N"
116655;"HU";"C12P"
116655;"HU";"C12R"
124433;"HU";"F02M"
124433;"HU";"F16K"
124433;"HU";"F28F"
127517;"HU";"C07D"
127517;"HU";"C07F"
127672;"HU";"A61K"
127672;"HU";"A61P"
127672;"HU";"C07D"
129017;"HU";"A61F"
129017;"HU";"A61N"
129018;"HU";"C08L"
129018;"HU";"E01C"
129018;"HU";"G01N"
129018;"HU";"G06F"
132140;"HU";"A61K"
132140;"HU";"A61P"
132140;"HU";"C07D"
132796;"HU";"A61K"
132796;"HU";"C07C"
133256;"HU";"A61K"
133256;"HU";"A61P"
133256;"HU";"C12N"
133505;"HU";"A61K"
133505;"HU";"C07D"
133507;"HU";"A61K"
133507;"HU";"C07D"
134020;"HU";"F24D"
134020;"HU";"F24J"
134020;"HU";"F24S"
134020;"HU";"F28D"
134068;"HU";"A61K"
134068;"HU";"A61P"
134068;"HU";"C07D"
134165;"HU";"C07D"
134508;"HU";"G06F"
134508;"HU";"G06Q"
135398;"HU";"C07C"
135547;"HU";"B23K"
135758;"HU";"A61K"
135758;"HU";"A61P"
135917;"HU";"H04L"
135917;"HU";"H04W"
138522;"HU";"H01K"
138522;"HU";"H05B"
139042;"HU";"B60G"
139042;"HU";"F16F"
139466;"HU";"G01F"
140135;"HU";"H01G"
140898;"HU";"F16K"
141360;"HU";"G06F"
141360;"HU";"H04J"
141360;"HU";"H04L"
141360;"HU";"H04M"
141360;"HU";"H04Q"
141360;"HU";"H04W"
141394;"HU";"G01N"
142513;"HU";"F21L"
142513;"HU";"F21S"
144828;"HU";"H04L"
145020;"HU";"A61K"
145020;"HU";"C07B"
145020;"HU";"C07C"
145489;"HU";"B60T"
145489;"HU";"B61H"
145516;"HU";"B60T"
146376;"HU";"H04L"
146376;"HU";"H04Q"
146376;"HU";"H04W"
146554;"HU";"H04L"
146554;"HU";"H04Q"
146554;"HU";"H04W"
146867;"HU";"H02K"
147379;"HU";"C07D"
147379;"HU";"C07G"
147744;"HU";"H04L"
147744;"HU";"H04M"
149722;"HU";"B21C"
149722;"HU";"C22C"
149722;"HU";"C22F"
149722;"HU";"H01K"
151897;"HU";"C12N"
155506;"HU";"B63B"
155972;"HU";"A01N"
156137;"HU";"A62D"
156137;"HU";"B29B"
156137;"HU";"C08J"
156279;"HU";"A61K"
156279;"HU";"A61P"
156279;"HU";"C07D"
157503;"HU";"A61P"
157503;"HU";"A61Q"
157503;"HU";"C07F"
157797;"HU";"H01R"
157844;"HU";"G11B"
157845;"HU";"G11B"
158189;"HU";"G06F"
158189;"HU";"H04L"
160392;"HU";"C07D"
161067;"HU";"E03D"
162901;"HU";"H01J"
162903;"HU";"H01J"
164262;"HU";"A61K"
164262;"HU";"A61P"
164262;"HU";"C07C"
164262;"HU";"C07F"
164294;"HU";"A61K"
164294;"HU";"A61P"
165416;"HU";"A61K"
165416;"HU";"A61P"
165643;"HU";"A63C"
166497;"HU";"A61B"
166497;"HU";"A61K"
166497;"HU";"C07B"
166497;"HU";"C07D"
166497;"HU";"C07F"
166557;"HU";"G11B"
168142;"HU";"C04B"
169590;"HU";"B81C"
169591;"HU";"A61K"
169591;"HU";"A61P"
169591;"HU";"C07C"
169591;"HU";"C07D"
170694;"HU";"F16K"
171008;"HU";"H04B"
171008;"HU";"H04J"
171008;"HU";"H04Q"
171115;"HU";"E05F"
171115;"HU";"F16F"
176484;"HU";"H01M"
176484;"HU";"H02J"
178536;"HU";"F21S"
178536;"HU";"F21V"
178536;"HU";"F21Y"
178536;"HU";"H01J"
179796;"HU";"A61K"
179796;"HU";"A61P"
179796;"HU";"C07D"
181854;"HU";"F21Y"
181854;"HU";"H01J"
182512;"HU";"B01D"
182512;"HU";"C04B"
182767;"HU";"H04L"
182767;"HU";"H04M"
182767;"HU";"H04N"
183484;"HU";"F21S"
183484;"HU";"H05B"
184355;"HU";"C07D"
185605;"HU";"A61K"
186349;"HU";"F16F"
186415;"HU";"G02B"
187896;"HU";"A23L"
187896;"HU";"B65D"
188291;"HU";"A47J"
188753;"HU";"F16L"
188753;"HU";"H02G"
190747;"HU";"G08G"
191928;"HU";"G06F"
191928;"HU";"G09C"
191928;"HU";"H04L"
191928;"HU";"H04Q"
191928;"HU";"H04W"
192602;"HU";"G09F"
193005;"HU";"A61K"
193005;"HU";"A61P"
193015;"HU";"C07C"
193079;"HU";"A23D"
193079;"HU";"A23L"
193179;"HU";"A47F"
193197;"HU";"H04L"
193376;"HU";"B41J"
193376;"HU";"B65B"
193661;"HU";"G01N"
193938;"HU";"B65D"
194586;"HU";"B28B"
195428;"HU";"A61K"
195428;"HU";"A61P"
195428;"HU";"C07D"
195725;"HU";"B23P"
195725;"HU";"F26B"
195725;"HU";"F27D"
196909;"HU";"H04L"
196909;"HU";"H04W"
198576;"HU";"A01H"
198576;"HU";"C12N"
199503;"HU";"B65D"
200417;"HU";"C07H"
200638;"HU";"B65D"
202043;"HU";"F16J"
202043;"HU";"F16K"
202043;"HU";"F16L"
206348;"HU";"F16K"
207771;"HU";"H01L"
208870;"HU";"A61K"
208870;"HU";"A61P"
208870;"HU";"C07C"
208870;"HU";"C07D"
208975;"HU";"A63C"
208975;"HU";"B62J"
208975;"HU";"B62K"
208975;"HU";"B62M"
210629;"HU";"B01J"
211771;"HU";"C12Q"
214875;"HU";"C09K"
214875;"HU";"E02D"
215280;"HU";"H01L"
217434;"HU";"G07F"
217534;"HU";"G07F"
217689;"HU";"G01J"
217689;"HU";"G01N"
217689;"HU";"G02B"
219344;"HU";"F02M"
219344;"HU";"F16K"
219344;"HU";"F28F"
220601;"HU";"C07C"
220856;"HU";"G01N"
221520;"HU";"B60G"
222951;"HU";"H01J"
222951;"HU";"H01K"
223501;"HU";"F02M"
223501;"HU";"F28D"
223501;"HU";"F28F"
224198;"HU";"A61K"
224198;"HU";"A61P"
224198;"HU";"C07C"
224198;"HU";"C07D"
224199;"HU";"A61K"
224199;"HU";"A61P"
224672;"HU";"A47J"
224741;"HU";"A61K"
224741;"HU";"C07C"
226552;"HU";"H01R"
226552;"HU";"H05K"
226640;"HU";"H03M"
229998;"HU";"C12M"
229998;"HU";"C12N"
229998;"HU";"C12Q"
229998;"HU";"G01N"
230772;"HU";"A61B"
232497;"HU";"B65G"
233810;"HU";"B60J"
233811;"HU";"B60J"
240902;"HU";"A61K"
240902;"HU";"C07K"
240902;"HU";"C12N"
246660;"HU";"G01N"
247226;"HU";"E01H"
248888;"HU";"H03H"
249324;"HU";"A61K"
249324;"HU";"A61P"
249821;"HU";"A23K"
249821;"HU";"A23L"
249821;"HU";"A61K"
249821;"HU";"A61P"
249853;"HU";"A63D"
249853;"HU";"A63F"
249854;"HU";"H04L"
249854;"HU";"H04Q"
249854;"HU";"H04W"
250054;"HU";"G21C"
250054;"HU";"G21F"
250054;"HU";"G21G"
250054;"HU";"G21K"
250054;"HU";"H05H"
250671;"HU";"H04Q"
250671;"HU";"H04W"
252978;"HU";"B65D"
253002;"HU";"B65D"
253129;"HU";"G02B"
253129;"HU";"H04N"
253529;"HU";"G07F"
257722;"HU";"B01D"
257722;"HU";"B01J"
257722;"HU";"C02F"
257723;"HU";"B01L"
257723;"HU";"G01N"
257723;"HU";"G06K"
257945;"HU";"B65D"
259819;"HU";"G02C"
261236;"HU";"H04L"
261236;"HU";"H04Q"
261236;"HU";"H04W"
261289;"HU";"A01K"
262442;"HU";"A47J"
263850;"HU";"A61K"
263850;"HU";"A61P"
265783;"HU";"C12Q"
270559;"HU";"B64B"
271003;"HU";"G01H"
271003;"HU";"G01N"
271985;"HU";"B29C"
272371;"HU";"A61B"
273747;"HU";"C08F"
277320;"HU";"H04L"
279751;"HU";"G06Q"
280289;"HU";"F16L"
281165;"HU";"H01J"
281385;"HU";"B01D"
281385;"HU";"B60T"
281411;"HU";"B60T"
285459;"HU";"A61K"
285459;"HU";"A61P"
285459;"HU";"C07D"
285460;"HU";"A61K"
285460;"HU";"A61P"
292006;"HU";"G03F"
292006;"HU";"H01S"
292687;"HU";"A61K"
292687;"HU";"A61Q"
297998;"HU";"H02M"
298025;"HU";"F28D"
298025;"HU";"H01L"
299196;"HU";"A23L"
299196;"HU";"B65D"
299196;"HU";"H05B"
308279;"HU";"C12Q"
309661;"HU";"A61K"
309661;"HU";"A61P"
309661;"HU";"C07D"
311426;"HU";"G06Q"
311426;"HU";"G07C"
315790;"HU";"H05K"
337713;"HU";"H04L"
337713;"HU";"H04Q"
337744;"HU";"B07B"
338315;"HU";"H01Q"
338315;"HU";"H04B"
338440;"HU";"A23C"
338440;"HU";"A23D"
338458;"HU";"H02H"
338458;"HU";"H02M"
338558;"HU";"G01N"
339323;"HU";"A61B"
339878;"HU";"G06K"
339878;"HU";"G06V"
339878;"HU";"G07C"
339878;"HU";"H04L"
341633;"HU";"H04Q"
341633;"HU";"H04W"
342449;"HU";"A01H"
342449;"HU";"C12N"
345332;"HU";"C07J"
346263;"HU";"C07D"
346264;"HU";"C07D"
346265;"HU";"A61K"
346265;"HU";"A61P"
346265;"HU";"C07D"
346266;"HU";"A61K"
346266;"HU";"A61P"
346266;"HU";"C07D"
346404;"HU";"A23B"
346404;"HU";"A23L"
346404;"HU";"F24J"
346404;"HU";"F24S"
346404;"HU";"F26B"
346446;"HU";"H04L"
346446;"HU";"H04M"
346446;"HU";"H04Q"
346656;"HU";"A61K"
346872;"HU";"F16F"
352204;"HU";"A61K"
352204;"HU";"A61P"
352204;"HU";"C07D"
352318;"HU";"C07K"
352318;"HU";"C12N"
353356;"HU";"H04L"
353433;"HU";"A61K"
353433;"HU";"A61P"
355055;"HU";"F02N"
355055;"HU";"H01H"
355640;"HU";"B02C"
355640;"HU";"C02F"
357698;"HU";"B60J"
357698;"HU";"E06B"
357843;"HU";"G01R"
357843;"HU";"H01M"
358551;"HU";"C07D"
360511;"HU";"E04G"
362181;"HU";"A23L"
362181;"HU";"B01F"
362181;"HU";"B67D"
362181;"HU";"G05D"
363047;"HU";"A61K"
363047;"HU";"A61P"
364228;"HU";"B60H"
364949;"HU";"G06K"
364949;"HU";"G07C"
364949;"HU";"H04L"
365108;"HU";"G01N"
365438;"HU";"A61K"
365438;"HU";"A61P"
365438;"HU";"C07D"
366084;"HU";"H04L"
367047;"HU";"B22D"
367047;"HU";"C22C"
373039;"HU";"A61K"
373039;"HU";"A61P"
374295;"HU";"H04L"
377712;"HU";"B01L"
377712;"HU";"G01N"
377716;"HU";"G06F"
377806;"HU";"A61B"
377806;"HU";"C12Q"
378447;"HU";"F16F"
378639;"HU";"C08B"
382080;"HU";"H04L"
382080;"HU";"H04Q"
382080;"HU";"H04W"
385337;"HU";"A01H"
385337;"HU";"C07K"
385337;"HU";"C12N"
385604;"HU";"B60T"
385604;"HU";"F16D"
385734;"HU";"B62D"
385734;"HU";"F16H"
385791;"HU";"F16D"
386035;"HU";"A61K"
386035;"HU";"A61P"
386700;"HU";"H01J"
387462;"HU";"A61K"
387462;"HU";"C07C"
387462;"HU";"C07D"
387463;"HU";"A61K"
387463;"HU";"C07C"
387464;"HU";"A61K"
387464;"HU";"A61P"
387464;"HU";"C07C"
387465;"HU";"A61K"
387465;"HU";"C07C"
387465;"HU";"C07D"
388875;"HU";"B60R"
389958;"HU";"H04L"
389958;"HU";"H04M"
391502;"HU";"C07D"
392411;"HU";"B60G"
392411;"HU";"B60T"
392411;"HU";"B62H"
392609;"HU";"F16H"
395055;"HU";"H04L"
395055;"HU";"H04Q"
395055;"HU";"H04W"
395897;"HU";"A61K"
395897;"HU";"A61P"
395897;"HU";"C07D"
395897;"HU";"C07F"
395897;"HU";"C12N"
396080;"HU";"A61K"
396080;"HU";"A61P"
397388;"HU";"C12Q"
397388;"HU";"G01N"
398920;"HU";"A01K"
398968;"HU";"H04Q"
398968;"HU";"H04W"
400076;"HU";"A61K"
400076;"HU";"A61P"
400076;"HU";"C07C"
400233;"HU";"C07D"
401715;"HU";"A61K"
401715;"HU";"A61P"
401715;"HU";"C07D"
406573;"HU";"C07J"
407175;"HU";"C03C"
407175;"HU";"C04B"
407175;"HU";"H02K"
407492;"HU";"A23L"
407492;"HU";"A61K"
407492;"HU";"A61P"
408136;"HU";"H04W"
408978;"HU";"B01D"
408978;"HU";"B01J"
408978;"HU";"C01B"
409162;"HU";"A61K"
409162;"HU";"A61P"
409162;"HU";"C07D"
411870;"HU";"A61B"
412701;"HU";"A01B"
412701;"HU";"A01D"
412801;"HU";"G06F"
413275;"HU";"B65F"
413275;"HU";"B67C"
413948;"HU";"A01M"
414221;"HU";"G06F"
414221;"HU";"H04L"
414221;"HU";"H04Q"
414221;"HU";"H04W"
414947;"HU";"A61K"
414947;"HU";"A61P"
414947;"HU";"C07D"
415832;"HU";"H04W"
416002;"HU";"A61K"
416002;"HU";"A61P"
416002;"HU";"C07C"
416652;"HU";"C07C"
417047;"HU";"C07D"
417932;"HU";"A61K"
422284;"HU";"H04L"
422284;"HU";"H04Q"
422284;"HU";"H04W"
423216;"HU";"H04L"
426802;"HU";"H04L"
426802;"HU";"H04Q"
426802;"HU";"H04W"
431460;"HU";"A61K"
431460;"HU";"A61P"
431460;"HU";"C07D"
432396;"HU";"C07D"
432646;"HU";"C07D"
432886;"HU";"G07F"
432967;"HU";"G04B"
444965;"HU";"H03M"
444965;"HU";"H04L"
446036;"HU";"E05C"
446814;"HU";"H01J"
447583;"HU";"A01N"
447583;"HU";"A01P"
447584;"HU";"E04H"
447939;"HU";"B01D"
447939;"HU";"B29C"
448320;"HU";"A23L"
448320;"HU";"A61K"
448320;"HU";"A61P"
454438;"HU";"G01C"
15706754;"HU";"B01D"
15706754;"HU";"C02F"
15709321;"HU";"H04Q"
15710375;"HU";"A61K"
15710375;"HU";"A61P"
15710375;"HU";"C07K"
15710375;"HU";"C12N"
15710375;"HU";"C12P"
15710375;"HU";"C12Q"
15710375;"HU";"C12R"
15710375;"HU";"G01N"
15710443;"HU";"C02F"
15714958;"HU";"A61K"
15714958;"HU";"A61P"
15714958;"HU";"C07B"
15714958;"HU";"C07C"
15714959;"HU";"A61K"
15714959;"HU";"A61P"
15714959;"HU";"C07B"
15714959;"HU";"C07C"
15715658;"HU";"A61K"
15715658;"HU";"A61P"
15715658;"HU";"C07C"
15715658;"HU";"C07K"
15721868;"HU";"B01J"
15721868;"HU";"C07B"
15721868;"HU";"C07C"
15721868;"HU";"C07F"
15721868;"HU";"C12P"
15724756;"HU";"B65B"
15724756;"HU";"B65D"
15725077;"HU";"A61M"
15726854;"HU";"B01D"
15739656;"HU";"C01G"
15739656;"HU";"H01J"
15742208;"HU";"H01J"
15742307;"HU";"H01J"
15742515;"HU";"H01J"
15742969;"HU";"F21S"
15742969;"HU";"F21V"
15742969;"HU";"F21W"
15742969;"HU";"F21Y"
15742969;"HU";"H01K"
15743488;"HU";"H01J"
15748707;"HU";"G06F"
15748707;"HU";"H04M"
15750538;"HU";"H04L"
15750538;"HU";"H04M"
15750539;"HU";"H04L"
15750539;"HU";"H04M"
15750540;"HU";"H04J"
15750540;"HU";"H04L"
15750540;"HU";"H04M"
15750764;"HU";"C01B"
15753590;"HU";"A61K"
15753590;"HU";"A61P"
15754232;"HU";"H04M"
15754232;"HU";"H04Q"
15754341;"HU";"E02D"
15755132;"HU";"C12Q"
15755527;"HU";"A61K"
15755527;"HU";"A61P"
15755527;"HU";"C07K"
15755527;"HU";"C12N"
15755527;"HU";"G01N"
15755975;"HU";"A61K"
15755975;"HU";"A61P"
15756220;"HU";"C12P"
15756220;"HU";"C12R"
15756222;"HU";"A61K"
15756222;"HU";"A61P"
15756222;"HU";"C07D"
15756222;"HU";"C12N"
15756222;"HU";"C12P"
15756222;"HU";"C12R"
15756887;"HU";"A61K"
15756887;"HU";"A61P"
15756887;"HU";"C07D"
15758128;"HU";"C07B"
15758128;"HU";"C07C"
15758128;"HU";"C12N"
15758128;"HU";"C12P"
15758128;"HU";"C12R"
15759818;"HU";"A23K"
15759818;"HU";"A23L"
15759818;"HU";"A61K"
15759818;"HU";"A61P"
15760175;"HU";"B30B"
15762300;"HU";"C07K"
15762300;"HU";"C12N"
15762301;"HU";"G02B"
15763377;"HU";"A46B"
15763377;"HU";"A46D"
15763409;"HU";"H04L"
15763508;"HU";"H04L"
15764458;"HU";"F21S"
15764458;"HU";"F21V"
15764458;"HU";"F21W"
15764458;"HU";"F21Y"
15766495;"HU";"A44C"
15766496;"HU";"A01G"
15766497;"HU";"B01F"
15766497;"HU";"C09K"
15766497;"HU";"C10L"
15766497;"HU";"F02M"
15766498;"HU";"C07D"
15766499;"HU";"A61K"
15766499;"HU";"A61P"
15766499;"HU";"C07B"
15766499;"HU";"C07C"
15766509;"HU";"A61K"
15766509;"HU";"A61P"
15766509;"HU";"C07K"
15766509;"HU";"C12N"
15766509;"HU";"G01N"
15767456;"HU";"H04L"
15767456;"HU";"H04M"
15767504;"HU";"C08J"
15767504;"HU";"C08L"
15767725;"HU";"A61K"
15767725;"HU";"A61P"
15767725;"HU";"C07B"
15767725;"HU";"C07C"
15769158;"HU";"H01J"
15769158;"HU";"H05B"
15770806;"HU";"A23L"
15770807;"HU";"C07C"
15770807;"HU";"C07D"
15770808;"HU";"C07J"
15770809;"HU";"C07C"
15770809;"HU";"C07D"
15771831;"HU";"A61K"
15771831;"HU";"A61L"
15771832;"HU";"C07D"
15772822;"HU";"E04B"
15772822;"HU";"E04H"
15773414;"HU";"B60G"
15773414;"HU";"F16F"
15773608;"HU";"A61K"
15773608;"HU";"A61P"
15774589;"HU";"G01N"
15774684;"HU";"H04L"
15774720;"HU";"A23C"
15774721;"HU";"B23K"
15774721;"HU";"F23D"
15774722;"HU";"A63C"
15774722;"HU";"E01C"
15774723;"HU";"A61K"
15774723;"HU";"A61P"
15774724;"HU";"A61H"
15774724;"HU";"A61N"
15774725;"HU";"A61K"
15774725;"HU";"A61P"
15774725;"HU";"C07D"
15774726;"HU";"C07C"
15774726;"HU";"C12P"
15774726;"HU";"C12R"
15774727;"HU";"C12Q"
15774728;"HU";"G01R"
15774729;"HU";"A61K"
15774729;"HU";"A61P"
15774729;"HU";"C07D"
15774730;"HU";"A63H"
15774731;"HU";"A61F"
15774731;"HU";"A61H"
15774731;"HU";"G09B"
15776836;"HU";"A61K"
15776836;"HU";"A61P"
15776836;"HU";"C07D"
15777909;"HU";"A61K"
15777909;"HU";"A61P"
15777909;"HU";"C07B"
15777909;"HU";"C07D"
15777910;"HU";"C07B"
15777910;"HU";"C07D"
15777911;"HU";"C07B"
15777911;"HU";"C07C"
15777912;"HU";"C07B"
15777912;"HU";"C07D"
15777913;"HU";"G10H"
15777914;"HU";"A61K"
15777914;"HU";"A61P"
15777915;"HU";"A61K"
15777915;"HU";"A61P"
15777915;"HU";"C07D"
15777916;"HU";"A61K"
15777916;"HU";"A61P"
15777916;"HU";"C07D"
15778194;"HU";"C07C"
15778194;"HU";"C12P"
15778194;"HU";"C12R"
15779489;"HU";"F16F"
15780607;"HU";"A61J"
15780607;"HU";"A61K"
15780607;"HU";"A61P"
15782468;"HU";"B07C"
15782468;"HU";"B65G"
15782847;"HU";"F17C"
15784623;"HU";"G01N"
15786707;"HU";"C07D"
15786707;"HU";"C12P"
15787596;"HU";"E04B"
15787962;"HU";"A61K"
15787962;"HU";"C08F"
15788425;"HU";"B21B"
15788434;"HU";"C08K"
15789371;"HU";"B61D"
15789371;"HU";"B66C"
15789372;"HU";"B63B"
15790047;"HU";"G06F"
15790047;"HU";"H04L"
15790149;"HU";"C07D"
15790150;"HU";"B23K"
15790151;"HU";"A47B"
15790970;"HU";"B65D"
15791707;"HU";"H04L"
15791707;"HU";"H04Q"
15791707;"HU";"H04W"
15791769;"HU";"F21S"
15791769;"HU";"G09F"
15791770;"HU";"A44B"
15791770;"HU";"B24D"
15794233;"HU";"A61K"
15794233;"HU";"C07C"
15794233;"HU";"C07D"
15794233;"HU";"C12N"
15794233;"HU";"C12P"
15794627;"HU";"G02B"
15794627;"HU";"H04N"
15794628;"HU";"C07D"
15794629;"HU";"A61K"
15794629;"HU";"A61P"
15794629;"HU";"C07B"
15794629;"HU";"C07D"
15794666;"HU";"H04L"
15794666;"HU";"H04M"
15795019;"HU";"C07C"
15795019;"HU";"C12P"
15796072;"HU";"A61K"
15796072;"HU";"A61P"
15796072;"HU";"C07C"
15796850;"HU";"A61K"
15796850;"HU";"A61P"
15796850;"HU";"C07D"
15796851;"HU";"A61K"
15796851;"HU";"A61P"
15796851;"HU";"C07D"
15796852;"HU";"B60C"
15797664;"HU";"H04M"
15799725;"HU";"C07F"
15800076;"HU";"A61B"
15801889;"HU";"B60T"
15806408;"HU";"B60T"
15808266;"HU";"G05B"
15810973;"HU";"C07D"
15810974;"HU";"C07D"
15819167;"HU";"B60R"
15820786;"HU";"A61M"
15820786;"HU";"G06F"
15824829;"HU";"F16B"
15826880;"HU";"G06F"
15826880;"HU";"G06N"
15826880;"HU";"G06T"
15826881;"HU";"G06F"
15826881;"HU";"G06N"
15826881;"HU";"G06T"
15826882;"HU";"G06F"
15826882;"HU";"G06N"
15826882;"HU";"G06T"
15830284;"HU";"A61K"
15830284;"HU";"A61P"
15830849;"HU";"A61K"
15830849;"HU";"A61P"
15830849;"HU";"C07D"
15832268;"HU";"G06F"
15832268;"HU";"H04L"
15832708;"HU";"A23L"
15832708;"HU";"A47J"
15832708;"HU";"H04M"
15836876;"HU";"H01J"
15836877;"HU";"H01J"
15837181;"HU";"H01J"
15837181;"HU";"H05K"
15838523;"HU";"H01J"
15840091;"HU";"H01J"
15841710;"HU";"G06F"
15841783;"HU";"F21V"
15841783;"HU";"F21Y"
15841783;"HU";"H01J"
15841841;"HU";"H01J"
15844411;"HU";"A61K"
15844411;"HU";"C12N"
15847903;"HU";"B65D"
15847903;"HU";"B65G"
15848161;"HU";"H04Q"
15848161;"HU";"H04W"
15849202;"HU";"B26D"
15849202;"HU";"B29B"
15849799;"HU";"A61K"
15849799;"HU";"C12N"
15849819;"HU";"A01K"
15849819;"HU";"C12N"
15850879;"HU";"G01N"
15851103;"HU";"C07D"
15851104;"HU";"G03H"
15851104;"HU";"G11B"
15851104;"HU";"G11C"
15851105;"HU";"G06K"
15851344;"HU";"A01K"
15851344;"HU";"C07K"
15851344;"HU";"C12N"
15852024;"HU";"E04C"
15852025;"HU";"G03H"
15852025;"HU";"G11B"
15852025;"HU";"G11C"
15852715;"HU";"H01M"
15852715;"HU";"H02J"
15853419;"HU";"A61K"
15853419;"HU";"A61P"
15853419;"HU";"C07D"
15853419;"HU";"C12N"
15853419;"HU";"C12P"
15854861;"HU";"A61K"
15854861;"HU";"A61P"
15854861;"HU";"C07C"
15855673;"HU";"C07C"
15855673;"HU";"C07D"
15856198;"HU";"C07K"
15856198;"HU";"C12N"
15856212;"HU";"A23L"
15856212;"HU";"A61K"
15856212;"HU";"A61P"
15856213;"HU";"A61J"
15858213;"HU";"C08K"
15858213;"HU";"C08L"
15858213;"HU";"C09K"
15858819;"HU";"A24C"
15858819;"HU";"A24D"
15859106;"HU";"A61K"
15859106;"HU";"A61P"
15859106;"HU";"C07C"
15859106;"HU";"C07D"
15860149;"HU";"G01F"
15860150;"HU";"C07D"
15860151;"HU";"A61K"
15860151;"HU";"A61P"
15860151;"HU";"C07D"
15860152;"HU";"G02B"
15860152;"HU";"G02F"
15860152;"HU";"H04N"
15860153;"HU";"A61K"
15860153;"HU";"A61P"
15860153;"HU";"C07D"
15860897;"HU";"H04L"
15860897;"HU";"H04Q"
15860897;"HU";"H04W"
15862171;"HU";"A61G"
15863257;"HU";"H04M"
15863257;"HU";"H04Q"
15863357;"HU";"C07B"
15863357;"HU";"C07D"
15863358;"HU";"A61P"
15863358;"HU";"C07D"
15863619;"HU";"A61B"
15863619;"HU";"A61F"
15863700;"HU";"A01N"
15863700;"HU";"A61K"
15863700;"HU";"A61L"
15863700;"HU";"C07D"
15863700;"HU";"C08B"
15863700;"HU";"C08L"
15863790;"HU";"A61K"
15863790;"HU";"C07K"
15863790;"HU";"C12N"
15864618;"HU";"A61K"
15864618;"HU";"A61P"
15864618;"HU";"C07D"
15865003;"HU";"A61B"
15865170;"HU";"H04Q"
15865322;"HU";"A61K"
15865331;"HU";"G06Q"
15865331;"HU";"H04L"
15865331;"HU";"H04M"
15865331;"HU";"H04Q"
15865331;"HU";"H04W"
15866312;"HU";"B60T"
15866878;"HU";"A61K"
15866878;"HU";"A61P"
15867748;"HU";"A01K"
15867748;"HU";"A01N"
15867749;"HU";"G02B"
15867749;"HU";"H04N"
15868262;"HU";"H01Q"
15869206;"HU";"A61K"
15869206;"HU";"A61Q"
15869823;"HU";"A61K"
15869823;"HU";"A61P"
15869823;"HU";"C07F"
15870447;"HU";"A61F"
15871333;"HU";"A61K"
15871333;"HU";"A61P"
15872274;"HU";"A61B"
15873224;"HU";"A01H"
15873224;"HU";"C07K"
15873224;"HU";"C12N"
15873224;"HU";"G01N"
15873424;"HU";"A61J"
15873424;"HU";"A61K"
15873424;"HU";"A61P"
15873425;"HU";"G06F"
15874242;"HU";"F15B"
15875567;"HU";"E04H"
15875567;"HU";"E06C"
15876683;"HU";"A61F"
15877277;"HU";"A61K"
15877277;"HU";"A61P"
15878378;"HU";"B05D"
15878378;"HU";"H01G"
15878378;"HU";"H01R"
15878708;"HU";"A61K"
15878708;"HU";"A61P"
15878708;"HU";"C07K"
15878708;"HU";"C12N"
15878708;"HU";"C12Q"
15878708;"HU";"G01N"
15879897;"HU";"H04Q"
15879897;"HU";"H04W"
15879933;"HU";"A61K"
15879933;"HU";"A61P"
15879933;"HU";"C07B"
15879933;"HU";"C07D"
15879934;"HU";"A61K"
15879934;"HU";"A61P"
15879934;"HU";"C07B"
15879934;"HU";"C07D"
15880384;"HU";"A61K"
15880384;"HU";"A61P"
15880384;"HU";"C07D"
15880688;"HU";"C01B"
15881383;"HU";"C07H"
15882205;"HU";"B32B"
15882386;"HU";"A61K"
15882386;"HU";"A61P"
15882386;"HU";"C07D"
15882690;"HU";"G06F"
15882690;"HU";"H04L"
15882691;"HU";"G06F"
15882691;"HU";"H04L"
15882931;"HU";"G10L"
15883130;"HU";"B61D"
15883130;"HU";"B65G"
15883130;"HU";"B66C"
15884240;"HU";"F17D"
15884677;"HU";"A61P"
15884677;"HU";"C07D"
15885638;"HU";"H01J"
15886941;"HU";"B60T"
15888091;"HU";"A61K"
15888091;"HU";"A61P"
15888091;"HU";"C07D"
15888445;"HU";"A61K"
15888445;"HU";"A61P"
15888445;"HU";"C07B"
15888445;"HU";"C07C"
15888445;"HU";"C07D"
15888445;"HU";"C12P"
15889097;"HU";"G06Q"
15889311;"HU";"H04L"
15889820;"HU";"H04Q"
15889972;"HU";"C07C"
15889972;"HU";"C07D"
15889973;"HU";"B65D"
15890697;"HU";"A61K"
15890749;"HU";"F23G"
15890752;"HU";"G02B"
15890752;"HU";"G02F"
15891853;"HU";"H04B"
15891853;"HU";"H04L"
15891853;"HU";"H04Q"
15891853;"HU";"H04W"
15893000;"HU";"A61K"
15893000;"HU";"A61P"
15893000;"HU";"C07D"
15893315;"HU";"H04M"
15893315;"HU";"H04Q"
15893315;"HU";"H04W"
15895719;"HU";"G06F"
15895719;"HU";"H04L"
15896040;"HU";"A61K"
15896040;"HU";"A61P"
15896040;"HU";"C07K"
15896040;"HU";"C12N"
15896040;"HU";"C12Q"
15896040;"HU";"G01N"
15896119;"HU";"H04M"
15896119;"HU";"H04Q"
15897163;"HU";"G06Q"
15897163;"HU";"G07F"
15897373;"HU";"A61B"
15897448;"HU";"B32B"
15897502;"HU";"A61K"
15897502;"HU";"A61P"
15897502;"HU";"C07D"
15897624;"HU";"A61F"
15897624;"HU";"G02B"
15897624;"HU";"G02C"
15897947;"HU";"A61K"
15897947;"HU";"A61Q"
15898069;"HU";"C07B"
15898069;"HU";"C07C"
15898069;"HU";"C07D"
15899779;"HU";"C07F"
15899779;"HU";"C11D"
15899779;"HU";"D06L"
15900536;"HU";"A01F"
15900936;"HU";"A47J"
15901101;"HU";"H04M"
15902041;"HU";"A21C"
15902042;"HU";"A21C"
15902043;"HU";"A21C"
15903414;"HU";"A01D"
15903642;"HU";"E06C"
15904826;"HU";"H04M"
15909990;"HU";"H04L"
15909990;"HU";"H04M"
15909990;"HU";"H04Q"
15909990;"HU";"H04W"
15912061;"HU";"B60T"
15915858;"HU";"B60R"
15921198;"HU";"E04G"
15921816;"HU";"H01J"
15928759;"HU";"H01J"
15930452;"HU";"H01J"
15933388;"HU";"A61K"
15933388;"HU";"A61P"
15933388;"HU";"C07C"
15933388;"HU";"C07D"
15934759;"HU";"C07B"
15934759;"HU";"C07K"
15940184;"HU";"A61F"
15940184;"HU";"B25J"
15940184;"HU";"G01L"
15940185;"HU";"C04B"
15940800;"HU";"H04L"
15941974;"HU";"G01N"
15941975;"HU";"C08J"
15941975;"HU";"C09D"
15942940;"HU";"G01N"
15943120;"HU";"H04L"
15943120;"HU";"H04Q"
15943120;"HU";"H04W"
15943146;"HU";"B01D"
15943146;"HU";"B01J"
15943146;"HU";"C07C"
15943146;"HU";"C08B"
15943146;"HU";"C08G"
15944714;"HU";"H04L"
15945523;"HU";"A61K"
15945523;"HU";"A61P"
15946704;"HU";"G08B"
15946704;"HU";"H04M"
15948094;"HU";"C07D"
15948230;"HU";"A61K"
15948230;"HU";"A61P"
15948230;"HU";"C07H"
15948230;"HU";"C12P"
15948230;"HU";"C12R"
15949707;"HU";"H01R"
15949708;"HU";"G08G"
15949718;"HU";"H04L"
15949718;"HU";"H04M"
15949718;"HU";"H04Q"
15949718;"HU";"H04W"
15952808;"HU";"H04L"
15952808;"HU";"H04Q"
15952809;"HU";"H04L"
15953462;"HU";"A61K"
15953463;"HU";"A61K"
15953463;"HU";"B01J"
15953463;"HU";"B01L"
15953463;"HU";"C07H"
15953463;"HU";"C12N"
15953463;"HU";"G01N"
15953463;"HU";"G21H"
15953464;"HU";"C07D"
15953465;"HU";"H01M"
15953465;"HU";"H02J"
15954875;"HU";"H04L"
15954905;"HU";"H04L"
15956079;"HU";"A61K"
15956079;"HU";"A61P"
15956079;"HU";"C07D"
15957656;"HU";"E04H"
15958930;"HU";"A61B"
15958931;"HU";"C07B"
15958931;"HU";"C07C"
15960342;"HU";"H04L"
15960342;"HU";"H04M"
15960342;"HU";"H04Q"
15960342;"HU";"H04W"
15961577;"HU";"C07K"
15961577;"HU";"C12N"
15961578;"HU";"E05B"
15961578;"HU";"G07C"
15961593;"HU";"E04H"
15962092;"HU";"C12N"
15962092;"HU";"C12P"
15962092;"HU";"C12R"
15962715;"HU";"A61K"
15962715;"HU";"A61P"
15963381;"HU";"B62D"
15963381;"HU";"F16H"
15963543;"HU";"C04B"
15963543;"HU";"C08F"
15963543;"HU";"C11D"
15963543;"HU";"D06M"
15964484;"HU";"C02F"
15964484;"HU";"G21F"
15964484;"HU";"H05H"
15965526;"HU";"A61K"
15965526;"HU";"A61P"
15965526;"HU";"C07C"
15965526;"HU";"C07D"
15965526;"HU";"C12N"
15965659;"HU";"A61K"
15965659;"HU";"A61P"
15965659;"HU";"C07D"
15966471;"HU";"A61K"
15966471;"HU";"A61P"
15966471;"HU";"C07D"
15966476;"HU";"A01K"
15966476;"HU";"A61K"
15966476;"HU";"C12N"
15966476;"HU";"C12Q"
15966476;"HU";"G01N"
15967618;"HU";"A23L"
15967618;"HU";"A61K"
15967618;"HU";"A61P"
15967618;"HU";"C11B"
15967618;"HU";"C11C"
15967619;"HU";"B30B"
15967619;"HU";"F16C"
15967620;"HU";"A61K"
15967620;"HU";"A61P"
15967620;"HU";"C07D"
15967621;"HU";"C07D"
15967621;"HU";"C07F"
15967622;"HU";"A61P"
15967622;"HU";"C07B"
15967622;"HU";"C07D"
15967623;"HU";"A61K"
15967623;"HU";"A61P"
15967623;"HU";"C07D"
15967624;"HU";"A01C"
15967624;"HU";"A01N"
15967624;"HU";"C05F"
15967624;"HU";"C09K"
15967624;"HU";"C12N"
15967624;"HU";"C12R"
15968945;"HU";"C07C"
15968945;"HU";"C07D"
15969141;"HU";"C07D"
15969611;"HU";"G06F"
15969611;"HU";"G06G"
15969634;"HU";"B01J"
15969634;"HU";"G01N"
15969639;"HU";"A23B"
15969921;"HU";"B23K"
15970989;"HU";"A61K"
15970989;"HU";"A61P"
15970989;"HU";"C07B"
15970989;"HU";"C07D"
15972477;"HU";"A61K"
15972477;"HU";"A61P"
15972477;"HU";"C07D"
15973251;"HU";"H04L"
15973360;"HU";"A61K"
15973360;"HU";"A61P"
15973360;"HU";"C07B"
15973360;"HU";"C07D"
15973678;"HU";"A61K"
15973678;"HU";"A61P"
15973678;"HU";"C07D"
15973678;"HU";"C07K"
15974079;"HU";"A61K"
15974079;"HU";"A61P"
15974079;"HU";"C07D"
15974397;"HU";"B09C"
15974397;"HU";"C09K"
15974398;"HU";"G06F"
15974398;"HU";"G09C"
15974398;"HU";"G11B"
15974904;"HU";"B60T"
15975869;"HU";"A61B"
15977497;"HU";"A61K"
15977498;"HU";"C07C"
15977498;"HU";"C10L"
15977498;"HU";"C11C"
15978139;"HU";"A61K"
15978139;"HU";"A61P"
15978139;"HU";"C07D"
15978573;"HU";"H04L"
15979362;"HU";"G09F"
15979363;"HU";"C07C"
15979363;"HU";"C07D"
15979439;"HU";"G06F"
15979439;"HU";"H04L"
15979439;"HU";"H04Q"
15979439;"HU";"H04W"
15980305;"HU";"A61K"
15980305;"HU";"A61P"
15980305;"HU";"C07J"
15981175;"HU";"G01B"
15981175;"HU";"G01N"
15982509;"HU";"H04Q"
15982509;"HU";"H04W"
15982810;"HU";"A61K"
15982811;"HU";"A23L"
15982811;"HU";"A61K"
15982811;"HU";"A61P"
15982812;"HU";"A61K"
15982812;"HU";"A61P"
15982812;"HU";"C07B"
15982812;"HU";"C07D"
15982813;"HU";"A61K"
15982813;"HU";"A61P"
15982813;"HU";"C07D"
15982814;"HU";"A61K"
15982815;"HU";"A47K"
15982816;"HU";"A23K"
15982817;"HU";"B05B"
15982817;"HU";"B65D"
15982818;"HU";"G06Q"
15982819;"HU";"B29C"
15982819;"HU";"B29L"
15982819;"HU";"F16L"
15982820;"HU";"E02D"
15982821;"HU";"A61K"
15982821;"HU";"A61P"
15982821;"HU";"C07D"
15982822;"HU";"B29B"
15982822;"HU";"B30B"
15982823;"HU";"A47F"
15982823;"HU";"F25D"
15984627;"HU";"C07C"
15985345;"HU";"A62C"
15985505;"HU";"G06F"
15985505;"HU";"H04L"
15985505;"HU";"H04Q"
15985756;"HU";"C07D"
15985756;"HU";"C12P"
15987306;"HU";"C07D"
15987306;"HU";"C12P"
15988900;"HU";"C23C"
15988900;"HU";"E06B"
15989886;"HU";"A61K"
15989886;"HU";"C07K"
15990094;"HU";"G02B"
15990094;"HU";"G08B"
15990094;"HU";"G09F"
15990095;"HU";"G08C"
15990095;"HU";"H04Q"
15990095;"HU";"H05B"
15990096;"HU";"C07D"
15991329;"HU";"G08G"
15991464;"HU";"A61K"
15991464;"HU";"A61P"
15991464;"HU";"C07D"
15991655;"HU";"C02F"
15991655;"HU";"H01P"
15992147;"HU";"A24D"
15992171;"HU";"A61K"
15992171;"HU";"A61P"
15992171;"HU";"C07B"
15992171;"HU";"C07D"
15992239;"HU";"A23B"
15992239;"HU";"A23L"
15992255;"HU";"G06Q"
15992525;"HU";"E03B"
15992525;"HU";"E03D"
15993108;"HU";"A01N"
15993108;"HU";"C07C"
15993108;"HU";"C08F"
15993108;"HU";"C09D"
15993108;"HU";"D06M"
15994044;"HU";"H02G"
15998915;"HU";"H04M"
15998915;"HU";"H04Q"
15999067;"HU";"E04G"
15999067;"HU";"E06C"
16000048;"HU";"E06C"
16000168;"HU";"H01L"
16002661;"HU";"G06T"
16002661;"HU";"G09C"
16002661;"HU";"H04N"
16005749;"HU";"C07D"
16006178;"HU";"B60K"
16006178;"HU";"H02K"
16007596;"HU";"A47L"
16012952;"HU";"F16J"
16012983;"HU";"B65D"
16015142;"HU";"C07C"
16015142;"HU";"C12P"
16015142;"HU";"C12R"
16019537;"HU";"B25D"
16019537;"HU";"B28D"
16019537;"HU";"E21B"
16020394;"HU";"B22F"
16020394;"HU";"C22C"
16020394;"HU";"H01K"
16020404;"HU";"H01J"
16020404;"HU";"H01K"
16021188;"HU";"H01J"
16033107;"HU";"F17C"
16033108;"HU";"A47J"
16033108;"HU";"B65D"
16033108;"HU";"B67D"
16033108;"HU";"F16K"
16033235;"HU";"E02D"
16033237;"HU";"B42D"
16033237;"HU";"G06K"
16033237;"HU";"G07D"
16033237;"HU";"G07F"
16033237;"HU";"G11B"
16033739;"HU";"A61K"
16034089;"HU";"A61K"
16034090;"HU";"A61K"
16034714;"HU";"B65G"
16034715;"HU";"G06Q"
16034715;"HU";"G07F"
16034715;"HU";"H04M"
16034735;"HU";"E06B"
16035604;"HU";"B01J"
16035604;"HU";"C07B"
16035604;"HU";"C07C"
16037839;"HU";"C07D"
16037839;"HU";"C12P"
16039613;"HU";"H04L"
16039613;"HU";"H04Q"
16039613;"HU";"H04W"
16040260;"HU";"A61K"
16040260;"HU";"A61L"
16040260;"HU";"A61P"
16040818;"HU";"E04B"
16040818;"HU";"E04H"
16043141;"HU";"A61K"
16043141;"HU";"A61P"
16043141;"HU";"B01D"
16043141;"HU";"C07D"
16043142;"HU";"A61K"
16043142;"HU";"A61P"
16043142;"HU";"C07D"
16043426;"HU";"A23L"
16043426;"HU";"A61K"
16043426;"HU";"A61L"
16043426;"HU";"C08L"
16043573;"HU";"E04B"
16044709;"HU";"C07J"
16044726;"HU";"H04L"
16045049;"HU";"H04Q"
16045049;"HU";"H04W"
16047262;"HU";"C08F"
16048574;"HU";"A61K"
16048574;"HU";"A61P"
16048574;"HU";"C07D"
16048575;"HU";"A21D"
16048575;"HU";"A23L"
16048576;"HU";"A63F"
16049229;"HU";"G21K"
16050122;"HU";"C07B"
16050122;"HU";"C07D"
16050122;"HU";"C07H"
16051402;"HU";"A01N"
16051708;"HU";"A61B"
16051708;"HU";"G01R"
16052665;"HU";"A61K"
16052665;"HU";"A61P"
16052665;"HU";"C07D"
16053560;"HU";"B60R"
16053597;"HU";"A61K"
16053597;"HU";"A61P"
16053597;"HU";"C08B"
16053958;"HU";"F28B"
16055283;"HU";"A61K"
16055283;"HU";"A61P"
16055283;"HU";"C07D"
16055284;"HU";"E04F"
16055538;"HU";"C12N"
16055538;"HU";"C12Q"
16055538;"HU";"G01N"
16055539;"HU";"A61K"
16055539;"HU";"A61P"
16055539;"HU";"C07D"
16055540;"HU";"H02G"
16056269;"HU";"G09C"
16056269;"HU";"H04B"
16056269;"HU";"H04L"
16056269;"HU";"H04Q"
16056269;"HU";"H04W"
16056358;"HU";"H04J"
16056358;"HU";"H04L"
16056358;"HU";"H04Q"
16056812;"HU";"C02F"
16057224;"HU";"H04L"
16057224;"HU";"H04W"
16057809;"HU";"C07C"
16057809;"HU";"C07D"
16057859;"HU";"H04Q"
16057859;"HU";"H04W"
16058443;"HU";"H04L"
16058443;"HU";"H04Q"
16058443;"HU";"H04W"
16058961;"HU";"B65D"
16058961;"HU";"G01N"
16059052;"HU";"A61K"
16059052;"HU";"A61P"
16059052;"HU";"C07C"
16059561;"HU";"F02M"
16059561;"HU";"F16K"
16059561;"HU";"F28D"
16059561;"HU";"F28F"
16059691;"HU";"B28B"
16059691;"HU";"E04B"
16059691;"HU";"E04C"
16059691;"HU";"G02B"
16059944;"HU";"B60R"
16059944;"HU";"E05B"
16060315;"HU";"H04H"
16060315;"HU";"H04L"
16060657;"HU";"G01N"
16062056;"HU";"C02F"
16062056;"HU";"C07D"
16062056;"HU";"C25B"
16062197;"HU";"B09C"
16062197;"HU";"C09K"
16062198;"HU";"B09C"
16062198;"HU";"C09K"
16062198;"HU";"C12P"
16062199;"HU";"C02F"
16062555;"HU";"H04L"
16062953;"HU";"C07D"
16063317;"HU";"C12M"
16063317;"HU";"G01N"
16063453;"HU";"B01L"
16063453;"HU";"G01N"
16064273;"HU";"A61K"
16064273;"HU";"A61P"
16064273;"HU";"C07D"
16064989;"HU";"F41H"
16065016;"HU";"H04L"
16065016;"HU";"H04Q"
16065016;"HU";"H04W"
16066157;"HU";"A61K"
16066157;"HU";"C07D"
16066157;"HU";"C07K"
16066157;"HU";"G01N"
16066594;"HU";"C07D"
16067835;"HU";"C08G"
16067835;"HU";"C08J"
16067835;"HU";"H01B"
16069666;"HU";"E05D"
16069792;"HU";"C21C"
16069793;"HU";"A61F"
16069793;"HU";"A61H"
16069793;"HU";"A61N"
16069794;"HU";"A61K"
16069794;"HU";"A61P"
16069794;"HU";"C07D"
16070342;"HU";"B60R"
16070342;"HU";"B62D"
16070588;"HU";"G06Q"
16070874;"HU";"H04L"
16070874;"HU";"H04Q"
16070874;"HU";"H04W"
16071259;"HU";"A61K"
16071259;"HU";"A61P"
16071260;"HU";"A01G"
16071260;"HU";"B65D"
16071261;"HU";"A01G"
16073344;"HU";"H04L"
16074065;"HU";"G09F"
16074839;"HU";"A61K"
16074839;"HU";"A61P"
16076443;"HU";"G01N"
16076753;"HU";"G02B"
16076753;"HU";"G03B"
16078076;"HU";"B24B"
16080646;"HU";"C08G"
16082173;"HU";"G02B"
16082173;"HU";"H04N"
16083262;"HU";"A01M"
16083262;"HU";"A46B"
16083262;"HU";"A47L"
16083262;"HU";"B08B"
16083263;"HU";"G06Q"
16083263;"HU";"G07F"
16083951;"HU";"H04L"
16083951;"HU";"H04M"
16086135;"HU";"C07D"
16086135;"HU";"C07H"
16087392;"HU";"G02B"
16090198;"HU";"C07C"
16090198;"HU";"C07D"
16090551;"HU";"F16J"
16090903;"HU";"E05D"
16090903;"HU";"E06C"
16091723;"HU";"B60T"
16091723;"HU";"H04L"
16091837;"HU";"H02P"
16094414;"HU";"B05B"
16094414;"HU";"B29C"
16094907;"HU";"H04B"
16094907;"HU";"H04Q"
16094907;"HU";"H04W"
16095255;"HU";"A61K"
16095255;"HU";"A61P"
16095255;"HU";"C07D"
16095336;"HU";"C08K"
16095336;"HU";"C08L"
16095336;"HU";"C09K"
16095425;"HU";"A61K"
16095425;"HU";"A61P"
16095425;"HU";"C07D"
16098227;"HU";"G03H"
16098227;"HU";"G11B"
16098227;"HU";"G11C"
16098534;"HU";"F24C"
16099553;"HU";"G01L"
16099553;"HU";"G01R"
16100093;"HU";"B60G"
16100093;"HU";"B60T"
16102114;"HU";"C07H"
16102863;"HU";"E04H"
16103798;"HU";"B60J"
16104071;"HU";"B62D"
16104071;"HU";"G01D"
16104223;"HU";"C07C"
16104223;"HU";"C12P"
16106828;"HU";"E04H"
16107835;"HU";"B60R"
16107835;"HU";"E05B"
16107905;"HU";"F16J"
16108623;"HU";"C07C"
16115652;"HU";"B01J"
16118453;"HU";"H01J"
16118549;"HU";"A61B"
16121628;"HU";"H04L"
16127323;"HU";"G09G"
16129311;"HU";"C07C"
16129311;"HU";"C08G"
16129312;"HU";"G06F"
16129312;"HU";"H04L"
16129313;"HU";"B42D"
16129313;"HU";"G06K"
16129313;"HU";"G07D"
16129313;"HU";"G07F"
16129313;"HU";"G11B"
16129313;"HU";"H03M"
16129314;"HU";"B60B"
16129314;"HU";"B60K"
16129315;"HU";"F16K"
16130138;"HU";"C10L"
16130656;"HU";"B65D"
16131412;"HU";"A61B"
16131813;"HU";"E03F"
16131813;"HU";"F04D"
16131975;"HU";"A63B"
16131975;"HU";"H04N"
16131976;"HU";"F02M"
16131977;"HU";"C07F"
16132539;"HU";"B08B"
16132539;"HU";"E04G"
16133075;"HU";"A61K"
16133075;"HU";"A61P"
16133075;"HU";"C07D"
16133528;"HU";"A61K"
16133528;"HU";"A61P"
16133528;"HU";"G01N"
16134168;"HU";"C07D"
16134394;"HU";"F16L"
16134546;"HU";"H04B"
16134546;"HU";"H04Q"
16134546;"HU";"H04W"
16134816;"HU";"G06F"
16134816;"HU";"H04L"
16134816;"HU";"H04W"
16136538;"HU";"A21C"
16136538;"HU";"B29C"
16136539;"HU";"G01N"
16136539;"HU";"G02B"
16137821;"HU";"A61F"
16137821;"HU";"A61M"
16137893;"HU";"H04L"
16138618;"HU";"B60R"
16138633;"HU";"B60R"
16138703;"HU";"A61K"
16138703;"HU";"A61P"
16138819;"HU";"A61K"
16138819;"HU";"A61P"
16138819;"HU";"C07D"
16138918;"HU";"B60R"
16139040;"HU";"B60R"
16139040;"HU";"E05D"
16139856;"HU";"A61P"
16139856;"HU";"C07D"
16139857;"HU";"H04L"
16140183;"HU";"H04B"
16140183;"HU";"H04Q"
16140183;"HU";"H04W"
16140992;"HU";"A61K"
16140992;"HU";"A61P"
16141335;"HU";"A47F"
16141335;"HU";"G07F"
16141574;"HU";"A61K"
16141574;"HU";"A61P"
16141757;"HU";"A61K"
16141757;"HU";"A61P"
16141757;"HU";"A61Q"
16141969;"HU";"B65D"
16142102;"HU";"A61K"
16142102;"HU";"A61P"
16142103;"HU";"A61K"
16142103;"HU";"A61P"
16142823;"HU";"A61K"
16142823;"HU";"A61P"
16142823;"HU";"C07D"
16143222;"HU";"C07D"
16143501;"HU";"C07J"
16144065;"HU";"H04L"
16144065;"HU";"H04Q"
16144065;"HU";"H04W"
16144066;"HU";"H04L"
16144520;"HU";"H04M"
16144684;"HU";"E03D"
16144821;"HU";"C08F"
16144821;"HU";"C10L"
16144821;"HU";"C10M"
16144849;"HU";"G03H"
16144849;"HU";"G11B"
16145466;"HU";"A61K"
16145466;"HU";"A61P"
16145466;"HU";"C07D"
16145957;"HU";"E05D"
16145957;"HU";"E05F"
16146384;"HU";"H04L"
16147776;"HU";"B60T"
16148611;"HU";"A61K"
16148931;"HU";"C07D"
16150309;"HU";"A61B"
16150310;"HU";"A01G"
16150310;"HU";"A01N"
16150310;"HU";"C12N"
16150311;"HU";"H01M"
16150312;"HU";"A61P"
16150312;"HU";"C07D"
16150313;"HU";"C07D"
16150314;"HU";"A61K"
16150315;"HU";"C07D"
16150316;"HU";"C07C"
16150491;"HU";"F25C"
16150491;"HU";"F25D"
16152640;"HU";"H04B"
16152640;"HU";"H04Q"
16152640;"HU";"H04W"
16152685;"HU";"F25B"
16152685;"HU";"F25D"
16152725;"HU";"H04L"
16154240;"HU";"C07D"
16156488;"HU";"A61K"
16156488;"HU";"C07K"
16157076;"HU";"C07C"
16157076;"HU";"C07D"
16157094;"HU";"C07D"
16157094;"HU";"C12P"
16158465;"HU";"A61B"
16158465;"HU";"A61F"
16158813;"HU";"C12N"
16158813;"HU";"G06F"
16158813;"HU";"G16B"
16159112;"HU";"H04L"
16159858;"HU";"B60R"
16161686;"HU";"A42B"
16161687;"HU";"C07D"
16161688;"HU";"A61M"
16161689;"HU";"C10L"
16161719;"HU";"C10B"
16161719;"HU";"C10G"
16161843;"HU";"H04L"
16161843;"HU";"H04W"
16164473;"HU";"A61K"
16164473;"HU";"C07D"
16165426;"HU";"A61B"
16168792;"HU";"A01N"
16169885;"HU";"A61K"
16169885;"HU";"A61P"
16169903;"HU";"B60R"
16170250;"HU";"A61K"
16170251;"HU";"A61K"
16170251;"HU";"A61P"
16170277;"HU";"H04L"
16170277;"HU";"H04W"
16172937;"HU";"B24B"
16172937;"HU";"B24D"
16172965;"HU";"B23Q"
16172965;"HU";"B24B"
16172965;"HU";"B25F"
16173277;"HU";"A61B"
16173278;"HU";"B65D"
16173279;"HU";"A61K"
16173279;"HU";"A61P"
16173280;"HU";"H02K"
16173281;"HU";"A61K"
16173282;"HU";"C10B"
16174024;"HU";"H04L"
16174040;"HU";"H04L"
16174525;"HU";"G02B"
16174570;"HU";"D06F"
16174570;"HU";"E03B"
16174570;"HU";"E03D"
16175218;"HU";"B24B"
16175218;"HU";"B25F"
16176153;"HU";"A61K"
16176153;"HU";"C07J"
16177073;"HU";"B60R"
16177074;"HU";"A61K"
16177074;"HU";"A61P"
16177074;"HU";"C07D"
16177075;"HU";"C07D"
16177076;"HU";"C07C"
16177076;"HU";"C09F"
16177076;"HU";"C11C"
16177090;"HU";"A61B"
16178220;"HU";"H04L"
16183866;"HU";"H04L"
16183866;"HU";"H04Q"
16183866;"HU";"H04W"
16184280;"HU";"H04L"
16184280;"HU";"H04W"
16185049;"HU";"A61K"
16185049;"HU";"C07C"
16185286;"HU";"F16J"
16185789;"HU";"A61K"
16185789;"HU";"A61P"
16185789;"HU";"C07D"
16186020;"HU";"F04D"
16186020;"HU";"F16C"
16186020;"HU";"H02K"
16186757;"HU";"F16D"
16187774;"HU";"B60R"
16187774;"HU";"B62D"
16187774;"HU";"E05B"
16187775;"HU";"B60B"
16187775;"HU";"B60J"
16187978;"HU";"A61M"
16190957;"HU";"G05F"
16192356;"HU";"F16H"
16192357;"HU";"F16H"
16195695;"HU";"B60T"
16196445;"HU";"A61K"
16196445;"HU";"A61P"
16196445;"HU";"C07D"
16196446;"HU";"A61K"
16196446;"HU";"A61P"
16196446;"HU";"C07D"
16206502;"HU";"A61K"
16206502;"HU";"A61N"
16206749;"HU";"A61K"
16206749;"HU";"C07K"
16206749;"HU";"C12N"
16206749;"HU";"G01N"
16208131;"HU";"A61M"
16208131;"HU";"G07C"
16209288;"HU";"H02M"
16209504;"HU";"G06F"
16212678;"HU";"B65D"
16214892;"HU";"F02N"
16214892;"HU";"F16H"
16214892;"HU";"H02K"
16215772;"HU";"H03H"
16215772;"HU";"H03J"
16215772;"HU";"H03K"
16215773;"HU";"H03L"
16215773;"HU";"H04B"
16216246;"HU";"G06T"
16216246;"HU";"G09G"
16216246;"HU";"H04N"
16216328;"HU";"H04L"
16216451;"HU";"H01J"
16216940;"HU";"C03C"
16216940;"HU";"F21W"
16216940;"HU";"F21Y"
16216940;"HU";"H01J"
16216940;"HU";"H01K"
16217513;"HU";"H01J"
16217515;"HU";"H01J"
16218399;"HU";"H03J"
16218399;"HU";"H03L"
16218399;"HU";"H04L"
16218958;"HU";"G06C"
16221879;"HU";"G06K"
16221879;"HU";"G07C"
16221879;"HU";"G07F"
16221879;"HU";"G08B"
16225747;"HU";"G09B"
16225748;"HU";"B60R"
16225749;"HU";"A61K"
16225749;"HU";"A61P"
16226265;"HU";"C07K"
16226265;"HU";"C12N"
16226265;"HU";"C12P"
16226548;"HU";"H04L"
16226882;"HU";"A61K"
16226882;"HU";"A61P"
16226882;"HU";"C07D"
16227016;"HU";"H04L"
16227042;"HU";"H04J"
16227042;"HU";"H04L"
16227042;"HU";"H04M"
16227042;"HU";"H04Q"
16227042;"HU";"H04W"
16227244;"HU";"G02B"
16228849;"HU";"B21D"
16228849;"HU";"B26D"
16228849;"HU";"B26F"
16228849;"HU";"B31B"
16229102;"HU";"H04N"
16229858;"HU";"C07D"
16229859;"HU";"A61K"
16229859;"HU";"A61P"
16229859;"HU";"C07D"
16229860;"HU";"A61B"
16229861;"HU";"C02F"
16230095;"HU";"H04N"
16233519;"HU";"H04L"
16234428;"HU";"H01B"
16234429;"HU";"H01F"
16234429;"HU";"H01G"
16234429;"HU";"H02H"
16234429;"HU";"H02J"
16234430;"HU";"B24B"
16234431;"HU";"C07D"
16234432;"HU";"B62K"
16234433;"HU";"B64B"
16236869;"HU";"A61K"
16236869;"HU";"C07D"
16239602;"HU";"B01D"
16239602;"HU";"B60T"
16241468;"HU";"A01J"
16241468;"HU";"A23C"
16241472;"HU";"C22B"
16241472;"HU";"H05H"
16241542;"HU";"A61K"
16241542;"HU";"C07D"
16243856;"HU";"A61M"
16243856;"HU";"B05B"
16243947;"HU";"A61K"
16243947;"HU";"A61P"
16243947;"HU";"C07D"
16244181;"HU";"A61K"
16244181;"HU";"C07B"
16244181;"HU";"C07D"
16244396;"HU";"H04L"
16244653;"HU";"H04L"
16244653;"HU";"H04Q"
16244653;"HU";"H04W"
16244689;"HU";"C07D"
16245344;"HU";"G06Q"
16245344;"HU";"G07F"
16245344;"HU";"G07G"
16245657;"HU";"G01N"
16246354;"HU";"B01J"
16246354;"HU";"B01L"
16246515;"HU";"A61K"
16246515;"HU";"A61P"
16246685;"HU";"A61K"
16246685;"HU";"A61P"
16246685;"HU";"C07D"
16247344;"HU";"B01L"
16247344;"HU";"G01N"
16247878;"HU";"A61K"
16247878;"HU";"C12N"
16247967;"HU";"G02B"
16247967;"HU";"G06F"
16247967;"HU";"H04N"
16248040;"HU";"B29C"
16248040;"HU";"B65D"
16248237;"HU";"G06F"
16249136;"HU";"G06F"
16249136;"HU";"G06Q"
16249168;"HU";"B29B"
16249219;"HU";"A61K"
16249219;"HU";"A61P"
16249295;"HU";"A61K"
16249486;"HU";"F16L"
16249897;"HU";"H04L"
16250257;"HU";"A61K"
16250257;"HU";"A61P"
16250257;"HU";"C07C"
16250354;"HU";"A61K"
16250354;"HU";"A61P"
16250354;"HU";"C07C"
16250467;"HU";"B60R"
16250965;"HU";"E04B"
16252043;"HU";"G21K"
16252274;"HU";"B29C"
16252274;"HU";"C08J"
16252274;"HU";"F16L"
16252846;"HU";"A61K"
16252846;"HU";"F26B"
16252967;"HU";"H04Q"
16252967;"HU";"H04W"
16254897;"HU";"A61K"
16254897;"HU";"A61L"
16254897;"HU";"C12N"
16254900;"HU";"A61N"
16254912;"HU";"G01N"
16254934;"HU";"A61K"
16254934;"HU";"A61P"
16254934;"HU";"C07D"
16255040;"HU";"C07D"
16255041;"HU";"A61K"
16255041;"HU";"C07D"
16255177;"HU";"H01J"
16255393;"HU";"H04M"
16255393;"HU";"H04Q"
16255409;"HU";"A61K"
16255409;"HU";"A61P"
16255409;"HU";"C07D"
16255416;"HU";"C07D"
16255515;"HU";"A61K"
16255515;"HU";"A61P"
16255515;"HU";"C07D"
16255516;"HU";"A61K"
16255516;"HU";"A61P"
16255516;"HU";"C07D"
16259203;"HU";"B25F"
16259280;"HU";"C08G"
16259280;"HU";"C08K"
16259755;"HU";"C07D"
16260241;"HU";"C07C"
16260287;"HU";"C07D"
16261192;"HU";"H04L"
16261192;"HU";"H04W"
16261223;"HU";"C08G"
16261875;"HU";"B23B"
16261876;"HU";"B01J"
16262984;"HU";"H04L"
16262984;"HU";"H04Q"
16262984;"HU";"H04W"
16263204;"HU";"H04L"
16263426;"HU";"A61K"
16263426;"HU";"C07H"
16263494;"HU";"H04L"
16263494;"HU";"H04W"
16263502;"HU";"A23L"
16264415;"HU";"A61B"
16264938;"HU";"A61K"
16264938;"HU";"A61P"
16264938;"HU";"C07D"
16265289;"HU";"B62D"
16265289;"HU";"F16H"
16266515;"HU";"H04L"
16266578;"HU";"F02M"
16266578;"HU";"F16K"
16266684;"HU";"B29C"
16268376;"HU";"C02F"
16268376;"HU";"C05F"
16268376;"HU";"C10L"
16268384;"HU";"C07J"
16268389;"HU";"C07J"
16268803;"HU";"G01M"
16268803;"HU";"G01R"
16270408;"HU";"F02M"
16270412;"HU";"H01J"
16270412;"HU";"H05B"
16271543;"HU";"G09G"
16271634;"HU";"G01N"
16271799;"HU";"A61K"
16271799;"HU";"A61P"
16271799;"HU";"C07D"
16271799;"HU";"C07F"
16273349;"HU";"B01D"
16274007;"HU";"A01C"
16274007;"HU";"C02F"
16274102;"HU";"E04H"
16275282;"HU";"B32B"
16275282;"HU";"G01M"
16275553;"HU";"A61K"
16275553;"HU";"A61P"
16275553;"HU";"C07D"
16275783;"HU";"H01J"
16275901;"HU";"C07C"
16276885;"HU";"H04W"
16278161;"HU";"B65D"
16278234;"HU";"H04W"
16278502;"HU";"B05D"
16278502;"HU";"B44C"
16278544;"HU";"A61F"
16278668;"HU";"A61N"
16278864;"HU";"H04L"
16279858;"HU";"C07K"
16279858;"HU";"G01N"
16280068;"HU";"A61K"
16280068;"HU";"A61P"
16280068;"HU";"C07D"
16280068;"HU";"C07H"
16280541;"HU";"C07D"
16280541;"HU";"C07H"
16280548;"HU";"A61K"
16280548;"HU";"A61P"
16280548;"HU";"C07D"
16280548;"HU";"C07H"
16280557;"HU";"A61K"
16280557;"HU";"A61P"
16280557;"HU";"C07D"
16280557;"HU";"C07H"
16283473;"HU";"C07D"
16283633;"HU";"C07D"
16284915;"HU";"F16K"
16285938;"HU";"C07D"
16286946;"HU";"H01F"
16288066;"HU";"G06F"
16289163;"HU";"G01N"
16289858;"HU";"E06B"
16290463;"HU";"B65D"
16292250;"HU";"B60T"
16292990;"HU";"B60G"
16293991;"HU";"C07D"
16294293;"HU";"G11B"
16294427;"HU";"A61K"
16294427;"HU";"A61P"
16294427;"HU";"C07K"
16294427;"HU";"C12N"
16295310;"HU";"B60R"
16295719;"HU";"A01N"
16295719;"HU";"A01P"
16298551;"HU";"C04B"
16298947;"HU";"C04B"
16299955;"HU";"B60G"
16303309;"HU";"B65D"
16303309;"HU";"G01N"
16304855;"HU";"G06F"
16304855;"HU";"G06Q"
16304855;"HU";"G16H"
16305656;"HU";"A61M"
16305919;"HU";"B28B"
16305919;"HU";"C04B"
16305919;"HU";"F27D"
16306794;"HU";"C08G"
16308209;"HU";"C07D"
16309108;"HU";"G11B"
16309170;"HU";"G06F"
16309488;"HU";"A61B"
16310304;"HU";"B27B"
16310305;"HU";"B27B"
16310517;"HU";"H04L"
16312696;"HU";"G11B"
16312777;"HU";"G11B"
16312889;"HU";"E04G"
16312914;"HU";"H04L"
16312914;"HU";"H04Q"
16312914;"HU";"H04W"
16313350;"HU";"C07D"
16314350;"HU";"H01J"
16314852;"HU";"G06F"
16314852;"HU";"G16H"
16315722;"HU";"G01R"
16318407;"HU";"G06F"
16318425;"HU";"H04W"
16318953;"HU";"C12Q"
16318953;"HU";"G01N"
16318953;"HU";"H01J"
16319298;"HU";"H01J"
16324290;"HU";"C12Q"
16324397;"HU";"B60T"
16324397;"HU";"G01P"
16324397;"HU";"G01S"
16324397;"HU";"G06T"
16326739;"HU";"B62D"
16327951;"HU";"H04L"
16327951;"HU";"H04Q"
16328623;"HU";"B32B"
16328624;"HU";"G02B"
16328625;"HU";"F16F"
16328625;"HU";"F16H"
16328626;"HU";"A61K"
16328626;"HU";"A61P"
16328626;"HU";"C07D"
16328627;"HU";"E04B"
16328627;"HU";"E04F"
16328627;"HU";"F16S"
16328628;"HU";"F41A"
16331119;"HU";"C07D"
16331407;"HU";"A61K"
16331407;"HU";"A61P"
16331407;"HU";"C07C"
16331408;"HU";"A61K"
16331408;"HU";"A61P"
16331408;"HU";"C07C"
16331524;"HU";"A61K"
16331524;"HU";"A61P"
16331524;"HU";"C07C"
16331737;"HU";"A61K"
16331737;"HU";"A61P"
16331737;"HU";"C07D"
16333561;"HU";"F02B"
16333561;"HU";"F02D"
16333562;"HU";"F02B"
16333562;"HU";"F02D"
16333756;"HU";"B01D"
16333756;"HU";"F15B"
16335812;"HU";"A61K"
16335812;"HU";"A61P"
16335812;"HU";"C07D"
16335813;"HU";"A61K"
16335813;"HU";"B01J"
16335814;"HU";"B29C"
16335815;"HU";"A21D"
16335816;"HU";"B01F"
16335816;"HU";"B01J"
16335816;"HU";"B01L"
16335816;"HU";"F04B"
16335816;"HU";"G01N"
16338277;"HU";"A61K"
16338277;"HU";"A61P"
16338277;"HU";"C07D"
16340013;"HU";"A44B"
16341385;"HU";"A61K"
16341672;"HU";"A61B"
16341672;"HU";"G01H"
16342321;"HU";"A61B"
16342321;"HU";"A61N"
16342321;"HU";"G10L"
16342571;"HU";"G06K"
16342571;"HU";"H04B"
16343117;"HU";"A01M"
16343117;"HU";"E01H"
16343118;"HU";"B29B"
16343118;"HU";"B29C"
16343119;"HU";"A61B"
16343120;"HU";"C07D"
16343121;"HU";"A21D"
16343121;"HU";"A23K"
16343121;"HU";"A23L"
16343121;"HU";"A61K"
16343121;"HU";"A61Q"
16343122;"HU";"E03F"
16343122;"HU";"F04D"
16343185;"HU";"G06F"
16344519;"HU";"A61K"
16344519;"HU";"C07D"
16345498;"HU";"B01L"
16345498;"HU";"C12Q"
16346887;"HU";"B01D"
16346887;"HU";"B01J"
16346887;"HU";"G01N"
16346908;"HU";"B60T"
16347207;"HU";"F16D"
16347971;"HU";"A61K"
16347971;"HU";"A61P"
16347971;"HU";"C07D"
16347972;"HU";"A61K"
16347972;"HU";"A61P"
16348875;"HU";"C12P"
16348875;"HU";"C12Q"
16350335;"HU";"A01H"
16350769;"HU";"F16H"
16350770;"HU";"F16H"
16350770;"HU";"G05G"
16352114;"HU";"G01N"
16352115;"HU";"A61K"
16352115;"HU";"C07D"
16352133;"HU";"G06F"
16352133;"HU";"G06Q"
16352505;"HU";"A61K"
16352505;"HU";"A61P"
16352505;"HU";"C07K"
16354941;"HU";"C07D"
16354941;"HU";"C12P"
16355176;"HU";"H01J"
16357075;"HU";"B22D"
16357307;"HU";"G06F"
16357841;"HU";"A43C"
16357842;"HU";"A61K"
16357843;"HU";"A61K"
16357920;"HU";"G06F"
16357920;"HU";"H04L"
16359250;"HU";"H04W"
16360919;"HU";"C03C"
16361133;"HU";"H01J"
16362404;"HU";"G06F"
16362404;"HU";"H03M"
16363194;"HU";"B65D"
16365006;"HU";"C12N"
16365940;"HU";"B65D"
16366142;"HU";"G01D"
16366181;"HU";"B60K"
16368276;"HU";"C07C"
16368276;"HU";"C07D"
16368276;"HU";"C07F"
16368815;"HU";"B41M"
16368815;"HU";"C03C"
16368815;"HU";"C04B"
16368815;"HU";"C09D"
16369841;"HU";"C07B"
16369841;"HU";"C07D"
16369842;"HU";"A01G"
16369857;"HU";"H04L"
16369857;"HU";"H04M"
16369857;"HU";"H04Q"
16369857;"HU";"H04W"
16371056;"HU";"C03C"
16371056;"HU";"H01B"
16371056;"HU";"H01K"
16371476;"HU";"A61K"
16371476;"HU";"C01B"
16371766;"HU";"B60T"
16371838;"HU";"B25F"
16371838;"HU";"B27C"
16372257;"HU";"C08L"
16372258;"HU";"C07D"
16372259;"HU";"A61K"
16372259;"HU";"A61P"
16372259;"HU";"C07D"
16372260;"HU";"A61K"
16372260;"HU";"A61P"
16372260;"HU";"C07D"
16372261;"HU";"B01J"
16372261;"HU";"B01L"
16372261;"HU";"C25B"
16373870;"HU";"B60T"
16374994;"HU";"A61K"
16374994;"HU";"A61P"
16374994;"HU";"C07D"
16375157;"HU";"B60T"
16375157;"HU";"B62D"
16375177;"HU";"A61K"
16375177;"HU";"A61P"
16375177;"HU";"C07D"
16375449;"HU";"A61K"
16375449;"HU";"A61P"
16375449;"HU";"C07D"
16376296;"HU";"E05C"
16376296;"HU";"E05F"
16376941;"HU";"C07C"
16376941;"HU";"C07D"
16376941;"HU";"C12N"
16376941;"HU";"C12P"
16377238;"HU";"B65G"
16377238;"HU";"F27B"
16377238;"HU";"F27D"
16377303;"HU";"F27D"
16377974;"HU";"B29D"
16377974;"HU";"F16F"
16378793;"HU";"G06F"
16379174;"HU";"F27D"
16380141;"HU";"B60G"
16380908;"HU";"C01B"
16381841;"HU";"F24J"
16383138;"HU";"A47C"
16383322;"HU";"H04W"
16383323;"HU";"H04Q"
16383323;"HU";"H04W"
16384110;"HU";"H04L"
16384764;"HU";"F16L"
16386443;"HU";"E04C"
16386443;"HU";"E04G"
16387127;"HU";"H04L"
16389252;"HU";"A61N"
16390046;"HU";"B60T"
16390840;"HU";"C07D"
16390872;"HU";"H04L"
16390872;"HU";"H04W"
16391268;"HU";"A61K"
16391268;"HU";"A61P"
16391268;"HU";"C07D"
16397202;"HU";"B60R"
16401335;"HU";"A01G"
16401339;"HU";"A01G"
16401339;"HU";"B26B"
16403486;"HU";"G03H"
16403486;"HU";"G11B"
16403716;"HU";"H01J"
16404116;"HU";"F03G"
16404182;"HU";"A61M"
16405786;"HU";"B60R"
16406143;"HU";"G11B"
16406929;"HU";"C04B"
16408470;"HU";"A61B"
16408470;"HU";"A61F"
16408470;"HU";"A61N"
16408470;"HU";"G06F"
16411338;"HU";"H01R"
16412613;"HU";"G11B"
16413461;"HU";"A61K"
16413461;"HU";"A61P"
16413461;"HU";"C07D"
16415033;"HU";"B60Q"
16415034;"HU";"G06N"
16415035;"HU";"F25B"
16416819;"HU";"C07D"
16416821;"HU";"C07D"
16416841;"HU";"C07D"
16416849;"HU";"A61K"
16416849;"HU";"A61P"
16416849;"HU";"C07D"
16417154;"HU";"C04B"
16417154;"HU";"F27D"
16417294;"HU";"B29B"
16417325;"HU";"A61N"
16417386;"HU";"A61K"
16418186;"HU";"G06K"
16420140;"HU";"B65D"
16420398;"HU";"B60T"
16422189;"HU";"B23D"
16423217;"HU";"H04W"
16423638;"HU";"H04L"
16424052;"HU";"G11B"
16427072;"HU";"H01J"
16429313;"HU";"B60G"
16429313;"HU";"F16F"
16429735;"HU";"A61B"
16429735;"HU";"A61M"
16431134;"HU";"B01D"
16431134;"HU";"B01J"
16431134;"HU";"C02F"
16431839;"HU";"B07C"
16431839;"HU";"G01N"
16431839;"HU";"G06K"
16432072;"HU";"G01L"
16432479;"HU";"C22C"
16432480;"HU";"C22C"
16432481;"HU";"C22C"
16434508;"HU";"F04B"
16434628;"HU";"F16K"
16434628;"HU";"G05D"
16435277;"HU";"E01B"
16435702;"HU";"G02F"
16435702;"HU";"H01S"
16437454;"HU";"F16F"
16437454;"HU";"H02K"
16437454;"HU";"H02P"
16437454;"HU";"H05G"
16439363;"HU";"B01D"
16439363;"HU";"F24F"
16439363;"HU";"F26B"
16443452;"HU";"G01T"
16443452;"HU";"G21H"
16444302;"HU";"G08B"
16444302;"HU";"H04N"
16444366;"HU";"F15B"
16444366;"HU";"F16D"
16444870;"HU";"C03B"
16444870;"HU";"F16L"
16445109;"HU";"B02C"
16445109;"HU";"B29B"
16445109;"HU";"B29K"
16445792;"HU";"F25B"
16446476;"HU";"B01D"
16446739;"HU";"G01F"
16446739;"HU";"G01W"
16447158;"HU";"F02B"
16447158;"HU";"F16F"
16447158;"HU";"G01D"
16447158;"HU";"G01R"
16447577;"HU";"A42B"
16447577;"HU";"A62B"
16447919;"HU";"B01D"
16448587;"HU";"G01M"
16448814;"HU";"C07D"
16449355;"HU";"A61K"
16449355;"HU";"A61P"
16449355;"HU";"C07D"
16449355;"HU";"C07F"
16449444;"HU";"G06F"
16449444;"HU";"H04L"
16449444;"HU";"H04M"
16449627;"HU";"B65D"
16449916;"HU";"B60K"
16449959;"HU";"A61K"
16449959;"HU";"A61P"
16449959;"HU";"C07D"
16450403;"HU";"D04H"
16450403;"HU";"D06N"
16450613;"HU";"A61K"
16450613;"HU";"A61P"
16450613;"HU";"C07J"
16452533;"HU";"B21D"
16452533;"HU";"F28F"
16452973;"HU";"G02F"
16453156;"HU";"A61K"
16453156;"HU";"A61P"
16453156;"HU";"C07D"
16453411;"HU";"C07F"
16454484;"HU";"A61B"
16454484;"HU";"G03B"
16455029;"HU";"F24F"
16455029;"HU";"F26B"
16455603;"HU";"B01F"
16455603;"HU";"C07C"
16455603;"HU";"C08G"
16455603;"HU";"C09K"
16455603;"HU";"C11D"
16456024;"HU";"A47B"
16456025;"HU";"G01F"
16456026;"HU";"G01D"
16456026;"HU";"G01F"
16456026;"HU";"G01P"
16456070;"HU";"A01N"
16456070;"HU";"A01P"
16459533;"HU";"H01J"
16461282;"HU";"H02P"
16461282;"HU";"H03K"
16461527;"HU";"G11B"
16461528;"HU";"G05D"
16461528;"HU";"G11B"
16461529;"HU";"G11B"
16461581;"HU";"A61K"
16461874;"HU";"A61K"
16461995;"HU";"A61K"
16461995;"HU";"C07K"
16462036;"HU";"B29D"
16462077;"HU";"A61K"
16462077;"HU";"A61P"
16462077;"HU";"C07K"
16462078;"HU";"A61K"
16462078;"HU";"A61P"
16462078;"HU";"C07K"
16462159;"HU";"C03C"
16462159;"HU";"C04B"
16462261;"HU";"A61K"
16462261;"HU";"A61P"
16462261;"HU";"C07C"
16462261;"HU";"C07F"
16462261;"HU";"C07K"
16462845;"HU";"A61B"
16462845;"HU";"A61K"
16462845;"HU";"A61L"
16462845;"HU";"A61M"
16462845;"HU";"C08L"
16463597;"HU";"B01D"
16463597;"HU";"B04C"
16464457;"HU";"F24J"
16464457;"HU";"F24S"
16464515;"HU";"A61K"
16464515;"HU";"A61P"
16464515;"HU";"C07D"
16464610;"HU";"C05G"
16465739;"HU";"C04B"
16466495;"HU";"A63F"
16466759;"HU";"E04B"
16466759;"HU";"E04C"
16466763;"HU";"F16L"
16466844;"HU";"G01R"
16467070;"HU";"G01B"
16467178;"HU";"F28D"
16467178;"HU";"F28F"
16467428;"HU";"A01M"
16467428;"HU";"A23K"
16467428;"HU";"A61K"
16467580;"HU";"A63F"
16467580;"HU";"B01D"
16467580;"HU";"F25B"
16467580;"HU";"F28D"
16467580;"HU";"F28F"
16468321;"HU";"A63F"
16468321;"HU";"A63H"
16468597;"HU";"F24D"
16468597;"HU";"F24F"
16468597;"HU";"G05D"
16469243;"HU";"A63F"
16469243;"HU";"A63H"
16469383;"HU";"C05F"
16470220;"HU";"A61K"
16470220;"HU";"A61P"
16470220;"HU";"C07C"
16470220;"HU";"C07D"
16470284;"HU";"H01J"
16470385;"HU";"A01B"
16470638;"HU";"B29B"
16470638;"HU";"B29C"
16470638;"HU";"B29D"
16471051;"HU";"F24H"
16471525;"HU";"A01C"
16471525;"HU";"A01N"
16471525;"HU";"A01P"
16471525;"HU";"C07C"
16471525;"HU";"C07D"
16471525;"HU";"C07H"
16471525;"HU";"C09K"
16471571;"HU";"B60G"
16471571;"HU";"F16F"
16471595;"HU";"A63F"
16471715;"HU";"C23F"
16471930;"HU";"A61K"
16471930;"HU";"A61P"
16471930;"HU";"C07D"
16471937;"HU";"C07D"
16471950;"HU";"A61K"
16471950;"HU";"C12N"
16471950;"HU";"C12P"
16471950;"HU";"C12Q"
16471950;"HU";"G01N"
16474299;"HU";"F23B"
16474299;"HU";"F23H"
16474299;"HU";"F24H"
16474670;"HU";"B66C"
16474670;"HU";"B66D"
16474678;"HU";"A21B"
16474678;"HU";"A21C"
16474678;"HU";"A21D"
16475809;"HU";"G01R"
16475809;"HU";"H01L"
16475970;"HU";"A01G"
16475970;"HU";"F16L"
16478040;"HU";"C07D"
16478363;"HU";"A61K"
16478363;"HU";"A61P"
16478363;"HU";"C07C"
16478363;"HU";"C07D"
16481786;"HU";"H01J"
16481823;"HU";"F23D"
16483193;"HU";"G01N"
16483194;"HU";"C02F"
16483194;"HU";"E02B"
16483195;"HU";"B43L"
16483196;"HU";"B41J"
16483196;"HU";"G02F"
16483196;"HU";"G03B"
16483196;"HU";"G03G"
16483196;"HU";"G06K"
16483196;"HU";"G11B"
16483196;"HU";"H04N"
16483197;"HU";"E04C"
16483323;"HU";"A61B"
16483324;"HU";"A01N"
16483347;"HU";"G06F"
16483431;"HU";"F16K"
16483452;"HU";"E05B"
16483453;"HU";"F21K"
16483453;"HU";"F21S"
16483453;"HU";"G03H"
16483453;"HU";"G09F"
16483453;"HU";"G11B"
16483454;"HU";"H02K"
16483779;"HU";"A61K"
16483779;"HU";"C12N"
16483779;"HU";"C12P"
16483780;"HU";"G11C"
16484001;"HU";"A61H"
16484001;"HU";"A61M"
16484002;"HU";"C02F"
16484002;"HU";"E02B"
16484002;"HU";"E02D"
16484002;"HU";"E03B"
16484145;"HU";"G01B"
16484145;"HU";"G01P"
16484146;"HU";"B01D"
16484146;"HU";"B01J"
16484146;"HU";"C01F"
16484146;"HU";"C01G"
16484147;"HU";"B60G"
16484147;"HU";"B62D"
16484148;"HU";"B43L"
16484294;"HU";"C25D"
16484295;"HU";"F16D"
16484295;"HU";"F16J"
16484296;"HU";"G06F"
16484296;"HU";"G09G"
16484297;"HU";"B65G"
16484599;"HU";"F28F"
16484600;"HU";"C02F"
16484600;"HU";"F26B"
16484880;"HU";"B01J"
16484881;"HU";"B01D"
16484881;"HU";"C02F"
16484882;"HU";"A63F"
16484883;"HU";"H01B"
16484883;"HU";"H01R"
16484883;"HU";"H05K"
16484884;"HU";"G11B"
16485127;"HU";"H01R"
16485128;"HU";"A61B"
16485128;"HU";"A63F"
16485128;"HU";"A63H"
16485128;"HU";"G09B"
16485423;"HU";"A61B"
16485423;"HU";"A63B"
16485424;"HU";"A63F"
16485425;"HU";"B60K"
16485425;"HU";"H02J"
16485548;"HU";"A61K"
16485548;"HU";"A61Q"
16485549;"HU";"F02M"
16485714;"HU";"G06K"
16485715;"HU";"A63F"
16485715;"HU";"A63H"
16485963;"HU";"G10H"
16485975;"HU";"H01F"
16486053;"HU";"E04H"
16486345;"HU";"A01K"
16486345;"HU";"F24D"
16486345;"HU";"F24F"
16486345;"HU";"F25B"
16486671;"HU";"C08K"
16486927;"HU";"A23N"
16486927;"HU";"B02B"
16486927;"HU";"F26B"
16487156;"HU";"F02M"
16487846;"HU";"A62D"
16487847;"HU";"G01N"
16487924;"HU";"A61K"
16487924;"HU";"A61P"
16488047;"HU";"F24H"
16488047;"HU";"H05B"
16488320;"HU";"G01N"
16488438;"HU";"E04G"
16488438;"HU";"F16B"
16488786;"HU";"A61K"
16488786;"HU";"C07C"
16488786;"HU";"C07D"
16488787;"HU";"A61K"
16488787;"HU";"A61P"
16488787;"HU";"C07D"
16488830;"HU";"A61K"
16488830;"HU";"A61P"
16488830;"HU";"C07C"
16488830;"HU";"C07D"
16488831;"HU";"A61K"
16488831;"HU";"A61P"
16488831;"HU";"C07C"
16488831;"HU";"C07D"
16488832;"HU";"A61K"
16488832;"HU";"A61P"
16488832;"HU";"C07D"
16488973;"HU";"C07J"
16488974;"HU";"C07J"
16489032;"HU";"G01V"
16489056;"HU";"G01L"
16489056;"HU";"G01N"
16489074;"HU";"A61K"
16489074;"HU";"A61P"
16489074;"HU";"C07C"
16489074;"HU";"C07D"
16489195;"HU";"F16N"
16489302;"HU";"A63F"
16489302;"HU";"A63H"
16489349;"HU";"H03H"
16489533;"HU";"G01F"
16489750;"HU";"H01M"
16489995;"HU";"G03G"
16489996;"HU";"B65H"
16489996;"HU";"G03G"
16489997;"HU";"G03G"
16489998;"HU";"B41L"
16489998;"HU";"G06M"
16489999;"HU";"G03G"
16490731;"HU";"A61K"
16490731;"HU";"A61P"
16490731;"HU";"C07C"
16490731;"HU";"C07K"
16491027;"HU";"B23D"
16491027;"HU";"B23P"
16491082;"HU";"H03G"
16491139;"HU";"G01N"
16492291;"HU";"G01V"
16492291;"HU";"G08G"
16492310;"HU";"C07D"
16492311;"HU";"C07D"
16493352;"HU";"C08J"
16493352;"HU";"C08L"
16493701;"HU";"G05B"
16494090;"HU";"B01J"
16494090;"HU";"C01B"
16494090;"HU";"C10G"
16494187;"HU";"A01G"
16494187;"HU";"E04H"
16494338;"HU";"A61K"
16494338;"HU";"A61P"
16494338;"HU";"C07K"
16494888;"HU";"A61K"
16494888;"HU";"A61P"
16494888;"HU";"C07J"
16495165;"HU";"E04B"
16495165;"HU";"F16B"
16495326;"HU";"F23D"
16495423;"HU";"E02D"
16495423;"HU";"E21B"
16495836;"HU";"F24B"
16495836;"HU";"F24C"
16495836;"HU";"F24H"
16496068;"HU";"B42D"
16496200;"HU";"C07C"
16496200;"HU";"C07D"
16498386;"HU";"H01Q"
16498899;"HU";"A63F"
16501004;"HU";"A61K"
16501309;"HU";"G05D"
16501309;"HU";"H05B"
16501310;"HU";"G01D"
16501310;"HU";"G05D"
16501310;"HU";"G09G"
16501698;"HU";"A01C"
16501698;"HU";"A01G"
16501698;"HU";"A01M"
16501698;"HU";"B05B"
16501891;"HU";"A61K"
16501891;"HU";"A61P"
16501891;"HU";"C07C"
16501891;"HU";"C07D"
16502359;"HU";"H01Q"
16504356;"HU";"A61K"
16504356;"HU";"A61P"
16504356;"HU";"C07C"
16504356;"HU";"C07K"
16505188;"HU";"B03C"
16505188;"HU";"F01N"
16510114;"HU";"A63G"
16510114;"HU";"B62K"
16510114;"HU";"B62M"
16510115;"HU";"C12N"
16510115;"HU";"C12Q"
16510116;"HU";"H01J"
16510117;"HU";"B01D"
16510117;"HU";"C09K"
16510117;"HU";"E03B"
16510196;"HU";"A63F"
16510583;"HU";"E04B"
16510583;"HU";"E04H"
16510584;"HU";"G01N"
16510733;"HU";"A01C"
16510734;"HU";"B23B"
16510734;"HU";"B23Q"
16510735;"HU";"A61K"
16510735;"HU";"C22C"
16510736;"HU";"B01D"
16510736;"HU";"B03D"
16510736;"HU";"C02F"
16510737;"HU";"B01D"
16510882;"HU";"A44C"
16510882;"HU";"G09F"
16510883;"HU";"B01D"
16511023;"HU";"A63F"
16511023;"HU";"A63H"
16511023;"HU";"G09B"
16511024;"HU";"F16K"
16511025;"HU";"F16K"
16511026;"HU";"A63F"
16511222;"HU";"A61K"
16511222;"HU";"A61Q"
16511222;"HU";"C11D"
16511223;"HU";"A63F"
16511224;"HU";"B65D"
16511224;"HU";"C12H"
16511225;"HU";"H04L"
16511226;"HU";"A63F"
16511274;"HU";"H02H"
16511274;"HU";"H02M"
16511275;"HU";"A61K"
16511275;"HU";"C08B"
16511276;"HU";"A01N"
16511276;"HU";"C07D"
16511277;"HU";"F28F"
16511278;"HU";"G09B"
16511440;"HU";"B65D"
16511440;"HU";"B66F"
16511441;"HU";"E04B"
16511712;"HU";"F41J"
16511761;"HU";"A63F"
16511948;"HU";"G08B"
16511949;"HU";"B63B"
16511949;"HU";"B63H"
16512094;"HU";"A62C"
16512094;"HU";"B65D"
16512095;"HU";"F15B"
16512170;"HU";"B66F"
16512171;"HU";"A01B"
16512244;"HU";"A63F"
16512346;"HU";"A01C"
16512346;"HU";"C05D"
16512347;"HU";"H02J"
16512385;"HU";"A61K"
16512385;"HU";"C08L"
16512386;"HU";"A01C"
16512386;"HU";"C05G"
16512387;"HU";"A63F"
16512388;"HU";"G11B"
16512504;"HU";"A63F"
16512582;"HU";"F16J"
16512583;"HU";"H02G"
16512714;"HU";"A23J"
16512714;"HU";"A23L"
16512714;"HU";"H05B"
16512715;"HU";"B01D"
16512715;"HU";"C02F"
16512716;"HU";"A63F"
16512716;"HU";"G09B"
16512717;"HU";"F26B"
16512718;"HU";"A01K"
16512825;"HU";"E04F"
16512826;"HU";"A23K"
16512826;"HU";"A61K"
16512827;"HU";"G01F"
16512827;"HU";"G01K"
16512828;"HU";"A01C"
16512828;"HU";"G06F"
16512973;"HU";"H05B"
16512974;"HU";"C07C"
16512974;"HU";"C07D"
16512974;"HU";"C09B"
16512974;"HU";"G01N"
16512975;"HU";"A47B"
16512975;"HU";"A47C"
16513324;"HU";"A01N"
16513324;"HU";"A01P"
16513324;"HU";"C07C"
16514026;"HU";"G01C"
16514056;"HU";"C12Q"
16514056;"HU";"G01N"
16514323;"HU";"G09B"
16514602;"HU";"F25B"
16514893;"HU";"G01R"
16514975;"HU";"F16B"
16515211;"HU";"A61K"
16515211;"HU";"A61P"
16515211;"HU";"C08B"
16515211;"HU";"C12P"
16515489;"HU";"A61K"
16515489;"HU";"A61P"
16515489;"HU";"C07D"
16515491;"HU";"A63F"
16515832;"HU";"B29B"
16515832;"HU";"B29C"
16515832;"HU";"B29K"
16516352;"HU";"F28F"
16516521;"HU";"G01J"
16516521;"HU";"G01N"
16516545;"HU";"G01N"
16516984;"HU";"F04B"
16516984;"HU";"F15B"
16517070;"HU";"F24D"
16517070;"HU";"F24F"
16517637;"HU";"B24B"
16518023;"HU";"A61K"
16518023;"HU";"B01J"
16518023;"HU";"C07C"
16518023;"HU";"C07D"
16518136;"HU";"G01J"
16518137;"HU";"G01J"
16518138;"HU";"G01J"
16518138;"HU";"G01N"
16518139;"HU";"G01N"
16518180;"HU";"G01F"
16518597;"HU";"A23L"
16518597;"HU";"A61K"
16518597;"HU";"C02F"
16519228;"HU";"A61K"
16519228;"HU";"A61Q"
16519393;"HU";"A63F"
16519393;"HU";"A63H"
16519489;"HU";"B01D"
16519489;"HU";"F15D"
16519489;"HU";"F28C"
16519489;"HU";"F28F"
16519496;"HU";"H02K"
16519637;"HU";"B32B"
16519637;"HU";"E03F"
16519637;"HU";"F16L"
16519666;"HU";"G01M"
16519790;"HU";"A61B"
16519790;"HU";"A61F"
16519790;"HU";"G09B"
16519790;"HU";"G10L"
16519948;"HU";"G01L"
16520412;"HU";"H04R"
16520602;"HU";"C08K"
16520608;"HU";"G06F"
16520608;"HU";"G09G"
16521452;"HU";"B67D"
16521589;"HU";"G02B"
16521589;"HU";"G03B"
16521777;"HU";"A61K"
16522163;"HU";"C12P"
16522274;"HU";"H02J"
16522891;"HU";"A23L"
16523029;"HU";"B01F"
16523029;"HU";"C07C"
16523029;"HU";"C08G"
16523029;"HU";"C09K"
16523029;"HU";"C11D"
16523104;"HU";"B01J"
16523104;"HU";"C01F"
16523104;"HU";"C25B"
16523292;"HU";"A23L"
16523455;"HU";"B01J"
16523455;"HU";"B65G"
16523455;"HU";"G01N"
16523455;"HU";"G05B"
16523525;"HU";"G01J"
16523525;"HU";"G01N"
16523568;"HU";"A61K"
16523568;"HU";"C12N"
16523568;"HU";"C12P"
16523950;"HU";"B60J"
16523950;"HU";"E05F"
16524155;"HU";"B01D"
16524205;"HU";"G01R"
16524491;"HU";"A61K"
16524491;"HU";"A61P"
16524491;"HU";"C07D"
16524545;"HU";"H02P"
16524734;"HU";"A61K"
16524734;"HU";"A61P"
16524734;"HU";"C07D"
16525069;"HU";"B04C"
16525069;"HU";"F23G"
16525069;"HU";"F23J"
16525069;"HU";"F28F"
16525303;"HU";"B01D"
16525303;"HU";"B01J"
16525439;"HU";"A61K"
16525439;"HU";"A61P"
16525439;"HU";"C07C"
16525439;"HU";"C07D"
16525440;"HU";"A61K"
16525440;"HU";"A61P"
16525440;"HU";"C07C"
16525441;"HU";"A61K"
16525441;"HU";"A61P"
16525441;"HU";"C07C"
16525442;"HU";"A61K"
16525442;"HU";"A61P"
16525442;"HU";"C07C"
16525443;"HU";"A61K"
16525443;"HU";"A61P"
16525443;"HU";"C07C"
16525443;"HU";"C07D"
16525444;"HU";"A61K"
16525444;"HU";"A61P"
16525444;"HU";"C07C"
16525499;"HU";"F16D"
16527361;"HU";"A61K"
16527361;"HU";"A61P"
16527594;"HU";"H04J"
16528230;"HU";"A61K"
16528230;"HU";"A61P"
16528230;"HU";"C07D"
16528565;"HU";"A61K"
16528565;"HU";"A61L"
16528565;"HU";"A61P"
16528565;"HU";"C08F"
16531922;"HU";"C04B"
16533712;"HU";"A01N"
16533712;"HU";"A01P"
16534185;"HU";"H03B"
16534185;"HU";"H03H"
16535088;"HU";"A61K"
16535088;"HU";"A61P"
16535088;"HU";"C07D"
16535089;"HU";"A61K"
16535089;"HU";"A61P"
16535089;"HU";"C07D"
16535089;"HU";"C12N"
16535090;"HU";"A61K"
16535090;"HU";"A61P"
16535090;"HU";"C07C"
16535091;"HU";"A61K"
16535091;"HU";"A61P"
16535091;"HU";"C07D"
16535091;"HU";"C12N"
16535093;"HU";"A61K"
16535093;"HU";"A61P"
16535093;"HU";"C07C"
16535094;"HU";"A61K"
16535094;"HU";"A61P"
16535094;"HU";"C07C"
16535094;"HU";"C07D"
16535094;"HU";"C12N"
16536543;"HU";"C07C"
16538208;"HU";"A01G"
16538208;"HU";"A01H"
16539897;"HU";"H01L"
16540096;"HU";"A63F"
16540109;"HU";"G01N"
16540109;"HU";"G02B"
16540239;"HU";"H01J"
16540240;"HU";"F24J"
16540240;"HU";"F24S"
16540241;"HU";"A63H"
16540367;"HU";"C12G"
16540434;"HU";"G01K"
16540435;"HU";"A41D"
16540436;"HU";"A01N"
16540436;"HU";"C05C"
16540436;"HU";"C05D"
16540437;"HU";"B05B"
16540607;"HU";"B60R"
16540607;"HU";"G08B"
16540704;"HU";"B62K"
16540937;"HU";"G06F"
16540937;"HU";"H01H"
16540937;"HU";"H03K"
16540938;"HU";"A23G"
16541088;"HU";"A63F"
16541089;"HU";"A61K"
16541089;"HU";"A61P"
16541089;"HU";"C07C"
16541089;"HU";"C07D"
16541089;"HU";"C07F"
16541283;"HU";"A01G"
16541283;"HU";"G01N"
16541284;"HU";"F15B"
16541284;"HU";"F16L"
16541285;"HU";"B01L"
16541285;"HU";"B67D"
16541286;"HU";"F04B"
16541286;"HU";"F15B"
16541287;"HU";"A61K"
16541287;"HU";"C07K"
16541382;"HU";"C05B"
16541382;"HU";"C05D"
16541383;"HU";"B60R"
16541384;"HU";"A63H"
16541384;"HU";"B65D"
16541385;"HU";"B01D"
16541385;"HU";"C02F"
16541563;"HU";"G01N"
16541730;"HU";"E02D"
16541730;"HU";"E04B"
16541731;"HU";"A63F"
16541731;"HU";"G09B"
16541732;"HU";"G01V"
16541733;"HU";"E06B"
16541734;"HU";"G09F"
16541734;"HU";"H01F"
16542203;"HU";"G02B"
16542203;"HU";"G03B"
16542204;"HU";"A01C"
16542205;"HU";"G02F"
16542205;"HU";"G06F"
16542205;"HU";"G06K"
16542206;"HU";"A61B"
16542206;"HU";"G01N"
16542206;"HU";"G06Q"
16542206;"HU";"G06T"
16542247;"HU";"A61F"
16542247;"HU";"G02B"
16542247;"HU";"G02C"
16542247;"HU";"G02F"
16542247;"HU";"G05D"
16542439;"HU";"A61B"
16542439;"HU";"G06F"
16542439;"HU";"G06Q"
16542439;"HU";"G06T"
16542440;"HU";"H04B"
16542534;"HU";"A63F"
16542534;"HU";"G09B"
16542699;"HU";"B01F"
16542699;"HU";"C02F"
16542700;"HU";"F16L"
16542701;"HU";"A61K"
16543014;"HU";"A47F"
16543014;"HU";"A47G"
16543014;"HU";"F16M"
16543014;"HU";"F21V"
16543237;"HU";"B64C"
16543238;"HU";"F16K"
16543239;"HU";"F16K"
16543327;"HU";"B01J"
16543327;"HU";"F24D"
16543562;"HU";"E04G"
16543967;"HU";"F16D"
16544276;"HU";"A61K"
16544276;"HU";"C08B"
16544276;"HU";"C08G"
16544276;"HU";"C08L"
16544619;"HU";"C08B"
16544619;"HU";"C08G"
16544686;"HU";"E21B"
16544686;"HU";"F03G"
16544686;"HU";"F24J"
16544687;"HU";"A01N"
16544687;"HU";"C07D"
16544688;"HU";"C07B"
16544688;"HU";"C07C"
16544723;"HU";"A01N"
16544723;"HU";"A01P"
16544723;"HU";"C07D"
16544753;"HU";"C08G"
16544753;"HU";"C08K"
16544753;"HU";"C08L"
16544753;"HU";"C09J"
16545593;"HU";"C08B"
16546298;"HU";"A01N"
16546344;"HU";"A23K"
16546344;"HU";"A61K"
16546344;"HU";"A61P"
16546697;"HU";"F24D"
16546697;"HU";"F24H"
16546780;"HU";"C12N"
16547122;"HU";"A23K"
16547122;"HU";"A61K"
16547122;"HU";"A61P"
16547269;"HU";"F24H"
16547397;"HU";"F27D"
16547397;"HU";"H02K"
16547397;"HU";"H05B"
16547411;"HU";"F41B"
16547652;"HU";"C07B"
16547652;"HU";"C07C"
16547652;"HU";"C07D"
16547652;"HU";"C07H"
16547652;"HU";"C07J"
16547810;"HU";"C07C"
16547813;"HU";"A61K"
16547813;"HU";"A61P"
16547813;"HU";"C07C"
16547823;"HU";"C12M"
16548677;"HU";"A61D"
16548677;"HU";"A61M"
16548677;"HU";"B05B"
16548857;"HU";"B26D"
16549079;"HU";"A61K"
16549079;"HU";"A61P"
16549079;"HU";"C07D"
16549485;"HU";"F23K"
16549575;"HU";"C04B"
16550293;"HU";"A61M"
16550355;"HU";"A47J"
16551157;"HU";"B65G"
16551157;"HU";"F16C"
16551240;"HU";"C07C"
16551526;"HU";"A61K"
16551526;"HU";"A61P"
16551526;"HU";"C07K"
16551731;"HU";"A01H"
16551731;"HU";"C12N"
16551731;"HU";"C12R"
16552054;"HU";"E04F"
16552319;"HU";"C12M"
16552319;"HU";"C12N"
16552319;"HU";"C12Q"
16552645;"HU";"H04B"
16552645;"HU";"H04H"
16552645;"HU";"H04N"
16553931;"HU";"A23K"
16553932;"HU";"A01N"
16553932;"HU";"C07C"
16553932;"HU";"C07D"
16553932;"HU";"C07F"
16554201;"HU";"G01N"
16554201;"HU";"H01J"
16554329;"HU";"E04C"
16554329;"HU";"E04G"
16554454;"HU";"E21B"
16554454;"HU";"E21D"
16554879;"HU";"C04B"
16555195;"HU";"A61K"
16555195;"HU";"A61P"
16555195;"HU";"C07D"
16555196;"HU";"A61K"
16555196;"HU";"A61P"
16555196;"HU";"C07D"
16555197;"HU";"A61K"
16555197;"HU";"A61P"
16555197;"HU";"C07D"
16555583;"HU";"A62D"
16555583;"HU";"B01J"
16555583;"HU";"C01B"
16555583;"HU";"C07C"
16555583;"HU";"C07D"
16555583;"HU";"C08K"
16555583;"HU";"C09K"
16555787;"HU";"G01M"
16557347;"HU";"A61K"
16557347;"HU";"A61P"
16557347;"HU";"C07K"
16557347;"HU";"C12P"
16557347;"HU";"C12R"
16557473;"HU";"G01N"
16557923;"HU";"F16D"
16557923;"HU";"F16F"
16557924;"HU";"B60W"
16557924;"HU";"F16H"
16558121;"HU";"C07C"
16558483;"HU";"H03F"
16558483;"HU";"H04B"
16558531;"HU";"A61K"
16558531;"HU";"C07D"
16558531;"HU";"C07H"
16558531;"HU";"C08B"
16561567;"HU";"H01H"
16563862;"HU";"A61J"
16564629;"HU";"G01N"
16564911;"HU";"A61K"
16564911;"HU";"A61P"
16564911;"HU";"C07D"
16564912;"HU";"A61K"
16564912;"HU";"A61P"
16564912;"HU";"C07D"
16567858;"HU";"C07B"
16567858;"HU";"C07D"
16567858;"HU";"C08J"
16567858;"HU";"C08K"
16567858;"HU";"C08L"
16567858;"HU";"C09K"
16567858;"HU";"G01N"
16568450;"HU";"A01N"
16568717;"HU";"B01D"
16569026;"HU";"A61K"
16569026;"HU";"A61P"
16569026;"HU";"C07C"
16569400;"HU";"A01G"
16569400;"HU";"A01H"
16569400;"HU";"C12N"
16570707;"HU";"C07C"
16570707;"HU";"C25B"
16574729;"HU";"A61M"
16574730;"HU";"F23J"
16574730;"HU";"F28D"
16574731;"HU";"G01N"
16575129;"HU";"A01C"
16575129;"HU";"A01N"
16575130;"HU";"A61M"
16575131;"HU";"B32B"
16575131;"HU";"C04B"
16575131;"HU";"E04C"
16575131;"HU";"E04F"
16575131;"HU";"E06B"
16575132;"HU";"A61K"
16575132;"HU";"A61P"
16575132;"HU";"C07D"
16575133;"HU";"A61K"
16575133;"HU";"A61P"
16575133;"HU";"C07D"
16575223;"HU";"B23K"
16575224;"HU";"A01M"
16575224;"HU";"B05B"
16575225;"HU";"F16D"
16575315;"HU";"A01N"
16575315;"HU";"C05D"
16575315;"HU";"C07D"
16575316;"HU";"B01F"
16575316;"HU";"F04D"
16575557;"HU";"A23J"
16575639;"HU";"A01N"
16575639;"HU";"C05F"
16575640;"HU";"A01N"
16575640;"HU";"C05D"
16575640;"HU";"C05F"
16575640;"HU";"C05G"
16575641;"HU";"F03D"
16575745;"HU";"A61K"
16575746;"HU";"C12M"
16575747;"HU";"B28D"
16575747;"HU";"E04G"
16575747;"HU";"E21C"
16575747;"HU";"F42D"
16575748;"HU";"B29C"
16575748;"HU";"B29K"
16575906;"HU";"A61B"
16575906;"HU";"A61M"
16575907;"HU";"B25J"
16576099;"HU";"A61F"
16576099;"HU";"H01S"
16576262;"HU";"E02D"
16576263;"HU";"G01B"
16576264;"HU";"G01B"
16576265;"HU";"A61K"
16576265;"HU";"C07D"
16576266;"HU";"E04G"
16576491;"HU";"C02F"
16576492;"HU";"G06F"
16576492;"HU";"G07C"
16576492;"HU";"G08B"
16576493;"HU";"A61N"
16576494;"HU";"F41B"
16576495;"HU";"B65D"
16576770;"HU";"H02G"
16576771;"HU";"C07H"
16577305;"HU";"F25D"
16577306;"HU";"A01G"
16577538;"HU";"A61K"
16577538;"HU";"A61P"
16577538;"HU";"C07D"
16577539;"HU";"A01G"
16577540;"HU";"B65D"
16577692;"HU";"G11B"
16577692;"HU";"H04R"
16577692;"HU";"H04S"
16578019;"HU";"A61K"
16578019;"HU";"A61Q"
16578020;"HU";"C02F"
16578020;"HU";"E02B"
16578421;"HU";"G11B"
16578814;"HU";"B01J"
16578814;"HU";"C07B"
16578814;"HU";"C07C"
16578814;"HU";"C07D"
16578988;"HU";"F03C"
16578988;"HU";"F04B"
16579716;"HU";"F25D"
16579746;"HU";"A61K"
16579746;"HU";"A61P"
16579746;"HU";"C07D"
16579819;"HU";"B23K"
16580124;"HU";"B23Q"
16580588;"HU";"A01G"
16580588;"HU";"F24F"
16580588;"HU";"F24J"
16581354;"HU";"C07H"
16581363;"HU";"F01D"
16581363;"HU";"F04D"
16581363;"HU";"F15D"
16581825;"HU";"G10K"
16582479;"HU";"A63B"
16582484;"HU";"A61K"
16582484;"HU";"A61P"
16582484;"HU";"C07D"
16582485;"HU";"A61K"
16582485;"HU";"A61P"
16582485;"HU";"C07D"
16582815;"HU";"C04B"
16582815;"HU";"E21B"
16582815;"HU";"F04B"
16583129;"HU";"A61K"
16583129;"HU";"A61P"
16583129;"HU";"C07C"
16583129;"HU";"C07D"
16583418;"HU";"G01N"
16585889;"HU";"C07D"
16586165;"HU";"A61K"
16586165;"HU";"C07H"
16586165;"HU";"C07K"
16586416;"HU";"C21C"
16586416;"HU";"C22B"
16586430;"HU";"A61B"
16586578;"HU";"A61K"
16586578;"HU";"C07D"
16586579;"HU";"A61K"
16586579;"HU";"A61P"
16586579;"HU";"C07D"
16586580;"HU";"C07B"
16586580;"HU";"C07D"
16587246;"HU";"B65D"
16587437;"HU";"F01K"
16587437;"HU";"F24D"
16587523;"HU";"A61K"
16587523;"HU";"A61P"
16587523;"HU";"C07H"
16589597;"HU";"F16N"
16590264;"HU";"F04D"
16590328;"HU";"A61K"
16590328;"HU";"A61P"
16590328;"HU";"C07D"
16590330;"HU";"A61K"
16590330;"HU";"A61P"
16590330;"HU";"C07D"
16591006;"HU";"H01H"
16591296;"HU";"C12N"
16591872;"HU";"B01J"
16591872;"HU";"F28F"
16592396;"HU";"C07H"
16592396;"HU";"C12N"
16592396;"HU";"C12P"
16592837;"HU";"F25B"
16593417;"HU";"H04J"
16593418;"HU";"H03B"
16593418;"HU";"H04J"
16593685;"HU";"C07D"
16593751;"HU";"G05B"
16593842;"HU";"A61K"
16593842;"HU";"C07K"
16597195;"HU";"A61K"
16597195;"HU";"A61P"
16597195;"HU";"C07D"
16597858;"HU";"C07C"
16597858;"HU";"C07D"
16598402;"HU";"A61K"
16598402;"HU";"A61P"
16598402;"HU";"B01J"
16598402;"HU";"C07B"
16598402;"HU";"C07D"
16600610;"HU";"A01N"
16600610;"HU";"A01P"
16600987;"HU";"A61K"
16600987;"HU";"A61P"
16600987;"HU";"C07C"
16601544;"HU";"B01D"
16601563;"HU";"A61K"
16601563;"HU";"C07K"
16601759;"HU";"E04G"
16603115;"HU";"A61K"
16603115;"HU";"A61P"
16603115;"HU";"C07D"
16603266;"HU";"A61K"
16603266;"HU";"C07C"
16603266;"HU";"C07D"
16603676;"HU";"A23K"
16603676;"HU";"A61K"
16603676;"HU";"A61P"
16604162;"HU";"A61K"
16604162;"HU";"A61P"
16604162;"HU";"C07D"
16605129;"HU";"C02F"
16610772;"HU";"G06F"
16610772;"HU";"H05G"
16610773;"HU";"B65G"
16610774;"HU";"B03C"
16610775;"HU";"H01H"
16610776;"HU";"A63H"
16610776;"HU";"E04B"
16610776;"HU";"E04C"
16610776;"HU";"E04G"
16610777;"HU";"A61N"
16610778;"HU";"C07B"
16610778;"HU";"C07C"
16610779;"HU";"G11B"
16610780;"HU";"A61K"
16610780;"HU";"C07D"
16610781;"HU";"C08K"
16610781;"HU";"C09D"
16610781;"HU";"H01B"
16610782;"HU";"G03D"
16610783;"HU";"A23G"
16610784;"HU";"F01K"
16610784;"HU";"F03G"
16610784;"HU";"F25B"
16611297;"HU";"G01N"
16611298;"HU";"A01H"
16611298;"HU";"A01N"
16611298;"HU";"C12N"
16611298;"HU";"C12R"
16611299;"HU";"A63F"
16611299;"HU";"A63H"
16611299;"HU";"G09B"
16611587;"HU";"A61H"
16611588;"HU";"G01J"
16611588;"HU";"G01N"
16611589;"HU";"A01C"
16611589;"HU";"A01G"
16611590;"HU";"B44C"
16611590;"HU";"B44F"
16611591;"HU";"H01M"
16611591;"HU";"H02J"
16612035;"HU";"C07B"
16612035;"HU";"C07C"
16612036;"HU";"F24J"
16612037;"HU";"C02F"
16612038;"HU";"F16B"
16612039;"HU";"A61B"
16612040;"HU";"B62D"
16612040;"HU";"E02F"
16612041;"HU";"B65G"
16612041;"HU";"C21C"
16612041;"HU";"C22B"
16612041;"HU";"F27D"
16612042;"HU";"G01N"
16612043;"HU";"A01C"
16612043;"HU";"C12C"
16612044;"HU";"C02F"
16612045;"HU";"A61K"
16612045;"HU";"A61P"
16612045;"HU";"C07C"
16612045;"HU";"C07D"
16612046;"HU";"F03B"
16612546;"HU";"C23C"
16612546;"HU";"H01J"
16612546;"HU";"H01L"
16612547;"HU";"A01N"
16613012;"HU";"G05F"
16613012;"HU";"H02M"
16613013;"HU";"A01K"
16613013;"HU";"F24F"
16613014;"HU";"B60H"
16613015;"HU";"B23B"
16613015;"HU";"H05K"
16613016;"HU";"A61K"
16613016;"HU";"C07D"
16613016;"HU";"C07H"
16613016;"HU";"C12P"
16613017;"HU";"A01N"
16613017;"HU";"A61K"
16613017;"HU";"A61P"
16613017;"HU";"C07C"
16613017;"HU";"C07F"
16613018;"HU";"H01M"
16613019;"HU";"A61K"
16613019;"HU";"A61Q"
16613020;"HU";"A61K"
16613020;"HU";"A61Q"
16613686;"HU";"A47J"
16613686;"HU";"H05B"
16613687;"HU";"A61K"
16613688;"HU";"A01K"
16613689;"HU";"A61K"
16613689;"HU";"A61Q"
16613690;"HU";"A01N"
16613690;"HU";"C07F"
16613691;"HU";"A01N"
16613691;"HU";"C07F"
16614159;"HU";"G01J"
16614159;"HU";"G02B"
16614159;"HU";"H04B"
16614160;"HU";"A61K"
16614531;"HU";"A63B"
16614532;"HU";"H01B"
16614532;"HU";"H02G"
16614533;"HU";"G03B"
16614715;"HU";"F02P"
16614715;"HU";"H02M"
16614715;"HU";"H03K"
16614716;"HU";"A23J"
16614717;"HU";"E04F"
16614718;"HU";"H04B"
16615057;"HU";"A61K"
16615057;"HU";"A61P"
16615057;"HU";"A61Q"
16615058;"HU";"A41G"
16615286;"HU";"A01N"
16615287;"HU";"A61F"
16615287;"HU";"A61K"
16615287;"HU";"A61L"
16615677;"HU";"A61B"
16615677;"HU";"G01N"
16615677;"HU";"G01T"
16615677;"HU";"G03B"
16615677;"HU";"G21F"
16615677;"HU";"G21K"
16615678;"HU";"A61F"
16615790;"HU";"C04B"
16615791;"HU";"B01F"
16615791;"HU";"B01J"
16615791;"HU";"F23K"
16615792;"HU";"A61K"
16615792;"HU";"A61P"
16615792;"HU";"A61Q"
16615793;"HU";"C07D"
16615982;"HU";"A01N"
16615982;"HU";"A01P"
16615982;"HU";"C07D"
16615983;"HU";"A01N"
16616325;"HU";"A61K"
16616325;"HU";"A61P"
16616325;"HU";"C08B"
16616723;"HU";"B28B"
16616723;"HU";"C04B"
16618422;"HU";"A01K"
16618464;"HU";"B65G"
16618840;"HU";"A01N"
16618840;"HU";"A01P"
16620399;"HU";"F23L"
16620482;"HU";"B01D"
16620482;"HU";"F25B"
16620482;"HU";"F28D"
16620482;"HU";"F28F"
16620577;"HU";"G01N"
16621436;"HU";"A61K"
16621436;"HU";"C07D"
16622894;"HU";"B01D"
16622894;"HU";"C02F"
16622897;"HU";"H05B"
16622937;"HU";"A61K"
16622937;"HU";"A61P"
16622937;"HU";"C07C"
16622937;"HU";"C07D"
16623031;"HU";"C08G"
16623031;"HU";"C08J"
16623374;"HU";"A01N"
16623374;"HU";"A01P"
16623374;"HU";"C07D"
16623617;"HU";"A61K"
16623617;"HU";"A61P"
16623617;"HU";"C07D"
16623618;"HU";"A61K"
16623618;"HU";"A61P"
16623618;"HU";"C07D"
16623619;"HU";"A61K"
16623619;"HU";"A61P"
16623619;"HU";"C07D"
16623823;"HU";"A61K"
16623823;"HU";"A61P"
16623823;"HU";"C07D"
16623897;"HU";"A61K"
16623897;"HU";"A61P"
16623897;"HU";"A61Q"
16624323;"HU";"E04G"
16625603;"HU";"A41D"
16625610;"HU";"B01D"
16625610;"HU";"B01J"
16625610;"HU";"F28F"
16625671;"HU";"F24D"
16625935;"HU";"G01N"
16627614;"HU";"B60R"
16627714;"HU";"A01N"
16627714;"HU";"B01J"
16627714;"HU";"C07C"
16627714;"HU";"C07D"
16627714;"HU";"F28D"
16627714;"HU";"F28F"
16627767;"HU";"A61K"
16627767;"HU";"A61P"
16627767;"HU";"C07D"
16627767;"HU";"C08B"
16627808;"HU";"A01G"
16629308;"HU";"B01D"
16629308;"HU";"C01G"
16629308;"HU";"C22B"
16629420;"HU";"F28B"
16629421;"HU";"A01C"
16629673;"HU";"A61K"
16629673;"HU";"A61P"
16629673;"HU";"C07K"
16629985;"HU";"G01R"
16630621;"HU";"B01J"
16631448;"HU";"A61K"
16631770;"HU";"B01L"
16631770;"HU";"C03C"
16632575;"HU";"H01J"
16632575;"HU";"H02M"
16633014;"HU";"A61K"
16633014;"HU";"A61P"
16633014;"HU";"C07D"
16635661;"HU";"A61K"
16635661;"HU";"A61P"
16635661;"HU";"C07C"
16635661;"HU";"C07D"
16636233;"HU";"A61K"
16636233;"HU";"A61P"
16636233;"HU";"C07K"
16638198;"HU";"A61K"
16638198;"HU";"A61P"
16638198;"HU";"C07D"
16638199;"HU";"A61K"
16638199;"HU";"A61P"
16638199;"HU";"C07D"
16638200;"HU";"G01M"
16638497;"HU";"A23K"
16638497;"HU";"A61K"
16638497;"HU";"A61P"
16638497;"HU";"C07C"
16638497;"HU";"C07D"
16639172;"HU";"A61K"
16639172;"HU";"A61P"
16639172;"HU";"C07D"
16639950;"HU";"A61K"
16639950;"HU";"A61P"
16639950;"HU";"C07D"
16640250;"HU";"A61K"
16640250;"HU";"A61P"
16640250;"HU";"C07J"
16642076;"HU";"C07C"
16642076;"HU";"C07D"
16642496;"HU";"C07D"
16643156;"HU";"A61K"
16643156;"HU";"A61P"
16643156;"HU";"C07D"
16643227;"HU";"G21F"
16643256;"HU";"C04B"
16643256;"HU";"E04C"
16643400;"HU";"H01L"
16643866;"HU";"B03B"
16643866;"HU";"B04B"
16643866;"HU";"B07B"
16644389;"HU";"A61K"
16644389;"HU";"A61P"
16644389;"HU";"C07D"
16650970;"HU";"C07C"
16650971;"HU";"G05D"
16650972;"HU";"A61K"
16650972;"HU";"A61P"
16650972;"HU";"A61Q"
16650973;"HU";"B24C"
16650974;"HU";"G06F"
16650974;"HU";"H03K"
16650974;"HU";"H03M"
16650975;"HU";"G01R"
16650975;"HU";"H01F"
16650976;"HU";"E21F"
16650976;"HU";"F16K"
16650977;"HU";"H03F"
16650977;"HU";"H03K"
16651514;"HU";"A01N"
16651515;"HU";"H01G"
16651516;"HU";"A01N"
16651516;"HU";"A01P"
16651516;"HU";"C07B"
16651516;"HU";"C07C"
16651517;"HU";"A01N"
16651517;"HU";"A01P"
16651517;"HU";"C07B"
16651517;"HU";"C07C"
16651518;"HU";"A63F"
16651518;"HU";"A63H"
16651518;"HU";"B44C"
16651518;"HU";"G09F"
16651771;"HU";"B05B"
16651771;"HU";"C23C"
16651772;"HU";"C21D"
16651773;"HU";"E21F"
16651773;"HU";"G01B"
16651773;"HU";"G01D"
16651773;"HU";"G01V"
16652088;"HU";"A23J"
16652089;"HU";"C04B"
16652090;"HU";"F28D"
16652538;"HU";"A63F"
16652539;"HU";"A01N"
16652540;"HU";"B65G"
16652541;"HU";"C10L"
16652542;"HU";"E04B"
16652543;"HU";"A23J"
16652543;"HU";"A23K"
16652544;"HU";"G05B"
16652969;"HU";"B02C"
16652970;"HU";"F23M"
16653332;"HU";"H01F"
16653332;"HU";"H01L"
16653332;"HU";"H02M"
16653332;"HU";"H05G"
16653333;"HU";"A61B"
16653333;"HU";"A61F"
16653334;"HU";"A01N"
16653334;"HU";"A61K"
16653334;"HU";"A61P"
16653334;"HU";"C07D"
16653904;"HU";"A63B"
16653904;"HU";"A63F"
16653904;"HU";"A63H"
16653905;"HU";"B60L"
16653906;"HU";"H01P"
16653906;"HU";"H01Q"
16653907;"HU";"A61K"
16653907;"HU";"A61P"
16653907;"HU";"A61Q"
16653908;"HU";"A01N"
16653909;"HU";"A01N"
16653910;"HU";"C08K"
16653910;"HU";"C09C"
16653910;"HU";"C09D"
16653911;"HU";"B07B"
16653912;"HU";"A63H"
16654614;"HU";"A61K"
16654615;"HU";"B43L"
16654615;"HU";"G09B"
16655111;"HU";"A01N"
16655111;"HU";"B27K"
16655112;"HU";"B07B"
16655532;"HU";"B09C"
16655532;"HU";"C02F"
16655532;"HU";"C05F"
16655533;"HU";"A01G"
16655533;"HU";"A47K"
16655533;"HU";"E03C"
16655533;"HU";"F16K"
16655533;"HU";"F24J"
16655973;"HU";"B23K"
16655974;"HU";"A01H"
16655974;"HU";"C12N"
16656403;"HU";"F16K"
16656404;"HU";"A01G"
16656404;"HU";"C09K"
16656404;"HU";"C12N"
16656404;"HU";"C12R"
16656820;"HU";"F01N"
16656820;"HU";"F16L"
16656821;"HU";"D07B"
16656821;"HU";"E04C"
16656822;"HU";"G09F"
16656823;"HU";"G09F"
16656824;"HU";"H04L"
16656824;"HU";"H04Q"
16656825;"HU";"A01B"
16656826;"HU";"C07D"
16657290;"HU";"B65G"
16657668;"HU";"H02K"
16657871;"HU";"F28D"
16658185;"HU";"F02B"
16658185;"HU";"F02M"
16658185;"HU";"F02N"
16658446;"HU";"B60J"
16658801;"HU";"G01F"
16658950;"HU";"F28F"
16660211;"HU";"C08K"
16660211;"HU";"C08L"
16660456;"HU";"H02K"
16660752;"HU";"A23B"
16660953;"HU";"H03B"
16660953;"HU";"H03L"
16661495;"HU";"F01P"
16661495;"HU";"F02B"
16661495;"HU";"F02M"
16661499;"HU";"A46B"
16661724;"HU";"B01D"
16661724;"HU";"B01J"
16661922;"HU";"A61D"
16661922;"HU";"A61M"
16661922;"HU";"F24H"
16661922;"HU";"G05D"
16661922;"HU";"H05B"
16661929;"HU";"H01M"
16661929;"HU";"H02J"
16661947;"HU";"F04C"
16661948;"HU";"B60T"
16662402;"HU";"F28F"
16662601;"HU";"A61K"
16662601;"HU";"A61P"
16662601;"HU";"C07D"
16662602;"HU";"A61K"
16662602;"HU";"A61P"
16662602;"HU";"C07D"
16662603;"HU";"A61K"
16662603;"HU";"A61P"
16662603;"HU";"C07D"
16663333;"HU";"B29C"
16663333;"HU";"F28D"
16663333;"HU";"F28F"
16663333;"HU";"G05D"
16663740;"HU";"F23D"
16663740;"HU";"F23L"
16663970;"HU";"F25B"
16664133;"HU";"B03C"
16664133;"HU";"C02F"
16664133;"HU";"C10G"
16664203;"HU";"A23L"
16664322;"HU";"B01D"
16664322;"HU";"G01N"
16664802;"HU";"B02C"
16664802;"HU";"B29B"
16664802;"HU";"B29C"
16665409;"HU";"A47C"
16665409;"HU";"A61F"
16665409;"HU";"A61L"
16665409;"HU";"B68G"
16665409;"HU";"H05F"
16666005;"HU";"F04B"
16666245;"HU";"C07D"
16666246;"HU";"C07D"
16666248;"HU";"A61K"
16666248;"HU";"A61P"
16666248;"HU";"C07C"
16666248;"HU";"C07D"
16666397;"HU";"B01D"
16666397;"HU";"C07H"
16666397;"HU";"C12P"
16666466;"HU";"G06K"
16666466;"HU";"G06T"
16666607;"HU";"B01D"
16666607;"HU";"G01N"
16666623;"HU";"H01K"
16668169;"HU";"B66B"
16668169;"HU";"C21C"
16668169;"HU";"C21D"
16669516;"HU";"A61K"
16669516;"HU";"A61P"
16669516;"HU";"C07D"
16670256;"HU";"H02M"
16670671;"HU";"B01J"
16670671;"HU";"C05G"
16670674;"HU";"A61K"
16670674;"HU";"A61P"
16670674;"HU";"C07D"
16670886;"HU";"G01F"
16671482;"HU";"G01N"
16671482;"HU";"H01J"
16671787;"HU";"F15B"
16672470;"HU";"H01H"
16673702;"HU";"F02B"
16673702;"HU";"F02D"
16673702;"HU";"F02M"
16674011;"HU";"A43B"
16674011;"HU";"A61H"
16674158;"HU";"A61B"
16674304;"HU";"A61K"
16674304;"HU";"A61P"
16674304;"HU";"C07K"
16674868;"HU";"F02B"
16676586;"HU";"F04D"
16678813;"HU";"B01D"
16680159;"HU";"A61K"
16680159;"HU";"A61P"
16680159;"HU";"C07C"
16682942;"HU";"A61K"
16682942;"HU";"C07B"
16682942;"HU";"C07C"
16682942;"HU";"C07D"
16684076;"HU";"A61K"
16684076;"HU";"A61P"
16684076;"HU";"C07D"
16684591;"HU";"A61K"
16684591;"HU";"A61P"
16684591;"HU";"C07D"
16686146;"HU";"F21V"
16686487;"HU";"H01J"
16686984;"HU";"B02C"
16687384;"HU";"A61K"
16687384;"HU";"A61P"
16687384;"HU";"C07K"
16690444;"HU";"G21C"
16694897;"HU";"C07D"
16694897;"HU";"C07F"
16694898;"HU";"A61K"
16694898;"HU";"C07D"
16694898;"HU";"C07F"
16694899;"HU";"C07D"
16694899;"HU";"C07F"
16694900;"HU";"A61K"
16694900;"HU";"A61P"
16694900;"HU";"C07D"
16694900;"HU";"C07F"
16694901;"HU";"H04L"
16694902;"HU";"G02B"
16694902;"HU";"G02F"
16694902;"HU";"G11B"
16694903;"HU";"C21C"
16694903;"HU";"C22C"
16695270;"HU";"A61B"
16695270;"HU";"A61N"
16695271;"HU";"E03B"
16695271;"HU";"G01F"
16695272;"HU";"B01J"
16695272;"HU";"C08F"
16696040;"HU";"H02J"
16696041;"HU";"A23L"
16696041;"HU";"A61K"
16696042;"HU";"A01G"
16696042;"HU";"A01H"
16696042;"HU";"C12M"
16696042;"HU";"C12N"
16696452;"HU";"A61K"
16696452;"HU";"A61P"
16696452;"HU";"A61Q"
16696452;"HU";"C07K"
16696453;"HU";"G09F"
16696453;"HU";"H01B"
16696454;"HU";"E02B"
16696454;"HU";"E02F"
16696866;"HU";"B23B"
16696866;"HU";"B23Q"
16696866;"HU";"G05B"
16697383;"HU";"E03B"
16697383;"HU";"F16L"
16697383;"HU";"F17D"
16697894;"HU";"B32B"
16697894;"HU";"B44C"
16697894;"HU";"B44F"
16697894;"HU";"C03C"
16697895;"HU";"F26B"
16697896;"HU";"A01N"
16697896;"HU";"C07D"
16697896;"HU";"C07F"
16698040;"HU";"B01F"
16698040;"HU";"C02F"
16698206;"HU";"F01B"
16698206;"HU";"F02F"
16698206;"HU";"F04B"
16698207;"HU";"B01J"
16698207;"HU";"C07D"
16698693;"HU";"C03C"
16698693;"HU";"C11D"
16698694;"HU";"A61J"
16698694;"HU";"A61M"
16698695;"HU";"A63B"
16699176;"HU";"E04C"
16699176;"HU";"F27D"
16699177;"HU";"E21B"
16699177;"HU";"E21D"
16699272;"HU";"A61B"
16699273;"HU";"G08B"
16699313;"HU";"B01J"
16699354;"HU";"H01M"
16699355;"HU";"A61F"
16699355;"HU";"A61G"
16699425;"HU";"A61K"
16699425;"HU";"A61P"
16699425;"HU";"C07C"
16699679;"HU";"A23K"
16699679;"HU";"C02F"
16699679;"HU";"C05F"
16699853;"HU";"H05B"
16699908;"HU";"G01N"
16699983;"HU";"A61K"
16699983;"HU";"A61P"
16699983;"HU";"C07D"
16700577;"HU";"A23K"
16700578;"HU";"A01H"
16700578;"HU";"C12N"
16701403;"HU";"F02N"
16701403;"HU";"F16H"
16701404;"HU";"F16H"
16701405;"HU";"F16H"
16701980;"HU";"A61K"
16701980;"HU";"C07K"
16702733;"HU";"A61M"
16703305;"HU";"B60K"
16703305;"HU";"F16D"
16703305;"HU";"F16H"
16704186;"HU";"B01J"
16704186;"HU";"C02F"
16704635;"HU";"D06B"
16706678;"HU";"A61K"
16706678;"HU";"A61P"
16706678;"HU";"C07D"
16706845;"HU";"G11B"
16706846;"HU";"F16D"
16706846;"HU";"G11B"
16706936;"HU";"B01J"
16706936;"HU";"F23C"
16706936;"HU";"F23J"
16706936;"HU";"F23L"
16707283;"HU";"B28B"
16707283;"HU";"C04B"
16707283;"HU";"C08L"
16707283;"HU";"C09K"
16707283;"HU";"E04G"
16707839;"HU";"B60K"
16707839;"HU";"F16H"
16707840;"HU";"B60K"
16707840;"HU";"B60T"
16707840;"HU";"B60W"
16707841;"HU";"E04B"
16707841;"HU";"E04C"
16708043;"HU";"F16H"
16708044;"HU";"B62D"
16708044;"HU";"G01B"
16708044;"HU";"G01M"
16708374;"HU";"A61K"
16708581;"HU";"A61N"
16708991;"HU";"C09K"
16709202;"HU";"G01L"
16710366;"HU";"A01B"
16710646;"HU";"G01B"
16711630;"HU";"A61K"
16711630;"HU";"A61P"
16711630;"HU";"C07D"
16712188;"HU";"B01D"
16712188;"HU";"C02F"
16713031;"HU";"A63C"
16714179;"HU";"A61B"
16714340;"HU";"C09K"
16714974;"HU";"C12N"
16714974;"HU";"C12R"
16715235;"HU";"B60W"
16715235;"HU";"F16H"
16715452;"HU";"G01N"
16715790;"HU";"A61K"
16716111;"HU";"B29D"
16716112;"HU";"A61N"
16716112;"HU";"F21V"
16716113;"HU";"A61N"
16716340;"HU";"B60W"
16716340;"HU";"F16H"
16716922;"HU";"A01G"
16716922;"HU";"A61K"
16716922;"HU";"A61P"
16716922;"HU";"B01F"
16716923;"HU";"B01F"
16716923;"HU";"F02B"
16716923;"HU";"F02M"
16717291;"HU";"B29C"
16718989;"HU";"F16H"
16719411;"HU";"B01D"
16719963;"HU";"A61K"
16719963;"HU";"A61P"
16719963;"HU";"C07D"
16720767;"HU";"B65D"
16720867;"HU";"A61K"
16720867;"HU";"A61P"
16720867;"HU";"C07D"
16720868;"HU";"A61K"
16720868;"HU";"A61P"
16720868;"HU";"C07D"
16721864;"HU";"G01D"
16722248;"HU";"G01N"
16725813;"HU";"A23F"
16726867;"HU";"G01V"
16729984;"HU";"A01N"
16729984;"HU";"A01P"
16730105;"HU";"A61K"
16730105;"HU";"A61P"
16731359;"HU";"A61K"
16731359;"HU";"A61P"
16731359;"HU";"C07D"
16732224;"HU";"B28C"
16732224;"HU";"C04B"
16732224;"HU";"D01D"
16732224;"HU";"D01F"
16732224;"HU";"D02J"
16732277;"HU";"A61K"
16732277;"HU";"A61P"
16732277;"HU";"C07C"
16732278;"HU";"A61K"
16732278;"HU";"C07C"
16733018;"HU";"A61K"
16733018;"HU";"C08B"
16733644;"HU";"A61K"
16733644;"HU";"A61P"
16733644;"HU";"C07D"
16733798;"HU";"C09K"
16738567;"HU";"A01N"
16738567;"HU";"A01P"
16742204;"HU";"A61K"
16742204;"HU";"C07K"
16742204;"HU";"C12N"
16742204;"HU";"C12P"
16742204;"HU";"C12R"
16742664;"HU";"B27C"
16742664;"HU";"B27F"
16742664;"HU";"B27M"
16742856;"HU";"C02F"
16742885;"HU";"B60K"
16742885;"HU";"B60W"
16742885;"HU";"F16D"
16742886;"HU";"F01C"
16742886;"HU";"F02B"
16742887;"HU";"B60H"
16742887;"HU";"B61D"
16743191;"HU";"A23G"
16743191;"HU";"A23K"
16743191;"HU";"A23L"
16743191;"HU";"A61K"
16743191;"HU";"A61P"
16743191;"HU";"C07C"
16743192;"HU";"A21D"
16743192;"HU";"A61K"
16743193;"HU";"A61K"
16743193;"HU";"A61P"
16743194;"HU";"G07C"
16743610;"HU";"G02B"
16743610;"HU";"G03B"
16743610;"HU";"H05K"
16743611;"HU";"A61K"
16743611;"HU";"A61P"
16743746;"HU";"A63F"
16743747;"HU";"A63F"
16743748;"HU";"A01G"
16743748;"HU";"C05C"
16743748;"HU";"C05G"
16744176;"HU";"A23L"
16744177;"HU";"A61K"
16744177;"HU";"A61L"
16744177;"HU";"A61Q"
16744178;"HU";"B01D"
16744348;"HU";"A01N"
16744348;"HU";"A01P"
16744348;"HU";"C07C"
16744348;"HU";"C07D"
16744631;"HU";"C12Q"
16744631;"HU";"G01N"
16745153;"HU";"C07C"
16745154;"HU";"A61K"
16745154;"HU";"A61P"
16745154;"HU";"C07D"
16745154;"HU";"C07F"
16745155;"HU";"A61K"
16745155;"HU";"A61P"
16745155;"HU";"C07D"
16745155;"HU";"C07F"
16745156;"HU";"B22C"
16745156;"HU";"C08K"
16745157;"HU";"B27K"
16745157;"HU";"F26B"
16745158;"HU";"A23K"
16745158;"HU";"A61K"
16745158;"HU";"C07D"
16745158;"HU";"C09K"
16745159;"HU";"A23D"
16745159;"HU";"A23L"
16745159;"HU";"A61K"
16745159;"HU";"A61P"
16745159;"HU";"C11B"
16745159;"HU";"C11C"
16745582;"HU";"A01N"
16745582;"HU";"A01P"
16745582;"HU";"B01F"
16745582;"HU";"C09K"
16745583;"HU";"G01B"
16745583;"HU";"G01N"
16745583;"HU";"H01L"
16745813;"HU";"B24B"
16745814;"HU";"C04B"
16745814;"HU";"F02F"
16745814;"HU";"F16J"
16746041;"HU";"A62C"
16746041;"HU";"C04B"
16746041;"HU";"C09K"
16746042;"HU";"C23G"
16746043;"HU";"C07D"
16746043;"HU";"C07F"
16746322;"HU";"B29C"
16746604;"HU";"G11B"
16746605;"HU";"A61K"
16746605;"HU";"A61P"
16746606;"HU";"B61K"
16746606;"HU";"E01B"
16746606;"HU";"F16N"
16746607;"HU";"A61F"
16746607;"HU";"A61K"
16747001;"HU";"B27G"
16747002;"HU";"B23B"
16747003;"HU";"E03F"
16747003;"HU";"F16L"
16747631;"HU";"C01B"
16747631;"HU";"C01D"
16747631;"HU";"C01F"
16747631;"HU";"C01G"
16747631;"HU";"C02F"
16747631;"HU";"C05D"
16747632;"HU";"A61B"
16747632;"HU";"A61C"
16747632;"HU";"A61F"
16747893;"HU";"A61K"
16747893;"HU";"C07K"
16747893;"HU";"G01N"
16748159;"HU";"C12N"
16748159;"HU";"C12R"
16748160;"HU";"A23C"
16748160;"HU";"A23L"
16748160;"HU";"A23P"
16748161;"HU";"A47G"
16748161;"HU";"D06F"
16748161;"HU";"F16B"
16748524;"HU";"B01J"
16748524;"HU";"C07B"
16748524;"HU";"C07C"
16748524;"HU";"C07D"
16748525;"HU";"A61F"
16748525;"HU";"A61M"
16748833;"HU";"E04C"
16749087;"HU";"G02B"
16749087;"HU";"H04N"
16749409;"HU";"B65D"
16749549;"HU";"A01G"
16749549;"HU";"A01H"
16749549;"HU";"A23L"
16749549;"HU";"A61K"
16749549;"HU";"A61Q"
16749549;"HU";"C12N"
16749744;"HU";"A61N"
16751357;"HU";"A61K"
16751357;"HU";"A61P"
16751357;"HU";"C07D"
16751524;"HU";"B01D"
16751524;"HU";"G05D"
16751528;"HU";"E21B"
16751528;"HU";"G01F"
16751922;"HU";"H02P"
16752116;"HU";"F28B"
16752116;"HU";"F28F"
16752505;"HU";"A61K"
16752602;"HU";"B01D"
16754350;"HU";"H01J"
16754351;"HU";"C09K"
16754351;"HU";"H01J"
16754573;"HU";"A61B"
16754573;"HU";"A61N"
16755376;"HU";"H02M"
16755550;"HU";"A01N"
16755550;"HU";"A01P"
16755550;"HU";"C07F"
16756526;"HU";"B65G"
16756843;"HU";"B23Q"
16756843;"HU";"B24B"
16757448;"HU";"A61K"
16757448;"HU";"A61P"
16757448;"HU";"C07J"
16757938;"HU";"C04B"
16758120;"HU";"E01B"
16758120;"HU";"E01C"
16758121;"HU";"B65G"
16759087;"HU";"H03C"
16759087;"HU";"H03H"
16760320;"HU";"B22C"
16760670;"HU";"F24D"
16760670;"HU";"F28D"
16761318;"HU";"B60W"
16761318;"HU";"F16H"
16761545;"HU";"A61K"
16761545;"HU";"A61P"
16762474;"HU";"F16K"
16762474;"HU";"F16L"
16763879;"HU";"A01B"
16764059;"HU";"A61K"
16764059;"HU";"C07K"
16764471;"HU";"A23G"
16764471;"HU";"A61K"
16764710;"HU";"A61K"
16764710;"HU";"A61P"
16764710;"HU";"C07D"
16764710;"HU";"C07F"
16766163;"HU";"F02B"
16766797;"HU";"A61K"
16766797;"HU";"A61P"
16766797;"HU";"C07K"
16767091;"HU";"A01N"
16767363;"HU";"C04B"
16767363;"HU";"C09D"
16768334;"HU";"B65G"
16770844;"HU";"B41F"
16770844;"HU";"B41N"
16771050;"HU";"H01L"
16771050;"HU";"H01S"
16771474;"HU";"A61K"
16771474;"HU";"A61P"
16771474;"HU";"C07D"
16771474;"HU";"C07K"
16771474;"HU";"C12N"
16771474;"HU";"C12P"
16771474;"HU";"C12R"
16771653;"HU";"A61K"
16773046;"HU";"C02F"
16773238;"HU";"G01V"
16773701;"HU";"C03C"
16773701;"HU";"C04B"
16778152;"HU";"C01B"
16778152;"HU";"C09K"
16778528;"HU";"F28B"
16778528;"HU";"F28F"
16779809;"HU";"F01K"
16779809;"HU";"F28B"
16779809;"HU";"F28C"
16780892;"HU";"C04B"
16780892;"HU";"E01C"
16780973;"HU";"A61K"
16780973;"HU";"A61P"
16780973;"HU";"C07K"
16781111;"HU";"A61K"
16781111;"HU";"A61P"
16781403;"HU";"A61K"
16781403;"HU";"A61Q"
16783031;"HU";"A61K"
16783031;"HU";"A61P"
16783031;"HU";"C07C"
16783031;"HU";"C07D"
16784681;"HU";"B01D"
16784681;"HU";"C07C"
16786178;"HU";"A61K"
16786178;"HU";"A61P"
16786178;"HU";"C07H"
16787388;"HU";"H02K"
16788829;"HU";"A01N"
16788829;"HU";"A01P"
16793379;"HU";"A61K"
16793379;"HU";"A61P"
16793379;"HU";"C07C"
16793379;"HU";"C07D"
16793379;"HU";"C07H"
16795850;"HU";"G01F"
16796281;"HU";"A61K"
16796281;"HU";"A61P"
16796281;"HU";"C07D"
16796282;"HU";"A61K"
16796282;"HU";"A61P"
16796282;"HU";"C07D"
16796283;"HU";"E02D"
16796283;"HU";"E03F"
16796283;"HU";"F16L"
16796523;"HU";"B05B"
16796552;"HU";"A61K"
16796552;"HU";"A61P"
16796552;"HU";"C07H"
16796552;"HU";"C07K"
16796552;"HU";"C12N"
16796552;"HU";"C12P"
16796552;"HU";"C12R"
16797270;"HU";"A23F"
16797270;"HU";"A61K"
16797643;"HU";"A61K"
16797644;"HU";"B09B"
16797644;"HU";"E02D"
16798495;"HU";"A01K"
16798948;"HU";"H02H"
16798948;"HU";"H02M"
16798949;"HU";"A01N"
16798949;"HU";"A01P"
16798949;"HU";"C07F"
16798950;"HU";"F02B"
16798950;"HU";"F02D"
16799392;"HU";"C01B"
16799392;"HU";"C10B"
16799604;"HU";"B01F"
16799803;"HU";"G03B"
16799803;"HU";"G09F"
16799804;"HU";"G01D"
16799805;"HU";"B62D"
16799987;"HU";"G01N"
16800297;"HU";"A61F"
16800297;"HU";"A61K"
16800297;"HU";"A61L"
16800435;"HU";"C10L"
16800435;"HU";"C10M"
16800435;"HU";"C10N"
16801035;"HU";"F21S"
16801035;"HU";"F21V"
16801035;"HU";"F21Y"
16801036;"HU";"C08L"
16801037;"HU";"C05F"
16801038;"HU";"A61G"
16801039;"HU";"A43B"
16801040;"HU";"B01J"
16801040;"HU";"C08B"
16801040;"HU";"C08J"
16801423;"HU";"C12N"
16801424;"HU";"A01K"
16801425;"HU";"C07K"
16801425;"HU";"C12N"
16801425;"HU";"C12P"
16801425;"HU";"C12R"
16802597;"HU";"A62C"
16802597;"HU";"B01F"
16802597;"HU";"B05B"
16802597;"HU";"F41B"
16802598;"HU";"A61K"
16802598;"HU";"A61P"
16802599;"HU";"B23K"
16802599;"HU";"C03B"
16802599;"HU";"H05H"
16802968;"HU";"H04N"
16803605;"HU";"A01D"
16803815;"HU";"A61K"
16803815;"HU";"A61P"
16803815;"HU";"C07C"
16803815;"HU";"C07D"
16803816;"HU";"B22D"
16803816;"HU";"H01M"
16803817;"HU";"C07H"
16803967;"HU";"C08J"
16803967;"HU";"C08L"
16804597;"HU";"G21F"
16804611;"HU";"G21G"
16804800;"HU";"A23L"
16804800;"HU";"C08B"
16804809;"HU";"A61B"
16804809;"HU";"G03B"
16804809;"HU";"G03C"
16804809;"HU";"G21F"
16804809;"HU";"G21K"
16804809;"HU";"H05G"
16805922;"HU";"C02F"
16806101;"HU";"F04C"
16806102;"HU";"F04C"
16806488;"HU";"A61K"
16807257;"HU";"B62B"
16807669;"HU";"A61D"
16807669;"HU";"A61M"
16807669;"HU";"F24H"
16807669;"HU";"G05D"
16807669;"HU";"H05B"
16809209;"HU";"A61K"
16809209;"HU";"A61P"
16809589;"HU";"B01D"
16810379;"HU";"A61K"
16810379;"HU";"A61P"
16810379;"HU";"C07D"
16810922;"HU";"H01J"
16811121;"HU";"F16K"
16811143;"HU";"H01K"
16811153;"HU";"G01N"
16811236;"HU";"B03B"
16811236;"HU";"B09B"
16812551;"HU";"B01J"
16812551;"HU";"C07B"
16812551;"HU";"C07C"
16812551;"HU";"C07D"
16815135;"HU";"A01N"
16815135;"HU";"C07C"
16815135;"HU";"C07D"
16815291;"HU";"F24H"
16816454;"HU";"A61M"
16817583;"HU";"A61K"
16817583;"HU";"A61P"
16817583;"HU";"B01J"
16817583;"HU";"C07B"
16817583;"HU";"C07D"
16818309;"HU";"C08B"
16818309;"HU";"C08H"
16818309;"HU";"C08L"
16820488;"HU";"B01J"
16820488;"HU";"C07B"
16820488;"HU";"C07C"
16822218;"HU";"A61K"
16822218;"HU";"A61P"
16822218;"HU";"C07D"
16822218;"HU";"C08B"
16822271;"HU";"E05B"
16822922;"HU";"C07D"
16825298;"HU";"A61K"
16825298;"HU";"A61P"
16825298;"HU";"C07D"
16828247;"HU";"H01M"
16828254;"HU";"B23B"
16828867;"HU";"A61K"
16828867;"HU";"A61P"
16830077;"HU";"A61K"
16830077;"HU";"A61P"
16830077;"HU";"C07C"
16830077;"HU";"C07D"
16830078;"HU";"A61K"
16830078;"HU";"A61P"
16830078;"HU";"C07C"
16830079;"HU";"A61K"
16830079;"HU";"A61P"
16831759;"HU";"C07D"
16832325;"HU";"A61K"
16832325;"HU";"A61P"
16832325;"HU";"C07K"
16834440;"HU";"A61K"
16834440;"HU";"A61P"
16834440;"HU";"C07J"
16834441;"HU";"A61K"
16834441;"HU";"A61P"
16834441;"HU";"C07J"
16834473;"HU";"H01K"
16834473;"HU";"H01L"
16839219;"HU";"A61K"
16839219;"HU";"A61P"
16839219;"HU";"C07D"
16839650;"HU";"A61K"
16839650;"HU";"A61P"
16839650;"HU";"C07B"
16839650;"HU";"C07D"
16840419;"HU";"A61K"
16840419;"HU";"A61P"
16840419;"HU";"C07D"
16840420;"HU";"A61K"
16840420;"HU";"A61P"
16840420;"HU";"C07D"
16840423;"HU";"A61K"
16840423;"HU";"A61P"
16840423;"HU";"C07D"
16840424;"HU";"A61K"
16840424;"HU";"A61P"
16840424;"HU";"C07D"
16840425;"HU";"A61K"
16840425;"HU";"A61P"
16840425;"HU";"C07D"
16840426;"HU";"A61K"
16840426;"HU";"A61P"
16840426;"HU";"C07D"
16841261;"HU";"H01K"
16843248;"HU";"A61K"
16843248;"HU";"A61P"
16843248;"HU";"C07D"
16843249;"HU";"A61K"
16843249;"HU";"A61P"
16843249;"HU";"C07D"
16843578;"HU";"A01N"
16843578;"HU";"C07D"
16843708;"HU";"A61K"
16843708;"HU";"A61P"
16843708;"HU";"C07D"
16843769;"HU";"G01R"
16845328;"HU";"H01K"
16853805;"HU";"G01N"
16853909;"HU";"A61K"
16853910;"HU";"A01N"
16853910;"HU";"A01P"
16853911;"HU";"A61K"
16853912;"HU";"B60W"
16853912;"HU";"F16D"
16854773;"HU";"C07C"
16854773;"HU";"C07D"
16854927;"HU";"C07B"
16854927;"HU";"C07C"
16854928;"HU";"A61F"
16854928;"HU";"A61K"
16854929;"HU";"A01N"
16854929;"HU";"C07C"
16854930;"HU";"C07C"
16855525;"HU";"A47K"
16855525;"HU";"A61H"
16855525;"HU";"A61M"
16855894;"HU";"G01R"
16855895;"HU";"A61K"
16855895;"HU";"A61P"
16855895;"HU";"A61Q"
16855895;"HU";"C08B"
16855895;"HU";"C08L"
16856467;"HU";"H01J"
16856673;"HU";"A63F"
16856862;"HU";"A61K"
16856862;"HU";"A61P"
16856862;"HU";"B01D"
16856862;"HU";"B01J"
16856862;"HU";"B09B"
16856862;"HU";"B09C"
16856862;"HU";"G21F"
16857656;"HU";"A61K"
16857656;"HU";"A61P"
16857656;"HU";"C07K"
16857656;"HU";"C12N"
16857656;"HU";"C12P"
16857656;"HU";"C12Q"
16857656;"HU";"C12R"
16857656;"HU";"G01N"
16857742;"HU";"A61K"
16857742;"HU";"A61P"
16857742;"HU";"C07D"
16857743;"HU";"C07C"
16857744;"HU";"C07C"
16858461;"HU";"A61K"
16858461;"HU";"C07J"
16858461;"HU";"C12P"
16858462;"HU";"A63F"
16858463;"HU";"A01N"
16858463;"HU";"A61K"
16859277;"HU";"C07H"
16859278;"HU";"G09F"
16859278;"HU";"H05B"
16859279;"HU";"A61K"
16859279;"HU";"A61P"
16859279;"HU";"C07D"
16859736;"HU";"A01K"
16859736;"HU";"A01N"
16859736;"HU";"C12N"
16859736;"HU";"C12P"
16859736;"HU";"C12R"
16859822;"HU";"A61K"
16859822;"HU";"A61P"
16859822;"HU";"C07C"
16859823;"HU";"C07B"
16859823;"HU";"C07C"
16859824;"HU";"F24F"
16859825;"HU";"A23B"
16859825;"HU";"A23C"
16859825;"HU";"A23L"
16859825;"HU";"C12G"
16860564;"HU";"C07C"
16860565;"HU";"A01N"
16860566;"HU";"C07D"
16860567;"HU";"B01D"
16860568;"HU";"C07C"
16860568;"HU";"C07D"
16860569;"HU";"C07C"
16860569;"HU";"C07D"
16860570;"HU";"C07D"
16861380;"HU";"A63F"
16862244;"HU";"A23J"
16862244;"HU";"A23K"
16862244;"HU";"B01D"
16862244;"HU";"C02F"
16862244;"HU";"C11B"
16862585;"HU";"A63F"
16863235;"HU";"A61K"
16863328;"HU";"H05H"
16864092;"HU";"A61K"
16864092;"HU";"A61P"
16864092;"HU";"C07D"
16864092;"HU";"C07F"
16864260;"HU";"F03B"
16864520;"HU";"F41A"
16864533;"HU";"B63H"
16864533;"HU";"C07K"
16864533;"HU";"C12P"
16864533;"HU";"C12R"
16864564;"HU";"A61K"
16864564;"HU";"A61P"
16864564;"HU";"C07D"
16864936;"HU";"A61F"
16865513;"HU";"F16D"
16868119;"HU";"A01C"
16869229;"HU";"A61K"
16869229;"HU";"A61P"
16869229;"HU";"C07J"
16869229;"HU";"C07K"
16869334;"HU";"A61K"
16869334;"HU";"A61P"
16869334;"HU";"C07K"
16869939;"HU";"A01B"
16870348;"HU";"F21V"
16870348;"HU";"H01K"
16871188;"HU";"F01N"
16872336;"HU";"F16D"
16872337;"HU";"F16D"
16872338;"HU";"F16H"
16872338;"HU";"G01P"
16872339;"HU";"F02D"
16872412;"HU";"F16H"
16872412;"HU";"G01R"
16872490;"HU";"F16D"
16872490;"HU";"F16H"
16873320;"HU";"H01J"
16873320;"HU";"H01K"
16873892;"HU";"A01H"
16873892;"HU";"C12N"
16873972;"HU";"C07J"
16877166;"HU";"C11B"
16877915;"HU";"A61K"
16877915;"HU";"A61P"
16877915;"HU";"C07D"
16882900;"HU";"A61K"
16882900;"HU";"A61P"
16882900;"HU";"C07D"
16883421;"HU";"A61K"
16884624;"HU";"A23K"
16884624;"HU";"C07D"
16884625;"HU";"A23K"
16884625;"HU";"C07D"
16884626;"HU";"A61K"
16884626;"HU";"A61P"
16884626;"HU";"C07D"
16887463;"HU";"A61K"
16887463;"HU";"A61P"
16887463;"HU";"C07D"
16887594;"HU";"A61K"
16889639;"HU";"F25B"
16889639;"HU";"F28D"
16889639;"HU";"F28F"
16892212;"HU";"C12N"
16892212;"HU";"C12Q"
16892212;"HU";"C12R"
16892212;"HU";"G01N"
16892671;"HU";"A61K"
16892671;"HU";"A61P"
16892671;"HU";"C07D"
16893661;"HU";"A61K"
16894869;"HU";"A61K"
16894869;"HU";"C07F"
16894870;"HU";"A61K"
16894870;"HU";"A61P"
16894870;"HU";"C07F"
16895691;"HU";"A61K"
16895691;"HU";"A61P"
16895691;"HU";"C07K"
16895938;"HU";"A61K"
16895938;"HU";"A61P"
16895938;"HU";"C07K"
16895939;"HU";"A61K"
16895939;"HU";"A61P"
16895939;"HU";"C07K"
16898076;"HU";"A61K"
16898076;"HU";"A61P"
16898076;"HU";"C07D"
16899005;"HU";"A61K"
16899005;"HU";"A61P"
16899005;"HU";"C07D"
16899428;"HU";"A61K"
16899428;"HU";"A61P"
16899428;"HU";"C07D"
16906624;"HU";"F28B"
16906682;"HU";"G05F"
16906737;"HU";"C07B"
16906737;"HU";"C07D"
16906769;"HU";"B02C"
16906986;"HU";"B21C"
16906986;"HU";"E04C"
16907363;"HU";"A61K"
16907363;"HU";"A61P"
16907363;"HU";"B01J"
16907363;"HU";"C07B"
16907363;"HU";"C07H"
16907622;"HU";"A61B"
16907622;"HU";"A63H"
16908082;"HU";"A01H"
16908082;"HU";"C12N"
16908505;"HU";"F02F"
16908505;"HU";"F16J"
16908875;"HU";"A61K"
16908909;"HU";"H02K"
16909188;"HU";"A62D"
16909188;"HU";"B09B"
16909188;"HU";"C02F"
16909188;"HU";"C10B"
16909188;"HU";"F23G"
16909915;"HU";"A61K"
16909915;"HU";"A61P"
16909915;"HU";"A61Q"
16909953;"HU";"C08F"
16911033;"HU";"A61K"
16911033;"HU";"A61P"
16911033;"HU";"C07D"
16911033;"HU";"C08B"
16911371;"HU";"A61K"
16911371;"HU";"A61P"
16911371;"HU";"C07D"
16911371;"HU";"C08B"
16911703;"HU";"A23L"
16911703;"HU";"F25D"
16912294;"HU";"A61K"
16914232;"HU";"B01D"
16914232;"HU";"C02F"
16914232;"HU";"F03G"
16914253;"HU";"A43B"
16914253;"HU";"A61H"
16914277;"HU";"G02B"
16914277;"HU";"G03B"
16914693;"HU";"G01N"
16914693;"HU";"G01R"
16914693;"HU";"H01L"
16914896;"HU";"H01L"
16914929;"HU";"A61K"
16914929;"HU";"A61P"
16916394;"HU";"G01L"
16916400;"HU";"A61K"
16916400;"HU";"A61P"
16916412;"HU";"A61K"
16918693;"HU";"A61K"
16918693;"HU";"C07D"
16921114;"HU";"H01J"
16921125;"HU";"A61K"
16921125;"HU";"A61P"
16921125;"HU";"C07K"
16921218;"HU";"B01D"
16921218;"HU";"B01J"
16921399;"HU";"A61K"
16921399;"HU";"A61P"
16921399;"HU";"C07C"
16921893;"HU";"A61K"
16921893;"HU";"A61P"
16921893;"HU";"C07C"
16921893;"HU";"C07H"
16922059;"HU";"B21B"
16922713;"HU";"A61K"
16922713;"HU";"A61P"
16922713;"HU";"C07D"
16922714;"HU";"A61K"
16922714;"HU";"A61P"
16922714;"HU";"C07D"
16922714;"HU";"C07F"
16925027;"HU";"A01H"
16926647;"HU";"A61K"
16926647;"HU";"A61P"
16926647;"HU";"C07D"
16927781;"HU";"A61K"
16927781;"HU";"A61P"
16927781;"HU";"C07D"
16928324;"HU";"F23D"
16928324;"HU";"F23G"
16928324;"HU";"F23L"
16929650;"HU";"B60Q"
16929650;"HU";"F21S"
16929650;"HU";"F21V"
16929650;"HU";"H01J"
16929650;"HU";"H01K"
16930174;"HU";"D21B"
16930174;"HU";"D21C"
16930174;"HU";"D21D"
16930798;"HU";"C07D"
16930799;"HU";"C07C"
16930799;"HU";"C07D"
16931353;"HU";"A61K"
16931353;"HU";"A61P"
16934104;"HU";"C12N"
16936095;"HU";"H01J"
16936528;"HU";"G10K"
16936700;"HU";"A61K"
16936700;"HU";"C07C"
16936700;"HU";"C07D"
16937793;"HU";"C07H"
16940168;"HU";"A61K"
16940168;"HU";"C08B"
16943539;"HU";"B22F"
16943539;"HU";"B23K"
16943539;"HU";"H01J"
16943539;"HU";"H01K"
16946402;"HU";"A61K"
16946402;"HU";"A61P"
16946529;"HU";"A61K"
16946529;"HU";"A61L"
16946529;"HU";"A61M"
16946529;"HU";"A61P"
16946529;"HU";"C08L"
16950750;"HU";"B65B"
16950750;"HU";"B65D"
16961711;"HU";"A61C"
16961711;"HU";"A61F"
16962291;"HU";"G01N"
16962291;"HU";"G01R"
16962641;"HU";"A61K"
16962641;"HU";"A61P"
16962641;"HU";"C07D"
16962790;"HU";"A61K"
16962790;"HU";"A61P"
16962790;"HU";"C07D"
16962880;"HU";"A61K"
16962880;"HU";"C07D"
16962880;"HU";"C07F"
16962880;"HU";"G01R"
16962929;"HU";"A61K"
16962929;"HU";"A61P"
16963261;"HU";"A61K"
16963261;"HU";"C07D"
16963911;"HU";"B03D"
16963911;"HU";"C02F"
16963995;"HU";"A61K"
16963995;"HU";"A61P"
16963995;"HU";"C07D"
16964017;"HU";"A61K"
16964017;"HU";"C08B"
16964200;"HU";"B01F"
16964200;"HU";"C12M"
16964564;"HU";"A61K"
16964564;"HU";"C07D"
16965496;"HU";"A61K"
16965496;"HU";"A61P"
16965496;"HU";"C07K"
16965609;"HU";"A61B"
16965872;"HU";"A61K"
16966346;"HU";"A23B"
16966346;"HU";"B65D"
16966346;"HU";"D21H"
16967384;"HU";"H01R"
16967482;"HU";"A01N"
16967482;"HU";"A61K"
16967482;"HU";"A61L"
16967482;"HU";"A61P"
16967482;"HU";"C07F"
16967482;"HU";"C07K"
16967517;"HU";"B29C"
16967517;"HU";"F16L"
16967517;"HU";"F24D"
16967517;"HU";"F28F"
16967850;"HU";"C10L"
16967850;"HU";"F03D"
16968414;"HU";"G01B"
16968414;"HU";"G01L"
16968414;"HU";"G01M"
16971064;"HU";"A61K"
16971064;"HU";"A61P"
16971064;"HU";"C07B"
16971064;"HU";"C07C"
16971064;"HU";"C07D"
16971064;"HU";"H01L"
16971242;"HU";"F24C"
16971242;"HU";"F24D"
16971242;"HU";"F24J"
16971242;"HU";"F24S"
16972527;"HU";"C09K"
16972527;"HU";"E02D"
16972705;"HU";"A61K"
16972705;"HU";"A61P"
16972705;"HU";"C07D"
16973019;"HU";"B09B"
16973019;"HU";"G21F"
16973199;"HU";"B01D"
16973199;"HU";"B30B"
16974318;"HU";"A61M"
16975124;"HU";"C12P"
16975275;"HU";"A61K"
16975275;"HU";"A61Q"
16975621;"HU";"B27N"
16975621;"HU";"D21H"
16975621;"HU";"D21J"
16975861;"HU";"G10K"
16975863;"HU";"A61K"
16975863;"HU";"C07C"
16975863;"HU";"C07D"
16976971;"HU";"A61K"
16976971;"HU";"A61P"
16976971;"HU";"C07D"
16976972;"HU";"B09C"
16976972;"HU";"E02D"
16976972;"HU";"E21B"
16982561;"HU";"A61K"
16982561;"HU";"C07K"
16982561;"HU";"C12N"
16984265;"HU";"G05F"
16984265;"HU";"H02J"
16984265;"HU";"H02M"
16985919;"HU";"A61K"
16985919;"HU";"A61P"
16985919;"HU";"C07D"
16986061;"HU";"A61K"
16986061;"HU";"A61P"
16986061;"HU";"C07C"
16986061;"HU";"C07D"
16986224;"HU";"A61K"
16986224;"HU";"C08B"
16986225;"HU";"A23G"
16986225;"HU";"A61K"
16986225;"HU";"A61Q"
16986225;"HU";"C08B"
16986226;"HU";"C08B"
16986383;"HU";"G01N"
16986383;"HU";"G06F"
16986383;"HU";"G06G"
16986383;"HU";"G06N"
16991937;"HU";"A61K"
16991937;"HU";"A61P"
16991937;"HU";"C07D"
16992849;"HU";"A61K"
16992849;"HU";"A61P"
16992849;"HU";"C07J"
16992982;"HU";"A61K"
16992982;"HU";"A61P"
16992982;"HU";"C07C"
16992982;"HU";"C07D"
16994036;"HU";"B60G"
16994036;"HU";"B60K"
16999884;"HU";"A61K"
16999884;"HU";"A61P"
16999884;"HU";"C07K"
17000593;"HU";"F16L"
17000593;"HU";"F28F"
17004245;"HU";"H01J"
17006144;"HU";"G01N"
17008426;"HU";"A61K"
17008426;"HU";"A61P"
17008426;"HU";"C07K"
17008427;"HU";"A61K"
17008427;"HU";"A61P"
17008427;"HU";"C07K"
17015527;"HU";"C09K"
17015527;"HU";"G01N"
17015637;"HU";"B23K"
17015637;"HU";"H02M"
17015637;"HU";"H05B"
17015864;"HU";"A61K"
17015864;"HU";"A61P"
17015864;"HU";"C07D"
17016704;"HU";"A61K"
17016704;"HU";"A61L"
17016704;"HU";"A61P"
17016704;"HU";"C07K"
17016704;"HU";"C12P"
17016847;"HU";"A61K"
17016847;"HU";"A61P"
17016847;"HU";"C07C"
17016847;"HU";"C07D"
17016848;"HU";"A61K"
17016848;"HU";"A61P"
17016848;"HU";"C07C"
17016849;"HU";"E01H"
17016850;"HU";"A23C"
17017234;"HU";"G01R"
17017235;"HU";"A61B"
17017235;"HU";"A61N"
17018213;"HU";"A61B"
17018213;"HU";"A61F"
17018341;"HU";"A61B"
17018458;"HU";"G11B"
17018458;"HU";"G11C"
17019129;"HU";"A61K"
17019129;"HU";"A61P"
17019129;"HU";"C07D"
17019129;"HU";"C07K"
17019599;"HU";"H02K"
17020594;"HU";"B01D"
17020595;"HU";"A61K"
17020595;"HU";"A61P"
17020595;"HU";"C07D"
17020595;"HU";"C12N"
17020596;"HU";"C07C"
17020597;"HU";"G02B"
17020597;"HU";"H04N"
17020598;"HU";"B23G"
17021212;"HU";"A01G"
17021212;"HU";"A01H"
17021213;"HU";"G01N"
17021974;"HU";"B41F"
17021975;"HU";"A23L"
17021976;"HU";"H05B"
17021977;"HU";"C07C"
17021977;"HU";"C07K"
17021977;"HU";"G01N"
17023943;"HU";"A61K"
17023943;"HU";"A61P"
17023943;"HU";"C07D"
17023943;"HU";"C07J"
17023944;"HU";"A61K"
17023944;"HU";"A61P"
17023944;"HU";"C07D"
17023944;"HU";"C07J"
17023945;"HU";"A61K"
17023945;"HU";"A61P"
17023945;"HU";"C07D"
17023946;"HU";"A61K"
17023946;"HU";"A61P"
17023946;"HU";"C07J"
17023947;"HU";"A61K"
17023947;"HU";"C07D"
17023947;"HU";"C07J"
17023948;"HU";"A61K"
17023948;"HU";"A61Q"
17024961;"HU";"A61K"
17024961;"HU";"A61P"
17024961;"HU";"C07K"
17024961;"HU";"C12N"
17024961;"HU";"C12P"
17025635;"HU";"A01D"
17027702;"HU";"E05B"
17027702;"HU";"E05C"
17027763;"HU";"A61F"
17027763;"HU";"G02C"
17027764;"HU";"A01G"
17027764;"HU";"B64G"
17027764;"HU";"F24J"
17027764;"HU";"F24S"
17028357;"HU";"B01D"
17028357;"HU";"F01N"
17028664;"HU";"A61K"
17028664;"HU";"C07D"
17029280;"HU";"A61K"
17029280;"HU";"A61P"
17029280;"HU";"C07J"
17030937;"HU";"F23D"
17031927;"HU";"B60T"
17031927;"HU";"G01L"
17033586;"HU";"A62D"
17033586;"HU";"B09C"
17033805;"HU";"H01J"
17034679;"HU";"C05F"
17035544;"HU";"B61D"
17035616;"HU";"H01J"
17036050;"HU";"G06K"
17036080;"HU";"A61K"
17036080;"HU";"A61P"
17036080;"HU";"C07C"
17036080;"HU";"C07D"
17036081;"HU";"A61K"
17036081;"HU";"A61P"
17036081;"HU";"C07C"
17036081;"HU";"C07D"
17036626;"HU";"C08F"
17036626;"HU";"C10M"
17040921;"HU";"A61K"
17040921;"HU";"A61P"
17040921;"HU";"B01J"
17040921;"HU";"C07B"
17040921;"HU";"C07D"
17040979;"HU";"A61K"
17040979;"HU";"A61P"
17041161;"HU";"A01N"
17041161;"HU";"A01P"
17041161;"HU";"C07D"
17041721;"HU";"A61K"
17041721;"HU";"A61P"
17041721;"HU";"C07D"
17041722;"HU";"A61K"
17041722;"HU";"A61L"
17041722;"HU";"A61P"
17048423;"HU";"A61K"
17048423;"HU";"A61P"
17048423;"HU";"C07D"
17048424;"HU";"A61J"
17048424;"HU";"A61K"
17048481;"HU";"A61K"
17048481;"HU";"A61P"
17048481;"HU";"C07D"
17053151;"HU";"A61K"
17053151;"HU";"A61P"
17053151;"HU";"C07K"
17057281;"HU";"B01J"
17057281;"HU";"C07C"
17057281;"HU";"C07D"
17057281;"HU";"C07F"
17062854;"HU";"A61K"
17062854;"HU";"A61P"
17062854;"HU";"C07D"
17066509;"HU";"B01D"
17066509;"HU";"B01J"
17066509;"HU";"C01B"
17066509;"HU";"G01N"
17066667;"HU";"C12N"
17066667;"HU";"C12R"
17067847;"HU";"F16K"
17067895;"HU";"C07C"
17069755;"HU";"G01N"
17069755;"HU";"H01L"
17069756;"HU";"B22C"
17069756;"HU";"B22D"
17069757;"HU";"B22C"
17069758;"HU";"A61K"
17069758;"HU";"A61P"
17069758;"HU";"C07D"
17071210;"HU";"C01B"
17071210;"HU";"C04B"
17071210;"HU";"C09K"
17071557;"HU";"A23L"
17071557;"HU";"A61K"
17071557;"HU";"A61P"
17071557;"HU";"C12C"
17071557;"HU";"C12N"
17071558;"HU";"A61K"
17071558;"HU";"A61P"
17071558;"HU";"C07H"
17072294;"HU";"F04B"
17072294;"HU";"F04C"
17074978;"HU";"A23L"
17074978;"HU";"A61K"
17075321;"HU";"A61K"
17075321;"HU";"A61P"
17076240;"HU";"G06F"
17076240;"HU";"G06G"
17076240;"HU";"G06N"
17076240;"HU";"G06T"
17076479;"HU";"A61K"
17076479;"HU";"A61P"
17076479;"HU";"C07D"
17077678;"HU";"A61K"
17077678;"HU";"C07K"
17079760;"HU";"A61K"
17079760;"HU";"A61P"
17079760;"HU";"C12P"
17079761;"HU";"A61K"
17080270;"HU";"A63F"
17081452;"HU";"G01N"
17081453;"HU";"G08B"
17081453;"HU";"G09F"
17081454;"HU";"G08B"
17081454;"HU";"G09F"
17081455;"HU";"C07C"
17081455;"HU";"C07D"
17081456;"HU";"A61K"
17081457;"HU";"C07D"
17082982;"HU";"G02B"
17082982;"HU";"H04N"
17082983;"HU";"G01F"
17084226;"HU";"B60K"
17084226;"HU";"F01K"
17084226;"HU";"F22B"
17084227;"HU";"F03G"
17084227;"HU";"F24J"
17084227;"HU";"F24S"
17085269;"HU";"G06F"
17085269;"HU";"G06N"
17085269;"HU";"G06T"
17085613;"HU";"A61K"
17085613;"HU";"A61P"
17085613;"HU";"C07F"
17088165;"HU";"H01J"
17088351;"HU";"F21S"
17088351;"HU";"H01J"
17090121;"HU";"B60K"
17090121;"HU";"B60T"
17090121;"HU";"F16D"
17090121;"HU";"F16H"
17090137;"HU";"F04C"
17090950;"HU";"B01D"
17090950;"HU";"B01J"
17090950;"HU";"C01B"
17090950;"HU";"C02F"
17092866;"HU";"C08F"
17092866;"HU";"C10M"
17093583;"HU";"A61K"
17093583;"HU";"A61P"
17093583;"HU";"C07D"
17093661;"HU";"A61K"
17093661;"HU";"C12N"
17093750;"HU";"A61K"
17093750;"HU";"A61P"
17094157;"HU";"A61K"
17094157;"HU";"A61P"
17094995;"HU";"B02C"
17094995;"HU";"C01B"
17094995;"HU";"C07C"
17094995;"HU";"C08B"
17097009;"HU";"A61K"
17097009;"HU";"A61P"
17099035;"HU";"A47J"
17099128;"HU";"B23K"
17102487;"HU";"B01J"
17102487;"HU";"C07C"
17102910;"HU";"B60S"
17102910;"HU";"G01N"
17104964;"HU";"C10L"
17104964;"HU";"C10M"
17104964;"HU";"C10N"
17110513;"HU";"H01J"
17110795;"HU";"H01J"
17113127;"HU";"A62C"
17113549;"HU";"H01J"
17116405;"HU";"H01J"
17124677;"HU";"A61K"
17124677;"HU";"A61P"
17124767;"HU";"C22C"
17124767;"HU";"H01F"
17126645;"HU";"H02M"
17126645;"HU";"H03K"
17128350;"HU";"A61K"
17128350;"HU";"C07C"
17128350;"HU";"C07D"
17128350;"HU";"G01N"
17129916;"HU";"A61K"
17129916;"HU";"A61P"
17129916;"HU";"C07D"
17130199;"HU";"H01H"
17130199;"HU";"H02B"
17131412;"HU";"B62M"
17131413;"HU";"A61K"
17131413;"HU";"A61P"
17131413;"HU";"A61Q"
17133223;"HU";"A61B"
17134088;"HU";"A61K"
17134984;"HU";"A61K"
17134984;"HU";"A61P"
17134984;"HU";"C07D"
17134984;"HU";"C08B"
17134985;"HU";"G05F"
17134985;"HU";"H02M"
17134985;"HU";"H03K"
17134986;"HU";"C07C"
17134986;"HU";"C07D"
17134987;"HU";"A61K"
17134987;"HU";"A61P"
17134987;"HU";"C07D"
17137420;"HU";"A63F"
17137961;"HU";"G06F"
17137961;"HU";"G06N"
17137961;"HU";"H04L"
17137961;"HU";"H04Q"
17137984;"HU";"H04L"
17137984;"HU";"H04M"
17137984;"HU";"H04Q"
17139369;"HU";"G02B"
17139369;"HU";"G06K"
17139369;"HU";"G06T"
17139370;"HU";"B23H"
17139370;"HU";"G06K"
17139371;"HU";"G01C"
17139371;"HU";"G01S"
17139371;"HU";"G06K"
17139371;"HU";"G08G"
17139371;"HU";"G09B"
17139372;"HU";"B65G"
17139372;"HU";"B66F"
17139373;"HU";"A61K"
17139373;"HU";"A61P"
17140953;"HU";"A61K"
17140953;"HU";"A61P"
17140953;"HU";"C07D"
17141137;"HU";"F25B"
17141138;"HU";"A61B"
17142526;"HU";"A61K"
17142526;"HU";"A61P"
17142526;"HU";"C07K"
17142847;"HU";"C12Q"
17142847;"HU";"G01N"
17143281;"HU";"C07C"
17143281;"HU";"C12F"
17145905;"HU";"A61K"
17145905;"HU";"A61P"
17146712;"HU";"A61K"
17146712;"HU";"A61P"
17146712;"HU";"C07D"
17147006;"HU";"B32B"
17147006;"HU";"D04H"
17147006;"HU";"D06N"
17147006;"HU";"E04B"
17147006;"HU";"E04D"
17147553;"HU";"A63F"
17147553;"HU";"A63G"
17147553;"HU";"F41A"
17147553;"HU";"F41G"
17147553;"HU";"F41J"
17147553;"HU";"H04B"
17147554;"HU";"A63F"
17147554;"HU";"A63G"
17147554;"HU";"F41A"
17147554;"HU";"F41G"
17147554;"HU";"F41J"
17147554;"HU";"H04B"
17147602;"HU";"B60C"
17147602;"HU";"B60R"
17147602;"HU";"B60T"
17147602;"HU";"G01N"
17147916;"HU";"C05F"
17148511;"HU";"G06F"
17153153;"HU";"C07C"
17153153;"HU";"C10M"
17153523;"HU";"C07D"
17153524;"HU";"C07D"
17154395;"HU";"B60T"
17154395;"HU";"B62D"
17154395;"HU";"G05B"
17157725;"HU";"C04B"
17157725;"HU";"C09K"
17158654;"HU";"A61K"
17158654;"HU";"A61P"
17158654;"HU";"C07D"
17160806;"HU";"A61K"
17160806;"HU";"A61P"
17160806;"HU";"C07D"
17168185;"HU";"B01J"
17168185;"HU";"C01B"
17168185;"HU";"C10G"
17173458;"HU";"H01J"
17173462;"HU";"H01J"
17173462;"HU";"H05B"
17176240;"HU";"H01R"
17178326;"HU";"H01J"
17179443;"HU";"A23L"
17179857;"HU";"H01J"
17179857;"HU";"H05B"
17179860;"HU";"H01J"
17181082;"HU";"H01J"
17185763;"HU";"A63B"
17185763;"HU";"A63H"
17188278;"HU";"A61F"
17190382;"HU";"C04B"
17190800;"HU";"A01N"
17190800;"HU";"A61K"
17190855;"HU";"G05D"
17192042;"HU";"C10G"
17192529;"HU";"A47B"
17193646;"HU";"A01N"
17196380;"HU";"A61K"
17196380;"HU";"A61Q"
17196381;"HU";"G09F"
17196382;"HU";"G01N"
17196646;"HU";"G01N"
17196839;"HU";"G01N"
17197341;"HU";"C09K"
17197341;"HU";"E01H"
17198167;"HU";"G06F"
17198167;"HU";"H04L"
17198167;"HU";"H04M"
17198167;"HU";"H04Q"
17198656;"HU";"C08G"
17198656;"HU";"C08L"
17198656;"HU";"C09D"
17199905;"HU";"A61K"
17199905;"HU";"C07D"
17199905;"HU";"C07F"
17200432;"HU";"A61B"
17200433;"HU";"A61K"
17200433;"HU";"A61P"
17200433;"HU";"C07D"
17201086;"HU";"A61K"
17201086;"HU";"A61P"
17201086;"HU";"C07C"
17201086;"HU";"C07D"
17202367;"HU";"A61K"
17202367;"HU";"A61P"
17202368;"HU";"F02C"
17202369;"HU";"A61C"
17202369;"HU";"A61K"
17202369;"HU";"C03C"
17202491;"HU";"H04M"
17202491;"HU";"H04Q"
17203164;"HU";"H04M"
17203164;"HU";"H04Q"
17203165;"HU";"H04M"
17203165;"HU";"H04Q"
17204219;"HU";"A61K"
17204219;"HU";"A61P"
17204219;"HU";"C07D"
17206251;"HU";"G01R"
17206495;"HU";"A63F"
17206495;"HU";"A63H"
17207036;"HU";"A23K"
17207037;"HU";"B65D"
17208041;"HU";"A61K"
17208041;"HU";"A61P"
17208041;"HU";"C07D"
17208042;"HU";"H01J"
17208543;"HU";"A61B"
17208543;"HU";"G06K"
17208543;"HU";"G06T"
17208543;"HU";"G06V"
17208544;"HU";"A23L"
17208544;"HU";"C07C"
17210158;"HU";"A61K"
17210158;"HU";"A61P"
17210158;"HU";"C07D"
17210159;"HU";"A61K"
17210159;"HU";"A61P"
17210159;"HU";"C07C"
17210159;"HU";"C07D"
17210159;"HU";"C12N"
17210159;"HU";"C12P"
17210159;"HU";"C12R"
17213245;"HU";"G01N"
17213246;"HU";"A01N"
17213246;"HU";"C07C"
17213246;"HU";"C07D"
17214620;"HU";"F16F"
17214803;"HU";"A61K"
17214803;"HU";"A61P"
17214803;"HU";"C07D"
17214804;"HU";"B01J"
17214804;"HU";"C10G"
17214805;"HU";"B01J"
17214805;"HU";"C07B"
17214805;"HU";"C07C"
17214806;"HU";"A01N"
17214806;"HU";"A01P"
17214807;"HU";"A61K"
17214807;"HU";"A61P"
17214807;"HU";"A61Q"
17214808;"HU";"A23F"
17214808;"HU";"A23L"
17214809;"HU";"H01M"
17215212;"HU";"B01J"
17215212;"HU";"C07B"
17215212;"HU";"C07C"
17215301;"HU";"C07D"
17217010;"HU";"B60K"
17217010;"HU";"B60T"
17217010;"HU";"B62D"
17222105;"HU";"A61K"
17222105;"HU";"A61P"
17222105;"HU";"C07D"
17222807;"HU";"H01R"
17230799;"HU";"A61K"
17230799;"HU";"A61P"
17230799;"HU";"C07D"
17245390;"HU";"C03C"
17249414;"HU";"H01J"
17255750;"HU";"C07D"
17255751;"HU";"C07D"
17256664;"HU";"B42D"
17257482;"HU";"E05B"
17258173;"HU";"F24D"
17258173;"HU";"F24F"
17258174;"HU";"A61F"
17258175;"HU";"A61K"
17258175;"HU";"A61Q"
17260203;"HU";"A61K"
17260203;"HU";"A61P"
17260203;"HU";"C07K"
17260203;"HU";"C12N"
17260203;"HU";"C12P"
17261336;"HU";"B65D"
17261336;"HU";"E02D"
17262537;"HU";"G09F"
17262765;"HU";"C07F"
17263084;"HU";"A43B"
17263085;"HU";"A61K"
17263085;"HU";"A61P"
17263085;"HU";"C07C"
17263086;"HU";"G09F"
17263691;"HU";"A61K"
17263691;"HU";"A61P"
17263691;"HU";"C07D"
17263692;"HU";"B60R"
17263693;"HU";"A01D"
17263693;"HU";"A01F"
17264297;"HU";"C07C"
17264297;"HU";"C07D"
17265014;"HU";"A61K"
17265014;"HU";"A61P"
17265014;"HU";"C07D"
17265015;"HU";"A61K"
17265483;"HU";"A61K"
17265483;"HU";"A61P"
17265483;"HU";"C07D"
17266167;"HU";"A61K"
17266167;"HU";"A61P"
17266167;"HU";"C07D"
17266167;"HU";"C07F"
17266774;"HU";"C12N"
17267268;"HU";"A01H"
17267268;"HU";"C07K"
17267268;"HU";"C12N"
17267268;"HU";"C12Q"
17267268;"HU";"G01N"
17267427;"HU";"G09F"
17268721;"HU";"A01H"
17268721;"HU";"A01K"
17268721;"HU";"A61K"
17268721;"HU";"C12N"
17269033;"HU";"G01N"
17269033;"HU";"G06K"
17269033;"HU";"G06T"
17270667;"HU";"A23L"
17271938;"HU";"A63B"
17271938;"HU";"A63G"
17271939;"HU";"C07D"
17271940;"HU";"A61K"
17271940;"HU";"A61P"
17271940;"HU";"C07K"
17272692;"HU";"A61K"
17272692;"HU";"A61P"
17272692;"HU";"C07K"
17274606;"HU";"C07H"
17275213;"HU";"A47G"
17275213;"HU";"D06F"
17275403;"HU";"E03F"
17276759;"HU";"C07D"
17276760;"HU";"F28B"
17276761;"HU";"G09F"
17276762;"HU";"A61F"
17277293;"HU";"A61K"
17277293;"HU";"A61P"
17277293;"HU";"C07C"
17277293;"HU";"C07D"
17278589;"HU";"H04B"
17278589;"HU";"H04J"
17278589;"HU";"H04L"
17278589;"HU";"H04Q"
17281238;"HU";"B01F"
17281750;"HU";"B01D"
17281750;"HU";"F16M"
17282362;"HU";"C12N"
17282362;"HU";"C12P"
17282937;"HU";"A61K"
17282938;"HU";"C07C"
17282939;"HU";"A61K"
17282939;"HU";"A61P"
17282940;"HU";"A61K"
17282940;"HU";"A61P"
17284742;"HU";"G06Q"
17284742;"HU";"G07F"
17285830;"HU";"B65D"
17285831;"HU";"A61K"
17285831;"HU";"A61P"
17285831;"HU";"C07C"
17285831;"HU";"C07D"
17288035;"HU";"C07C"
17288036;"HU";"A61K"
17288554;"HU";"A61K"
17288554;"HU";"A61P"
17296518;"HU";"F16K"
17296898;"HU";"B63B"
17296898;"HU";"B63H"
17297351;"HU";"A01H"
17297351;"HU";"C12N"
17303560;"HU";"C07C"
17303560;"HU";"C07D"
17306708;"HU";"B60N"
17306709;"HU";"B60N"
17306709;"HU";"G05G"
17309455;"HU";"C07D"
17320881;"HU";"F21V"
17324796;"HU";"H01J"
17333023;"HU";"A61K"
17333023;"HU";"A61P"
17333023;"HU";"C07D"
17333467;"HU";"B66B"
17333468;"HU";"C08G"
17333468;"HU";"C08L"
17333468;"HU";"H01B"
17334155;"HU";"F28B"
17334155;"HU";"F28F"
17334156;"HU";"A47C"
17334157;"HU";"B29C"
17334157;"HU";"B65D"
17334157;"HU";"C08J"
17334859;"HU";"A44B"
17334859;"HU";"B24D"
17334859;"HU";"B29C"
17334860;"HU";"G02B"
17334860;"HU";"G02F"
17334860;"HU";"G03B"
17334860;"HU";"H04N"
17334861;"HU";"B60K"
17334861;"HU";"F01P"
17334861;"HU";"F28F"
17335284;"HU";"A61B"
17335284;"HU";"A61F"
17335621;"HU";"G09F"
17335622;"HU";"H01M"
17338884;"HU";"H02J"
17338885;"HU";"F16K"
17338886;"HU";"B23B"
17339836;"HU";"C11D"
17339958;"HU";"A61K"
17339958;"HU";"A61P"
17339958;"HU";"C07D"
17340799;"HU";"A61K"
17340799;"HU";"A61P"
17340799;"HU";"C07K"
17340799;"HU";"C12P"
17340800;"HU";"A61K"
17340800;"HU";"A61P"
17340800;"HU";"C07K"
17341443;"HU";"C10B"
17341794;"HU";"G06F"
17341794;"HU";"H04L"
17342326;"HU";"A01H"
17342326;"HU";"C07K"
17342326;"HU";"C12N"
17342326;"HU";"C12Q"
17342394;"HU";"A01N"
17342394;"HU";"C07C"
17342394;"HU";"C07D"
17342624;"HU";"H04L"
17342624;"HU";"H04Q"
17342630;"HU";"H04J"
17342630;"HU";"H04L"
17342630;"HU";"H04Q"
17342736;"HU";"A61K"
17342736;"HU";"A61P"
17342736;"HU";"C07K"
17342736;"HU";"C12N"
17342736;"HU";"C12P"
17342736;"HU";"C12Q"
17342736;"HU";"G01N"
17343544;"HU";"A61K"
17343544;"HU";"C07K"
17343545;"HU";"G01N"
17344293;"HU";"A61K"
17344293;"HU";"A61P"
17344381;"HU";"G01V"
17344889;"HU";"C07D"
17344890;"HU";"C07D"
17344891;"HU";"A61K"
17344891;"HU";"A61P"
17344891;"HU";"C07D"
17346695;"HU";"C08F"
17346695;"HU";"C09D"
17346702;"HU";"A61K"
17346702;"HU";"A61P"
17347507;"HU";"B05B"
17347507;"HU";"B60S"
17347574;"HU";"C07D"
17347576;"HU";"A61K"
17347576;"HU";"A61P"
17347576;"HU";"F16K"
17347795;"HU";"A01H"
17347795;"HU";"C12N"
17348349;"HU";"A61K"
17348349;"HU";"C07K"
17352647;"HU";"A61K"
17352647;"HU";"C07C"
17352647;"HU";"C07D"
17353392;"HU";"B01D"
17353392;"HU";"C10L"
17353393;"HU";"A61K"
17353393;"HU";"A61P"
17353394;"HU";"C07C"
17353394;"HU";"C07D"
17353395;"HU";"C07C"
17353395;"HU";"C07D"
17353396;"HU";"B22D"
17353396;"HU";"H01M"
17353397;"HU";"A61K"
17353397;"HU";"A61P"
17353397;"HU";"C07D"
17353398;"HU";"C07B"
17353398;"HU";"C07C"
17353399;"HU";"G06K"
17353400;"HU";"A63B"
17355365;"HU";"A61K"
17355365;"HU";"A61P"
17355365;"HU";"C07D"
17355366;"HU";"A61K"
17355366;"HU";"A61P"
17355366;"HU";"C07D"
17355801;"HU";"A23L"
17355801;"HU";"A61K"
17355801;"HU";"A61P"
17355802;"HU";"A61F"
17355822;"HU";"A61H"
17355822;"HU";"F21K"
17355822;"HU";"F21S"
17355822;"HU";"F21V"
17355822;"HU";"F21Y"
17355822;"HU";"H05B"
17356522;"HU";"A23B"
17356522;"HU";"A23L"
17359713;"HU";"A61K"
17359713;"HU";"A61P"
17359714;"HU";"G06Q"
17359714;"HU";"G07F"
17360355;"HU";"A61N"
17360355;"HU";"H01Q"
17361250;"HU";"G01N"
17361251;"HU";"F28B"
17363495;"HU";"C01B"
17364542;"HU";"A01H"
17364542;"HU";"C07K"
17364542;"HU";"C12N"
17365097;"HU";"C02F"
17365097;"HU";"C11D"
17365098;"HU";"A01N"
17365098;"HU";"C02F"
17365098;"HU";"C11D"
17365317;"HU";"B65D"
17366097;"HU";"B29B"
17366097;"HU";"C08J"
17368773;"HU";"A61K"
17368773;"HU";"A61P"
17368773;"HU";"C07C"
17369635;"HU";"E02D"
17369635;"HU";"E03B"
17378778;"HU";"A61K"
17378778;"HU";"A61P"
17378778;"HU";"C07C"
17378778;"HU";"C07K"
17380993;"HU";"G09F"
17384234;"HU";"F16H"
17389011;"HU";"C09K"
17389011;"HU";"H01J"
17390468;"HU";"A61M"
17390866;"HU";"B60G"
17390866;"HU";"F16F"
17391771;"HU";"A61K"
17391771;"HU";"A61P"
17391771;"HU";"C07D"
17392338;"HU";"A61K"
17392338;"HU";"A61P"
17392338;"HU";"A61Q"
17392788;"HU";"G01N"
17393129;"HU";"C30B"
17393330;"HU";"B60N"
17399013;"HU";"F21V"
17399013;"HU";"H01J"
17399013;"HU";"H01R"
17415111;"HU";"F04F"
17415399;"HU";"G06T"
17415399;"HU";"G09C"
17415399;"HU";"H04N"
17415400;"HU";"B60F"
17415400;"HU";"B63H"
17415860;"HU";"F02M"
17417009;"HU";"C11D"
17417692;"HU";"C11D"
17420670;"HU";"G06F"
17420670;"HU";"G06K"
17420670;"HU";"G06T"
17421345;"HU";"B41J"
17421346;"HU";"B09B"
17421346;"HU";"B32B"
17421346;"HU";"C03B"
17421346;"HU";"C03C"
17421346;"HU";"C04B"
17421347;"HU";"A61B"
17422090;"HU";"H04J"
17422090;"HU";"H04L"
17422090;"HU";"H04Q"
17422226;"HU";"F16K"
17422227;"HU";"A61P"
17422227;"HU";"C12P"
17422228;"HU";"H01R"
17423206;"HU";"B62K"
17423928;"HU";"B01F"
17423928;"HU";"F04F"
17423929;"HU";"F04F"
17424567;"HU";"C11D"
17424568;"HU";"C11D"
17424762;"HU";"G02B"
17424763;"HU";"A62C"
17424764;"HU";"F23C"
17424764;"HU";"F23D"
17424765;"HU";"B01D"
17424765;"HU";"B09B"
17424765;"HU";"F23G"
17424765;"HU";"F23J"
17426206;"HU";"H01H"
17426703;"HU";"G01B"
17426703;"HU";"G01C"
17426703;"HU";"G01S"
17426992;"HU";"A61B"
17428003;"HU";"G03H"
17428003;"HU";"G11B"
17428004;"HU";"F16B"
17428256;"HU";"G06F"
17428884;"HU";"A61C"
17429764;"HU";"A61K"
17429764;"HU";"A61P"
17429764;"HU";"C07D"
17430725;"HU";"A61H"
17431387;"HU";"H04L"
17431387;"HU";"H04Q"
17431613;"HU";"B29B"
17432321;"HU";"H04Q"
17432321;"HU";"H04W"
17432598;"HU";"A61L"
17432598;"HU";"C22F"
17433449;"HU";"A23L"
17433449;"HU";"B65B"
17434263;"HU";"A21D"
17434263;"HU";"A23J"
17434263;"HU";"A23L"
17434263;"HU";"C07K"
17434263;"HU";"C12N"
17434263;"HU";"C12R"
17435597;"HU";"A61K"
17435597;"HU";"A61P"
17435597;"HU";"C07D"
17437713;"HU";"H04L"
17437713;"HU";"H04Q"
17437713;"HU";"H04W"
17437988;"HU";"F16K"
17438397;"HU";"A61K"
17439582;"HU";"G06F"
17439582;"HU";"H04L"
17440926;"HU";"B60N"
17440926;"HU";"B61D"
17440926;"HU";"B64D"
17441000;"HU";"H04L"
17441000;"HU";"H04Q"
17441000;"HU";"H04W"
17441932;"HU";"H04L"
17441932;"HU";"H04Q"
17442679;"HU";"A61K"
17442679;"HU";"A61P"
17442679;"HU";"C07C"
17442679;"HU";"C07D"
17443223;"HU";"H04L"
17443223;"HU";"H04Q"
17444556;"HU";"A61K"
17444556;"HU";"A61P"
17444556;"HU";"C07D"
17446410;"HU";"C07C"
17447405;"HU";"F16K"
17447406;"HU";"C01B"
17447406;"HU";"C11D"
17449521;"HU";"C07B"
17449521;"HU";"C07D"
17450175;"HU";"A61K"
17450175;"HU";"A61P"
17450831;"HU";"A01D"
17450832;"HU";"B42D"
17450832;"HU";"G03H"
17450832;"HU";"G06K"
17450832;"HU";"G11C"
17452524;"HU";"G01B"
17452524;"HU";"G02B"
17452524;"HU";"G06K"
17452524;"HU";"G06T"
17452525;"HU";"A61K"
17452525;"HU";"A61P"
17452525;"HU";"C07D"
17452527;"HU";"A61M"
17453314;"HU";"A01G"
17453315;"HU";"B65D"
17454035;"HU";"C07C"
17454237;"HU";"A61K"
17454237;"HU";"A61P"
17454237;"HU";"C07K"
17455367;"HU";"F02N"
17456010;"HU";"H04L"
17456010;"HU";"H04M"
17456010;"HU";"H04Q"
17456010;"HU";"H04W"
17458881;"HU";"A61K"
17458881;"HU";"A61P"
17458881;"HU";"C07D"
54938601;"HU";"H04L"
54938688;"HU";"H04L"
54938688;"HU";"H04W"
54939040;"HU";"B01D"
54939040;"HU";"B09B"
54939040;"HU";"C01C"
54939040;"HU";"C02F"
54939790;"HU";"H04L"
54947818;"HU";"H04L"
54947818;"HU";"H04W"
54998513;"HU";"H04L"
54999134;"HU";"H04L"
54999134;"HU";"H04W"
55002204;"HU";"H04L"
55002280;"HU";"H04L"
55002280;"HU";"H04M"
55002280;"HU";"H04W"
55002289;"HU";"H04L"
55003135;"HU";"A61K"
55005360;"HU";"A61K"
55005360;"HU";"A61P"
55005360;"HU";"C07D"
55006022;"HU";"C07D"
55006022;"HU";"C12P"
55011644;"HU";"A47C"
55011644;"HU";"A47G"
55011644;"HU";"D04H"
55012331;"HU";"G01N"
55034762;"HU";"D06F"
55035210;"HU";"A61K"
55035210;"HU";"C07K"
55035434;"HU";"G03H"
55035434;"HU";"G11B"
55041505;"HU";"B66C"
55041505;"HU";"B66F"
55041512;"HU";"H04L"
55042994;"HU";"H02J"
55042995;"HU";"H02J"
55042996;"HU";"H02J"
55048934;"HU";"H04L"
55049075;"HU";"B60T"
55049075;"HU";"B60W"
55049075;"HU";"B62D"
55049075;"HU";"G06F"
55050089;"HU";"C07C"
55050090;"HU";"B25J"
55108835;"HU";"C12N"
55124904;"HU";"H04L"
55124904;"HU";"H04W"
55126645;"HU";"H04W"
55126883;"HU";"A61K"
55126883;"HU";"C07D"
55127257;"HU";"A47K"
55128903;"HU";"A01K"
55128903;"HU";"A61K"
55128903;"HU";"A61P"
55129074;"HU";"C01B"
55129074;"HU";"C09K"
55129074;"HU";"E02D"
55129290;"HU";"A61K"
55129290;"HU";"C07D"
55153333;"HU";"G11B"
55156766;"HU";"A61K"
55156766;"HU";"A61P"
55156766;"HU";"C07D"
55165485;"HU";"A61K"
55165485;"HU";"B01D"
55165485;"HU";"C07B"
55165485;"HU";"C07C"
55166060;"HU";"B32B"
55166060;"HU";"C08J"
55166060;"HU";"C08L"
55178446;"HU";"E05C"
55178654;"HU";"G01N"
55178729;"HU";"A61B"
55216541;"HU";"G06F"
55216955;"HU";"B32B"
55216955;"HU";"G21K"
55269378;"HU";"H04L"
55269425;"HU";"A61K"
55269425;"HU";"A61P"
55269425;"HU";"C07K"
55269425;"HU";"G01N"
55269820;"HU";"H04B"
55269820;"HU";"H04Q"
55270130;"HU";"A61F"
55270494;"HU";"C07C"
55270557;"HU";"H04N"
55271691;"HU";"H01J"
55271711;"HU";"H01J"
55271742;"HU";"B01J"
55271742;"HU";"C07C"
55271742;"HU";"C08G"
55272286;"HU";"A61K"
55272286;"HU";"A61P"
55272286;"HU";"C07D"
55272968;"HU";"A61K"
55272968;"HU";"C07H"
55273290;"HU";"A61K"
55283778;"HU";"B09B"
55285930;"HU";"G06F"
55285930;"HU";"H04L"
55285986;"HU";"H04L"
55285986;"HU";"H04W"
55293801;"HU";"C12P"
55301430;"HU";"H04L"
55302016;"HU";"H04L"
55305756;"HU";"A61K"
55305756;"HU";"C07C"
55319133;"HU";"G11B"
55319133;"HU";"H01S"
55319467;"HU";"C07J"
55319468;"HU";"C07D"
55326780;"HU";"C04B"
55326780;"HU";"C21D"
55326780;"HU";"F22B"
55326780;"HU";"F23M"
55326780;"HU";"F27D"
55341214;"HU";"A61K"
55341214;"HU";"A61P"
55341215;"HU";"A61K"
55341215;"HU";"A61P"
55341218;"HU";"B01D"
55341218;"HU";"C02F"
55341218;"HU";"E04B"
55341220;"HU";"G01N"
55345861;"HU";"A61K"
55345861;"HU";"A61P"
55346345;"HU";"A61H"
55350221;"HU";"H04L"
55350541;"HU";"G03H"
55350541;"HU";"G06K"
55350541;"HU";"G11B"
55398536;"HU";"H04L"
55398552;"HU";"H04L"
55401901;"HU";"A61B"
55401901;"HU";"C08F"
55401901;"HU";"C08K"
55401901;"HU";"C08L"
55402863;"HU";"H04L"
55412345;"HU";"B60W"
55412345;"HU";"G08G"
55412534;"HU";"H04W"
55428148;"HU";"G11B"
55428325;"HU";"H04L"
55428689;"HU";"A61K"
55428689;"HU";"C07C"
55428689;"HU";"C07D"
55428689;"HU";"C07K"
55428691;"HU";"C12N"
55428692;"HU";"B81C"
55428692;"HU";"G01L"
55428692;"HU";"G06F"
55428692;"HU";"G06K"
55434275;"HU";"G06F"
55434276;"HU";"A61K"
55434276;"HU";"A61P"
55434276;"HU";"C07D"
55434276;"HU";"C07F"
55434277;"HU";"G01N"
55434277;"HU";"G02B"
55447602;"HU";"B60G"
55447602;"HU";"F16K"
55469758;"HU";"C07C"
55482104;"HU";"G01F"
55492096;"HU";"A61K"
55502934;"HU";"G01N"
55502934;"HU";"H01J"
55505969;"HU";"H01J"
55516908;"HU";"H04L"
55517579;"HU";"B23K"
55517579;"HU";"C03B"
55517579;"HU";"C03C"
55526142;"HU";"H04L"
55526142;"HU";"H04W"
55526185;"HU";"A01D"
55526436;"HU";"A61K"
55526436;"HU";"A61P"
55526436;"HU";"C07D"
55526612;"HU";"C12P"
55529021;"HU";"B23D"
55530861;"HU";"A61K"
55530861;"HU";"A61P"
55530861;"HU";"C07D"
55530862;"HU";"A61F"
55530862;"HU";"A61K"
55530863;"HU";"A23C"
55530863;"HU";"A23D"
55530863;"HU";"A23L"
55530863;"HU";"A61Q"
55530865;"HU";"A61K"
55531280;"HU";"H04Q"
55531280;"HU";"H04W"
55531696;"HU";"C08G"
55532445;"HU";"A61K"
55532445;"HU";"A61P"
55532445;"HU";"C07D"
55533643;"HU";"H04W"
55533644;"HU";"H04L"
55533645;"HU";"H04L"
55533659;"HU";"C09J"
55533735;"HU";"G06F"
55533831;"HU";"C10L"
55537087;"HU";"H04L"
55538678;"HU";"C02F"
55538679;"HU";"C07J"
55581209;"HU";"H02B"
55581381;"HU";"C07C"
55581401;"HU";"H04L"
55581402;"HU";"H04L"
55624805;"HU";"B01F"
55624805;"HU";"B08B"
55624948;"HU";"G05B"
55626341;"HU";"A01K"
55626341;"HU";"C12N"
55627474;"HU";"C07J"
55628363;"HU";"A21D"
55628363;"HU";"A23C"
55628363;"HU";"A23L"
55652959;"HU";"H04L"
55665954;"HU";"A61K"
55665954;"HU";"A61P"
55666095;"HU";"B32B"
55666095;"HU";"B61D"
55666095;"HU";"C03C"
55677582;"HU";"H04L"
55696010;"HU";"A01J"
55696010;"HU";"A21D"
55696010;"HU";"A23C"
55696010;"HU";"A23G"
55696010;"HU";"A23L"
55704617;"HU";"B25F"
55769538;"HU";"G10L"
55781282;"HU";"A23L"
55787529;"HU";"C12Q"
55787529;"HU";"G16B"
55816715;"HU";"A61K"
55817015;"HU";"H01J"
55817645;"HU";"B09C"
55817645;"HU";"E02D"
55817645;"HU";"E03B"
55817645;"HU";"F16L"
55817647;"HU";"A61K"
55817648;"HU";"A01D"
55817649;"HU";"A61K"
55817649;"HU";"A61P"
55817650;"HU";"E04C"
55817651;"HU";"G07F"
55831265;"HU";"F28D"
55831265;"HU";"F28F"
55832806;"HU";"A23L"
55832806;"HU";"B22F"
55832806;"HU";"C01B"
55841434;"HU";"H04L"
55841687;"HU";"H04W"
55842293;"HU";"H01H"
55843212;"HU";"F02B"
55843393;"HU";"A61K"
55856626;"HU";"A61K"
55856626;"HU";"A61P"
55857024;"HU";"B60P"
55899329;"HU";"H04L"
56189077;"HU";"H04W"
56189083;"HU";"H04W"
56189084;"HU";"H04L"
56189084;"HU";"H04W"
56192648;"HU";"H04L"
56192648;"HU";"H04W"
56195067;"HU";"H04W"
56196490;"HU";"H04L"
56197031;"HU";"H04L"
56197031;"HU";"H04W"
56197032;"HU";"H04L"
56197032;"HU";"H04W"
56197034;"HU";"H04L"
56197034;"HU";"H04W"
56197435;"HU";"H04L"
56197506;"HU";"A46B"
56199641;"HU";"H04W"
56201898;"HU";"H04L"
56204014;"HU";"G01N"
56204015;"HU";"A61K"
56204015;"HU";"A61P"
56204016;"HU";"A61K"
56204016;"HU";"A61P"
56206015;"HU";"F02B"
56206015;"HU";"F02M"
56213553;"HU";"A61K"
56213553;"HU";"A61P"
56213553;"HU";"C07D"
56213554;"HU";"A61K"
56213554;"HU";"C07D"
56213555;"HU";"C10B"
56213555;"HU";"C10J"
56213557;"HU";"G01N"
56213561;"HU";"A61K"
56213562;"HU";"B21D"
56213563;"HU";"C07J"
56213564;"HU";"A61K"
56213564;"HU";"A61Q"
56213776;"HU";"E04H"
56217762;"HU";"A61B"
56217865;"HU";"G02B"
56221170;"HU";"H04W"
56225549;"HU";"B60S"
56225552;"HU";"A61K"
56225552;"HU";"A61P"
56225552;"HU";"C07D"
56225552;"HU";"C07K"
56225553;"HU";"A61K"
56225553;"HU";"A61P"
56225553;"HU";"C07C"
56225553;"HU";"C07D"
56225553;"HU";"C07K"
56225554;"HU";"A61K"
56225554;"HU";"A61P"
56225554;"HU";"C07C"
56225554;"HU";"C07D"
56225608;"HU";"H04L"
56225608;"HU";"H04M"
56226013;"HU";"H04L"
56232151;"HU";"H04L"
56232192;"HU";"H04L"
56232192;"HU";"H04W"
56233317;"HU";"H04Q"
56234155;"HU";"A61K"
56234155;"HU";"A61P"
56234155;"HU";"C07H"
56240473;"HU";"A01G"
56240474;"HU";"C07D"
56240480;"HU";"B60B"
56240480;"HU";"B62B"
56240480;"HU";"B65D"
56240709;"HU";"A61K"
56240709;"HU";"C12N"
56243015;"HU";"C07K"
56244973;"HU";"G06F"
56244973;"HU";"G16H"
56246751;"HU";"C07D"
56246752;"HU";"A63B"
56246753;"HU";"A21B"
56246753;"HU";"A47J"
56247004;"HU";"A01K"
56247004;"HU";"C07K"
56247004;"HU";"C12N"
56248051;"HU";"H04W"
56255340;"HU";"B29C"
56255340;"HU";"F16L"
56255340;"HU";"F24F"
56258195;"HU";"G11B"
56258196;"HU";"G11B"
56258197;"HU";"G02B"
56258385;"HU";"B60G"
56259005;"HU";"H04L"
56259405;"HU";"H04R"
56259407;"HU";"A21B"
56259407;"HU";"A47J"
56261148;"HU";"A61K"
56261148;"HU";"A61P"
56261148;"HU";"C07D"
56261807;"HU";"B60G"
56262216;"HU";"A23C"
56262216;"HU";"A23L"
56265193;"HU";"G06Q"
56402826;"HU";"H01J"
56403539;"HU";"F03G"
56403539;"HU";"F24J"
56403539;"HU";"F24S"
56403548;"HU";"H04L"
56404256;"HU";"C02F"
56416481;"HU";"B60T"
56418041;"HU";"H04L"
56420940;"HU";"B60T"
56499654;"HU";"H01S"
56537043;"HU";"A61B"
56537043;"HU";"A61F"
56548024;"HU";"A61K"
56548600;"HU";"H01R"
56549338;"HU";"A61N"
56586456;"HU";"A61B"
56586456;"HU";"A61K"
56586456;"HU";"A61N"
56614226;"HU";"H04L"
56614226;"HU";"H04W"
56656021;"HU";"A61K"
56656021;"HU";"A61P"
56670750;"HU";"B60T"
56731323;"HU";"A01M"
56731323;"HU";"C03C"
56731323;"HU";"H01J"
56735015;"HU";"H04L"
56735276;"HU";"H04L"
56735276;"HU";"H04Q"
56736903;"HU";"G01N"
56736903;"HU";"G02B"
56765758;"HU";"G01F"
56778274;"HU";"H04L"
56778274;"HU";"H04Q"
56778274;"HU";"H04W"
56786702;"HU";"B24B"
56786702;"HU";"B25F"
56804555;"HU";"D01D"
56838557;"HU";"A01N"
56838557;"HU";"A61K"
56838557;"HU";"A61P"
56854821;"HU";"A61B"
56879511;"HU";"A23L"
56879511;"HU";"C07C"
56879511;"HU";"C07D"
56880885;"HU";"G01N"
56880885;"HU";"G02B"
56881925;"HU";"H01J"
56882640;"HU";"A61K"
56882640;"HU";"C07K"
56899779;"HU";"C21B"
56899779;"HU";"F27B"
56905854;"HU";"F16K"
56964623;"HU";"B60R"
56964623;"HU";"G06F"
56964623;"HU";"H04L"
56997607;"HU";"B60Q"
56999256;"HU";"F23C"
56999256;"HU";"F23G"
57002673;"HU";"H01J"
57004154;"HU";"G02B"
57004155;"HU";"G02B"
57004797;"HU";"H01F"
57020798;"HU";"B31B"
57020798;"HU";"B65D"
57022298;"HU";"G01C"
57046190;"HU";"H04W"
57046701;"HU";"B62D"
57046701;"HU";"F16C"
57047353;"HU";"C02F"
57047426;"HU";"B01L"
57047426;"HU";"B81C"
57128100;"HU";"H04L"
57128100;"HU";"H04W"
57128134;"HU";"H04L"
57128257;"HU";"H04L"
57129493;"HU";"A61K"
57129939;"HU";"C12N"
57130236;"HU";"C09K"
57130236;"HU";"F21Y"
57130236;"HU";"H01J"
57130254;"HU";"C08F"
57130254;"HU";"C08L"
57155003;"HU";"B65D"
57176578;"HU";"A61K"
57176578;"HU";"A61P"
57176578;"HU";"C07C"
57176578;"HU";"C07D"
57176729;"HU";"H04H"
57176729;"HU";"H04L"
57176729;"HU";"H04N"
57176729;"HU";"H04W"
57177191;"HU";"F01C"
57221323;"HU";"F03D"
57221746;"HU";"H04J"
57221746;"HU";"H04L"
57221746;"HU";"H04W"
57222337;"HU";"H04J"
57222337;"HU";"H04L"
57222337;"HU";"H04W"
57222506;"HU";"C05F"
57222810;"HU";"H04L"
57222810;"HU";"H04W"
57229703;"HU";"A01C"
57229703;"HU";"A01N"
57229703;"HU";"C05F"
57229703;"HU";"C09K"
57229703;"HU";"C12N"
57229703;"HU";"C12R"
57238074;"HU";"C08K"
57238074;"HU";"C08L"
57320760;"HU";"G11B"
57334432;"HU";"C07H"
57334564;"HU";"E06B"
57335187;"HU";"H01M"
57335187;"HU";"H02J"
57338701;"HU";"A61B"
57338898;"HU";"A61B"
57338907;"HU";"A61B"
57422360;"HU";"A23K"
57422360;"HU";"A61K"
57422360;"HU";"A61P"
57422360;"HU";"C07H"
57423652;"HU";"G06Q"
57423720;"HU";"B60R"
57428843;"HU";"A22C"
57481692;"HU";"H04L"
57482070;"HU";"B25F"
57482470;"HU";"C07C"
57482470;"HU";"C07D"
57482604;"HU";"A61K"
57482658;"HU";"H01J"
57483364;"HU";"C07C"
57484652;"HU";"A61P"
57503021;"HU";"B60S"
57503022;"HU";"B60S"
57564919;"HU";"C08J"
57578241;"HU";"H01L"
57578879;"HU";"H04L"
57578879;"HU";"H04W"
57579511;"HU";"A61K"
57579511;"HU";"A61P"
57579765;"HU";"H01J"
57579765;"HU";"H02J"
57579770;"HU";"B65B"
57579770;"HU";"C08J"
57579770;"HU";"C09J"
57579782;"HU";"E04C"
57579782;"HU";"F24J"
57579782;"HU";"F28D"
57637313;"HU";"A61B"
57637962;"HU";"B23D"
57687771;"HU";"C04B"
57716755;"HU";"C07F"
57716755;"HU";"C09K"
57717195;"HU";"C12Q"
57746530;"HU";"H01L"
57746530;"HU";"H05K"
57746625;"HU";"A61K"
57746625;"HU";"A61P"
57746625;"HU";"C07D"
57754296;"HU";"A61K"
57754640;"HU";"B01F"
57802091;"HU";"A47C"
57802091;"HU";"A61G"
57802152;"HU";"F16K"
57809022;"HU";"E04B"
57809022;"HU";"E04C"
57809369;"HU";"H01J"
57811745;"HU";"B60T"
57812236;"HU";"C07D"
57812433;"HU";"A62C"
57868762;"HU";"H04L"
57868772;"HU";"H04L"
57869161;"HU";"B62D"
57870148;"HU";"B23D"
57936280;"HU";"A01N"
57936280;"HU";"A61K"
57936280;"HU";"A61P"
57942677;"HU";"A61K"
57943008;"HU";"A47L"
57993923;"HU";"H04L"
57993924;"HU";"H04L"
57994568;"HU";"A61N"
57995141;"HU";"A23K"
57995455;"HU";"G06K"
57995932;"HU";"A47J"
58037818;"HU";"A63B"
58037818;"HU";"G01P"
58038275;"HU";"H05B"
58038281;"HU";"G06F"
58039097;"HU";"C10L"
58039097;"HU";"C11C"
58039503;"HU";"H04W"
58040153;"HU";"A41D"
58040153;"HU";"A47C"
58040153;"HU";"F04B"
58040153;"HU";"F16K"
58040153;"HU";"H01F"
58085077;"HU";"B60T"
58111211;"HU";"H04W"
58112442;"HU";"B60T"
58112589;"HU";"E04G"
58112589;"HU";"E04H"
58112936;"HU";"B60G"
58112936;"HU";"B60T"
58113200;"HU";"F03D"
266632809;"HU";"G06F"
266704990;"HU";"A61K"
266704990;"HU";"A61P"
266704990;"HU";"C07C"
266706738;"HU";"A61K"
266706738;"HU";"A61P"
266706857;"HU";"H01J"
266706857;"HU";"H05B"
266823617;"HU";"A61K"
266823617;"HU";"A61P"
266823617;"HU";"C07D"
266825039;"HU";"A47B"
266825039;"HU";"A47C"
266825039;"HU";"A47F"
266825039;"HU";"A63J"
266825039;"HU";"B23Q"
266825039;"HU";"F03G"
266825039;"HU";"G09B"
266826252;"HU";"A43B"
266878712;"HU";"C04B"
266878712;"HU";"E04B"
266878713;"HU";"A61M"
266903155;"HU";"B01D"
266903155;"HU";"B60T"
266903155;"HU";"F15B"
266904169;"HU";"A01G"
266932327;"HU";"B24B"
266932483;"HU";"H04L"
266934134;"HU";"B60W"
266934134;"HU";"F02B"
266934134;"HU";"F02D"
266934930;"HU";"A61K"
266934930;"HU";"A61L"
266937203;"HU";"E05B"
266937203;"HU";"E05C"
267158650;"HU";"A63B"
267160124;"HU";"F24H"
267160332;"HU";"H04L"
267163125;"HU";"E05C"
267208480;"HU";"H01L"
267208480;"HU";"H03K"
267208497;"HU";"A61K"
267208497;"HU";"A61P"
267208497;"HU";"C07D"
267279376;"HU";"H04L"
267279690;"HU";"H02K"
267279836;"HU";"C03C"
267279836;"HU";"C09K"
267279836;"HU";"H01J"
267280008;"HU";"C12N"
267280008;"HU";"G01N"
267280359;"HU";"H04L"
267322731;"HU";"H01M"
267348607;"HU";"C02F"
267379426;"HU";"B24B"
267379426;"HU";"B25F"
267379486;"HU";"B24B"
267379486;"HU";"B25F"
267379499;"HU";"H04L"
267380297;"HU";"H04L"
267381003;"HU";"A61K"
267381003;"HU";"A61P"
267381003;"HU";"C07D"
267381083;"HU";"B24B"
267438870;"HU";"C12C"
267451100;"HU";"H04W"
267451151;"HU";"F16F"
267451233;"HU";"B65D"
267451395;"HU";"A61K"
267451395;"HU";"C07K"
267451395;"HU";"G01N"
267452091;"HU";"H04W"
267475392;"HU";"H02H"
267541831;"HU";"H04L"
267542401;"HU";"C07C"
267542401;"HU";"C10J"
267542949;"HU";"H04L"
267543135;"HU";"H01J"
267543203;"HU";"B29B"
267543203;"HU";"B30B"
267632823;"HU";"H04L"
267632911;"HU";"A61H"
267632911;"HU";"A61L"
267634227;"HU";"F15B"
267634227;"HU";"F16D"
267651159;"HU";"G11B"
267830173;"HU";"A61K"
267830173;"HU";"A61P"
267830173;"HU";"C07D"
267830306;"HU";"H05B"
267830554;"HU";"B01J"
267830554;"HU";"C02F"
267856795;"HU";"B64F"
267856795;"HU";"E04G"
267919062;"HU";"H04L"
267919164;"HU";"H04L"
267919303;"HU";"A23K"
267919303;"HU";"A23L"
267919546;"HU";"B29C"
267919546;"HU";"H01B"
267920955;"HU";"B65D"
268018175;"HU";"H04L"
268018175;"HU";"H04W"
268018279;"HU";"H04L"
268018279;"HU";"H04W"
268018429;"HU";"H04L"
268018981;"HU";"H04L"
268019001;"HU";"H04L"
268019001;"HU";"H04W"
268021017;"HU";"H04L"
268021233;"HU";"G21K"
268022008;"HU";"H04L"
268022008;"HU";"H04W"
268022009;"HU";"H04W"
273058047;"HU";"H01L"
273058239;"HU";"C12N"
273058615;"HU";"B01J"
273077651;"HU";"B60T"
273077651;"HU";"F16D"
273077651;"HU";"F16J"
273077911;"HU";"G02B"
273077911;"HU";"H04N"
273109404;"HU";"B60G"
273109404;"HU";"F16K"
273131106;"HU";"H04L"
273161348;"HU";"C07C"
273161348;"HU";"C07D"
273161476;"HU";"B01D"
273166063;"HU";"A43D"
273166063;"HU";"A61B"
273222545;"HU";"A61K"
273222545;"HU";"A61P"
273226457;"HU";"B65D"
273303029;"HU";"A61F"
273315328;"HU";"A61B"
273315328;"HU";"G01F"
273326798;"HU";"H04W"
273387086;"HU";"A47K"
273387086;"HU";"B29C"
273387087;"HU";"A47K"
273387087;"HU";"B29C"
273387088;"HU";"B29C"
273387088;"HU";"B29K"
273387090;"HU";"A47K"
273387090;"HU";"B29C"
273387090;"HU";"B29K"
273442433;"HU";"C11D"
273449525;"HU";"H04L"
273450381;"HU";"G06F"
273451095;"HU";"A61K"
273497669;"HU";"A61F"
273509645;"HU";"B60Q"
273509645;"HU";"B60R"
273509645;"HU";"H01R"
273515489;"HU";"H04L"
273607794;"HU";"B62J"
273607796;"HU";"A61N"
273697393;"HU";"A61F"
273697393;"HU";"A61L"
273697393;"HU";"C08J"
273697804;"HU";"H04L"
273697804;"HU";"H04M"
273697804;"HU";"H04W"
273697926;"HU";"H04L"
273703356;"HU";"E04B"
273703356;"HU";"E04C"
273703356;"HU";"F24F"
273704395;"HU";"H01J"
273727099;"HU";"H04L"
273727099;"HU";"H04W"
273727233;"HU";"H04L"
273765018;"HU";"A23L"
273890209;"HU";"A61K"
273890209;"HU";"C12N"
273890209;"HU";"C12Q"
273926978;"HU";"C07C"
273926978;"HU";"C07D"
273943961;"HU";"B60T"
273944568;"HU";"G01N"
273961087;"HU";"C01B"
273961087;"HU";"C08J"
273961087;"HU";"C08K"
273961950;"HU";"H04L"
273961950;"HU";"H04W"
273962043;"HU";"A61P"
273962043;"HU";"C07K"
274053410;"HU";"A61K"
274070624;"HU";"H04W"
274087122;"HU";"H04L"
274095774;"HU";"H04L"
274095998;"HU";"H04L"
274095998;"HU";"H04Q"
274095998;"HU";"H04W"
274096078;"HU";"G06F"
274096078;"HU";"H04L"
274096094;"HU";"H04L"
274096280;"HU";"A61B"
274096282;"HU";"H04L"
274096396;"HU";"G06F"
274097102;"HU";"H04L"
274098096;"HU";"H04L"
274098126;"HU";"H04L"
274098126;"HU";"H04W"
274098138;"HU";"H04W"
274100529;"HU";"H03M"
274100529;"HU";"H04L"
274101433;"HU";"H04L"
274102259;"HU";"H04Q"
274103589;"HU";"A61L"
274104927;"HU";"F02B"
274104927;"HU";"F02D"
274104929;"HU";"F02B"
274104929;"HU";"F02D"
274104933;"HU";"B60T"
274105379;"HU";"H04L"
274105531;"HU";"A61B"
274105531;"HU";"A61K"
274105531;"HU";"A61N"
274105591;"HU";"H04L"
274105591;"HU";"H04W"
274105613;"HU";"H04L"
274105751;"HU";"H04L"
274105781;"HU";"H04W"
274106245;"HU";"H04L"
274106245;"HU";"H04W"
274106301;"HU";"H04W"
274106361;"HU";"H04L"
274106913;"HU";"F16B"
274107139;"HU";"H04L"
274107723;"HU";"H04L"
274107723;"HU";"H04N"
274108479;"HU";"B60R"
274108479;"HU";"B62D"
274108479;"HU";"F16B"
274108479;"HU";"H05K"
274108661;"HU";"H04L"
274108713;"HU";"H04L"
274109017;"HU";"C07H"
274109919;"HU";"H04L"
274110111;"HU";"A61K"
274110111;"HU";"A61P"
274111353;"HU";"B42D"
274112443;"HU";"F16B"
274112443;"HU";"G01D"
274113067;"HU";"A61K"
274113067;"HU";"A61P"
274113403;"HU";"H04W"
274114417;"HU";"G01N"
274114723;"HU";"C09B"
274114723;"HU";"D06P"
274119269;"HU";"A24D"
274119273;"HU";"F28B"
274119275;"HU";"G01N"
274119275;"HU";"G02B"
274119281;"HU";"E03B"
274119281;"HU";"E21B"
274119285;"HU";"A01B"
274119289;"HU";"A61K"
274119289;"HU";"A61P"
274119289;"HU";"C07D"
274119295;"HU";"A61K"
274119295;"HU";"A61P"
274119295;"HU";"C07D"
274119297;"HU";"A61K"
274119297;"HU";"A61P"
274119303;"HU";"H01R"
274119305;"HU";"A61K"
274119305;"HU";"C07K"
274119305;"HU";"C12N"
274121073;"HU";"G01N"
274121151;"HU";"C07K"
274122819;"HU";"A61K"
274122819;"HU";"A61P"
274122819;"HU";"C07D"
274124771;"HU";"H04L"
274124771;"HU";"H04W"
274124859;"HU";"H04L"
274124859;"HU";"H04W"
274125447;"HU";"A61P"
274125447;"HU";"C07K"
274127757;"HU";"H01J"
274127891;"HU";"H01J"
274127965;"HU";"H01J"
274128805;"HU";"H01J"
274131467;"HU";"A61F"
274154330;"HU";"H04L"
274154330;"HU";"H04W"
274175534;"HU";"H01R"
274195394;"HU";"F02D"
274195394;"HU";"F02N"
274195394;"HU";"F16D"
274195394;"HU";"F16F"
274209241;"HU";"C07C"
274209243;"HU";"C07C"
274273031;"HU";"C07C"
274273033;"HU";"C07D"
274273035;"HU";"C07D"
274273037;"HU";"C07D"
274345267;"HU";"G01N"
274345277;"HU";"A01N"
274345277;"HU";"A61L"
274345277;"HU";"D06M"
274345299;"HU";"C12Q"
274345989;"HU";"C09D"
274345989;"HU";"C09J"
274367754;"HU";"F21S"
274367754;"HU";"F21V"
274368909;"HU";"B62D"
274432189;"HU";"G06F"
274432189;"HU";"H04L"
274432189;"HU";"H04W"
274469095;"HU";"H04W"
274469369;"HU";"B05D"
274469369;"HU";"B32B"
274469369;"HU";"C08J"
274469369;"HU";"C09D"
274469369;"HU";"C09J"
274511941;"HU";"G02F"
274512429;"HU";"H04L"
274512523;"HU";"A47K"
274512525;"HU";"A47K"
274546729;"HU";"H04W"
274559851;"HU";"B60T"
274559851;"HU";"F16K"
274559853;"HU";"F16K"
274560229;"HU";"B60T"
274565244;"HU";"A61F"
274565244;"HU";"A61H"
274565244;"HU";"A61N"
274565244;"HU";"G01J"
274646445;"HU";"H04L"
274646477;"HU";"H04L"
274646483;"HU";"H04W"
274646841;"HU";"B23Q"
274646841;"HU";"B25F"
274646859;"HU";"H01R"
274646859;"HU";"H02K"
274673233;"HU";"H04L"
274681602;"HU";"A01D"
274681602;"HU";"B60G"
274681602;"HU";"B62D"
274681602;"HU";"F16B"
274692291;"HU";"A61N"
274721515;"HU";"B60G"
274721515;"HU";"F16K"
274721631;"HU";"H04L"
274721631;"HU";"H04W"
274774008;"HU";"A61K"
274805299;"HU";"G02B"
274805299;"HU";"G03B"
274808563;"HU";"H04L"
274849285;"HU";"B23K"
274849285;"HU";"B29C"
274849285;"HU";"B31B"
274849285;"HU";"B32B"
274849285;"HU";"B65D"
274868080;"HU";"H04B"
274876213;"HU";"F02B"
274876213;"HU";"F02D"
274876215;"HU";"B60G"
274934373;"HU";"B01D"
274954189;"HU";"H01H"
275066913;"HU";"B62D"
275068159;"HU";"A61N"
275090294;"HU";"H01F"
275113434;"HU";"B22D"
275113434;"HU";"C22C"
275114020;"HU";"A47J"
275114044;"HU";"B60T"
275114496;"HU";"B62M"
275358826;"HU";"E05B"
275358826;"HU";"E05C"
275359394;"HU";"F02D"
275359394;"HU";"F02M"
275359396;"HU";"A61K"
275359396;"HU";"A61P"
275359396;"HU";"C07D"
275359400;"HU";"A61K"
275359400;"HU";"A61P"
275359400;"HU";"C07D"
275359402;"HU";"A61K"
275359404;"HU";"G01N"
275359406;"HU";"G05G"
275390238;"HU";"E05C"
275391059;"HU";"H04B"
275391059;"HU";"H04W"
275398169;"HU";"F16K"
275471159;"HU";"E05B"
275471159;"HU";"E05C"
275472345;"HU";"E04F"
275472995;"HU";"A61K"
277480303;"HU";"A61K"
277480303;"HU";"A61P"
277480303;"HU";"C07J"
283793274;"HU";"G06Q"
283793274;"HU";"H04M"
283793892;"HU";"A61K"
283793892;"HU";"A61P"
283794110;"HU";"E05F"
283794244;"HU";"A61H"
283794244;"HU";"B60B"
287152716;"HU";"H01R"
287153995;"HU";"A61K"
287153995;"HU";"A61P"
287153995;"HU";"C07D"
298883897;"HU";"B60T"
305194029;"HU";"H04L"
305194029;"HU";"H04W"
309523034;"HU";"G01D"
309523034;"HU";"G01P"
309523034;"HU";"H01R"
309523034;"HU";"H02K"
309523034;"HU";"H02P"
315403161;"HU";"H04W"
315404072;"HU";"F24D"
315404072;"HU";"F24F"
315404072;"HU";"F24H"
315404072;"HU";"F25B"
315409946;"HU";"A61K"
315447063;"HU";"B62D"
315447847;"HU";"A23L"
315447847;"HU";"A61K"
315458812;"HU";"A61K"
315458812;"HU";"A61P"
315458812;"HU";"C07J"
315486561;"HU";"B65G"
315486563;"HU";"A61K"
315486563;"HU";"A61P"
315486970;"HU";"C04B"
315520987;"HU";"H04W"
315521067;"HU";"C07H"
315521069;"HU";"C07H"
315521083;"HU";"H04L"
315521083;"HU";"H04W"
315521361;"HU";"A61K"
315538648;"HU";"A61K"
315538648;"HU";"C07C"
315538798;"HU";"B65D"
315541687;"HU";"H04L"
315541957;"HU";"F16K"
315557727;"HU";"G01P"
315557727;"HU";"H02K"
315647432;"HU";"H05B"
315647500;"HU";"H04L"
315655207;"HU";"A61N"
315655209;"HU";"C02F"
315655209;"HU";"C10M"
315655223;"HU";"C07K"
315655223;"HU";"G01N"
315655391;"HU";"H04W"
315655421;"HU";"H04L"
315655781;"HU";"H04L"
315660364;"HU";"A23L"
315660364;"HU";"C07K"
315660364;"HU";"C12N"
315660610;"HU";"A61K"
315660610;"HU";"A61P"
315697605;"HU";"F16D"
315697606;"HU";"F16D"
315711797;"HU";"C07C"
315711797;"HU";"C07D"
315712355;"HU";"H04L"
315724910;"HU";"A61K"
315724910;"HU";"A61P"
315829429;"HU";"A23K"
315840247;"HU";"F21V"
315840247;"HU";"F21Y"
315840247;"HU";"G09F"
315840247;"HU";"H01L"
315840247;"HU";"H01R"
315840285;"HU";"B81B"
315849073;"HU";"C07C"
315849073;"HU";"C08G"
315952275;"HU";"G01S"
315952275;"HU";"G06F"
315960192;"HU";"A61K"
315960192;"HU";"A61P"
315960192;"HU";"C07C"
316025881;"HU";"C08L"
316026807;"HU";"H04L"
316026807;"HU";"H04W"
316026937;"HU";"C07K"
316026937;"HU";"G01N"
316027328;"HU";"C07C"
316045345;"HU";"B81B"
316191289;"HU";"F16F"
316859951;"HU";"B29C"
316860439;"HU";"H04N"
316860747;"HU";"H01R"
317250753;"HU";"E03D"
317369114;"HU";"B63H"
317432779;"HU";"A63F"
317491381;"HU";"G02B"
317491387;"HU";"D06F"
317546098;"HU";"A23K"
317546098;"HU";"A23L"
317546098;"HU";"C11D"
317546098;"HU";"C12N"
317546098;"HU";"D06M"
317546098;"HU";"D21C"
317546099;"HU";"A23K"
317546099;"HU";"C11D"
317546099;"HU";"C12N"
317546099;"HU";"C12P"
317546099;"HU";"D06M"
317587842;"HU";"F21K"
317587842;"HU";"F21V"
317589062;"HU";"A61B"
317589062;"HU";"G01N"
317589062;"HU";"H01J"
317597814;"HU";"H04W"
317601558;"HU";"A61K"
317601558;"HU";"C07K"
317601558;"HU";"C12Q"
317601558;"HU";"G01N"
317628482;"HU";"H04L"
317628776;"HU";"F16B"
317707253;"HU";"A61K"
317707253;"HU";"C07K"
317707751;"HU";"H04L"
317707751;"HU";"H04W"
317738357;"HU";"H05B"
317738553;"HU";"B05B"
317738553;"HU";"E04H"
317738579;"HU";"H04W"
317738853;"HU";"A61K"
317738853;"HU";"A61P"
317805324;"HU";"G01S"
317805324;"HU";"H04W"
317805378;"HU";"H04W"
317806000;"HU";"A61K"
317806002;"HU";"A61K"
317806146;"HU";"H04L"
317847560;"HU";"H02M"
317847560;"HU";"H03K"
317848452;"HU";"B32B"
317848452;"HU";"B65D"
317894526;"HU";"H04M"
317894526;"HU";"H04W"
317894734;"HU";"A61K"
318015110;"HU";"A01N"
318015110;"HU";"A61K"
318015110;"HU";"A61P"
318015124;"HU";"A01N"
318015124;"HU";"A01P"
318015406;"HU";"H04L"
318046577;"HU";"E05B"
318046577;"HU";"G08B"
318046577;"HU";"G09F"
318091177;"HU";"B31D"
318091177;"HU";"B31F"
318174671;"HU";"A61K"
318174675;"HU";"C12N"
318174675;"HU";"C12Q"
318218607;"HU";"G06F"
318218607;"HU";"H04L"
318218607;"HU";"H04W"
318309439;"HU";"B60D"
318309439;"HU";"B60T"
318312164;"HU";"F21Y"
318312164;"HU";"H01J"
318664250;"HU";"B65D"
318664644;"HU";"H01J"
319009555;"HU";"F27B"
319009555;"HU";"F27D"
319009837;"HU";"H04L"
319009837;"HU";"H04W"
319320096;"HU";"H02M"
319320769;"HU";"A61K"
319320769;"HU";"C07K"
319493008;"HU";"H04L"
319494845;"HU";"C02F"
320056819;"HU";"B01D"
320056819;"HU";"B60T"
320057115;"HU";"A61K"
320057115;"HU";"A61P"
320057115;"HU";"C07D"
320057341;"HU";"C07K"
320057455;"HU";"F02B"
320406546;"HU";"F21V"
320406546;"HU";"G02B"
320406546;"HU";"H01L"
320406546;"HU";"H05B"
320770416;"HU";"F03B"
320770416;"HU";"F03D"
321289236;"HU";"H05B"
321290044;"HU";"F02N"
321290044;"HU";"F16H"
321291625;"HU";"H04W"
321291629;"HU";"H04L"
322422760;"HU";"B62D"
322423084;"HU";"B25F"
322519193;"HU";"H04L"
322519193;"HU";"H04W"
322579634;"HU";"A61K"
322579634;"HU";"A61P"
322579634;"HU";"C07J"
322621297;"HU";"B22F"
322621297;"HU";"B82Y"
322621297;"HU";"C04B"
322621297;"HU";"C22C"
323316662;"HU";"H04L"
323316662;"HU";"H04W"
323317318;"HU";"B66C"
323317320;"HU";"B25J"
323317320;"HU";"B66C"
323416731;"HU";"A61K"
323417379;"HU";"A61F"
323418945;"HU";"H04L"
323418945;"HU";"H04M"
323418945;"HU";"H04W"
323500441;"HU";"B28B"
323500441;"HU";"B30B"
323636171;"HU";"C07D"
323636185;"HU";"C07D"
323636209;"HU";"C07D"
323636219;"HU";"C07D"
323636247;"HU";"C07D"
323636359;"HU";"C10G"
323636359;"HU";"C10L"
323697440;"HU";"C07C"
323697574;"HU";"C07C"
323764679;"HU";"H04L"
323764679;"HU";"H04W"
323764863;"HU";"A01H"
323764863;"HU";"A01K"
323764863;"HU";"A61K"
323764863;"HU";"C12N"
323764873;"HU";"H04L"
323765143;"HU";"H04L"
323765143;"HU";"H04W"
323839104;"HU";"A47C"
323915135;"HU";"F25C"
323915135;"HU";"F25D"
323917717;"HU";"A61K"
323917717;"HU";"A61P"
323917717;"HU";"C07C"
323959320;"HU";"A61K"
323959320;"HU";"A61P"
323979111;"HU";"C08G"
323979111;"HU";"C09D"
324148978;"HU";"H04L"
325197370;"HU";"B62D"
325197700;"HU";"G02B"
327796245;"HU";"B62D"
328097881;"HU";"H04L"
328098201;"HU";"A61K"
328098201;"HU";"A61P"
328339609;"HU";"C08J"
328524840;"HU";"B29C"
328524840;"HU";"B60D"
328524840;"HU";"B60T"
328629905;"HU";"F21K"
328629905;"HU";"F21V"
328630171;"HU";"H05B"
328696067;"HU";"A61M"
328696686;"HU";"F25B"
328794342;"HU";"H04L"
328794342;"HU";"H04W"
328794560;"HU";"A61B"
328794564;"HU";"A61K"
328794564;"HU";"A61P"
328794564;"HU";"C07D"
328794566;"HU";"B60N"
328794566;"HU";"B64D"
328794636;"HU";"H04W"
328794638;"HU";"H04W"
328895789;"HU";"E05B"
328895789;"HU";"E05C"
328898886;"HU";"H04L"
328909585;"HU";"E05B"
328909657;"HU";"G05B"
328909657;"HU";"G06F"
328948541;"HU";"A61K"
328948541;"HU";"A61P"
328948541;"HU";"C07D"
328955824;"HU";"G06F"
328956285;"HU";"F03D"
329009803;"HU";"H04L"
329009803;"HU";"H04W"
329010078;"HU";"B44C"
329082110;"HU";"G06F"
329082793;"HU";"C12N"
329256736;"HU";"B65B"
329256736;"HU";"B65D"
329288181;"HU";"C12Q"
329318806;"HU";"B60T"
329408076;"HU";"H04L"
329515956;"HU";"H01J"
329515956;"HU";"H01K"
329516044;"HU";"F16K"
329516772;"HU";"C07K"
329516772;"HU";"C12N"
329516772;"HU";"G01N"
329517014;"HU";"H04L"
329517014;"HU";"H04W"
329523796;"HU";"F01C"
329523796;"HU";"F04C"
329542579;"HU";"G06Q"
329755264;"HU";"B60T"
329755264;"HU";"B61F"
329777895;"HU";"F24B"
329778143;"HU";"H04W"
329943257;"HU";"H04L"
329943257;"HU";"H04W"
330092899;"HU";"A62D"
330215815;"HU";"H04L"
330215815;"HU";"H04W"
330218013;"HU";"H04L"
330220529;"HU";"G01R"
330220529;"HU";"H02M"
330225345;"HU";"B62D"
330313184;"HU";"A61B"
330313184;"HU";"A61N"
330313184;"HU";"G16B"
330322054;"HU";"H04L"
330322398;"HU";"A61K"
330322398;"HU";"A61P"
330326351;"HU";"C12P"
330350261;"HU";"H01H"
330350333;"HU";"A23L"
330350333;"HU";"C12N"
330350677;"HU";"G05B"
330350679;"HU";"G02B"
330399180;"HU";"F24J"
330399180;"HU";"F24S"
330400529;"HU";"A01N"
330400529;"HU";"A61K"
330400529;"HU";"A61P"
330433392;"HU";"B01L"
330433392;"HU";"F16K"
330433394;"HU";"C12Q"
330747691;"HU";"F16D"
330748161;"HU";"H04L"
330748179;"HU";"H04L"
330748179;"HU";"H04W"
331416502;"HU";"H04L"
331416538;"HU";"C08K"
331537823;"HU";"A23D"
331537823;"HU";"A23L"
331544439;"HU";"B62D"
331544620;"HU";"E04F"
331544620;"HU";"E06B"
331546402;"HU";"E05B"
331546404;"HU";"A61K"
331546404;"HU";"A61P"
331546404;"HU";"C07D"
331547010;"HU";"H04W"
331580548;"HU";"H04W"
331724046;"HU";"H04L"
331746294;"HU";"B04B"
331746294;"HU";"C12M"
331936736;"HU";"B67D"
331936738;"HU";"C07D"
331945446;"HU";"B65H"
331945452;"HU";"C07D"
331983010;"HU";"G06F"
331983010;"HU";"G06K"
332013466;"HU";"B67D"
332159669;"HU";"A61K"
332206539;"HU";"B25F"
332268226;"HU";"G21K"
332268324;"HU";"H04W"
332317040;"HU";"C07D"
332317042;"HU";"F28B"
332317042;"HU";"F28C"
332317044;"HU";"F01K"
332317044;"HU";"F28B"
332317046;"HU";"F01K"
332317046;"HU";"F28B"
332317046;"HU";"F28C"
332317048;"HU";"C07C"
332317048;"HU";"C07D"
332317050;"HU";"C07D"
332319460;"HU";"H05B"
332319462;"HU";"A61K"
332319462;"HU";"C07D"
332319674;"HU";"H04L"
332319674;"HU";"H04W"
332319728;"HU";"B60R"
332319728;"HU";"H05K"
332319760;"HU";"H04L"
332319760;"HU";"H04W"
332360009;"HU";"H04W"
332430897;"HU";"H04W"
332430898;"HU";"H04W"
332430900;"HU";"H04L"
332432327;"HU";"H04L"
332432327;"HU";"H04W"
332474327;"HU";"H01F"
332527193;"HU";"A61K"
332527195;"HU";"G06K"
332527197;"HU";"B01D"
332527197;"HU";"C02F"
332527197;"HU";"E21B"
332527241;"HU";"A63F"
332528279;"HU";"B01D"
332528279;"HU";"F16J"
332528375;"HU";"B01L"
332528375;"HU";"B65D"
332528375;"HU";"C12M"
332528377;"HU";"C02F"
332528377;"HU";"C12M"
332528401;"HU";"G06F"
332528401;"HU";"H04L"
332577456;"HU";"G06F"
332577456;"HU";"H04L"
332596780;"HU";"G06F"
332676753;"HU";"E04B"
332769145;"HU";"H04W"
332888188;"HU";"B65H"
333010121;"HU";"A61K"
333010121;"HU";"A61P"
333010121;"HU";"C07D"
333010827;"HU";"G06F"
333010827;"HU";"H04L"
333011727;"HU";"B60G"
333011727;"HU";"F16F"
333011793;"HU";"H04L"
333011793;"HU";"H04W"
333062533;"HU";"B22D"
333063743;"HU";"H05B"
333159693;"HU";"A61B"
333159693;"HU";"G06T"
333190654;"HU";"B62D"
333190856;"HU";"H04M"
333190856;"HU";"H04Q"
333191002;"HU";"B65D"
333272393;"HU";"A61K"
333272393;"HU";"C08B"
333272988;"HU";"H04L"
333272988;"HU";"H04W"
333273508;"HU";"B60D"
333273508;"HU";"B60T"
333273596;"HU";"H04L"
333315722;"HU";"H04L"
333315722;"HU";"H04W"
333335466;"HU";"B60T"
333335762;"HU";"F21K"
333335762;"HU";"F21V"
333335762;"HU";"F21Y"
333431792;"HU";"B21J"
333431792;"HU";"B21K"
333431792;"HU";"B23B"
333431792;"HU";"B23P"
333463092;"HU";"A61N"
333489544;"HU";"A01D"
333585509;"HU";"A47C"
333585509;"HU";"A63B"
333585509;"HU";"F16C"
333687364;"HU";"A61F"
333687933;"HU";"H04L"
333687933;"HU";"H04W"
333697872;"HU";"B25F"
333697922;"HU";"F02D"
333697922;"HU";"F16K"
333776430;"HU";"A61K"
333776784;"HU";"H02K"
333780559;"HU";"A61B"
333792213;"HU";"H01J"
333881910;"HU";"B60T"
333881910;"HU";"B62D"
333882104;"HU";"H04W"
334014430;"HU";"A47K"
334029802;"HU";"H04W"
334029902;"HU";"H04L"
334029902;"HU";"H04W"
334067824;"HU";"C12Q"
334068500;"HU";"H04W"
334068734;"HU";"E05B"
334075115;"HU";"B21D"
334075383;"HU";"C07B"
334075383;"HU";"C07C"
334086927;"HU";"A61B"
334152582;"HU";"H04W"
334152600;"HU";"F21V"
334152600;"HU";"H01J"
334176850;"HU";"H02M"
334176850;"HU";"H03K"
334177174;"HU";"H04L"
334177305;"HU";"H04W"
334278358;"HU";"A61C"
334331167;"HU";"H04L"
334331167;"HU";"H04M"
334372641;"HU";"E04H"
334377934;"HU";"H01J"
334379627;"HU";"H01J"
334428182;"HU";"A47J"
334462413;"HU";"H01J"
334462415;"HU";"H01J"
334472448;"HU";"A01K"
334472448;"HU";"C07K"
334472448;"HU";"C12N"
334473171;"HU";"B60T"
334544818;"HU";"E05B"
334544818;"HU";"E05C"
334602718;"HU";"A47J"
334603000;"HU";"A47J"
334604948;"HU";"B24B"
334654532;"HU";"C12Q"
334677607;"HU";"A01G"
334678061;"HU";"A47F"
334678345;"HU";"B65D"
334678345;"HU";"F04D"
334737188;"HU";"C07H"
334765075;"HU";"A61K"
334765075;"HU";"A61P"
334765994;"HU";"C07D"
334766154;"HU";"B65D"
334766154;"HU";"B67D"
334766154;"HU";"G01F"
334766156;"HU";"B65D"
334766156;"HU";"B67D"
334766316;"HU";"H01J"
334816820;"HU";"A23K"
334817503;"HU";"H04W"
335140774;"HU";"F16J"
335140774;"HU";"F16L"
335184268;"HU";"F02B"
335184268;"HU";"F02D"
335184965;"HU";"A23L"
335184965;"HU";"C08B"
335274076;"HU";"C02F"
335274242;"HU";"G01R"
335302258;"HU";"A21B"
335302907;"HU";"A61K"
335425717;"HU";"F21K"
335425717;"HU";"F21V"
335425717;"HU";"F21Y"
335428447;"HU";"B05B"
335428447;"HU";"B65D"
335428547;"HU";"H04W"
335429309;"HU";"G02F"
335451030;"HU";"B60T"
335549096;"HU";"F16D"
335581510;"HU";"F15D"
335581510;"HU";"F16L"
335612395;"HU";"F01D"
335614199;"HU";"H04L"
335615201;"HU";"A61K"
335615201;"HU";"A61P"
335615201;"HU";"C07D"
335685440;"HU";"H04L"
335685448;"HU";"H04W"
335743585;"HU";"F23N"
335744277;"HU";"C07H"
335748882;"HU";"A01K"
335748883;"HU";"B01D"
335804993;"HU";"H04L"
335804993;"HU";"H04W"
335841232;"HU";"H04L"
335841954;"HU";"H02K"
335842058;"HU";"H04W"
335842076;"HU";"H04W"
335856015;"HU";"H04W"
335901871;"HU";"H04L"
335930327;"HU";"H04W"
335930446;"HU";"A61K"
335930446;"HU";"A61P"
335930870;"HU";"H04L"
335970441;"HU";"B60S"
335970537;"HU";"A61K"
335970537;"HU";"A61P"
335970537;"HU";"C07D"
336014135;"HU";"C12P"
336016046;"HU";"H04L"
336016046;"HU";"H04W"
336078017;"HU";"H04L"
336078017;"HU";"H04W"
336078757;"HU";"B65D"
336119358;"HU";"G06F"
336119358;"HU";"G16B"
336145832;"HU";"A61K"
336145832;"HU";"C07K"
336145928;"HU";"A61K"
336194614;"HU";"B62M"
336194614;"HU";"F16D"
336409703;"HU";"A23L"
336409703;"HU";"A61K"
336409703;"HU";"A61P"
336409703;"HU";"C08B"
336409703;"HU";"C08L"
336483020;"HU";"H04W"
336483194;"HU";"A23L"
336483194;"HU";"A61K"
336483194;"HU";"C07H"
336483195;"HU";"A23L"
336483195;"HU";"A61K"
336483195;"HU";"C07H"
336509889;"HU";"G01C"
336577709;"HU";"A01N"
336633494;"HU";"C07D"
336635415;"HU";"G01L"
336635463;"HU";"F21S"
336635463;"HU";"F21V"
336635463;"HU";"F21Y"
336682917;"HU";"B62D"
336682923;"HU";"B62D"
336683141;"HU";"F01L"
336683141;"HU";"F02D"
336683201;"HU";"G02F"
336706057;"HU";"F01L"
336706187;"HU";"H04L"
336776093;"HU";"A61K"
336776093;"HU";"C07K"
336784354;"HU";"B62D"
336784354;"HU";"H02H"
336784674;"HU";"A61K"
336784674;"HU";"A61P"
336784676;"HU";"G07F"
336815979;"HU";"A01N"
336815979;"HU";"A01P"
336815979;"HU";"A61K"
336815979;"HU";"A61P"
336866972;"HU";"B01L"
336866972;"HU";"G01N"
336895814;"HU";"H04W"
337073727;"HU";"H04L"
337089358;"HU";"A61B"
337169000;"HU";"H01H"
337173642;"HU";"G06T"
337191710;"HU";"A23L"
337191710;"HU";"A61P"
337203999;"HU";"H04W"
337250083;"HU";"B60R"
337250083;"HU";"G01R"
337250083;"HU";"H01M"
337250083;"HU";"H02J"
337251360;"HU";"H04L"
337251360;"HU";"H04W"
337251361;"HU";"H04W"
337290251;"HU";"G01D"
337290251;"HU";"H04L"
337290251;"HU";"H04W"
337291004;"HU";"H04L"
337291004;"HU";"H04M"
337293695;"HU";"H05B"
337364701;"HU";"H01J"
337457693;"HU";"H04L"
337457693;"HU";"H04W"
337522904;"HU";"C12Q"
337523253;"HU";"B60R"
337523909;"HU";"H01S"
337523909;"HU";"H05G"
337587408;"HU";"G01L"
337587672;"HU";"H04W"
337588040;"HU";"A61B"
337588040;"HU";"A61F"
337772007;"HU";"G01D"
337772007;"HU";"H03M"
337799314;"HU";"C09K"
337799314;"HU";"H01J"
337856600;"HU";"G06F"
337856602;"HU";"A61B"
337856602;"HU";"G01S"
337856602;"HU";"G06F"
337856604;"HU";"G06F"
337856606;"HU";"A61B"
337856606;"HU";"G08B"
337856608;"HU";"F21K"
337856608;"HU";"F21S"
337856608;"HU";"F21V"
337856608;"HU";"F21W"
337856608;"HU";"F21Y"
337856608;"HU";"H05B"
337876684;"HU";"H04L"
337876810;"HU";"H04W"
337993794;"HU";"B25B"
337993794;"HU";"B25F"
337993818;"HU";"H04W"
338020384;"HU";"H04L"
338020392;"HU";"H04L"
338020392;"HU";"H04W"
338020780;"HU";"H04L"
338020780;"HU";"H04W"
338020782;"HU";"H04L"
338020784;"HU";"H04L"
338020784;"HU";"H04W"
338020862;"HU";"E03F"
338020862;"HU";"F24D"
338020862;"HU";"F24H"
338020862;"HU";"F28D"
338078465;"HU";"H01H"
338078873;"HU";"H04L"
338078873;"HU";"H04W"
338106075;"HU";"E05D"
338244048;"HU";"B25F"
338299061;"HU";"G06F"
338299063;"HU";"A61K"
338299063;"HU";"A61P"
338299063;"HU";"C12N"
338299207;"HU";"C07H"
338330844;"HU";"A61K"
338503506;"HU";"G08B"
338722606;"HU";"B22D"
338722606;"HU";"C22B"
338947016;"HU";"H04L"
338947016;"HU";"H04W"
338947017;"HU";"H04L"
338947017;"HU";"H04W"
339026546;"HU";"B62D"
339058981;"HU";"H02M"
339081359;"HU";"C03C"
339081359;"HU";"G21F"
339213220;"HU";"H04W"
339213478;"HU";"G09F"
339213520;"HU";"A61K"
339213520;"HU";"A61P"
339213520;"HU";"C07D"
339213894;"HU";"G01M"
339214350;"HU";"H02K"
339215230;"HU";"H04W"
339215384;"HU";"A61K"
339215384;"HU";"A61P"
339322317;"HU";"C07C"
339322317;"HU";"C08G"
339352360;"HU";"H01L"
339366755;"HU";"G01S"
339366755;"HU";"H04W"
339578622;"HU";"G05B"
339591698;"HU";"A61K"
339591698;"HU";"A61P"
339591698;"HU";"C07D"
339615771;"HU";"A23L"
339615771;"HU";"A61K"
339615771;"HU";"A61P"
339615771;"HU";"C07H"
339722072;"HU";"H04W"
339722597;"HU";"F16D"
339722597;"HU";"F16H"
339732694;"HU";"G05B"
339733354;"HU";"A47L"
339733354;"HU";"D06F"
339733354;"HU";"F24C"
339733354;"HU";"G05G"
339770679;"HU";"H04W"
339770755;"HU";"G06F"
339770755;"HU";"H04L"
339770755;"HU";"H04W"
339793229;"HU";"C12N"
339807627;"HU";"G05B"
339821681;"HU";"H04L"
339821681;"HU";"H04N"
339821681;"HU";"H04W"
339821833;"HU";"H01J"
339978522;"HU";"H04L"
339978846;"HU";"F04B"
339978846;"HU";"F04D"
340134750;"HU";"H01G"
340185488;"HU";"E21B"
340185488;"HU";"F16L"
340248982;"HU";"H04W"
340314825;"HU";"F21K"
340314825;"HU";"F21V"
340314825;"HU";"F21Y"
340314825;"HU";"H01L"
340431440;"HU";"A61K"
340431440;"HU";"A61P"
340431440;"HU";"C07D"
340431442;"HU";"A61K"
340431442;"HU";"A61P"
340431520;"HU";"F04F"
340431520;"HU";"F21K"
340431520;"HU";"F21V"
340431520;"HU";"F21Y"
340431520;"HU";"H01L"
340488482;"HU";"A47L"
340488482;"HU";"B60S"
340489720;"HU";"A01C"
340489720;"HU";"B09C"
340489720;"HU";"C05D"
340489720;"HU";"C05F"
340489720;"HU";"C05G"
340489720;"HU";"C09K"
340489720;"HU";"C12R"
340573770;"HU";"B60D"
340573770;"HU";"B60T"
340657238;"HU";"H04L"
340658528;"HU";"H04B"
340658528;"HU";"H04W"
340780847;"HU";"H04W"
340781085;"HU";"F21V"
340781085;"HU";"H01J"
340781085;"HU";"H05B"
340850254;"HU";"G06F"
340850254;"HU";"G07F"
340850254;"HU";"H04L"
340850254;"HU";"H04W"
340850256;"HU";"E04B"
340850256;"HU";"F16B"
340850436;"HU";"H04L"
340850436;"HU";"H04W"
340850658;"HU";"H04W"
340910598;"HU";"B62D"
340910598;"HU";"F16C"
340914053;"HU";"A61K"
340981633;"HU";"H04W"
340981639;"HU";"H04W"
340981657;"HU";"B23D"
340981659;"HU";"B23D"
340981677;"HU";"B60T"
341004079;"HU";"B01J"
341004079;"HU";"C07B"
341004079;"HU";"C07C"
341004079;"HU";"C07D"
341078253;"HU";"C07D"
341078447;"HU";"H04L"
341078449;"HU";"H04B"
341078449;"HU";"H04L"
341078451;"HU";"H04B"
341125511;"HU";"G05D"
341127507;"HU";"H04L"
341194136;"HU";"H04L"
341194338;"HU";"A61K"
341194338;"HU";"A61P"
341195181;"HU";"H01J"
341311072;"HU";"A63B"
341329860;"HU";"H04L"
341330380;"HU";"H04L"
341330380;"HU";"H04W"
341342318;"HU";"H04L"
341415658;"HU";"H04L"
341426194;"HU";"F16L"
341426194;"HU";"F24F"
341426196;"HU";"C07D"
341426198;"HU";"G06T"
341427401;"HU";"A61K"
341484140;"HU";"F21V"
341484140;"HU";"H01J"
341484140;"HU";"H05B"
341497918;"HU";"A61K"
341497918;"HU";"C07K"
341497918;"HU";"C12N"
341559387;"HU";"H04L"
341578162;"HU";"G08G"
341664119;"HU";"A23D"
341664119;"HU";"A23L"
341664223;"HU";"G01N"
341664223;"HU";"G02B"
341664223;"HU";"G02F"
341684255;"HU";"H04W"
341783235;"HU";"H04L"
341783457;"HU";"B60T"
341784775;"HU";"B28B"
341784775;"HU";"B28D"
341784775;"HU";"B44C"
341784775;"HU";"E04F"
341785270;"HU";"H02M"
341785396;"HU";"C12N"
341848317;"HU";"E05B"
341861581;"HU";"A61K"
341861581;"HU";"C07D"
341861799;"HU";"H04L"
341862684;"HU";"H01J"
341862684;"HU";"H01K"
341862684;"HU";"H05B"
341898553;"HU";"H04N"
341898689;"HU";"A01K"
341898689;"HU";"A01N"
341898689;"HU";"A01P"
341899556;"HU";"H04L"
342000383;"HU";"B60T"
342015907;"HU";"F24J"
342015907;"HU";"F24S"
342015907;"HU";"F28D"
342016530;"HU";"A01M"
342016530;"HU";"A01N"
342016530;"HU";"A01P"
342016530;"HU";"B29C"
342109648;"HU";"B09B"
342109648;"HU";"C22B"
342109648;"HU";"H05K"
352154673;"HU";"G06T"
352154783;"HU";"B60D"
352154783;"HU";"B60T"
352155709;"HU";"B61L"
352264989;"HU";"A61K"
352264989;"HU";"C07D"
352267857;"HU";"H04W"
352313077;"HU";"H04W"
352313974;"HU";"A63H"
352313974;"HU";"E01C"
352313974;"HU";"E04C"
352604792;"HU";"G01B"
352604792;"HU";"G06F"
352604794;"HU";"G02B"
352604794;"HU";"G02F"
352632612;"HU";"B01D"
352632612;"HU";"B60T"
352632612;"HU";"F15B"
352700898;"HU";"H04L"
352701316;"HU";"G06F"
352701316;"HU";"G06Q"
352701316;"HU";"H04L"
352701998;"HU";"C03B"
352701998;"HU";"F23M"
352701998;"HU";"F27B"
352768002;"HU";"B01D"
352768002;"HU";"B60H"
352768002;"HU";"B60T"
352769520;"HU";"H04W"
352825159;"HU";"A61K"
352825159;"HU";"C01B"
352825161;"HU";"C07D"
352870186;"HU";"H04L"
352945147;"HU";"H02G"
352947125;"HU";"A61K"
353041715;"HU";"H04L"
353046613;"HU";"B23D"
353046772;"HU";"H03H"
353046791;"HU";"G01R"
353046791;"HU";"H03K"
353046831;"HU";"A61K"
353046831;"HU";"C07H"
353047713;"HU";"H04W"
353149621;"HU";"A47J"
353326711;"HU";"A61L"
353326711;"HU";"B01J"
353326711;"HU";"C01B"
353326711;"HU";"C01G"
353358712;"HU";"A01K"
353446041;"HU";"B01D"
353446041;"HU";"C01B"
353521080;"HU";"A61M"
353521082;"HU";"G06F"
353521082;"HU";"G16H"
353521086;"HU";"A61M"
353521391;"HU";"H02K"
353521391;"HU";"H02P"
353521432;"HU";"B60C"
353571878;"HU";"H05B"
353572022;"HU";"E04C"
353572022;"HU";"F24D"
353572022;"HU";"F24J"
353572022;"HU";"F24S"
353572022;"HU";"F28D"
353575549;"HU";"C07F"
353575551;"HU";"A61K"
353575551;"HU";"B82Y"
353575553;"HU";"G01N"
353575555;"HU";"C07D"
353575557;"HU";"C07D"
353604944;"HU";"H04L"
353605031;"HU";"B60L"
353605031;"HU";"B61D"
353631673;"HU";"H04W"
353632331;"HU";"A01K"
353632331;"HU";"C07K"
353632331;"HU";"C12N"
353691982;"HU";"B42D"
353691982;"HU";"G06T"
353691982;"HU";"G07D"
353691982;"HU";"H04L"
353736227;"HU";"G06F"
353736415;"HU";"H04L"
353736415;"HU";"H04W"
363498960;"HU";"B65D"
363499504;"HU";"H04L"
363499660;"HU";"G01S"
363562363;"HU";"H04W"
363596610;"HU";"C07D"
363598930;"HU";"A61N"
363598930;"HU";"C03C"
363598930;"HU";"C08K"
363598930;"HU";"C09K"
363598930;"HU";"G02B"
363598930;"HU";"H01J"
363671298;"HU";"H04L"
363671298;"HU";"H04W"
363671300;"HU";"H04L"
363727195;"HU";"B25F"
363786761;"HU";"G06T"
363869863;"HU";"H04Q"
363869863;"HU";"H04W"
363869960;"HU";"H01B"
363869960;"HU";"H01F"
363880231;"HU";"A63F"
363880306;"HU";"G06F"
363901415;"HU";"H04L"
363976856;"HU";"H04L"
363976856;"HU";"H04W"
363976938;"HU";"A23K"
363977460;"HU";"H01F"
363977628;"HU";"B65G"
363977628;"HU";"G01N"
363979073;"HU";"H01J"
364244318;"HU";"H04W"
364245015;"HU";"A61K"
364245034;"HU";"G06F"
364245034;"HU";"H04L"
364277754;"HU";"G06K"
364277756;"HU";"G06K"
364277758;"HU";"G06K"
364314754;"HU";"H04W"
364359296;"HU";"H04W"
364359532;"HU";"A61K"
364359532;"HU";"A61P"
364396253;"HU";"A61K"
364427912;"HU";"G07F"
364427912;"HU";"G09G"
364427912;"HU";"H04N"
364478237;"HU";"A61K"
364478237;"HU";"A61P"
364478237;"HU";"C07D"
364484315;"HU";"B01D"
364484315;"HU";"B29C"
364495545;"HU";"E21B"
364559760;"HU";"H04W"
364651470;"HU";"A61K"
364651470;"HU";"A61P"
364674280;"HU";"H04L"
364675096;"HU";"H04M"
364676287;"HU";"G01R"
364676287;"HU";"H01M"
364676287;"HU";"H02J"
364717531;"HU";"H04L"
364718339;"HU";"A23L"
364718399;"HU";"F02D"
364718399;"HU";"F15B"
364729638;"HU";"H01K"
364759759;"HU";"A61K"
364759759;"HU";"A61P"
364759759;"HU";"C12P"
364835058;"HU";"F01D"
364847156;"HU";"C07C"
364847156;"HU";"C07D"
364880538;"HU";"H04L"
364880570;"HU";"H04M"
364917082;"HU";"H01R"
365082893;"HU";"C07D"
365085297;"HU";"B60T"
365102842;"HU";"H04L"
365102842;"HU";"H04W"
365102844;"HU";"H04W"
365102881;"HU";"A24B"
365102881;"HU";"A24C"
365102881;"HU";"B07B"
365103067;"HU";"E03F"
365103069;"HU";"E03C"
365103069;"HU";"E03F"
365103069;"HU";"F16K"
365103071;"HU";"E03F"
365139660;"HU";"H04W"
365233362;"HU";"A61C"
365269329;"HU";"A24B"
365269329;"HU";"B65G"
365305679;"HU";"A61K"
365305726;"HU";"H04L"
365350739;"HU";"G06T"
365394800;"HU";"C07D"
365394895;"HU";"H01J"
365436287;"HU";"A61K"
365436287;"HU";"A61P"
365436583;"HU";"H01J"
365436583;"HU";"H05B"
365581696;"HU";"B25F"
365589043;"HU";"E21B"
365646169;"HU";"H04W"
365646620;"HU";"H02M"
365647623;"HU";"A61B"
365714123;"HU";"H04L"
365714123;"HU";"H04W"
365714143;"HU";"G06F"
365714143;"HU";"H04L"
365714397;"HU";"B65D"
365714413;"HU";"H04L"
365741134;"HU";"F15B"
365741134;"HU";"F16H"
365741565;"HU";"G06T"
365741566;"HU";"G01N"
365741741;"HU";"H04W"
365763796;"HU";"A23L"
365763796;"HU";"A61K"
365763796;"HU";"A61P"
365844687;"HU";"A61K"
365844687;"HU";"A61P"
365844737;"HU";"H04L"
365844737;"HU";"H04W"
365859577;"HU";"A61F"
365918814;"HU";"H04H"
365918814;"HU";"H04L"
365918814;"HU";"H04N"
365918814;"HU";"H04W"
365954766;"HU";"H01J"
365965772;"HU";"B44C"
365982574;"HU";"A61K"
365982588;"HU";"A61N"
366007716;"HU";"H04W"
374794595;"HU";"H04L"
374794595;"HU";"H04W"
374795609;"HU";"A61K"
374795609;"HU";"C07H"
374795673;"HU";"C07H"
374898240;"HU";"E04F"
374898240;"HU";"F21S"
374898240;"HU";"F21V"
374963819;"HU";"H04L"
374984848;"HU";"B01J"
374984848;"HU";"C07C"
375007323;"HU";"A61K"
375007323;"HU";"C07K"
375095953;"HU";"B25F"
375210112;"HU";"B60T"
375210112;"HU";"F04B"
375211094;"HU";"H04W"
375211385;"HU";"H04L"
375211385;"HU";"H04W"
375487479;"HU";"B60G"
375548767;"HU";"C07H"
375569067;"HU";"A61F"
375569305;"HU";"B60Q"
375569305;"HU";"F21S"
375569305;"HU";"F21V"
375603479;"HU";"H04W"
375640226;"HU";"H05B"
375640785;"HU";"H04L"
375672320;"HU";"C07H"
375672320;"HU";"C12P"
375745278;"HU";"H01J"
375851736;"HU";"H04L"
375851736;"HU";"H04W"
375911987;"HU";"G06Q"
375913751;"HU";"H04L"
375937478;"HU";"H01J"
376019340;"HU";"E21B"
376025749;"HU";"G06F"
376025749;"HU";"H04L"
376025749;"HU";"H04W"
376025791;"HU";"H04L"
376113898;"HU";"H04L"
376113956;"HU";"H04W"
376113958;"HU";"H04L"
376286989;"HU";"H04L"
376286989;"HU";"H04W"
376287179;"HU";"H04L"
376343004;"HU";"B60T"
376343006;"HU";"B60T"
376343008;"HU";"B60T"
376343013;"HU";"B60T"
376432647;"HU";"H04L"
376457453;"HU";"C07H"
376457647;"HU";"F16K"
376464530;"HU";"G06K"
376464684;"HU";"A61H"
376465126;"HU";"F03D"
376465403;"HU";"B64C"
376465403;"HU";"H05B"
376550191;"HU";"A47B"
376550191;"HU";"A47F"
376624829;"HU";"H04L"
376624829;"HU";"H04W"
376756974;"HU";"G01B"
376756974;"HU";"G06T"
376821065;"HU";"H04L"
376821065;"HU";"H04W"
376821068;"HU";"H04W"
376869679;"HU";"G06T"
378088226;"HU";"A47C"
378088226;"HU";"C08J"
378088228;"HU";"B01D"
378088347;"HU";"H04L"
378090008;"HU";"B25F"
378090014;"HU";"B25F"
378164166;"HU";"H04L"
378219536;"HU";"G01T"
378219536;"HU";"G21K"
378219537;"HU";"A43B"
378219537;"HU";"A61B"
378219537;"HU";"B29D"
378236802;"HU";"H04W"
378238547;"HU";"G21B"
378240352;"HU";"B28B"
378240352;"HU";"B30B"
378265888;"HU";"A01N"
378265888;"HU";"C12N"
378265888;"HU";"C12R"
378265889;"HU";"A01N"
378265889;"HU";"A01P"
378265889;"HU";"C12R"
378266083;"HU";"H04L"
378266083;"HU";"H04W"
378266109;"HU";"H04L"
378266120;"HU";"F16H"
378273211;"HU";"H04L"
378274318;"HU";"C23C"
378274318;"HU";"H01J"
378274318;"HU";"H01L"
378274319;"HU";"C23C"
378307860;"HU";"B25F"
378307884;"HU";"H01J"
378307884;"HU";"H05B"
378335815;"HU";"A61K"
378335815;"HU";"A61P"
378335815;"HU";"C12N"
378335987;"HU";"C12N"
378365942;"HU";"C07H"
378369456;"HU";"B62D"
378369682;"HU";"C02F"
378369682;"HU";"C10L"
378575488;"HU";"A61K"
378575488;"HU";"A61P"
378575818;"HU";"F21K"
378575818;"HU";"F21V"
378575818;"HU";"F21Y"
378575820;"HU";"F21S"
378575820;"HU";"F21V"
378660547;"HU";"H01K"
378680270;"HU";"C07D"
378680298;"HU";"H04L"
378680298;"HU";"H04W"
378724703;"HU";"H01S"
378724703;"HU";"H05G"
378812279;"HU";"F24V"
378812279;"HU";"G21B"
378812279;"HU";"G21D"
378815199;"HU";"H04L"
378815199;"HU";"H04W"
378815200;"HU";"H04L"
378815200;"HU";"H04W"
378905068;"HU";"B60T"
378905068;"HU";"F16D"
378940507;"HU";"H04L"
378940683;"HU";"A61K"
378940683;"HU";"A61P"
379174683;"HU";"E01F"
379191360;"HU";"B60K"
379284021;"HU";"F16C"
379284021;"HU";"F16J"
379284021;"HU";"H02K"
379455033;"HU";"A61B"
379455033;"HU";"A61M"
379684720;"HU";"H04L"
379685745;"HU";"A47C"
379685747;"HU";"A47C"
379754037;"HU";"A61K"
379754037;"HU";"A61P"
379754038;"HU";"A61K"
379754038;"HU";"A61P"
379754040;"HU";"C02F"
379754040;"HU";"C12N"
379754040;"HU";"C12P"
379847103;"HU";"C07D"
379847105;"HU";"A61K"
379847105;"HU";"A61P"
379847105;"HU";"C07D"
379847307;"HU";"H01J"
379906251;"HU";"A61K"
379906251;"HU";"A61P"
379906251;"HU";"C07D"
379906612;"HU";"F41J"
379983155;"HU";"B29C"
379983155;"HU";"G01D"
380232498;"HU";"F24J"
380232498;"HU";"F24V"
380277737;"HU";"H04L"
380277737;"HU";"H04W"
380330775;"HU";"B60S"
380385011;"HU";"A61B"
380385011;"HU";"G06K"
380385011;"HU";"G06T"
380446088;"HU";"A61B"
380446088;"HU";"G06T"
380482903;"HU";"H04W"
380483004;"HU";"E01B"
380483644;"HU";"A61K"
380483644;"HU";"A61P"
380483644;"HU";"C07D"
380519388;"HU";"C04B"
380557270;"HU";"C07C"
380557270;"HU";"C07D"
380646482;"HU";"G06Q"
380646482;"HU";"H04M"
380646482;"HU";"H04W"
380706426;"HU";"A61F"
380716756;"HU";"G06T"
380814216;"HU";"H04L"
380833137;"HU";"H02J"
380833503;"HU";"H04W"
380983428;"HU";"G01L"
380983627;"HU";"A61L"
380983627;"HU";"C08L"
381036309;"HU";"B25D"
381235206;"HU";"H04L"
381310756;"HU";"A61K"
381310756;"HU";"A61P"
381310756;"HU";"C07D"
381392012;"HU";"H04W"
381500048;"HU";"B01D"
381500048;"HU";"C02F"
381538693;"HU";"H04L"
381538693;"HU";"H04W"
381570474;"HU";"F41C"
381582508;"HU";"H04L"
381582508;"HU";"H04W"
381633647;"HU";"A61K"
381633647;"HU";"A61P"
381633647;"HU";"C07D"
381676569;"HU";"G09F"
381676727;"HU";"G06K"
381676727;"HU";"G06V"
381676759;"HU";"H04L"
381676851;"HU";"E21B"
381752729;"HU";"G01N"
404761597;"HU";"G01N"
404761597;"HU";"H01J"
404762167;"HU";"H04L"
404856366;"HU";"C02F"
404857930;"HU";"G01H"
404857930;"HU";"H04R"
404858077;"HU";"H05B"
404886187;"HU";"A24D"
404886187;"HU";"A24F"
404886451;"HU";"F28B"
404897567;"HU";"A61H"
404897567;"HU";"A63B"
404897567;"HU";"E04H"
404897567;"HU";"F21W"
404897927;"HU";"G10H"
405015940;"HU";"H02G"
405019547;"HU";"C07K"
405019548;"HU";"C07K"
405019548;"HU";"C12P"
405056538;"HU";"E05B"
405056538;"HU";"E05C"
405057009;"HU";"H04W"
405089078;"HU";"H04B"
405089078;"HU";"H04W"
405108769;"HU";"H04L"
405108769;"HU";"H04W"
405231228;"HU";"H05B"
405266502;"HU";"C12N"
405266502;"HU";"C12P"
405266871;"HU";"A23L"
405266871;"HU";"A61K"
405266871;"HU";"C07H"
405267866;"HU";"B32B"
405267866;"HU";"B65G"
405267866;"HU";"D03D"
405267866;"HU";"D06M"
405267866;"HU";"D06N"
405267866;"HU";"F16G"
405276397;"HU";"H04L"
405299060;"HU";"A61K"
405299060;"HU";"C07D"
405325464;"HU";"G01N"
405364470;"HU";"G06F"
405417518;"HU";"H04R"
405457606;"HU";"H04L"
405457606;"HU";"H04W"
405458045;"HU";"A61B"
405478475;"HU";"A01G"
405478475;"HU";"B23Q"
405478911;"HU";"A61G"
405500560;"HU";"A01K"
405500560;"HU";"A61D"
405579621;"HU";"H04W"
405579630;"HU";"G06F"
405579630;"HU";"H04L"
405579630;"HU";"H04W"
405580139;"HU";"G01F"
405682041;"HU";"H04L"
405682041;"HU";"H04W"
405725825;"HU";"H04L"
405964310;"HU";"F21S"
405964310;"HU";"F21Y"
405964310;"HU";"H01J"
405964310;"HU";"H05B"
405967238;"HU";"A61K"
405967238;"HU";"A61P"
405967238;"HU";"C07K"
405969000;"HU";"A61K"
405999995;"HU";"F41A"
405999995;"HU";"F41B"
405999995;"HU";"F42B"
405999996;"HU";"F03D"
406000036;"HU";"B01D"
406000036;"HU";"B60T"
406010824;"HU";"H04L"
406010824;"HU";"H04W"
406011397;"HU";"G06F"
406011397;"HU";"H04L"
406011397;"HU";"H04W"
406040042;"HU";"H04L"
406040701;"HU";"B60Q"
406040701;"HU";"F21S"
406072146;"HU";"H04W"
406072338;"HU";"C10J"
406072338;"HU";"F01K"
406072338;"HU";"F02C"
406072338;"HU";"F23G"
406073671;"HU";"A41D"
406089676;"HU";"H02K"
406089688;"HU";"H04L"
406089896;"HU";"H04L"
406152413;"HU";"H04W"
406157016;"HU";"F16B"
406215351;"HU";"A61M"
406239702;"HU";"A61K"
406239955;"HU";"B60D"
406240401;"HU";"H04L"
406240401;"HU";"H04W"
406334254;"HU";"A01K"
406334254;"HU";"A61H"
406334254;"HU";"A61M"
406334254;"HU";"A63B"
406334541;"HU";"G01S"
406384853;"HU";"H02J"
406384853;"HU";"H02M"
406385315;"HU";"H01F"
406385485;"HU";"H04L"
406421388;"HU";"G01N"
406422207;"HU";"G06K"
406473924;"HU";"G06V"
406473924;"HU";"G07D"
406473924;"HU";"H04N"
406612956;"HU";"E05B"
406612956;"HU";"E05C"
406636325;"HU";"H04W"
406637297;"HU";"H04W"
406690979;"HU";"G06F"
406690979;"HU";"G16B"
406711597;"HU";"A61K"
406711597;"HU";"A61P"
406711597;"HU";"C07H"
406961125;"HU";"A01K"
407015601;"HU";"C07D"
407015603;"HU";"B65D"
407015603;"HU";"E04H"
407025065;"HU";"H01J"
407029196;"HU";"F01D"
407029196;"HU";"F16K"
407080254;"HU";"B61H"
407117504;"HU";"F01K"
407117504;"HU";"F28B"
407117504;"HU";"F28C"
407167452;"HU";"A61K"
407167452;"HU";"A61P"
407167452;"HU";"C07D"
407210113;"HU";"B29B"
407210113;"HU";"B29C"
407210113;"HU";"B32B"
407210113;"HU";"E04C"
407213091;"HU";"C10G"
407213091;"HU";"C10L"
407217314;"HU";"H04W"
407353001;"HU";"A61K"
407353001;"HU";"A61P"
407353001;"HU";"C07K"
407384257;"HU";"G06F"
407384257;"HU";"H05K"
407386267;"HU";"E05B"
407386267;"HU";"G08B"
407386547;"HU";"H05B"
407429168;"HU";"A61K"
407493847;"HU";"B60L"
407493847;"HU";"B60W"
407607139;"HU";"A61K"
407607139;"HU";"C07K"
407608206;"HU";"F16H"
407608562;"HU";"G01S"
407608562;"HU";"H04B"
407609408;"HU";"G01G"
407609408;"HU";"G01R"
407609408;"HU";"G05G"
407609408;"HU";"H01C"
407610471;"HU";"H04W"
407621086;"HU";"A01D"
407628294;"HU";"B60T"
407716738;"HU";"H04W"
407759272;"HU";"A61K"
407759272;"HU";"A61P"
407759272;"HU";"C07F"
407759272;"HU";"G01N"
407836151;"HU";"B60T"
407836153;"HU";"A01G"
407871453;"HU";"E05D"
408666062;"HU";"A01D"
408666841;"HU";"B01D"
408666841;"HU";"B01J"
408666841;"HU";"C07K"
408666889;"HU";"H04L"
408666891;"HU";"H04L"
408666893;"HU";"H04L"
408935173;"HU";"G07F"
408939899;"HU";"B60T"
408939899;"HU";"F16L"
409007285;"HU";"A01B"
409007285;"HU";"B22D"
409007285;"HU";"C23C"
409007535;"HU";"B08B"
409007535;"HU";"E21B"
409273131;"HU";"E04B"
409273131;"HU";"E04H"
409331212;"HU";"B63C"
409405110;"HU";"A01N"
409405110;"HU";"A01P"
409405138;"HU";"G01S"
409470994;"HU";"C08J"
409470994;"HU";"C08L"
409489996;"HU";"B60T"
409489996;"HU";"F16K"
409490666;"HU";"B60S"
409490666;"HU";"G01M"
409500924;"HU";"B01D"
409586758;"HU";"E03F"
409624870;"HU";"C07D"
409625198;"HU";"H04L"
409916668;"HU";"C07D"
409972040;"HU";"H04L"
409972594;"HU";"B29C"
409972594;"HU";"B29D"
409983966;"HU";"H04W"
409999418;"HU";"H04W"
410110750;"HU";"G06N"
410110750;"HU";"H04L"
410110750;"HU";"H04W"
410237884;"HU";"A61K"
410282813;"HU";"A61N"
410305961;"HU";"B29C"
410529881;"HU";"G09B"
410565396;"HU";"A61K"
410643189;"HU";"H05H"
410643191;"HU";"H02J"
410643191;"HU";"H02M"
410714981;"HU";"G04F"
410716300;"HU";"C07H"
410809664;"HU";"B60G"
410809664;"HU";"F16F"
410809666;"HU";"B60G"
410809682;"HU";"A63K"
410810278;"HU";"H02K"
410810302;"HU";"C05B"
410810302;"HU";"C05G"
410810302;"HU";"C09K"
410862282;"HU";"B01J"
410862282;"HU";"C11B"
410862412;"HU";"A61K"
410869397;"HU";"G01N"
410869399;"HU";"B62K"
410869399;"HU";"B62M"
410919516;"HU";"B65D"
410919516;"HU";"C12M"
410997783;"HU";"G06F"
411027427;"HU";"B29C"
411089577;"HU";"G01S"
411133991;"HU";"A23K"
411133991;"HU";"A23L"
411133991;"HU";"A61K"
411133991;"HU";"A61P"
411133991;"HU";"C07F"
411134002;"HU";"A63C"
411134002;"HU";"B62K"
411213215;"HU";"F24H"
411213215;"HU";"F28D"
411264400;"HU";"H04R"
411405102;"HU";"H04L"
411670614;"HU";"H01J"
411925262;"HU";"H04L"
411925262;"HU";"H04W"
411925342;"HU";"G06Q"
411980884;"HU";"H04L"
411980886;"HU";"H04L"
412012806;"HU";"A61N"
412012812;"HU";"G05B"
412013043;"HU";"H04L"
412013274;"HU";"H04L"
412039044;"HU";"G06T"
412039044;"HU";"H04N"
412144856;"HU";"G01R"
412278990;"HU";"H02M"
412376899;"HU";"H04W"
412417810;"HU";"H03K"
412429163;"HU";"C07C"
412500428;"HU";"B21C"
412500858;"HU";"H04N"
412525299;"HU";"C12Q"
412526474;"HU";"A01N"
412526474;"HU";"A01P"
412526474;"HU";"C09D"
412550523;"HU";"B25F"
412591399;"HU";"B60S"
412705560;"HU";"H02K"
412705588;"HU";"A47F"
412705588;"HU";"E06B"
412755065;"HU";"A47C"
412755065;"HU";"A61H"
413042038;"HU";"F02B"
413042038;"HU";"F02M"
413042038;"HU";"F16K"
413090592;"HU";"H01J"
413211100;"HU";"F25B"
413211100;"HU";"F28B"
413224758;"HU";"B60T"
413277160;"HU";"E01C"
413277440;"HU";"F21V"
413277440;"HU";"G02B"
413298838;"HU";"A23L"
413298838;"HU";"B67C"
413298838;"HU";"C12G"
413374070;"HU";"F21K"
413374070;"HU";"F21V"
413374070;"HU";"F21Y"
413374569;"HU";"B65G"
413374569;"HU";"F16L"
413374569;"HU";"G01M"
413412881;"HU";"H04L"
413412881;"HU";"H04W"
413413693;"HU";"C12Q"
413413693;"HU";"G01N"
413444783;"HU";"C08G"
413444783;"HU";"C08J"
413446900;"HU";"C07D"
413446902;"HU";"A61K"
413446902;"HU";"A61P"
413446902;"HU";"C07D"
413446910;"HU";"A61K"
413446910;"HU";"A61P"
413455088;"HU";"A23L"
413455088;"HU";"C07H"
413455088;"HU";"C12P"
413456762;"HU";"A23L"
413456762;"HU";"C07H"
413456762;"HU";"C12P"
413460334;"HU";"H04L"
413460334;"HU";"H04W"
413594303;"HU";"A23K"
413596427;"HU";"F26B"
413596428;"HU";"C12M"
413701016;"HU";"H04L"
413701016;"HU";"H04W"
413771356;"HU";"E06B"
413912814;"HU";"C07C"
413931610;"HU";"B60G"
413931610;"HU";"F16K"
413982478;"HU";"C07H"
413983086;"HU";"H04L"
414069656;"HU";"H02K"
414106196;"HU";"G01D"
414106196;"HU";"G01P"
414106196;"HU";"G01R"
414106258;"HU";"A61B"
414140590;"HU";"A61F"
414140670;"HU";"H04L"
414272461;"HU";"B60G"
414272461;"HU";"F16K"
414274076;"HU";"F04B"
414274076;"HU";"F15B"
414337861;"HU";"H04W"
414353621;"HU";"F16K"
414470048;"HU";"G06F"
414470048;"HU";"H04M"
414470050;"HU";"G06F"
414470052;"HU";"G06F"
414470330;"HU";"H01J"
414470342;"HU";"F21K"
414470342;"HU";"F21V"
414470342;"HU";"F21Y"
414470342;"HU";"H01R"
414552482;"HU";"H04L"
414552684;"HU";"H04W"
414553527;"HU";"H04W"
414554700;"HU";"G06K"
414554700;"HU";"G06T"
414555218;"HU";"A43B"
414555218;"HU";"A43C"
414566533;"HU";"A61B"
414566533;"HU";"A61N"
414639807;"HU";"A63H"
414639991;"HU";"H01L"
414639991;"HU";"H01R"
414639991;"HU";"H05K"
414765627;"HU";"G02B"
414765629;"HU";"G01N"
414765629;"HU";"G02F"
414766561;"HU";"B60T"
414766561;"HU";"F16K"
414766585;"HU";"H01R"
414766585;"HU";"H05K"
414804567;"HU";"A63B"
414804569;"HU";"G01N"
414820250;"HU";"H04L"
414843803;"HU";"C08G"
414860773;"HU";"G06Q"
414860773;"HU";"H04L"
414860773;"HU";"H04W"
414958429;"HU";"G01N"
414958431;"HU";"G01C"
414958431;"HU";"G08G"
414958431;"HU";"H04W"
414958433;"HU";"B65D"
414959555;"HU";"H05B"
415013890;"HU";"B21D"
415013890;"HU";"B25B"
415088039;"HU";"A61K"
415088039;"HU";"A61N"
415088039;"HU";"A61P"
415088039;"HU";"A61Q"
415088583;"HU";"H04L"
415159840;"HU";"A61K"
415159840;"HU";"A61P"
415159840;"HU";"C07K"
415160093;"HU";"A61K"
415160093;"HU";"A61P"
415160093;"HU";"C07D"
415201717;"HU";"H04W"
415448448;"HU";"A61K"
415448448;"HU";"A61P"
415448448;"HU";"C07D"
415764343;"HU";"F01C"
415775132;"HU";"H04L"
415889872;"HU";"A61K"
415889872;"HU";"A61L"
415889872;"HU";"A61P"
415889872;"HU";"C12N"
415921255;"HU";"H04L"
415921637;"HU";"H02G"
416000077;"HU";"H04L"
416000077;"HU";"H04W"
416000079;"HU";"H04L"
416000302;"HU";"E05F"
416000801;"HU";"A47C"
416000801;"HU";"A47G"
416000801;"HU";"B60N"
416000801;"HU";"H04R"
416203082;"HU";"F41A"
416203082;"HU";"F41C"
416257228;"HU";"A61B"
416257748;"HU";"H04L"
416257748;"HU";"H04W"
416292230;"HU";"B01J"
416292230;"HU";"C07C"
416292230;"HU";"C08G"
416292546;"HU";"H04W"
416447199;"HU";"H04L"
416447207;"HU";"H04L"
416520999;"HU";"G02B"
416520999;"HU";"H04N"
416633394;"HU";"A61L"
416633394;"HU";"C08L"
416686423;"HU";"E05D"
416686423;"HU";"E05F"
416686929;"HU";"A61K"
416686929;"HU";"A61P"
416686929;"HU";"C07D"
416690310;"HU";"C07H"
416690310;"HU";"C12P"
416691299;"HU";"G06F"
416789188;"HU";"B62D"
416789188;"HU";"F16C"
416789188;"HU";"F16H"
416860019;"HU";"G01D"
416860545;"HU";"H04L"
416860547;"HU";"H04L"
417053371;"HU";"A61G"
417086270;"HU";"G01N"
417091908;"HU";"A47G"
417091908;"HU";"B29C"
417091908;"HU";"B29L"
417092606;"HU";"H04W"
417092618;"HU";"H04W"
417151382;"HU";"A23L"
417151382;"HU";"A61K"
417364644;"HU";"G21G"
417364644;"HU";"H05H"
417365090;"HU";"F23C"
417365090;"HU";"F23D"
417365090;"HU";"F23M"
417523236;"HU";"F28B"
417523236;"HU";"F28F"
417627552;"HU";"G06K"
417763127;"HU";"F04B"
417907347;"HU";"H04L"
417907347;"HU";"H04N"
417907347;"HU";"H04W"
417935799;"HU";"A62B"
417935799;"HU";"E04G"
417935846;"HU";"H04L"
417935846;"HU";"H04W"
418053268;"HU";"C22C"
418053268;"HU";"C23C"
418135005;"HU";"H04L"
418176825;"HU";"B28B"
418262843;"HU";"F01K"
418295320;"HU";"G06F"
418412412;"HU";"H02M"
418412412;"HU";"H03M"
418417462;"HU";"A47G"
418417462;"HU";"B29C"
418417462;"HU";"B29L"
418544631;"HU";"F21S"
418544631;"HU";"F21V"
418544631;"HU";"F21Y"
418613413;"HU";"C07C"
418613413;"HU";"C10G"
418613413;"HU";"C11B"
418708949;"HU";"A01N"
418709174;"HU";"A61K"
418709174;"HU";"A61P"
418709174;"HU";"C07B"
418709174;"HU";"C07D"
418891849;"HU";"H04L"
418891849;"HU";"H04W"
418892149;"HU";"A61F"
419197296;"HU";"F16J"
419197858;"HU";"B41M"
419197858;"HU";"B44C"
419206334;"HU";"A23L"
419206334;"HU";"A61K"
419206334;"HU";"C07H"
419206334;"HU";"C12P"
419206334;"HU";"C13K"
419208470;"HU";"C02F"
419406129;"HU";"G06F"
419433044;"HU";"H04W"
419445018;"HU";"A23L"
419445018;"HU";"A61K"
419445018;"HU";"C07H"
419447161;"HU";"H04W"
419500466;"HU";"H01F"
419500878;"HU";"A61F"
419500878;"HU";"G02C"
419515944;"HU";"F23D"
419515944;"HU";"F23G"
419515944;"HU";"F23N"
419530588;"HU";"B01L"
419530588;"HU";"B29C"
419530588;"HU";"B41M"
419530588;"HU";"G06K"
419531334;"HU";"H01J"
419701828;"HU";"F16M"
419744036;"HU";"F01C"
419853098;"HU";"B60S"
420077452;"HU";"A63B"
420254810;"HU";"H04L"
420255764;"HU";"C12N"
420255764;"HU";"C12P"
420283665;"HU";"E05B"
420283665;"HU";"E05C"
420376440;"HU";"H04L"
420376592;"HU";"C12Q"
420412776;"HU";"A61K"
420412776;"HU";"A61P"
420412776;"HU";"C07D"
420413551;"HU";"A47K"
420416176;"HU";"H04L"
420416658;"HU";"G10H"
420416658;"HU";"H04B"
420454791;"HU";"A61K"
420454791;"HU";"A61P"
420454791;"HU";"C07D"
420529523;"HU";"H04W"
420529607;"HU";"H04L"
420586879;"HU";"H05B"
420712720;"HU";"G01N"
420712721;"HU";"H01S"
420712721;"HU";"H05H"
420712722;"HU";"B08B"
420712722;"HU";"C11D"
420773577;"HU";"B60S"
420895028;"HU";"B60S"
420903621;"HU";"H04L"
420903621;"HU";"H04W"
420903744;"HU";"B60S"
420905104;"HU";"C03C"
420905104;"HU";"G01N"
420919427;"HU";"C12N"
420919427;"HU";"G01N"
420961435;"HU";"H03L"
420961435;"HU";"H04L"
421107161;"HU";"A63B"
421107161;"HU";"A63K"
421138725;"HU";"F01L"
421138725;"HU";"F02D"
421157375;"HU";"B01J"
421157375;"HU";"B29B"
421157375;"HU";"B29K"
421157375;"HU";"F26B"
421243119;"HU";"B60S"
421289003;"HU";"H04L"
421458451;"HU";"A24B"
421458451;"HU";"B65B"
421492036;"HU";"A01G"
421492036;"HU";"B27B"
421492036;"HU";"F16D"
421492036;"HU";"F16P"
421492256;"HU";"B60S"
421504692;"HU";"B65B"
421605870;"HU";"H04W"
421699517;"HU";"H01R"
421775222;"HU";"H04L"
421775222;"HU";"H04Q"
421778862;"HU";"G01R"
421778862;"HU";"H01M"
421778862;"HU";"H02J"
421912463;"HU";"H04W"
421912561;"HU";"H04L"
421912561;"HU";"H04W"
421986631;"HU";"B60J"
421986631;"HU";"B60R"
421986631;"HU";"B62D"
421986631;"HU";"E05B"
421986631;"HU";"G05B"
421988032;"HU";"G01R"
421988032;"HU";"H01M"
421988032;"HU";"H02J"
422047902;"HU";"B60T"
422047902;"HU";"B62D"
422047912;"HU";"F16D"
422048150;"HU";"F16D"
422048152;"HU";"B60T"
422084132;"HU";"B60K"
422084132;"HU";"B60T"
422084132;"HU";"B62D"
422084132;"HU";"F04B"
422290180;"HU";"G01B"
422290180;"HU";"G06T"
422319910;"HU";"H04L"
422325635;"HU";"G01S"
422408438;"HU";"A61K"
422408438;"HU";"A61P"
422408438;"HU";"B82Y"
422408464;"HU";"A61K"
422408464;"HU";"A61P"
422408464;"HU";"B82Y"
422408772;"HU";"A61K"
422408772;"HU";"A61P"
422408772;"HU";"B82Y"
422410925;"HU";"A61K"
422410925;"HU";"A61P"
422410925;"HU";"B82Y"
422503993;"HU";"B62M"
422503993;"HU";"G01C"
422503995;"HU";"A61B"
422503995;"HU";"G01C"
422503995;"HU";"G16H"
422503997;"HU";"G01C"
422503997;"HU";"G09B"
422504209;"HU";"C03C"
422504209;"HU";"G02B"
422585636;"HU";"H04W"
422585640;"HU";"H04W"
422585750;"HU";"H04J"
422585750;"HU";"H04L"
422585762;"HU";"H04B"
422594339;"HU";"A61F"
422594953;"HU";"A61B"
422617654;"HU";"B60L"
422617654;"HU";"G01C"
422617661;"HU";"H01L"
422617748;"HU";"H04L"
422617748;"HU";"H04W"
422673240;"HU";"B62D"
422673512;"HU";"B65D"
422673514;"HU";"B65D"
422673514;"HU";"F16J"
422677742;"HU";"E04B"
422678233;"HU";"C07C"
422782020;"HU";"B60T"
422782020;"HU";"B60W"
422787704;"HU";"B65D"
422868670;"HU";"H02B"
422868769;"HU";"B60T"
422929424;"HU";"B01J"
422929424;"HU";"C02F"
422929424;"HU";"C10G"
422955235;"HU";"G06T"
423040364;"HU";"E06B"
423185775;"HU";"F04B"
423185843;"HU";"H03K"
423186208;"HU";"H04L"
423215333;"HU";"A61M"
423223840;"HU";"B01D"
423223840;"HU";"B01J"
423223840;"HU";"B82B"
423223840;"HU";"B82Y"
423223840;"HU";"C01G"
423223840;"HU";"C02F"
423239371;"HU";"B60T"
423257502;"HU";"A61M"
423257908;"HU";"G01N"
423313464;"HU";"A61J"
423313464;"HU";"A61M"
423313574;"HU";"B60B"
423313574;"HU";"B60T"
423313574;"HU";"F16D"
423313588;"HU";"B62D"
423394041;"HU";"B62D"
423394333;"HU";"B65B"
423394333;"HU";"F15B"
423457889;"HU";"B60T"
423457889;"HU";"F16D"
423458051;"HU";"A61K"
423458051;"HU";"A61P"
423458051;"HU";"C07D"
423458088;"HU";"C07J"
423458274;"HU";"A61K"
423458274;"HU";"A61P"
423469128;"HU";"H04L"
423469128;"HU";"H04W"
423485441;"HU";"B01L"
423485441;"HU";"G01N"
423518234;"HU";"A47C"
423518782;"HU";"G06F"
423518782;"HU";"G16H"
423518782;"HU";"G16Z"
423518790;"HU";"A61M"
423518790;"HU";"G06F"
423518790;"HU";"G16Z"
423518806;"HU";"H01R"
423518806;"HU";"H02M"
423518828;"HU";"A61M"
423577107;"HU";"C07K"
423615336;"HU";"G06F"
423615336;"HU";"G16Z"
423615930;"HU";"H04L"
423616834;"HU";"H04W"
423617629;"HU";"A45D"
423618577;"HU";"F24J"
423618577;"HU";"F24S"
423618577;"HU";"F28D"
423618577;"HU";"F28F"
423854749;"HU";"H04W"
423868573;"HU";"H04L"
423868573;"HU";"H04W"
423979929;"HU";"A23K"
423979929;"HU";"A23L"
424016812;"HU";"A61K"
424109576;"HU";"A61K"
424109576;"HU";"C07K"
424263113;"HU";"A62C"
424371682;"HU";"G06F"
424371682;"HU";"H04L"
424371910;"HU";"B08B"
424371910;"HU";"B63C"
424371910;"HU";"E21B"
424403336;"HU";"A61K"
424403336;"HU";"A61P"
424415629;"HU";"A61K"
424415629;"HU";"A61P"
424454824;"HU";"F24F"
424480321;"HU";"A61M"
424480321;"HU";"F04B"
424507802;"HU";"A61K"
424509795;"HU";"A61K"
424509795;"HU";"A61P"
424509795;"HU";"C07F"
424510529;"HU";"G06F"
424510529;"HU";"G06K"
424510529;"HU";"G06N"
424510531;"HU";"H04L"
424510531;"HU";"H04W"
424540494;"HU";"A63F"
424540494;"HU";"B41J"
424540494;"HU";"B41M"
424540494;"HU";"B42D"
424621848;"HU";"A23L"
424621848;"HU";"A61K"
424621848;"HU";"A61P"
424621848;"HU";"C08B"
424621848;"HU";"C08L"
424622014;"HU";"A01D"
424842454;"HU";"H04N"
424842693;"HU";"A61K"
424842693;"HU";"A61P"
424842693;"HU";"C07D"
424858283;"HU";"G01B"
424858283;"HU";"G01K"
424858283;"HU";"G01N"
424860188;"HU";"H04L"
424860188;"HU";"H04W"
424860198;"HU";"H04L"
424860198;"HU";"H04W"
424868493;"HU";"G06Q"
424868493;"HU";"H04W"
424990647;"HU";"H04L"
425030265;"HU";"A61K"
425067266;"HU";"A61K"
425067266;"HU";"A61P"
425067266;"HU";"C07D"
425071444;"HU";"F01P"
425071444;"HU";"F02F"
425115347;"HU";"H04L"
425298393;"HU";"G06F"
425298393;"HU";"H04L"
425509469;"HU";"H04W"
425509829;"HU";"H04L"
425509829;"HU";"H04W"
425566232;"HU";"C04B"
425566238;"HU";"A01K"
425596121;"HU";"A61K"
425596493;"HU";"H04W"
425739675;"HU";"H05B"
425742517;"HU";"H05B"
425785814;"HU";"F02B"
425785814;"HU";"F02D"
425805815;"HU";"E04F"
425806085;"HU";"B60G"
425817523;"HU";"G06F"
425994979;"HU";"H04L"
425994979;"HU";"H04W"
426038241;"HU";"H04W"
426116623;"HU";"H04L"
426116623;"HU";"H04W"
426257499;"HU";"H04L"
426257499;"HU";"H04W"
426257553;"HU";"A61B"
426257553;"HU";"A61N"
426325071;"HU";"B60C"
426363287;"HU";"C07J"
426363888;"HU";"H04L"
426363976;"HU";"B60G"
426363976;"HU";"F16F"
426364632;"HU";"H05B"
436980622;"HU";"B65B"
436980639;"HU";"H04L"
436980748;"HU";"H05B"
437031775;"HU";"A61K"
437031775;"HU";"A61P"
437031775;"HU";"C07D"
437032308;"HU";"B01D"
437032308;"HU";"B60T"
437087264;"HU";"C05D"
437087264;"HU";"C05G"
437087266;"HU";"A61K"
437087266;"HU";"A61P"
437087685;"HU";"B62J"
437087685;"HU";"B62K"
437126706;"HU";"B60G"
437126706;"HU";"F16F"
437166626;"HU";"H04L"
437187563;"HU";"A01K"
437285946;"HU";"A61K"
437285946;"HU";"A61P"
437542326;"HU";"G01S"
437542622;"HU";"A47C"
437542622;"HU";"F16F"
437657876;"HU";"F03D"
437671272;"HU";"C07D"
437778549;"HU";"B60K"
437778549;"HU";"F16D"
437778662;"HU";"A61F"
437778662;"HU";"A61G"
437778663;"HU";"B01F"
437778677;"HU";"C12Q"
437789095;"HU";"E05B"
437789095;"HU";"E05C"
437789095;"HU";"E05D"
437946141;"HU";"C07H"
437946141;"HU";"C12P"
437946415;"HU";"C07C"
437946415;"HU";"C08F"
437946415;"HU";"C08G"
437946415;"HU";"C08L"
437946460;"HU";"C07H"
437946460;"HU";"C12P"
437947096;"HU";"C04B"
437947096;"HU";"C21D"
437947096;"HU";"F27D"
437947164;"HU";"C07J"
437948113;"HU";"H04W"
438011163;"HU";"B01J"
438011163;"HU";"C07K"
438021516;"HU";"B29B"
438144950;"HU";"C07C"
438144988;"HU";"A61K"
438144988;"HU";"C07H"
438260734;"HU";"F21V"
438260734;"HU";"H01J"
438261214;"HU";"A61K"
438261214;"HU";"A61P"
438261214;"HU";"C07D"
438274122;"HU";"B60T"
438274886;"HU";"E01B"
438274888;"HU";"A61K"
438274888;"HU";"A61P"
438274888;"HU";"C07D"
438311815;"HU";"G06F"
438311815;"HU";"G16B"
438321663;"HU";"H04L"
438321820;"HU";"F16D"
438321826;"HU";"F16D"
438321826;"HU";"F16H"
438322018;"HU";"H04L"
438356895;"HU";"F21K"
438356895;"HU";"F21V"
438356895;"HU";"F21Y"
438356895;"HU";"H01L"
438356895;"HU";"H05B"
438357073;"HU";"C05F"
438357570;"HU";"B01J"
438357570;"HU";"C01B"
438357570;"HU";"F17C"
438358497;"HU";"A61K"
438358497;"HU";"C07K"
438358623;"HU";"B62K"
438358623;"HU";"B62M"
438358623;"HU";"F16D"
438358701;"HU";"B62K"
438358701;"HU";"B62M"
438358701;"HU";"F16D"
438358704;"HU";"A61K"
438523969;"HU";"B60R"
438523969;"HU";"G06T"
438555604;"HU";"B29B"
438555604;"HU";"B29C"
438555604;"HU";"D04H"
438566464;"HU";"B60T"
438566522;"HU";"F21K"
438566522;"HU";"F21S"
438566522;"HU";"F21V"
438566522;"HU";"F21Y"
438566522;"HU";"H05B"
439148302;"HU";"B01D"
439203738;"HU";"H02K"
439203880;"HU";"A61K"
439203880;"HU";"A61P"
439203882;"HU";"C07K"
439203884;"HU";"B01D"
439203884;"HU";"C07C"
439326514;"HU";"G06T"
439539738;"HU";"G06Q"
439667541;"HU";"F16D"
439688333;"HU";"G06K"
439688377;"HU";"G08G"
439724630;"HU";"F04D"
439770425;"HU";"H04L"
439770676;"HU";"B62D"
439791501;"HU";"F16D"
439809931;"HU";"A61K"
439809931;"HU";"C07K"
439951140;"HU";"E05D"
439951275;"HU";"H04L"
439951275;"HU";"H04W"
439951277;"HU";"H04L"
439951277;"HU";"H04W"
440145448;"HU";"F21S"
440145448;"HU";"F21V"
440151544;"HU";"A47K"
440152938;"HU";"B01J"
440152938;"HU";"C07C"
440152938;"HU";"C07D"
440152938;"HU";"C07F"
440171120;"HU";"B60T"
440171120;"HU";"F15B"
440295045;"HU";"C12N"
440295045;"HU";"C12R"
440299242;"HU";"A63C"
440508962;"HU";"H04L"
440508962;"HU";"H04W"
440594924;"HU";"H04L"
440597176;"HU";"H04L"
440597176;"HU";"H04W"
440612616;"HU";"E03B"
440612616;"HU";"E04B"
440612616;"HU";"F24F"
440614199;"HU";"A61N"
440614199;"HU";"H01Q"
440614199;"HU";"H05K"
440694659;"HU";"A61K"
440702198;"HU";"A43D"
440702198;"HU";"A61B"
440715532;"HU";"B60G"
440715536;"HU";"B60G"
440715536;"HU";"F16K"
440716082;"HU";"H04L"
440767384;"HU";"G05F"
440767384;"HU";"H02P"
440767384;"HU";"H03K"
440973941;"HU";"C12N"
440973941;"HU";"C12Q"
441013338;"HU";"B62D"
441013338;"HU";"H02P"
441072152;"HU";"A61M"
441086363;"HU";"H01R"
441418182;"HU";"A01M"
441418182;"HU";"C03C"
441418182;"HU";"E06B"
441420331;"HU";"H04N"
441517224;"HU";"A43D"
441517894;"HU";"A61M"
441517894;"HU";"F16K"
441582447;"HU";"H04L"
441582447;"HU";"H04W"
441604517;"HU";"B29B"
441605311;"HU";"E05D"
441684588;"HU";"B60R"
442016606;"HU";"H04L"
442016606;"HU";"H04W"
442016630;"HU";"E05D"
442076108;"HU";"H04L"
442076108;"HU";"H04W"
442149239;"HU";"A61K"
442149239;"HU";"A61P"
442149239;"HU";"C07D"
442237506;"HU";"H02M"
442237508;"HU";"H02M"
442250971;"HU";"B65G"
442383747;"HU";"G06F"
442384131;"HU";"A61K"
442384361;"HU";"G01R"
442434658;"HU";"B60T"
442510843;"HU";"B62D"
442510843;"HU";"H01F"
442523889;"HU";"B60T"
442523889;"HU";"F15B"
442534769;"HU";"B60T"
442540745;"HU";"A01K"
442540745;"HU";"B65D"
442540745;"HU";"B68B"
442540745;"HU";"D06N"
442541398;"HU";"B60S"
442565656;"HU";"H04L"
442565656;"HU";"H04W"
442776303;"HU";"B60S"
442946714;"HU";"B60S"
442946794;"HU";"B60S"
443003218;"HU";"F21K"
443003218;"HU";"F21V"
443003218;"HU";"F21Y"
443003218;"HU";"H05K"
443096156;"HU";"H04L"
443096156;"HU";"H04W"
443096172;"HU";"B60S"
443100027;"HU";"F16J"
443100027;"HU";"F16K"
443100425;"HU";"G10D"
443122263;"HU";"E05D"
443122263;"HU";"E05F"
443147216;"HU";"F02M"
443269470;"HU";"H04L"
443269494;"HU";"B60T"
443269494;"HU";"G01M"
443271646;"HU";"H04L"
443271646;"HU";"H04M"
443325761;"HU";"H01M"
443383123;"HU";"A62C"
443435724;"HU";"B60T"
443462518;"HU";"B60G"
443462518;"HU";"F16K"
443462518;"HU";"G05B"
443462518;"HU";"H01F"
443470227;"HU";"B60R"
443470227;"HU";"G06T"
443507555;"HU";"G06F"
443552871;"HU";"B60J"
443552871;"HU";"B60P"
443552871;"HU";"E04H"
443553332;"HU";"A23L"
443553392;"HU";"G06K"
443553392;"HU";"G06T"
443553392;"HU";"G06V"
443553393;"HU";"G06K"
443553393;"HU";"G06T"
443553393;"HU";"G06V"
443553393;"HU";"H04N"
443657948;"HU";"G09F"
443705785;"HU";"E05D"
443705903;"HU";"A61F"
443836158;"HU";"G06F"
443858686;"HU";"G06F"
443858686;"HU";"H04L"
443884456;"HU";"C07D"
443884456;"HU";"C08G"
443933292;"HU";"F16J"
443933292;"HU";"F16L"
444041794;"HU";"H04L"
444286837;"HU";"G02B"
444286837;"HU";"H01L"
444301561;"HU";"B62D"
444301561;"HU";"H02P"
444437948;"HU";"A01N"
444437948;"HU";"A01P"
444437950;"HU";"A01N"
444438706;"HU";"B60C"
444438760;"HU";"G06F"
444462569;"HU";"A61K"
444462569;"HU";"C07H"
444462569;"HU";"C12N"
444468589;"HU";"G06T"
444484664;"HU";"B60C"
444484664;"HU";"B60K"
444484676;"HU";"B60T"
444484772;"HU";"A61B"
444484772;"HU";"A61K"
444484772;"HU";"A61P"
444525247;"HU";"B60T"
444548987;"HU";"B60C"
444549221;"HU";"A01C"
444551541;"HU";"C12N"
444551541;"HU";"G01N"
444674395;"HU";"G06F"
444674415;"HU";"B60T"
444800651;"HU";"A61K"
444800651;"HU";"A61P"
444800651;"HU";"C07C"
444800651;"HU";"C07D"
444801251;"HU";"H04L"
444801251;"HU";"H04W"
444802619;"HU";"E05B"
444852596;"HU";"H04L"
444972752;"HU";"B09B"
444972752;"HU";"B29B"
444972752;"HU";"B30B"
444972752;"HU";"C08J"
444972752;"HU";"C10B"
444972752;"HU";"C10G"
445065661;"HU";"G06F"
445066098;"HU";"G06F"
445066098;"HU";"G06N"
445097929;"HU";"H04L"
445181680;"HU";"A61B"
445184457;"HU";"B01J"
445258922;"HU";"A61K"
445312582;"HU";"B60T"
445320222;"HU";"A63F"
445320222;"HU";"A63H"
445320222;"HU";"G05D"
445321430;"HU";"F03B"
445438398;"HU";"H04W"
445453494;"HU";"B60T"
445551927;"HU";"B60S"
445671495;"HU";"F21V"
445671495;"HU";"H05K"
445750215;"HU";"B60J"
445819723;"HU";"B60S"
445819825;"HU";"B60R"
445819992;"HU";"A01K"
445821418;"HU";"C07H"
445821418;"HU";"G01N"
445890910;"HU";"B60S"
445891334;"HU";"B41F"
445891334;"HU";"H05K"
445891340;"HU";"H04L"
445891648;"HU";"C07C"
445907428;"HU";"B60T"
445907428;"HU";"B61L"
446034457;"HU";"B60K"
446034457;"HU";"B60W"
446034457;"HU";"B62D"
446266236;"HU";"C07K"
446266472;"HU";"A61M"
446420994;"HU";"H04L"
446420994;"HU";"H04W"
446460858;"HU";"H01R"
446460858;"HU";"H02M"
446460966;"HU";"B60S"
446475036;"HU";"B60T"
446491465;"HU";"B01D"
446491465;"HU";"B60T"
446491465;"HU";"G01N"
446510449;"HU";"B29B"
446510449;"HU";"C08J"
446510449;"HU";"C08K"
446510449;"HU";"C08L"
446511254;"HU";"A61C"
446511254;"HU";"G06F"
446512793;"HU";"G01R"
446746435;"HU";"A61K"
446746435;"HU";"A61P"
446939664;"HU";"C10B"
446940232;"HU";"C07D"
446940475;"HU";"B01D"
446940475;"HU";"G01N"
446984632;"HU";"F21S"
446984632;"HU";"F21V"
446984632;"HU";"F21W"
446984632;"HU";"F21Y"
447019553;"HU";"G01N"
447037223;"HU";"F21V"
447037223;"HU";"F21Y"
447230545;"HU";"A61C"
447269055;"HU";"E04C"
447270136;"HU";"B25H"
447323551;"HU";"B60T"
447323551;"HU";"B61H"
447323551;"HU";"H04L"
447335679;"HU";"G05B"
447336452;"HU";"B25H"
447336452;"HU";"H02J"
447336518;"HU";"B62D"
447336518;"HU";"G01R"
447336518;"HU";"H02P"
447336841;"HU";"C07D"
447377108;"HU";"G06F"
447514138;"HU";"H04L"
447514139;"HU";"H04L"
447514896;"HU";"C07H"
447516728;"HU";"B29C"
447516728;"HU";"B29K"
447626564;"HU";"B60T"
447626564;"HU";"F15B"
447640925;"HU";"B60T"
447640925;"HU";"F16D"
447643115;"HU";"A61K"
447643115;"HU";"C07K"
448178030;"HU";"H04L"
448178030;"HU";"H04N"
448178165;"HU";"B62D"
448178581;"HU";"H04L"
448178581;"HU";"H04W"
448250642;"HU";"C12N"
448250642;"HU";"G01N"
448250839;"HU";"H04L"
448250840;"HU";"B60T"
448257976;"HU";"H02G"
448308419;"HU";"G06Q"
448426166;"HU";"H02K"
448428089;"HU";"H02K"
448479870;"HU";"B60N"
448479870;"HU";"B60R"
448479969;"HU";"G06F"
448479969;"HU";"H04L"
448479969;"HU";"H04M"
448504392;"HU";"H04W"
448655601;"HU";"B60T"
448655601;"HU";"G01M"
448879124;"HU";"B01D"
449044009;"HU";"A61K"
449044009;"HU";"A61P"
449044011;"HU";"A61K"
449044011;"HU";"A61P"
449044835;"HU";"G06Q"
449194486;"HU";"B01D"
449194486;"HU";"B60T"
449194486;"HU";"F15B"
449194625;"HU";"F21V"
449194625;"HU";"F21W"
449194625;"HU";"F21Y"
449194640;"HU";"F21S"
449194640;"HU";"F21V"
449194640;"HU";"F21W"
449194640;"HU";"F21Y"
449195846;"HU";"C12M"
449195846;"HU";"G12B"
449195846;"HU";"H05K"
449289760;"HU";"B60T"
449289783;"HU";"A01K"
449289783;"HU";"A61K"
449289783;"HU";"C12N"
449289783;"HU";"C12Q"
449289783;"HU";"G01N"
449315446;"HU";"A61M"
449315446;"HU";"G06F"
449315526;"HU";"A01G"
449315526;"HU";"B05B"
449315526;"HU";"H04L"
449557305;"HU";"G06F"
449557305;"HU";"H04L"
449578709;"HU";"A61C"
449691371;"HU";"B03C"
449691530;"HU";"G06F"
449691530;"HU";"H04L"
449691544;"HU";"G01R"
449835339;"HU";"A01D"
449888793;"HU";"H04L"
449916935;"HU";"B62D"
449916935;"HU";"G05B"
449916935;"HU";"G06F"
449916953;"HU";"H04W"
450053692;"HU";"A61K"
450132420;"HU";"H04L"
450136200;"HU";"A61K"
450136200;"HU";"A61M"
450136200;"HU";"B02C"
450136200;"HU";"B07B"
450136262;"HU";"G02B"
450136262;"HU";"H02G"
450265261;"HU";"A61K"
450265261;"HU";"C07D"
450265539;"HU";"G06F"
450286868;"HU";"A01G"
450308051;"HU";"F21K"
450308051;"HU";"F21S"
450308051;"HU";"F21V"
450308051;"HU";"F21Y"
450308455;"HU";"B60T"
450308455;"HU";"B61L"
450308461;"HU";"B60L"
450308461;"HU";"B60T"
450308473;"HU";"B60L"
450308473;"HU";"B61L"
450320359;"HU";"G01S"
450325241;"HU";"B62D"
450325241;"HU";"G01B"
450325241;"HU";"G01D"
450325241;"HU";"G01L"
450325340;"HU";"A61B"
450443771;"HU";"F16H"
450444511;"HU";"H04W"
450567560;"HU";"H01R"
450567631;"HU";"G01S"
450567631;"HU";"G10K"
450608054;"HU";"B25D"
450608621;"HU";"H04B"
450609976;"HU";"C11C"
450611940;"HU";"G01N"
450611940;"HU";"G16B"
450611945;"HU";"A61B"
450611945;"HU";"G01N"
450611945;"HU";"H01J"
450611966;"HU";"C07F"
450611966;"HU";"C08F"
450611966;"HU";"C08G"
450643733;"HU";"H04W"
450739914;"HU";"B62H"
450739914;"HU";"B62J"
450897024;"HU";"A61B"
450897024;"HU";"G01N"
450897024;"HU";"H01J"
450897025;"HU";"A61B"
450897025;"HU";"G01N"
450897025;"HU";"H01J"
450897026;"HU";"A61B"
450897026;"HU";"G01N"
450897026;"HU";"G16B"
450897026;"HU";"H01J"
450897027;"HU";"A61B"
450897027;"HU";"G01N"
450897027;"HU";"H01J"
450897028;"HU";"A61B"
450897028;"HU";"G01N"
450897028;"HU";"H01J"
450897029;"HU";"A61B"
450897029;"HU";"G01N"
450897029;"HU";"G16B"
450897029;"HU";"H01J"
450897030;"HU";"A61B"
450897030;"HU";"G01N"
450897030;"HU";"H01J"
450897031;"HU";"A61B"
450897031;"HU";"G01N"
450897031;"HU";"G16B"
450897031;"HU";"H01J"
450897117;"HU";"H04W"
451050845;"HU";"B60T"
451121192;"HU";"G06T"
451121192;"HU";"H04N"
451121405;"HU";"A61B"
451121405;"HU";"G01N"
451121405;"HU";"H01J"
451154745;"HU";"F16B"
451154745;"HU";"H05K"
451181003;"HU";"A61K"
451181003;"HU";"A61P"
451360677;"HU";"A61K"
451360677;"HU";"A61N"
451360677;"HU";"B82Y"
451361021;"HU";"A61M"
451389495;"HU";"H01R"
451389495;"HU";"H02G"
451389587;"HU";"A61M"
451527765;"HU";"H04L"
451527765;"HU";"H04W"
451602148;"HU";"B60T"
451791138;"HU";"G01R"
451837891;"HU";"B60T"
451838138;"HU";"H04L"
451838138;"HU";"H04W"
451838142;"HU";"A61K"
451838142;"HU";"A61P"
451838142;"HU";"C07D"
451986472;"HU";"A61K"
451986472;"HU";"A61P"
451986473;"HU";"A61K"
451986475;"HU";"C07C"
451986475;"HU";"C07D"
452221406;"HU";"A01D"
452221735;"HU";"H04L"
452221735;"HU";"H04W"
452261513;"HU";"A61K"
452261513;"HU";"A61P"
452261522;"HU";"F16K"
452261522;"HU";"G01F"
452261522;"HU";"G01N"
452262150;"HU";"B60T"
452262270;"HU";"G06F"
452301202;"HU";"B60W"
452301204;"HU";"B60T"
452301204;"HU";"F04B"
452301674;"HU";"G06T"
456176461;"HU";"A61K"
456176461;"HU";"A61P"
456176461;"HU";"C07D"
456222243;"HU";"B60D"
456239161;"HU";"G01D"
456347100;"HU";"F16M"
456352371;"HU";"G01N"
456352371;"HU";"G01Q"
456352371;"HU";"G01R"
456352371;"HU";"G02B"
456436147;"HU";"G21C"
456711966;"HU";"A01D"
456781990;"HU";"A01K"
456783021;"HU";"A23L"
456783021;"HU";"A61K"
456783021;"HU";"C07H"
456900299;"HU";"A24D"
456926291;"HU";"F16K"
456962872;"HU";"B01L"
456962872;"HU";"B05B"
456962872;"HU";"B65D"
456962872;"HU";"G01N"
456963260;"HU";"H04W"
457056870;"HU";"C02F"
457056948;"HU";"H02M"
457203597;"HU";"H01M"
457203953;"HU";"B62D"
457203953;"HU";"G01K"
457203957;"HU";"H04L"
457203957;"HU";"H04W"
457204077;"HU";"A23K"
457204077;"HU";"A61P"
457205581;"HU";"C07H"
457205581;"HU";"C12P"
457207496;"HU";"G06F"
457207496;"HU";"H04L"
457207496;"HU";"H04W"
457300098;"HU";"A23L"
457300098;"HU";"A61K"
457300098;"HU";"A61P"
457300098;"HU";"C07C"
457300107;"HU";"F28C"
457479490;"HU";"A01D"
457479939;"HU";"H04W"
457480294;"HU";"F28B"
457480294;"HU";"F28C"
457526326;"HU";"A61K"
457526326;"HU";"A61P"
457526326;"HU";"C07D"
457680761;"HU";"A61K"
457681091;"HU";"A61K"
457681091;"HU";"A61P"
457681091;"HU";"C07D"
457681097;"HU";"A61K"
457681097;"HU";"A61P"
457681097;"HU";"C07D"
457932470;"HU";"G06Q"
457942319;"HU";"A61K"
457942319;"HU";"A61P"
458032186;"HU";"B62D"
458032186;"HU";"H02P"
458051513;"HU";"A61M"
458051514;"HU";"H02G"
458051515;"HU";"A61K"
458051515;"HU";"A61P"
458051515;"HU";"C07D"
458077843;"HU";"A61K"
458077843;"HU";"A61P"
458077843;"HU";"C07D"
458077950;"HU";"B62D"
458077950;"HU";"F16C"
458077950;"HU";"F16D"
458078634;"HU";"H04N"
458143056;"HU";"A61B"
458143056;"HU";"A61M"
458143056;"HU";"G06F"
458143056;"HU";"G16H"
458223790;"HU";"C07K"
458223790;"HU";"C12N"
458223790;"HU";"C12Q"
458223790;"HU";"G01N"
458225476;"HU";"G01D"
458225502;"HU";"C12Q"
458225522;"HU";"G06F"
458225522;"HU";"H04L"
458372874;"HU";"B60T"
458372874;"HU";"F16D"
458401330;"HU";"C25B"
458401330;"HU";"H01M"
458401332;"HU";"C05F"
458401332;"HU";"C05G"
458505863;"HU";"A23C"
458507484;"HU";"E05D"
458507484;"HU";"E06B"
458565223;"HU";"A61B"
458565223;"HU";"A61F"
458565223;"HU";"A61N"
458588342;"HU";"B28B"
458588343;"HU";"A61C"
458610789;"HU";"A01N"
458610789;"HU";"A01P"
458610995;"HU";"G02F"
458653579;"HU";"A61K"
458653579;"HU";"A61P"
458653579;"HU";"C07D"
459032714;"HU";"H04L"
459034531;"HU";"A01K"
459036139;"HU";"H04L"
459036139;"HU";"H04W"
459036152;"HU";"H04L"
459119999;"HU";"B61K"
459119999;"HU";"F16C"
459119999;"HU";"G01M"
459120328;"HU";"H04W"
459136484;"HU";"B60T"
459171376;"HU";"H04L"
459171396;"HU";"H04L"
459173572;"HU";"H04L"
459362073;"HU";"C07D"
459362261;"HU";"H04L"
459394179;"HU";"H04L"
467899998;"HU";"C07K"
467899998;"HU";"C12N"
467920166;"HU";"A01G"
468101199;"HU";"H04L"
468241210;"HU";"H04L"
468241210;"HU";"H04W"
468241241;"HU";"C08L"
468386960;"HU";"A61B"
468434722;"HU";"C12Q"
468434722;"HU";"G01N"
468794739;"HU";"A01D"
468794739;"HU";"G06Q"
468828643;"HU";"B60N"
468828643;"HU";"B62D"
468828643;"HU";"H05B"
469062846;"HU";"G01S"
469062846;"HU";"G06K"
469062848;"HU";"G01S"
469062848;"HU";"G06K"
469062848;"HU";"G06V"
469062850;"HU";"B60R"
469062850;"HU";"G08G"
469062852;"HU";"G06K"
469063291;"HU";"B62D"
469063295;"HU";"H04L"
469063419;"HU";"B62D"
469063419;"HU";"H02M"
469063419;"HU";"H02P"
469139363;"HU";"B29C"
469139363;"HU";"F15B"
469139940;"HU";"B60T"
469139940;"HU";"B60W"
469139958;"HU";"B60T"
469187492;"HU";"B29B"
469188423;"HU";"B62D"
469290218;"HU";"H04L"
469290218;"HU";"H04M"
469290218;"HU";"H04W"
469290550;"HU";"B60T"
469290551;"HU";"B60T"
469292833;"HU";"F02B"
469292833;"HU";"F02D"
469292833;"HU";"F02M"
469292833;"HU";"G01D"
469292833;"HU";"G01L"
469292833;"HU";"G01M"
469452493;"HU";"G01N"
469452493;"HU";"G01S"
469513556;"HU";"F16D"
469592364;"HU";"A23G"
469592366;"HU";"A61B"
469592818;"HU";"A01C"
469592819;"HU";"G06F"
469592819;"HU";"G09G"
469592890;"HU";"B60S"
469592905;"HU";"A01N"
469592905;"HU";"A61K"
469592905;"HU";"A61L"
469592905;"HU";"A61P"
469713118;"HU";"A01N"
469713118;"HU";"A01P"
470027708;"HU";"C12P"
470066320;"HU";"B60T"
470108364;"HU";"G06K"
470108364;"HU";"G06V"
470108426;"HU";"A61L"
470112953;"HU";"B01L"
470116195;"HU";"A61B"
470116195;"HU";"A61F"
470116195;"HU";"A61M"
470116195;"HU";"F04B"
470116195;"HU";"G01G"
470293211;"HU";"A61K"
470293211;"HU";"A61P"
470293211;"HU";"C07D"
470293213;"HU";"A61K"
470293213;"HU";"A61P"
470293213;"HU";"C07D"
470293238;"HU";"A61N"
470309812;"HU";"B22C"
470309812;"HU";"B22D"
470401750;"HU";"A01N"
470401750;"HU";"A01P"
470401750;"HU";"A61K"
470401750;"HU";"A61P"
470402455;"HU";"B62K"
470402455;"HU";"B62M"
470465849;"HU";"B01F"
470465849;"HU";"B01L"
470465849;"HU";"B08B"
470465849;"HU";"B25J"
470465849;"HU";"G01N"
470519693;"HU";"A61K"
470519693;"HU";"A61P"
470580219;"HU";"G01N"
470580219;"HU";"H01J"
470582198;"HU";"F21K"
470582198;"HU";"F21S"
470582198;"HU";"F21V"
470582198;"HU";"F21Y"
470582198;"HU";"H01L"
470582240;"HU";"C08K"
470582240;"HU";"C08L"
470582252;"HU";"C08K"
470582252;"HU";"C08L"
470610150;"HU";"B01J"
470610150;"HU";"B22F"
470610150;"HU";"C04B"
470610377;"HU";"A61K"
470610377;"HU";"A61P"
470610377;"HU";"C07C"
470610377;"HU";"C07D"
470610448;"HU";"B01D"
470610448;"HU";"B29C"
470611702;"HU";"B65D"
470638656;"HU";"E05D"
470638890;"HU";"A01N"
470639207;"HU";"B60R"
470647791;"HU";"A47G"
470647791;"HU";"B65D"
470767827;"HU";"H01H"
470790790;"HU";"G01S"
470790794;"HU";"B60T"
470831310;"HU";"A61K"
470831310;"HU";"C07K"
470831310;"HU";"G01N"
470831447;"HU";"G01S"
470831447;"HU";"H04W"
470831447;"HU";"H05B"
470892791;"HU";"F21S"
470892791;"HU";"F21V"
470892791;"HU";"H01R"
470967164;"HU";"B60W"
471093801;"HU";"B60S"
471095212;"HU";"A61B"
471182831;"HU";"F16D"
471202461;"HU";"B62D"
471202641;"HU";"H04L"
471335825;"HU";"H04L"
471335858;"HU";"B01D"
471335858;"HU";"G01N"
471365374;"HU";"E05F"
471409464;"HU";"B29C"
471443895;"HU";"H04L"
471657510;"HU";"F23D"
471749149;"HU";"A01N"
471749149;"HU";"A01P"
471749149;"HU";"C09K"
471750011;"HU";"B65D"
471750013;"HU";"G10D"
472110970;"HU";"F16D"
472128730;"HU";"F21S"
472128730;"HU";"F21V"
472128730;"HU";"F21Y"
472130682;"HU";"A61K"
472130682;"HU";"A61P"
472130682;"HU";"C07K"
472278234;"HU";"G05D"
472278234;"HU";"G06K"
472335183;"HU";"B60T"
472335183;"HU";"G01F"
472335631;"HU";"C08G"
472335631;"HU";"C08J"
472335631;"HU";"C08K"
472335631;"HU";"E04B"
472335631;"HU";"E04C"
472335633;"HU";"C08G"
472335633;"HU";"C08J"
472335633;"HU";"C08K"
472335633;"HU";"E04B"
472335633;"HU";"E04C"
472360666;"HU";"G01N"
472360666;"HU";"G01R"
472361078;"HU";"A61B"
472361078;"HU";"A61M"
472361078;"HU";"B04B"
472487461;"HU";"G06F"
472487461;"HU";"H04N"
472556261;"HU";"A63B"
472556261;"HU";"G01S"
472556261;"HU";"G01V"
472596146;"HU";"F03D"
472631274;"HU";"B61B"
472631274;"HU";"B61D"
472641011;"HU";"B29B"
472784805;"HU";"F21V"
472864803;"HU";"A61B"
472864803;"HU";"A61M"
472905315;"HU";"C07C"
472905317;"HU";"G01M"
472911002;"HU";"H04N"
473313320;"HU";"A01K"
473313320;"HU";"C12N"
473409703;"HU";"H04W"
473433121;"HU";"A61K"
473433121;"HU";"A61P"
473433121;"HU";"C07D"
473433121;"HU";"C07F"
473433322;"HU";"C01B"
473433322;"HU";"C30B"
473434360;"HU";"A47K"
473434360;"HU";"A61H"
473434360;"HU";"B60P"
473434360;"HU";"B61D"
473434360;"HU";"E04H"
473516431;"HU";"G01L"
473516558;"HU";"F16C"
473516558;"HU";"F16M"
473516558;"HU";"G03B"
473661610;"HU";"A61K"
473661610;"HU";"C07D"
473661611;"HU";"A61K"
473661611;"HU";"C07D"
473661612;"HU";"A61K"
473661612;"HU";"C07D"
473751025;"HU";"F15B"
473751025;"HU";"G01B"
473751025;"HU";"G01D"
473751025;"HU";"G06K"
473751025;"HU";"H03M"
473807337;"HU";"G01C"
473807337;"HU";"G06F"
473807337;"HU";"G09B"
473941603;"HU";"C07C"
473943273;"HU";"A01K"
473943273;"HU";"B64D"
473943275;"HU";"A01K"
473943314;"HU";"E05F"
474337016;"HU";"C01B"
474337016;"HU";"C05F"
474337016;"HU";"C08H"
474490084;"HU";"B62D"
474492124;"HU";"B60T"
474492491;"HU";"G08B"
474492860;"HU";"B60R"
474492860;"HU";"G08G"
474553868;"HU";"F02B"
474553868;"HU";"F02D"
474553868;"HU";"F02M"
474650015;"HU";"H04L"
474651931;"HU";"H05B"
474652169;"HU";"H01L"
474652169;"HU";"H05B"
474757410;"HU";"A61K"
474757410;"HU";"A61P"
474757410;"HU";"C07D"
474761627;"HU";"A01K"
474943710;"HU";"H01L"
474945172;"HU";"C12P"
474993860;"HU";"B60T"
474993948;"HU";"H04L"
474994157;"HU";"H04L"
475032374;"HU";"G05B"
475032374;"HU";"G05D"
475032374;"HU";"G06F"
475032374;"HU";"G06N"
475052159;"HU";"A63B"
475052159;"HU";"G09B"
475077506;"HU";"C12Q"
475200161;"HU";"H04W"
475206454;"HU";"B63B"
475206454;"HU";"E02B"
475211157;"HU";"B01J"
475308655;"HU";"E05D"
475308699;"HU";"A61B"
475396209;"HU";"H04L"
475396225;"HU";"G06K"
475396225;"HU";"G06T"
475396225;"HU";"G06V"
475396225;"HU";"G08B"
475396225;"HU";"H04N"
475507031;"HU";"B60W"
475507031;"HU";"B62D"
475623921;"HU";"A61K"
475623921;"HU";"C07K"
475650965;"HU";"H05B"
475743873;"HU";"H01L"
475743884;"HU";"B62D"
475895593;"HU";"H04W"
475895787;"HU";"G01N"
475895787;"HU";"G02B"
475968460;"HU";"F16D"
476026410;"HU";"A61K"
476026410;"HU";"G01N"
476026412;"HU";"A61K"
476026412;"HU";"G01N"
476027098;"HU";"B62M"
476027098;"HU";"H02K"
476027098;"HU";"H02P"
476029526;"HU";"B60T"
476029526;"HU";"B60W"
476029845;"HU";"C10B"
476030063;"HU";"G06K"
476030063;"HU";"G06T"
476285782;"HU";"A01D"
476334810;"HU";"G06F"
476334810;"HU";"H04L"
476334847;"HU";"C07D"
476482619;"HU";"G01N"
476482682;"HU";"A63H"
476482682;"HU";"B22C"
476482682;"HU";"B22D"
476482920;"HU";"A63B"
476482920;"HU";"G09B"
476483676;"HU";"C10B"
476501525;"HU";"C07C"
476506664;"HU";"B61L"
476506664;"HU";"G07C"
476653635;"HU";"E05B"
476653635;"HU";"H01F"
476653757;"HU";"C11D"
476788014;"HU";"A61K"
476788014;"HU";"A61P"
476788014;"HU";"C07D"
476942754;"HU";"B25D"
476943102;"HU";"A61K"
476943102;"HU";"A61P"
476943102;"HU";"C07D"
476992807;"HU";"C12P"
476993145;"HU";"A61K"
476993145;"HU";"C07D"
477106932;"HU";"F21V"
477107661;"HU";"H01L"
477126551;"HU";"A63B"
477126551;"HU";"A63C"
477126639;"HU";"G06T"
477126639;"HU";"H04N"
477127716;"HU";"F16M"
477127716;"HU";"F21V"
477127716;"HU";"F21Y"
477183899;"HU";"G02F"
477262454;"HU";"G06F"
477262454;"HU";"H04L"
477262735;"HU";"B25F"
477263835;"HU";"G06F"
477263835;"HU";"H04L"
477362836;"HU";"C07D"
477383141;"HU";"H04L"
477383141;"HU";"H04W"
477688221;"HU";"B60R"
477690200;"HU";"H04W"
477769294;"HU";"F21V"
477770500;"HU";"A61K"
477770500;"HU";"A61P"
477770500;"HU";"C07B"
477770500;"HU";"C07D"
477799145;"HU";"A61K"
477799145;"HU";"A61N"
477799145;"HU";"B82Y"
478059797;"HU";"A61B"
478071591;"HU";"C12N"
478146452;"HU";"A61K"
478146452;"HU";"A61P"
478146452;"HU";"C07D"
478148038;"HU";"H04L"
478457118;"HU";"H04W"
478510044;"HU";"B41J"
478548751;"HU";"G01N"
478698124;"HU";"A61K"
478698124;"HU";"A61P"
478698124;"HU";"C07D"
478698125;"HU";"C05D"
478698125;"HU";"C05F"
478698125;"HU";"C05G"
478699512;"HU";"A61B"
478699512;"HU";"G06Q"
478712753;"HU";"A01G"
478893277;"HU";"H04W"
478899951;"HU";"B25J"
478899951;"HU";"G05D"
478925765;"HU";"G06F"
478925765;"HU";"H05K"
479010428;"HU";"A23L"
479010428;"HU";"C07H"
479023763;"HU";"G06Q"
479023763;"HU";"G07B"
479023794;"HU";"G06F"
479023794;"HU";"H04L"
479116074;"HU";"H04W"
479220249;"HU";"A23L"
479220249;"HU";"A61L"
479220514;"HU";"A23P"
479220514;"HU";"B33Y"
479220516;"HU";"A23P"
479220516;"HU";"B33Y"
479224283;"HU";"A61N"
479224284;"HU";"A61M"
479278494;"HU";"A61K"
479314776;"HU";"B62D"
479314776;"HU";"G06T"
479314812;"HU";"B29C"
479314812;"HU";"B65D"
479314813;"HU";"B29C"
479314813;"HU";"B65D"
479356075;"HU";"A61K"
479356075;"HU";"A61P"
479356076;"HU";"A61K"
479356076;"HU";"A61P"
479356149;"HU";"A61B"
479356261;"HU";"H04L"
479356261;"HU";"H04W"
479991658;"HU";"G06F"
479991658;"HU";"G06Q"
479991658;"HU";"H04L"
479992217;"HU";"A61K"
479992217;"HU";"A61P"
479992217;"HU";"C07D"
480001959;"HU";"C22B"
480059848;"HU";"A61K"
480059848;"HU";"A61P"
480059848;"HU";"C07D"
480098912;"HU";"B60T"
480253303;"HU";"H04W"
480272653;"HU";"A61K"
480358240;"HU";"B60S"
480458420;"HU";"G02F"
480469313;"HU";"B01D"
480469313;"HU";"B29C"
480469581;"HU";"A61K"
480469581;"HU";"A61P"
480752160;"HU";"B27D"
480752160;"HU";"B27N"
480752160;"HU";"B32B"
480752160;"HU";"B44C"
480752208;"HU";"H04L"
480752268;"HU";"B62D"
480755803;"HU";"E04C"
480957767;"HU";"B28B"
480957767;"HU";"F27D"
481123538;"HU";"E05F"
481274806;"HU";"H04L"
481317151;"HU";"B65F"
481376511;"HU";"G06K"
481376511;"HU";"G06V"
481376511;"HU";"G08G"
481380290;"HU";"G06T"
481518723;"HU";"G01S"
481527603;"HU";"B28B"
481528157;"HU";"E05D"
481545289;"HU";"B25J"
481545289;"HU";"G06F"
481545504;"HU";"C12N"
481545504;"HU";"C12P"
481546372;"HU";"F02B"
481546372;"HU";"F02M"
481611508;"HU";"C07D"
481611528;"HU";"F16M"
481611528;"HU";"G02B"
481611528;"HU";"G03B"
481611748;"HU";"H04L"
481689532;"HU";"E03B"
481689532;"HU";"F16L"
481689572;"HU";"C07C"
481689572;"HU";"C07D"
481695040;"HU";"H04W"
481748212;"HU";"G01J"
481748212;"HU";"H01L"
481748212;"HU";"H01Q"
481820825;"HU";"A63F"
481820825;"HU";"H04W"
481919487;"HU";"B25J"
481919487;"HU";"G05B"
481919487;"HU";"H04L"
481919487;"HU";"H04W"
481948051;"HU";"B23H"
482018995;"HU";"A62D"
482018996;"HU";"A62C"
482018997;"HU";"A62C"
482393327;"HU";"A47G"
482393327;"HU";"A61F"
482393327;"HU";"A61M"
482394636;"HU";"A61K"
482394636;"HU";"C07D"
482463748;"HU";"H02M"
482476563;"HU";"H04L"
482476563;"HU";"H04W"
482667015;"HU";"F16L"
482700419;"HU";"C04B"
482731004;"HU";"A61B"
482890973;"HU";"H04L"
482891003;"HU";"G06N"
482891003;"HU";"H04B"
482891003;"HU";"H04L"
482891003;"HU";"H04W"
482891176;"HU";"G05B"
482891181;"HU";"A43C"
482891389;"HU";"C04B"
482893779;"HU";"G01N"
482893779;"HU";"G06T"
482893779;"HU";"H04N"
482989632;"HU";"G05D"
482989632;"HU";"G06Q"
482989632;"HU";"G08G"
482989635;"HU";"B60T"
482989780;"HU";"B60T"
483087909;"HU";"A61P"
483087909;"HU";"C07K"
483087994;"HU";"E05D"
483087994;"HU";"E05F"
483089209;"HU";"G01T"
483121412;"HU";"C07K"
483139660;"HU";"B60G"
483139695;"HU";"B60T"
483141096;"HU";"B62B"
483141096;"HU";"G06K"
483141096;"HU";"G06Q"
483141096;"HU";"G06V"
483327340;"HU";"G06T"
483327340;"HU";"H04N"
483365812;"HU";"G05D"
483365812;"HU";"G08G"
483435876;"HU";"G05D"
483435876;"HU";"G08G"
483482192;"HU";"H04L"
483482192;"HU";"H04W"
483482427;"HU";"B60R"
483482427;"HU";"G01S"
483482427;"HU";"G05D"
483482436;"HU";"G05D"
483482436;"HU";"G08G"
483482555;"HU";"B60T"
483483121;"HU";"A61K"
483483121;"HU";"A61P"
483483121;"HU";"C07D"
483484771;"HU";"A61K"
483484771;"HU";"A61P"
483646340;"HU";"E05C"
483712837;"HU";"B60T"
483712837;"HU";"G05D"
483861354;"HU";"B60R"
483861354;"HU";"G01R"
483861452;"HU";"B23D"
483861452;"HU";"B25F"
483973210;"HU";"F21S"
483973210;"HU";"F21V"
483993458;"HU";"H04L"
483993458;"HU";"H04W"
484129451;"HU";"B62D"
484167630;"HU";"B62D"
484168545;"HU";"E05D"
484168545;"HU";"E05F"
484210579;"HU";"B60L"
484210579;"HU";"B60W"
484361968;"HU";"F21S"
484361968;"HU";"F21V"
484361968;"HU";"F21W"
484387119;"HU";"B25J"
484387119;"HU";"G05B"
484452411;"HU";"B62D"
484452606;"HU";""
484505586;"HU";"B62D"
484739941;"HU";"H02K"
484740049;"HU";"B62D"
484740469;"HU";"G02B"
484740469;"HU";"G02F"
484740880;"HU";"H04L"
484740880;"HU";"H04W"
484887300;"HU";"F23G"
485040111;"HU";"A61K"
485040111;"HU";"A61P"
485068836;"HU";"C07K"
485068836;"HU";"C12N"
485211544;"HU";"G06F"
485211544;"HU";"H04L"
485212374;"HU";"C10B"
485237329;"HU";"G06F"
485237329;"HU";"G07C"
485386200;"HU";"H05B"
485398130;"HU";"E04D"
485398130;"HU";"F24S"
485399964;"HU";"F21L"
485399964;"HU";"F21V"
485399964;"HU";"H05B"
485409108;"HU";"B60T"
485409108;"HU";"G01B"
485643155;"HU";"B25J"
485830596;"HU";"H04W"
485830658;"HU";"C08G"
485830658;"HU";"C08J"
485830658;"HU";"C08K"
485830658;"HU";"E04B"
485830658;"HU";"E04C"
485830874;"HU";"C07D"
485856859;"HU";"E05D"
485856859;"HU";"E05F"
485857024;"HU";"E01C"
485858400;"HU";"A61K"
485858400;"HU";"A61L"
485858400;"HU";"A61P"
485858400;"HU";"C07K"
485858400;"HU";"C12N"
485867612;"HU";"G06N"
486112614;"HU";"A61K"
486112614;"HU";"A61P"
486112614;"HU";"C07D"
486113275;"HU";"F15B"
486113275;"HU";"F16K"
486129652;"HU";"B01J"
486129652;"HU";"C07B"
486129652;"HU";"C07C"
486129652;"HU";"C07F"
486130665;"HU";"A01C"
486130665;"HU";"A01G"
486130665;"HU";"A01N"
486132671;"HU";"H04L"
486274513;"HU";"G01S"
486275832;"HU";"E05F"
486333479;"HU";"A61B"
486333479;"HU";"A61M"
486374713;"HU";"A61B"
486404786;"HU";"B25J"
486404786;"HU";"G05B"
486405157;"HU";"H04W"
486405244;"HU";"E04C"
486652680;"HU";"H04W"
486803169;"HU";"H02K"
486924291;"HU";"F21S"
486924291;"HU";"F21V"
486937951;"HU";"A24B"
486937951;"HU";"B07C"
487005269;"HU";"G01S"
487005308;"HU";"G05D"
487005409;"HU";"C08J"
487005409;"HU";"C09D"
487046705;"HU";"A61K"
487046705;"HU";"A61P"
487046705;"HU";"C07D"
487074688;"HU";"G05G"
487074708;"HU";"H04L"
487188428;"HU";"F21V"
487188639;"HU";"F16K"
487329989;"HU";"G06F"
487329989;"HU";"G06Q"
487329989;"HU";"H04L"
487329989;"HU";"H04W"
487374825;"HU";"C05F"
487374825;"HU";"C12N"
487491926;"HU";"F16F"
487491954;"HU";"F16F"
487584339;"HU";"G06Q"
487680580;"HU";"H04B"
487680580;"HU";"H04L"
487680760;"HU";"B01J"
487680760;"HU";"C10G"
487746755;"HU";"G01S"
488190869;"HU";"H04L"
488190869;"HU";"H04W"
488191040;"HU";"G06F"
488191170;"HU";"H04L"
488192674;"HU";"G01B"
488192674;"HU";"G01S"
488324409;"HU";"G01D"
488324409;"HU";"G06K"
488498751;"HU";"H04L"
488588001;"HU";"C01B"
488707715;"HU";"B25F"
488707784;"HU";"H04L"
488707794;"HU";"H04L"
488751004;"HU";"C03C"
488753329;"HU";"F21S"
488753329;"HU";"F21V"
488753329;"HU";"F21Y"
488796284;"HU";"H04L"
488797092;"HU";"A62C"
488797284;"HU";"H04L"
488797284;"HU";"H04N"
488797356;"HU";"G01C"
488797356;"HU";"G06Q"
488797356;"HU";"G08B"
488918087;"HU";"H01Q"
488918230;"HU";"G01C"
488918230;"HU";"G09B"
488918231;"HU";"A01N"
488920406;"HU";"B62D"
488980478;"HU";"G01G"
489227305;"HU";"B01D"
489229357;"HU";"H04W"
489435732;"HU";"C12N"
489435732;"HU";"C40B"
489435762;"HU";"C12Q"
489435762;"HU";"G01N"
489435773;"HU";"A61B"
489620449;"HU";"A61C"
489620449;"HU";"G06F"
489620450;"HU";"A47D"
489620450;"HU";"A63C"
489622346;"HU";"B61H"
489622346;"HU";"F16D"
489622381;"HU";"H01R"
489622460;"HU";"A61M"
489622464;"HU";"A61B"
489622464;"HU";"A61M"
489799147;"HU";"A61K"
489799147;"HU";"A61P"
489799147;"HU";"C07C"
489799148;"HU";"G08B"
490082618;"HU";"A63H"
490208595;"HU";"A61B"
490208595;"HU";"A61M"
490208606;"HU";"H04W"
490336787;"HU";"C12P"
490442336;"HU";"C12Q"
490601421;"HU";"C03C"
490601459;"HU";"A61F"
490667152;"HU";"A61M"
490667152;"HU";"B01D"
490734528;"HU";"F16B"
490734528;"HU";"H05K"
490734780;"HU";"A61L"
490789997;"HU";"G01N"
490926504;"HU";"A61B"
490926504;"HU";"A61M"
491252304;"HU";"A61K"
491252304;"HU";"G01N"
491252305;"HU";"A61K"
491252305;"HU";"G01N"
491579799;"HU";"C07K"
491859842;"HU";"B64C"
491859842;"HU";"F01D"
491859842;"HU";"F03D"
491972537;"HU";"A01K"
491998663;"HU";"G06F"
492158126;"HU";"A61K"
492158126;"HU";"G01N"
492360274;"HU";"B27B"
492405895;"HU";"B60T"
492405895;"HU";"G05G"
492405896;"HU";"B60T"
492405896;"HU";"G05G"
492405898;"HU";"B60B"
492405898;"HU";"B60T"
492699697;"HU";"A61K"
492699697;"HU";"A61P"
492699697;"HU";"C07D"
492703083;"HU";"A61K"
492703083;"HU";"A61P"
492703083;"HU";"C07D"
492703084;"HU";"A61K"
492703084;"HU";"A61P"
492703084;"HU";"C07D"
492703085;"HU";"C07D"
492856870;"HU";"H05H"
492933870;"HU";"A61B"
492933870;"HU";"A61D"
492933870;"HU";"C12Q"
492934731;"HU";"B61L"
493012328;"HU";"A62C"
493265665;"HU";"B60G"
493265665;"HU";"B60T"
493298411;"HU";"A61H"
493450731;"HU";"G06T"
493503776;"HU";"A63C"
493503776;"HU";"A63G"
493503829;"HU";"G01B"
493503829;"HU";"G01N"
493503829;"HU";"G06T"
493505441;"HU";"H02M"
493505441;"HU";"H05B"
493584899;"HU";"B05B"
493584899;"HU";"B08B"
493584899;"HU";"F04B"
493584903;"HU";"B08B"
493584903;"HU";"F04B"
493585468;"HU";"G05B"
493585468;"HU";"G07C"
493585578;"HU";"G01N"
493585578;"HU";"G02B"
493585578;"HU";"G06K"
493585578;"HU";"G06V"
493847168;"HU";"A61B"
493847168;"HU";"G06T"
493945819;"HU";"G06T"
493945824;"HU";"G01R"
494014575;"HU";"A01G"
494237591;"HU";"B65D"
494531880;"HU";"G01N"
494702976;"HU";"F21S"
494702976;"HU";"F21V"
494702976;"HU";"F21Y"
494709429;"HU";"B28B"
494709429;"HU";"E04G"
495008277;"HU";"A01G"
495008277;"HU";"A01N"
495008278;"HU";"A01N"
495008278;"HU";"A01P"
495008494;"HU";"A01N"
495008494;"HU";"A01P"
495010370;"HU";"A01N"
495010653;"HU";"A01C"
495010653;"HU";"A01G"
495010653;"HU";"A01N"
495010653;"HU";"A01P"
495197943;"HU";"C12M"
495197943;"HU";"G01N"
495262990;"HU";"H01M"
495264918;"HU";"F16M"
495767427;"HU";"C07C"
495767427;"HU";"C07D"
495767491;"HU";"F03B"
495767492;"HU";"A01N"
495790304;"HU";"A61K"
495790304;"HU";"A61P"
495790304;"HU";"C12N"
495791813;"HU";"E01B"
496106571;"HU";"B60T"
496106571;"HU";"F16K"
496107906;"HU";"C07J"
496387556;"HU";"B42D"
496387556;"HU";"C08K"
496387556;"HU";"C09D"
496387556;"HU";"C12Q"
496694094;"HU";"B25B"
496694094;"HU";"B25F"
496826515;"HU";"A61K"
496826515;"HU";"A61P"
496897593;"HU";"B60S"
496897593;"HU";"F16C"
496995772;"HU";"C07C"
496995772;"HU";"C07F"
497002908;"HU";"B32B"
497002908;"HU";"C09K"
497481145;"HU";"A61K"
497481145;"HU";"A61P"
497703378;"HU";"H04L"
497894928;"HU";"C04B"
497894928;"HU";"E04F"
497896266;"HU";"A61F"
497896266;"HU";"B25J"
497897386;"HU";"F21S"
497897386;"HU";"F21V"
497897386;"HU";"F21Y"
497897386;"HU";"H01L"
497897386;"HU";"H05K"
497897672;"HU";"H05B"
498013644;"HU";"B60K"
498013644;"HU";"B60L"
498013644;"HU";"B60T"
498013644;"HU";"B62D"
498013644;"HU";"F16D"
498196227;"HU";"A01B"
498198124;"HU";"F16L"
498386959;"HU";"E05D"
498387792;"HU";"B60T"
498426570;"HU";"G06F"
498426570;"HU";"H04L"
498427436;"HU";"F16L"
498427436;"HU";"H02G"
498664676;"HU";"A61K"
498664676;"HU";"C07K"
498709269;"HU";"H04L"
498997705;"HU";"G06T"
499037374;"HU";"A63F"
499037374;"HU";"G04G"
499037374;"HU";"G06F"
499037374;"HU";"G16H"
499208474;"HU";"F28D"
499367121;"HU";"H01R"
499402674;"HU";"G08G"
499402678;"HU";"A61B"
499402678;"HU";"A63B"
499402678;"HU";"G16H"
499402679;"HU";"C12Q"
499402679;"HU";"G01N"
499557923;"HU";"E01C"
499557923;"HU";"E04F"
499557923;"HU";"H02G"
499557923;"HU";"H02J"
499557923;"HU";"H02S"
499558066;"HU";"F23B"
499558066;"HU";"F23H"
499745070;"HU";"G06Q"
499745070;"HU";"G08G"
499745070;"HU";"H04W"
499779131;"HU";"B28B"
500040329;"HU";"B23D"
500040329;"HU";"B27B"
500040490;"HU";"G06T"
500040490;"HU";"H04N"
500040772;"HU";"A01K"
500087631;"HU";"B65D"
500429551;"HU";"B63B"
500429551;"HU";"B63H"
500429551;"HU";"G01P"
500472295;"HU";"F23B"
500472295;"HU";"F23H"
500472927;"HU";"G06F"
500672906;"HU";"B25B"
500672906;"HU";"B25F"
500821924;"HU";"C07K"
500821924;"HU";"C12N"
501409438;"HU";"B60T"
501580470;"HU";"A62B"
501580470;"HU";"E04G"
501690856;"HU";"E05D"
501983536;"HU";"B62D"
501983536;"HU";"F16C"
501983536;"HU";"F16H"
502193557;"HU";"B60S"
502193558;"HU";"B60S"
502193754;"HU";"B60T"
502402700;"HU";"B60G"
502402700;"HU";"G01B"
502402700;"HU";"G01G"
502402700;"HU";"G01L"
502402723;"HU";"H01R"
502402723;"HU";"H02G"
502580285;"HU";"A47C"
502581434;"HU";"A01N"
502581434;"HU";"A01P"
502581434;"HU";"C07C"
502911982;"HU";"A47F"
502911982;"HU";"B01L"
502911982;"HU";"G01N"
502912933;"HU";"A61K"
502912933;"HU";"A61P"
502912933;"HU";"C07D"
502914969;"HU";"B01L"
502914969;"HU";"B65G"
502914969;"HU";"G01N"
502915383;"HU";"B01L"
502915383;"HU";"B65G"
502915383;"HU";"G01N"
503360783;"HU";"G06F"
503406341;"HU";"A61B"
503406341;"HU";"A61N"
503410938;"HU";"H02K"
503613940;"HU";"G06F"
503704603;"HU";"C07C"
503704603;"HU";"C07D"
503913584;"HU";"A61K"
503913845;"HU";"E05D"
503913845;"HU";"E05F"
504024132;"HU";"H04L"
504126466;"HU";"E04B"
504126466;"HU";"F24F"
504127845;"HU";"B25F"
504372276;"HU";"A23L"
504372276;"HU";"A61P"
504372276;"HU";"C08B"
504372276;"HU";"C08L"
504419888;"HU";"G06F"
504419888;"HU";"G06K"
504419888;"HU";"G09B"
504470591;"HU";"A47C"
504470591;"HU";"A63B"
504625277;"HU";"A61K"
504625277;"HU";"A61P"
504625277;"HU";"A61Q"
504645359;"HU";"A61K"
504645359;"HU";"A61P"
504645359;"HU";"C07D"
504645375;"HU";"F16H"
504662937;"HU";"G05B"
504765547;"HU";"G06F"
504765547;"HU";"G06N"
504765547;"HU";"H04M"
504824330;"HU";"B25F"
504851264;"HU";"E04B"
504851264;"HU";"F24T"
504854640;"HU";"H04L"
504855259;"HU";"C10J"
504908528;"HU";"G02B"
505181866;"HU";"G06K"
505182858;"HU";"A63B"
505182858;"HU";"A63C"
505750371;"HU";"B62D"
505750371;"HU";"F16H"
505890806;"HU";"C07D"
506106850;"HU";"B32B"
506106850;"HU";"C08L"
506239950;"HU";"A23L"
506239950;"HU";"C07H"
506240740;"HU";"H04L"
506617392;"HU";"A61K"
506617392;"HU";"A61P"
506617392;"HU";"C07D"
506920891;"HU";"F03B"
506920891;"HU";"F03D"
506921056;"HU";"A61B"
506921056;"HU";"G06T"
507852651;"HU";"A61F"
507947680;"HU";"A01G"
507947680;"HU";"C05F"
507947709;"HU";"B04B"
507947709;"HU";"H02P"
507947710;"HU";"B01J"
507947710;"HU";"C12Q"
507947710;"HU";"G01N"
508237036;"HU";"E05B"
508237036;"HU";"G08B"
508328299;"HU";"A61F"
508328299;"HU";"G02C"
508328300;"HU";"A61F"
508328300;"HU";"G02C"
508724663;"HU";"C07K"
508724663;"HU";"C12P"
509262122;"HU";"A61K"
509262122;"HU";"C12N"
509262122;"HU";"C12P"
509982407;"HU";"G01S"
509982762;"HU";"B01F"
510965919;"HU";"C12N"
510965919;"HU";"C12P"
511696612;"HU";"G01N"
511696612;"HU";"G16B"
511696612;"HU";"H01J"
512016306;"HU";"C07K"
512016306;"HU";"G01N"
512869430;"HU";"A61F"
512869430;"HU";"G16H"
513381445;"HU";"B60L"
513381445;"HU";"H02P"
513705866;"HU";"A61K"
513705866;"HU";"A61P"
513705866;"HU";"C07B"
513705866;"HU";"C07D"
513707122;"HU";"G02B"
514455486;"HU";"G06F"
514455486;"HU";"G06Q"
515460628;"HU";"H04L"
515463794;"HU";"H04L"
515534225;"HU";"B23D"
515534225;"HU";"B25F"
515765712;"HU";"G01N"
515765712;"HU";"G06F"
515765712;"HU";"G06T"
516058236;"HU";"A01G"
518487591;"HU";"C07D"
522331734;"HU";"B01J"
522331734;"HU";"C07C"
522331734;"HU";"C08G"
522701412;"HU";"G06F"
522701412;"HU";"H04L"
522701412;"HU";"H04W"
522905500;"HU";"A61K"
522905500;"HU";"A61P"
523514949;"HU";"A61K"
523514949;"HU";"A61M"
523514949;"HU";"A61P"
523514949;"HU";"B02C"
523514949;"HU";"B07B"
524947851;"HU";"E05B"
524947851;"HU";"G08B"
525324179;"HU";"A61B"
525324179;"HU";"G01N"
525324179;"HU";"H01J"
525799826;"HU";"B01J"
525799826;"HU";"C07K"
527810088;"HU";"G06F"
527810088;"HU";"H04W"
528675446;"HU";"G01N"
528675446;"HU";"H01J"
533200333;"HU";"A61B"
533200333;"HU";"G01N"
533200333;"HU";"H01J"
533219691;"HU";"H04L"
533219691;"HU";"H04W"
540769083;"HU";"H04L"
541934343;"HU";"G01N"
541934343;"HU";"G16B"
541934343;"HU";"H01J"
545891518;"HU";"G01N"
545891518;"HU";"H01J"
547134956;"HU";"C12N"
547134956;"HU";"C12P"
548880867;"HU";"B01J"
548880867;"HU";"C07B"
548880867;"HU";"C07C"
548880867;"HU";"C07F"
549460317;"HU";"H04W"
551014420;"HU";"B60G"
551014420;"HU";"G01B"
551014420;"HU";"G01G"
551014420;"HU";"G01L"
553488709;"HU";"G01N"
553488709;"HU";"G06T"
553488709;"HU";"H04N"
553739270;"HU";"G06K"
553739270;"HU";"G06T"
553739270;"HU";"G06V"
553739270;"HU";"G08B"
553739270;"HU";"H04N"
556524398;"HU";"A61K"
561301318;"HU";"B41J"
562305363;"HU";"H04L"
564066404;"HU";"A61K"
564066404;"HU";"A61P"
564066404;"HU";"B82Y"
564066404;"HU";"C08B"
569817966;"HU";"A61P"
569817966;"HU";"C07C"
569817966;"HU";"C07D"
570265917;"HU";"H04W"
571694217;"HU";"B01J"
571694217;"HU";"C07C"
571694217;"HU";"C07D"
571694217;"HU";"C07F"
578108158;"HU";"E04D"
578108158;"HU";"F24S"
580013355;"HU";"B25J"
580013355;"HU";"G05D"
580552847;"HU";"C07H"
580552847;"HU";"C12P"
584147901;"HU";"A61B"
584147901;"HU";"G01N"
584147901;"HU";"H01J"
