reg;ind;total_emp;nr_firms;rca;rca01;
1;11;113;6;0.272;0;
1;12;…;NA;…;0;
1;14;190;4;0.543;0;
1;16;…;NA;…;0;
1;103;NA;NA;…;0;
1;104;NA;NA;…;1;
1;105;NA;NA;…;0;
1;107;NA;6;…;1;
1;108;79;6;0.647;0;
1;109;…;NA;…;1;
1;139;…;NA;…;0;
1;141;98;11;0.297;0;
1;143;NA;NA;…;0;
1;152;…;NA;…;0;
1;161;NA;NA;…;0;
1;162;69;6;0.399;0;
1;172;…;NA;…;0;
1;181;156;23;0.926;0;
1;201;NA;NA;…;0;
1;203;NA;NA;…;0;
1;211;NA;NA;…;0;
1;212;NA;NA;…;0;
1;222;NA;6;…;0;
1;231;…;NA;…;0;
1;236;…;NA;…;0;
1;237;…;NA;…;0;
1;239;…;NA;…;0;
1;241;NA;NA;…;0;
1;244;NA;NA;…;1;
1;251;38;4;0.122;0;
1;255;NA;NA;…;0;
1;256;95;8;0.312;0;
1;257;NA;NA;…;0;
1;259;NA;NA;…;0;
1;261;…;NA;…;0;
1;263;…;NA;…;0;
1;264;NA;NA;…;0;
1;265;NA;NA;…;0;
1;271;NA;NA;…;0;
1;281;NA;NA;…;0;
1;282;75;10;0.367;0;
1;289;22;5;0.213;0;
1;293;NA;NA;…;0;
1;301;NA;NA;…;1;
1;303;NA;NA;…;0;
1;309;NA;NA;…;1;
1;310;64;8;0.317;0;
1;321;…;NA;…;0;
1;322;NA;NA;…;1;
1;324;NA;NA;…;0;
1;325;35;7;0.322;0;
1;329;NA;NA;…;0;
1;331;27;7;0.186;0;
1;332;…;NA;…;0;
1;351;NA;5;…;0;
1;353;NA;NA;…;0;
1;370;…;NA;…;0;
1;381;NA;NA;…;0;
1;382;NA;NA;…;0;
1;383;NA;NA;…;0;
1;390;NA;NA;…;0;
1;411;137;23;1.916;1;
1;412;641;52;0.761;0;
1;421;742;7;3.415;1;
1;422;270;24;1.202;1;
1;429;17;4;0.325;0;
1;431;66;10;0.551;0;
1;432;203;33;0.374;0;
1;433;39;9;0.149;0;
1;439;304;21;05.jan;1;
1;451;104;23;0.306;0;
1;452;66;11;0.262;0;
1;453;22;4;0.158;0;
1;454;…;NA;…;1;
1;461;262;30;1.267;1;
1;462;63;7;0.682;0;
1;463;189;21;0.461;0;
1;464;1032;48;2.526;1;
1;465;72;14;1.176;1;
1;466;52;7;0.448;0;
1;467;249;25;0.745;0;
1;469;499;68;1.452;1;
1;471;345;63;0.263;0;
1;472;137;20;0.414;0;
1;474;249;17;3.711;1;
1;475;73;15;0.239;0;
1;476;35;7;0.389;0;
1;477;624.753;117;0.707;0;
1;479;252;22;1.969;1;
1;493;18;6;0.04;0;
1;494;67;11;0.091;0;
1;503;NA;NA;…;1;
1;521;56;7;0.747;0;
1;522;122;9;0.209;0;
1;532;…;NA;…;0;
1;551;1328;20;5.447;1;
1;552;…;NA;…;0;
1;559;NA;NA;…;1;
1;561;1217;120;1.362;1;
1;562;49;7;0.327;0;
1;563;97;14;0.405;0;
1;581;318;45;2.736;1;
1;582;167;13;2.961;1;
1;591;158;26;3.185;1;
1;592;…;NA;…;1;
1;601;69;9;11.829;1;
1;602;…;NA;…;0;
1;611;326;15;3.647;1;
1;612;NA;NA;…;0;
1;619;…;NA;…;1;
1;620;637;68;1.266;1;
1;631;NA;22;…;1;
1;639;71;7;4.455;1;
1;642;37;8;1.465;1;
1;649;127;17;1.605;1;
1;653;NA;NA;…;1;
1;661;80;11;1.443;1;
1;662;39;10;0.667;0;
1;663;103;7;13.917;1;
1;681;350.977;71;1.579;1;
1;682;673;60;2.338;1;
1;683;434;37;2.883;1;
1;691;532;134;4.623;1;
1;692;289;56;0.422;0;
1;701;133;16;2.858;1;
1;702;827;134;2.561;1;
1;711;759;118;2.246;1;
1;712;24;10;0.339;0;
1;721;82;18;0.447;0;
1;722;530;22;16.328;1;
1;731;487;52;3.97;1;
1;732;67;13;29.febr;1;
1;741;34;5;3.551;1;
1;742;72;9;3.023;1;
1;743;41;12;3.028;1;
1;749;186;21;1.578;1;
1;750;NA;NA;…;0;
1;771;27;4;0.958;0;
1;772;NA;NA;…;0;
1;773;14;5;0.266;0;
1;774;NA;NA;…;1;
1;781;53;6;0.503;0;
1;782;197;6;0.363;0;
1;783;…;NA;…;0;
1;791;177;23;2.825;1;
1;799;27;6;4.815;1;
1;801;NA;7;…;0;
1;802;NA;5;…;1;
1;803;NA;NA;…;0;
1;811;NA;NA;…;0;
1;812;111;21;0.272;0;
1;813;…;NA;…;0;
1;821;84;8;1.193;1;
1;822;NA;NA;…;1;
1;823;67;19;2.088;1;
1;829;366;42;1.037;1;
1;841;5769;23;1.439;1;
1;842;NA;NA;…;0;
1;851;NA;NA;…;0;
1;852;311;7;0.21;0;
1;853;466;14;0.542;0;
1;854;14;4;0.022;0;
1;855;399;44;3.134;1;
1;856;47;4;1.407;1;
1;861;…;NA;…;0;
1;862;418;109;1.006;1;
1;869;78;15;0.365;0;
1;873;NA;NA;…;0;
1;881;NA;NA;…;0;
1;889;NA;NA;…;0;
1;900;596;37;4.289;1;
1;910;7083;16;41.337;1;
1;920;NA;NA;…;1;
1;931;139;20;0.893;0;
1;932;159;15;1.595;1;
1;941;278;9;13.877;1;
1;942;NA;NA;…;0;
1;949;240;32;0.863;0;
1;951;NA;NA;…;0;
1;952;38;5;0.68;0;
1;960;485;49;1.65;1;
1;990;…;NA;…;1;
2;11;157;23;0.155;0;
2;12;25;5;0.219;0;
2;13;…;NA;…;0;
2;14;25;5;0.029;0;
2;15;…;NA;…;0;
2;16;62;9;0.231;0;
2;17;…;NA;…;0;
2;21;NA;NA;…;0;
2;22;…;NA;…;0;
2;23;NA;NA;…;1;
2;24;…;NA;…;0;
2;31;NA;NA;…;1;
2;32;NA;NA;…;0;
2;61;NA;NA;…;1;
2;62;NA;NA;…;1;
2;72;NA;NA;…;1;
2;81;…;NA;…;0;
2;91;NA;NA;…;1;
2;101;404.596;13;0.555;0;
2;103;77;8;0.312;0;
2;104;NA;NA;…;1;
2;105;…;NA;…;0;
2;106;NA;NA;…;0;
2;107;270;22;0.339;0;
2;108;45;10;0.151;0;
2;109;NA;NA;…;0;
2;110;54;12;0.178;0;
2;132;NA;NA;…;0;
2;139;311;8;0.715;0;
2;141;251;36;0.311;0;
2;142;…;NA;…;0;
2;143;73;11;1.019;1;
2;151;…;NA;…;0;
2;152;92;6;0.385;0;
2;161;58;10;0.38;0;
2;162;232;22;0.549;0;
2;172;NA;NA;…;0;
2;181;251.352;54;0.61;0;
2;182;17;4;1.746;1;
2;201;318;7;1.679;1;
2;202;…;NA;…;0;
2;204;59;4;0.671;0;
2;205;…;NA;…;1;
2;211;NA;NA;…;0;
2;212;55;4;0.179;0;
2;221;NA;NA;…;0;
2;222;317;27;0.363;0;
2;231;NA;NA;…;0;
2;232;NA;NA;…;0;
2;233;…;NA;…;0;
2;234;19;4;0.159;0;
2;235;NA;NA;…;0;
2;236;NA;NA;…;0;
2;237;52;6;1.483;1;
2;239;NA;NA;…;0;
2;251;204;25;0.269;0;
2;252;108;6;1.068;1;
2;256;378;34;0.508;0;
2;257;31;7;0.197;0;
2;259;67;7;0.278;0;
2;261;63;7;0.141;0;
2;262;NA;NA;…;1;
2;263;48;6;0.192;0;
2;264;NA;NA;…;0;
2;265;52;6;0.538;0;
2;266;35;6;0.826;0;
2;267;42;4;2.259;1;
2;271;NA;6;…;1;
2;273;NA;NA;…;0;
2;274;29;4;0.432;0;
2;279;16;4;0.132;0;
2;281;80;5;0.086;0;
2;282;196;18;0.393;0;
2;283;NA;NA;…;0;
2;284;…;NA;…;0;
2;289;194;9;0.77;0;
2;291;…;NA;…;0;
2;292;NA;NA;…;0;
2;293;NA;NA;…;0;
2;301;16;4;1.378;1;
2;302;NA;NA;…;0;
2;310;273;25;0.554;0;
2;321;12;5;0.499;0;
2;323;NA;NA;…;0;
2;324;14;4;0.164;0;
2;325;NA;23;…;1;
2;329;13;4;0.077;0;
2;331;60;7;0.17;0;
2;332;25;7;0.24;0;
2;351;36;6;0.128;0;
2;352;NA;NA;…;0;
2;353;NA;NA;…;0;
2;360;…;NA;…;0;
2;370;NA;NA;…;0;
2;381;NA;NA;…;0;
2;382;…;NA;…;0;
2;383;NA;4;…;1;
2;390;…;NA;…;1;
2;411;219;47;1.253;1;
2;412;1012;145;0.492;0;
2;421;319;26;0.601;0;
2;422;321;32;0.585;0;
2;429;38;6;0.298;0;
2;431;123;21;0.42;0;
2;432;815;123;0.615;0;
2;433;247;53;0.385;0;
2;439;328;40;0.463;0;
2;451;543;80;0.653;0;
2;452;353;73;0.572;0;
2;453;96;21;0.283;0;
2;454;18;5;0.726;0;
2;461;715;116;1.415;1;
2;462;90;14;0.399;0;
2;463;1145.958;76;1.143;1;
2;464;1497;148;05.jan;1;
2;465;260;28;1.737;1;
2;466;184;36;0.649;0;
2;467;426;77;0.522;0;
2;469;1413;189;1.683;1;
2;471;1940;150;0.606;0;
2;472;719;114;0.889;0;
2;473;62;9;0.326;0;
2;474;144;22;0.878;0;
2;475;480;90;0.642;0;
2;476;403;33;1.833;1;
2;477;1999;314;0.926;0;
2;478;130;18;0.666;0;
2;479;446;73;1.426;1;
2;492;…;NA;…;0;
2;493;167;29;0.153;0;
2;494;428;48;0.237;0;
2;511;…;NA;…;0;
2;521;…;NA;…;0;
2;522;14499;45;10.181;1;
2;532;48;6;0.444;0;
2;551;697;45;17.jan;1;
2;552;44;9;0.918;0;
2;559;80;10;0.823;0;
2;561;2673;329;1.224;1;
2;562;183;27;0.5;0;
2;563;240;58;0.41;0;
2;581;487.002;68;1.715;1;
2;582;448.22;42;3.252;1;
2;591;669;98;5.518;1;
2;592;69;18;6.413;1;
2;601;NA;NA;…;1;
2;602;46;5;0.577;0;
2;611;…;NA;…;0;
2;612;NA;5;…;0;
2;619;NA;NA;…;1;
2;620;2404.84;264;1.955;1;
2;631;789.463;57;3.397;1;
2;639;83;15;2.131;1;
2;641;NA;NA;…;1;
2;642;86;17;1.393;1;
2;649;1392;51;02.júl;1;
2;651;NA;5;…;1;
2;652;NA;NA;…;1;
2;653;NA;NA;…;0;
2;661;577;36;4.258;1;
2;662;120;26;0.84;0;
2;663;139;16;7.685;1;
2;681;1673;230;08.márc;1;
2;682;902;182;1.282;1;
2;683;377;96;1.025;1;
2;691;818;222;2.909;1;
2;692;855.452;194;0.512;0;
2;701;270;36;2.374;1;
2;702;2080;418;2.635;1;
2;711;2207;346;2.672;1;
2;712;148;26;0.855;0;
2;721;746;72;1.665;1;
2;722;104;20;1.311;1;
2;731;1147;133;3.826;1;
2;732;230;21;3.217;1;
2;741;95;27;06.ápr;1;
2;742;44;18;0.756;0;
2;743;165;37;4.985;1;
2;749;910;90;3.158;1;
2;750;37;11;0.787;0;
2;771;35;9;0.508;0;
2;772;62;7;1.357;1;
2;773;65;16;0.505;0;
2;774;…;NA;…;0;
2;781;263;24;1.022;1;
2;782;4377;15;3.296;1;
2;783;18;4;0.08;0;
2;791;938;51;6.125;1;
2;799;39;11;2.846;1;
2;801;996.315;44;1.472;1;
2;802;138;20;0.435;0;
2;811;250;20;0.775;0;
2;812;1935;59;1.937;1;
2;813;58;16;0.358;0;
2;821;158;31;0.918;0;
2;822;…;NA;…;0;
2;823;344;42;4.387;1;
2;829;1708;130;1.98;1;
2;841;5755;21;0.587;0;
2;842;2299;5;1.153;1;
2;851;569;33;0.459;0;
2;852;2635;63;0.728;0;
2;853;579;15;0.276;0;
2;854;22;11;0.014;0;
2;855;283;68;0.91;0;
2;856;116;8;1.421;1;
2;861;1494;14;0.705;0;
2;862;2401;359;2.365;1;
2;869;427;50;0.819;0;
2;873;479;9;0.484;0;
2;879;317;7;1.097;1;
2;881;340;15;0.906;0;
2;889;266;14;0.471;0;
2;900;488;104;1.437;1;
2;910;NA;7;…;1;
2;920;26;10;0.254;0;
2;931;376;52;0.988;0;
2;932;233;28;0.957;0;
2;941;181;7;3.697;1;
2;942;NA;NA;…;0;
2;949;1097;49;1.614;1;
2;951;67;13;0.907;0;
2;952;235;33;1.721;1;
2;960;641;136;0.892;0;
2;990;NA;NA;…;1;
3;11;132;14;0.127;0;
3;12;34;4;0.292;0;
3;13;NA;NA;…;0;
3;14;305;8;0.349;0;
3;15;NA;NA;…;0;
3;16;87;13;0.316;0;
3;21;…;NA;…;0;
3;22;124;4;0.755;0;
3;24;…;NA;…;0;
3;81;35;5;0.471;0;
3;99;NA;NA;…;1;
3;101;577;14;0.774;0;
3;103;66;7;0.262;0;
3;104;NA;NA;…;0;
3;105;NA;NA;…;0;
3;106;170;5;1.719;1;
3;107;731;61;0.897;0;
3;108;111;16;0.363;0;
3;109;…;NA;…;0;
3;110;135;10;0.434;0;
3;131;NA;NA;…;0;
3;132;NA;NA;…;0;
3;133;43;7;2.107;1;
3;139;598;20;1.343;1;
3;141;422;48;0.512;0;
3;143;77;14;1.051;1;
3;151;35;7;0.285;0;
3;152;…;NA;…;0;
3;161;75;12;0.48;0;
3;162;222;28;0.514;0;
3;171;NA;NA;…;0;
3;172;674;21;1.791;1;
3;181;985;120;2.337;1;
3;182;28;6;2.81;1;
3;201;53;5;0.273;0;
3;202;NA;NA;…;0;
3;203;NA;NA;…;0;
3;204;76;9;0.845;0;
3;205;NA;NA;…;0;
3;211;…;NA;…;1;
3;212;NA;NA;…;1;
3;221;95;5;0.311;0;
3;222;394;32;0.44;0;
3;231;96;6;0.673;0;
3;233;NA;NA;…;0;
3;234;43;4;0.351;0;
3;236;40;8;0.217;0;
3;237;20;6;0.557;0;
3;239;NA;NA;…;0;
3;241;NA;NA;…;0;
3;242;NA;NA;…;0;
3;244;NA;NA;…;0;
3;245;NA;NA;…;0;
3;251;493;48;0.635;0;
3;252;176;5;07.jan;1;
3;253;...;NA;…;1;
3;255;NA;NA;…;0;
3;256;208;27;0.273;0;
3;257;NA;8;…;0;
3;259;97;12;0.394;0;
3;261;...;NA;…;0;
3;262;58;5;0.287;0;
3;263;63;10;0.246;0;
3;264;NA;NA;…;0;
3;265;91;10;0.921;0;
3;266;245;7;5.654;1;
3;267;24;8;1.262;1;
3;271;40;6;0.122;0;
3;275;...;NA;…;0;
3;279;88;5;0.708;0;
3;281;NA;5;…;1;
3;282;283;36;0.554;0;
3;284;NA;NA;…;0;
3;289;334;12;1.295;1;
3;291;NA;NA;…;0;
3;293;109;4;0.065;0;
3;301;42;6;3.535;1;
3;303;NA;NA;…;0;
3;309;34;5;0.999;0;
3;310;309;27;0.613;0;
3;321;17;5;0.69;0;
3;322;NA;NA;…;0;
3;324;...;NA;…;0;
3;325;151;25;0.555;0;
3;329;56;12;0.322;0;
3;331;162;33;0.447;0;
3;332;96;15;0.901;0;
3;351;934;10;3.243;1;
3;352;...;NA;…;0;
3;353;...;NA;…;0;
3;360;...;NA;…;0;
3;370;...;NA;…;0;
3;381;22;5;0.079;0;
3;383;45;5;0.655;0;
3;390;NA;NA;…;1;
3;411;277;48;1.549;1;
3;412;2708;294;1.286;1;
3;421;453;43;0.834;0;
3;422;1243;70;2.213;1;
3;429;60;12;0.459;0;
3;431;238;46;0.795;0;
3;432;1991.924;246;1.468;1;
3;433;456;105;0.695;0;
3;439;1038;121;1.433;1;
3;451;1560;145;1.834;1;
3;452;628;140;0.995;0;
3;453;373;48;1.073;1;
3;454;23;5;0.907;0;
3;461;1017;158;1.966;1;
3;462;151;32;0.654;0;
3;463;1257;108;1.225;1;
3;464;2264;269;2.216;1;
3;465;663.391;56;4.331;1;
3;466;790;69;2.723;1;
3;467;755;124;0.903;0;
3;469;1860;213;2.165;1;
3;471;6063;263;1.85;1;
3;472;568;137;0.686;0;
3;473;168;13;0.864;0;
3;474;339;41;02.febr;1;
3;475;581;105;0.759;0;
3;476;258;64;1.147;1;
3;477;2911.667;403;1.318;1;
3;478;108;40;0.541;0;
3;479;340;87;1.062;1;
3;492;NA;NA;…;1;
3;493;234;55;0.209;0;
3;494;607.087;123;0.328;0;
3;495;NA;NA;…;1;
3;503;NA;NA;…;0;
3;511;NA;NA;…;0;
3;521;231;12;1.233;1;
3;522;606;48;0.416;0;
3;532;152;17;1.375;1;
3;551;728;31;1.194;1;
3;552;51;5;04.jan;1;
3;553;...;NA;…;0;
3;559;29;5;0.291;0;
3;561;2902;425;1.299;1;
3;562;178;28;0.475;0;
3;563;502;103;0.839;0;
3;581;2259;91;7.773;1;
3;582;1333;35;9.452;1;
3;591;730;89;5.884;1;
3;592;38;8;3.452;1;
3;601;89;4;6.101;1;
3;602;369;10;4.524;1;
3;611;110;13;0.492;0;
3;612;87;5;0.454;0;
3;619;...;NA;…;1;
3;620;5000.037;367;3.973;1;
3;631;773;70;3.251;1;
3;639;54;15;1.355;1;
3;642;372;9;5.89;1;
3;649;220;20;1.112;1;
3;651;261;5;15.jan;1;
3;661;275;47;1.983;1;
3;662;165;49;1.129;1;
3;663;28;4;1.513;1;
3;681;1175.686;216;2.115;1;
3;682;1420;196;1.973;1;
3;683;804;109;2.136;1;
3;691;312;93;1.084;1;
3;692;1596;291;0.933;0;
3;701;301;33;2.587;1;
3;702;1902;344;2.355;1;
3;711;1839;267;2.176;1;
3;712;175;33;0.988;0;
3;721;887;68;1.935;1;
3;722;174;19;2.144;1;
3;731;1399;146;4.561;1;
3;732;178;30;2.433;1;
3;741;116;21;4.844;1;
3;742;62;16;1.041;1;
3;743;40;14;1.181;1;
3;749;338;77;1.146;1;
3;750;47;12;0.978;0;
3;771;108;28;1.533;1;
3;772;90;17;1.925;1;
3;773;228;20;1.73;1;
3;774;49;5;7.084;1;
3;781;273;23;1.037;1;
3;782;587;19;0.432;0;
3;783;224;7;0.97;0;
3;791;159;33;1.015;1;
3;799;46;13;3.281;1;
3;801;2502.129;89;3.613;1;
3;802;622;51;1.915;1;
3;803;47;8;1.976;1;
3;811;610;31;1.847;1;
3;812;1977;118;1.934;1;
3;813;88;25;0.53;0;
3;821;145;39;0.823;0;
3;822;NA;6;…;1;
3;823;230;43;2.867;1;
3;829;1320;148;1.495;1;
3;841;771;6;0.077;0;
3;842;NA;NA;…;0;
3;851;746;16;0.588;0;
3;852;2119;41;0.572;0;
3;853;758;25;0.353;0;
3;854;2063;17;1.269;1;
3;855;446;94;1.401;1;
3;856;142;13;07.jan;1;
3;861;...;NA;…;0;
3;862;995;207;0.958;0;
3;869;1196;47;2.241;1;
3;873;195;4;0.192;0;
3;879;...;NA;…;0;
3;881;238;4;0.62;0;
3;889;509;16;0.882;0;
3;900;571;71;1.643;1;
3;910;NA;6;…;0;
3;920;86;15;0.82;0;
3;931;347;72;0.892;0;
3;932;272;25;1.091;1;
3;941;9;4;0.18;0;
3;942;20;5;0.704;0;
3;949;2665;59;3.832;1;
3;951;110;24;1.455;1;
3;952;156;42;1.117;1;
3;960;1970;221;2.68;1;
3;990;...;NA;…;1;
4;11;NA;NA;…;0;
4;14;...;NA;…;0;
4;16;20;7;0.095;0;
4;21;NA;NA;…;0;
4;22;NA;NA;…;0;
4;81;44;5;0.775;0;
4;101;21;6;0.037;0;
4;103;...;NA;…;0;
4;105;...;NA;…;0;
4;107;210;23;0.337;0;
4;108;165;9;0.706;0;
4;110;68;6;0.286;0;
4;131;NA;NA;…;1;
4;132;...;NA;…;1;
4;133;85;8;5.445;1;
4;139;225;19;0.661;0;
4;141;229;30;0.363;0;
4;142;...;NA;…;1;
4;143;112;6;1.998;1;
4;151;76;8;0.81;0;
4;152;102;11;0.546;0;
4;161;37;8;0.31;0;
4;162;102;15;0.309;0;
4;172;52;7;0.181;0;
4;181;968;82;3.003;1;
4;182;18;6;2.362;1;
4;201;645;6;4.35;1;
4;203;...;NA;…;1;
4;204;71;4;1.032;1;
4;205;NA;NA;…;0;
4;211;NA;NA;…;1;
4;212;1833;5;7.602;1;
4;221;...;NA;…;0;
4;222;86;11;0.126;0;
4;231;179;6;1.642;1;
4;233;NA;NA;…;0;
4;236;24;4;0.17;0;
4;237;12;4;0.437;0;
4;242;...;NA;…;1;
4;243;NA;NA;…;0;
4;244;...;NA;…;0;
4;245;NA;NA;…;0;
4;251;175;20;0.295;0;
4;252;187;4;2.362;1;
4;255;NA;NA;…;0;
4;256;188;25;0.323;0;
4;257;71;11;0.577;0;
4;259;140;8;0.743;0;
4;261;315;8;0.898;0;
4;262;NA;NA;…;0;
4;263;73;10;0.372;0;
4;264;...;NA;…;0;
4;265;160;5;2.116;1;
4;266;NA;NA;…;0;
4;271;46;4;0.183;0;
4;273;192;5;1.025;1;
4;274;49;4;0.933;0;
4;275;NA;NA;…;0;
4;279;37;5;0.389;0;
4;281;33437;7;45.808;1;
4;282;190;24;0.486;0;
4;284;...;NA;…;0;
4;289;81;9;0.411;0;
4;291;...;NA;…;0;
4;293;NA;NA;…;0;
4;302;NA;NA;…;0;
4;309;NA;NA;…;0;
4;310;338;38;0.876;0;
4;321;15;6;0.797;0;
4;323;...;NA;…;0;
4;324;NA;NA;…;0;
4;325;100;12;0.481;0;
4;329;128;7;0.964;0;
4;331;124;24;0.448;0;
4;332;42;11;0.515;0;
4;351;...;NA;…;0;
4;353;NA;NA;…;0;
4;360;...;NA;…;0;
4;370;NA;NA;…;0;
4;381;...;NA;…;0;
4;382;NA;NA;…;0;
4;383;...;NA;…;0;
4;411;80;21;0.585;0;
4;412;1078;176;0.669;0;
4;421;235;29;0.566;0;
4;422;352;37;0.819;0;
4;429;24;6;0.24;0;
4;431;169;32;0.738;0;
4;432;868;165;0.836;0;
4;433;408;89;0.813;0;
4;439;654;59;1.181;1;
4;451;669;76;1.028;1;
4;452;438;83;0.907;0;
4;453;126;23;0.474;0;
4;454;NA;NA;…;0;
4;461;466;86;1.178;1;
4;462;72;21;0.408;0;
4;463;585;58;0.746;0;
4;464;1470;168;1.882;1;
4;465;238;26;2.032;1;
4;466;355;41;06.jan;1;
4;467;592;73;0.926;0;
4;469;2606;140;3.965;1;
4;471;946;206;0.377;0;
4;472;566;123;0.894;0;
4;473;74;9;0.498;0;
4;474;195;29;1.52;1;
4;475;242;57;0.414;0;
4;476;110;24;0.639;0;
4;477;1118;251;0.662;0;
4;478;120;43;0.786;0;
4;479;167;48;0.682;0;
4;492;NA;NA;…;0;
4;493;91;21;0.106;0;
4;494;590;117;0.417;0;
4;503;...;NA;…;1;
4;504;...;NA;…;1;
4;511;NA;NA;…;0;
4;521;168;11;1.172;1;
4;522;365;41;0.327;0;
4;531;NA;NA;…;0;
4;532;81;12;0.958;0;
4;551;317;10;0.68;0;
4;552;16;4;0.427;0;
4;553;...;NA;…;1;
4;559;...;NA;…;0;
4;561;969;156;0.567;0;
4;562;325;32;1.134;1;
4;563;204;58;0.446;0;
4;581;212;28;0.954;0;
4;582;56;15;0.519;0;
4;591;61;17;0.643;0;
4;592;...;NA;…;0;
4;601;NA;NA;…;0;
4;602;NA;NA;…;0;
4;611;14;4;0.082;0;
4;612;...;NA;…;0;
4;619;54;5;3.342;1;
4;620;830;141;0.862;0;
4;631;124;31;0.682;0;
4;639;15;4;0.492;0;
4;642;NA;NA;…;1;
4;649;47;6;0.311;0;
4;653;NA;NA;…;0;
4;661;49;12;0.462;0;
4;662;147;37;1.315;1;
4;663;NA;NA;…;0;
4;681;521;96;1.226;1;
4;682;535;90;0.972;0;
4;683;296;67;1.028;1;
4;691;193;36;0.877;0;
4;692;493;134;0.377;0;
4;701;87;9;0.977;0;
4;702;630;125;02.jan;1;
4;711;461.115;91;0.713;0;
4;712;379;25;2.799;1;
4;721;424;27;1.209;1;
4;722;19;5;0.306;0;
4;731;161;42;0.686;0;
4;732;33;10;0.59;0;
4;742;31;8;0.68;0;
4;743;24;12;0.927;0;
4;749;149;40;0.661;0;
4;750;43;7;1.169;1;
4;771;17;5;0.315;0;
4;772;34;7;0.951;0;
4;773;57;9;0.565;0;
4;774;NA;NA;…;0;
4;781;601;15;2.984;1;
4;782;195.833;9;0.188;0;
4;783;...;NA;…;0;
4;791;51;9;0.426;0;
4;799;11;5;1.026;1;
4;801;428;50;0.808;0;
4;802;335;34;1.348;1;
4;803;86;7;4.728;1;
4;811;81;9;0.321;0;
4;812;2374;111;3.037;1;
4;813;196;14;1.545;1;
4;821;172;18;1.277;1;
4;822;...;NA;…;0;
4;823;23;7;0.375;0;
4;829;775;97;1.148;1;
4;841;512;7;0.067;0;
4;851;637;22;0.656;0;
4;852;222;8;0.078;0;
4;853;535;12;0.325;0;
4;854;...;NA;…;0;
4;855;188;43;0.772;0;
4;856;NA;NA;…;0;
4;861;480;8;0.29;0;
4;862;519;82;0.653;0;
4;869;75;20;0.184;0;
4;873;344;4;0.444;0;
4;879;...;NA;…;0;
4;881;NA;NA;…;0;
4;889;418;9;0.947;0;
4;900;72;24;0.271;0;
4;910;...;NA;…;0;
4;920;20;6;0.249;0;
4;931;405;30;1.36;1;
4;932;249;18;1.306;1;
4;941;...;NA;…;0;
4;942;NA;NA;…;0;
4;949;NA;14;…;0;
4;951;236;19;08.ápr;1;
4;952;125;24;17.jan;1;
4;960;820;164;1.459;1;
5;11;95;10;0.032;0;
5;13;NA;NA;…;0;
5;14;254.52;10;0.101;0;
5;15;NA;NA;…;0;
5;16;67;9;0.085;0;
5;21;...;NA;…;0;
5;22;NA;NA;…;0;
5;24;NA;NA;…;1;
5;31;NA;NA;…;1;
5;32;NA;NA;…;1;
5;81;...;NA;…;0;
5;91;...;NA;…;0;
5;101;35;8;0.016;0;
5;103;78;4;0.107;0;
5;105;NA;NA;…;0;
5;106;NA;NA;…;0;
5;107;207;15;0.088;0;
5;108;110;8;0.125;0;
5;110;NA;5;…;0;
5;131;NA;NA;…;0;
5;132;NA;NA;…;1;
5;139;55;7;0.043;0;
5;141;451;39;0.19;0;
5;142;NA;NA;…;0;
5;152;217;10;0.309;0;
5;161;45;5;0.1;0;
5;162;21;7;0.017;0;
5;181;674;41;0.555;0;
5;182;NA;NA;…;0;
5;201;...;NA;…;0;
5;204;...;NA;…;0;
5;221;...;NA;…;0;
5;222;759;11;0.295;0;
5;234;...;NA;…;0;
5;236;38;4;0.071;0;
5;239;NA;NA;…;0;
5;251;167.005;16;0.075;0;
5;252;NA;NA;…;0;
5;253;NA;NA;…;0;
5;256;355;12;0.162;0;
5;257;...;NA;…;0;
5;259;...;NA;…;0;
5;261;NA;5;…;0;
5;263;53;5;0.072;0;
5;264;NA;NA;…;1;
5;265;NA;NA;…;0;
5;266;...;NA;…;0;
5;271;NA;NA;…;0;
5;274;...;NA;…;0;
5;279;NA;NA;…;0;
5;281;...;NA;…;0;
5;282;110;11;0.075;0;
5;289;...;NA;…;0;
5;293;...;NA;…;0;
5;302;NA;NA;…;1;
5;303;NA;NA;…;0;
5;309;NA;NA;…;0;
5;310;132;15;0.091;0;
5;321;36;9;0.508;0;
5;324;NA;NA;…;0;
5;325;34;7;0.043;0;
5;329;NA;4;…;0;
5;331;23;9;0.022;0;
5;332;100;7;0.326;0;
5;351;206;11;0.248;0;
5;370;NA;NA;…;0;
5;381;...;NA;…;0;
5;382;...;NA;…;0;
5;383;...;NA;…;0;
5;411;321;54;0.623;0;
5;412;971;109;0.16;0;
5;421;129;14;0.082;0;
5;422;154;22;0.095;0;
5;429;75;9;0.199;0;
5;431;77;12;0.089;0;
5;432;316;54;0.081;0;
5;433;150;31;0.079;0;
5;439;239;37;0.115;0;
5;451;253;61;0.103;0;
5;452;95;13;0.052;0;
5;453;127;15;0.127;0;
5;454;...;NA;…;0;
5;461;548;106;0.368;0;
5;462;141;22;0.212;0;
5;463;654;68;0.221;0;
5;464;642;101;0.218;0;
5;465;112;13;0.254;0;
5;466;183;25;0.219;0;
5;467;308;64;0.128;0;
5;469;1150;147;0.465;0;
5;471;1259;111;0.133;0;
5;472;452.898;72;0.19;0;
5;473;26;6;0.046;0;
5;474;141;23;0.292;0;
5;475;215;46;0.098;0;
5;476;124.833;29;0.193;0;
5;477;4768;320;0.75;0;
5;478;89;16;0.155;0;
5;479;258;42;0.28;0;
5;493;107;16;0.033;0;
5;494;462;45;0.087;0;
5;502;NA;NA;…;1;
5;503;NA;NA;…;0;
5;504;...;NA;…;0;
5;511;63;5;0.881;0;
5;521;241;12;0.447;0;
5;522;809;52;0.193;0;
5;532;53;9;0.167;0;
5;551;5282;50;3.009;1;
5;552;85;8;0.602;0;
5;553;NA;NA;…;0;
5;559;66;14;0.23;0;
5;561;5196;418;0.808;0;
5;562;369;19;0.342;0;
5;563;453;65;0.263;0;
5;581;598;85;0.715;0;
5;582;184;21;0.453;0;
5;591;342;41;0.958;0;
5;592;...;NA;…;0;
5;601;NA;NA;…;0;
5;602;NA;4;…;1;
5;611;288;10;0.448;0;
5;612;...;NA;…;0;
5;619;...;NA;…;0;
5;620;1695;178;0.468;0;
5;631;359;53;0.524;0;
5;639;265;26;2.309;1;
5;641;20196;25;7.122;1;
5;642;345;36;1.897;1;
5;643;NA;NA;…;1;
5;649;724;36;1.271;1;
5;651;150;8;0.23;0;
5;652;NA;NA;…;1;
5;653;93;4;5.36;1;
5;661;1700;58;4.259;1;
5;662;242;26;0.575;0;
5;663;298;21;5.593;1;
5;681;1336;235;0.835;0;
5;682;1464.815;179;0.707;0;
5;683;797;105;0.735;0;
5;691;2059;405;2.485;1;
5;692;1284;113;0.261;0;
5;701;471;43;1.406;1;
5;702;2399;319;1.032;1;
5;711;851;106;0.35;0;
5;712;NA;8;…;0;
5;721;1504;32;14.jan;1;
5;722;1094;31;4.681;1;
5;731;438;73;0.496;0;
5;732;485;24;2.303;1;
5;741;63;14;0.914;0;
5;742;59;9;0.344;0;
5;743;69;10;0.708;0;
5;749;230;37;0.271;0;
5;750;...;NA;…;0;
5;771;154;12;0.759;0;
5;772;48;9;0.357;0;
5;773;100;12;0.264;0;
5;774;46;6;2.31;1;
5;781;663;25;0.875;0;
5;782;563;12;0.144;0;
5;783;...;NA;…;0;
5;791;1318;103;2.922;1;
5;799;62;5;1.536;1;
5;801;658;39;0.33;0;
5;802;110;15;0.118;0;
5;803;105;5;1.534;1;
5;811;NA;15;…;0;
5;812;364;38;0.124;0;
5;813;24;5;0.05;0;
5;821;322;22;0.635;0;
5;822;280;9;2.076;1;
5;823;161;34;0.697;0;
5;829;1403;103;0.552;0;
5;841;180858;100;6.267;1;
5;842;10262;17;1.748;1;
5;851;143;8;0.039;0;
5;852;390;8;0.037;0;
5;853;812;25;0.131;0;
5;854;5439;13;1.162;1;
5;855;549;66;0.599;0;
5;856;51;6;0.212;0;
5;861;...;NA;…;0;
5;862;1461;128;0.489;0;
5;869;NA;30;…;1;
5;873;NA;NA;…;0;
5;881;NA;NA;…;0;
5;889;91;6;0.055;0;
5;900;1136;76;1.136;1;
5;910;521;7;0.422;0;
5;920;366;10;1.212;1;
5;931;181;37;0.162;0;
5;932;401;19;0.559;0;
5;941;189;25;31.jan;1;
5;942;52;6;0.636;0;
5;949;839;76;0.419;0;
5;951;23;4;0.106;0;
5;952;73;17;0.181;0;
5;960;976;117;0.461;0;
5;970;NA;NA;…;0;
5;990;50;7;5.604;1;
6;11;42;10;0.032;0;
6;12;...;NA;…;0;
6;13;...;NA;…;0;
6;14;81;9;0.074;0;
6;15;NA;NA;…;0;
6;16;15;6;0.043;0;
6;17;NA;NA;…;0;
6;21;...;NA;…;0;
6;22;...;NA;…;0;
6;24;...;NA;…;0;
6;32;NA;NA;…;0;
6;81;...;NA;…;0;
6;89;NA;NA;…;0;
6;91;NA;NA;…;0;
6;101;175;6;0.187;0;
6;102;NA;NA;…;1;
6;103;NA;NA;…;0;
6;106;NA;NA;…;0;
6;107;163;30;0.159;0;
6;108;52;5;0.135;0;
6;109;...;NA;…;0;
6;110;26;7;0.066;0;
6;120;NA;NA;…;0;
6;132;NA;NA;…;0;
6;139;95;11;0.17;0;
6;141;351;49;0.338;0;
6;142;...;NA;…;1;
6;143;...;NA;…;0;
6;151;25;6;0.162;0;
6;152;NA;5;…;0;
6;161;35;6;0.178;0;
6;162;182;18;0.335;0;
6;172;51;6;0.108;0;
6;181;385;57;0.726;0;
6;182;NA;NA;…;0;
6;201;...;NA;…;0;
6;203;NA;NA;…;0;
6;205;...;NA;…;0;
6;212;NA;NA;…;0;
6;221;NA;NA;…;0;
6;222;303;21;0.269;0;
6;231;39;7;0.217;0;
6;233;NA;NA;…;0;
6;236;...;NA;…;0;
6;237;NA;NA;…;1;
6;239;NA;NA;…;0;
6;241;...;NA;…;0;
6;245;...;NA;…;0;
6;251;573;36;0.587;0;
6;253;NA;NA;…;0;
6;255;NA;NA;…;0;
6;256;731;38;0.764;0;
6;257;78;10;0.385;0;
6;259;35;4;0.113;0;
6;261;80;4;0.139;0;
6;262;NA;NA;…;0;
6;263;NA;NA;…;0;
6;265;57;6;0.458;0;
6;266;...;NA;…;0;
6;267;51;5;2.131;1;
6;271;NA;4;…;0;
6;279;NA;NA;…;0;
6;282;163;10;0.254;0;
6;283;NA;NA;…;0;
6;284;...;NA;…;0;
6;289;52;6;0.16;0;
6;291;NA;NA;…;0;
6;293;NA;NA;…;0;
6;301;NA;NA;…;0;
6;309;NA;NA;…;0;
6;310;92;17;0.145;0;
6;321;18;5;0.581;0;
6;322;...;NA;…;1;
6;323;...;NA;…;0;
6;324;NA;NA;…;0;
6;325;159.549;12;0.466;0;
6;329;70;5;0.32;0;
6;331;88;10;0.193;0;
6;332;23;4;0.172;0;
6;351;61;10;0.168;0;
6;352;NA;NA;…;0;
6;353;NA;NA;…;0;
6;370;NA;NA;…;0;
6;381;42;5;0.12;0;
6;382;NA;NA;…;0;
6;383;37;7;0.428;0;
6;411;277;53;1.231;1;
6;412;1787;229;0.675;0;
6;421;291;33;0.426;0;
6;422;267;35;0.378;0;
6;429;127;13;0.772;0;
6;431;236;33;0.626;0;
6;432;623;121;0.365;0;
6;433;533;87;0.646;0;
6;439;541.278;66;0.594;0;
6;451;504;106;0.471;0;
6;452;317;43;0.399;0;
6;453;70;17;0.16;0;
6;454;...;NA;…;0;
6;461;588;138;0.904;0;
6;462;49;15;0.169;0;
6;463;768;94;0.595;0;
6;464;1565;196;1.218;1;
6;465;236;32;1.225;1;
6;466;203;36;0.556;0;
6;467;246;55;0.234;0;
6;469;978;128;0.905;0;
6;471;793.678;125;0.192;0;
6;472;491;78;0.471;0;
6;473;822;21;3.36;1;
6;474;260;44;1.232;1;
6;475;541;78;0.562;0;
6;476;718;27;2.536;1;
6;477;2621;353;0.943;0;
6;478;70;22;0.279;0;
6;479;372;70;0.924;0;
6;492;...;NA;…;0;
6;493;96;23;0.068;0;
6;494;553;72;0.237;0;
6;503;NA;NA;…;0;
6;511;...;NA;…;1;
6;521;122;12;0.518;0;
6;522;NA;37;…;0;
6;531;NA;NA;…;0;
6;532;74;14;0.532;0;
6;551;1136;45;1.481;1;
6;552;78;14;1.265;1;
6;559;160;11;1.278;1;
6;561;3858;393;1.373;1;
6;562;200.376;26;0.425;0;
6;563;491.571;71;0.653;0;
6;581;697;65;1.906;1;
6;582;236;31;1.33;1;
6;591;309;41;1.98;1;
6;592;45;7;3.249;1;
6;601;NA;NA;…;1;
6;602;NA;NA;…;0;
6;611;31;8;0.11;0;
6;612;...;NA;…;0;
6;619;...;NA;…;0;
6;620;3047;162;1.924;1;
6;631;205;39;0.685;0;
6;639;51;14;1.017;1;
6;641;2061;10;1.663;1;
6;642;272;12;3.423;1;
6;649;1155;35;4.64;1;
6;651;4998;6;17.509;1;
6;653;...;NA;…;1;
6;661;259;37;1.485;1;
6;662;204;36;1.109;1;
6;663;44;5;1.89;1;
6;681;1154.047;181;1.65;1;
6;682;1292;146;1.427;1;
6;683;385;102;0.813;0;
6;691;752.25;164;2.078;1;
6;692;NA;134;…;1;
6;701;143;26;0.977;0;
6;702;2783;220;2.739;1;
6;711;768;114;0.722;0;
6;712;101;11;0.453;0;
6;721;111;23;0.192;0;
6;722;243;14;2.379;1;
6;731;941;113;2.438;1;
6;732;388;27;4.215;1;
6;741;47.569;11;1.579;1;
6;742;NA;6;…;1;
6;743;251;18;5.891;1;
6;749;204;35;0.55;0;
6;750;NA;NA;…;0;
6;771;39;7;0.44;0;
6;772;71;14;1.207;1;
6;773;43;11;0.259;0;
6;774;...;NA;…;1;
6;781;577;26;1.742;1;
6;782;1677;32;0.981;0;
6;783;836;11;2.878;1;
6;791;763;79;3.87;1;
6;799;76;13;4.308;1;
6;801;847;57;0.972;0;
6;802;335;25;0.82;0;
6;803;...;NA;…;0;
6;811;683;17;1.644;1;
6;812;1597;83;1.242;1;
6;813;30;4;0.144;0;
6;821;230;28;1.038;1;
6;822;46;5;0.781;0;
6;823;282;27;2.794;1;
6;829;852;114;0.767;0;
6;841;1519;11;0.12;0;
6;842;...;NA;…;0;
6;851;150;7;0.094;0;
6;852;1353;23;0.29;0;
6;853;1587;24;0.587;0;
6;854;773;8;0.378;0;
6;855;409;73;1.021;1;
6;856;70;6;0.666;0;
6;861;NA;NA;…;0;
6;862;1580;87;1.209;1;
6;869;276;20;0.411;0;
6;873;...;NA;…;0;
6;879;653;4;1.756;1;
6;881;NA;NA;…;0;
6;889;534;15;0.735;0;
6;900;2681;76;6.132;1;
6;910;193;11;0.358;0;
6;920;17;4;0.129;0;
6;931;203;30;0.415;0;
6;932;166;19;0.529;0;
6;941;136;15;2.158;1;
6;942;165;18;4.617;1;
6;949;913;56;1.043;1;
6;951;82;16;0.862;0;
6;952;89;19;0.506;0;
6;960;608;147;0.657;0;
6;990;...;NA;…;1;
7;11;...;NA;…;0;
7;12;NA;NA;…;0;
7;14;56;6;0.089;0;
7;15;NA;NA;…;0;
7;16;192;8;0.974;0;
7;21;...;NA;…;0;
7;22;NA;NA;…;0;
7;24;NA;NA;…;0;
7;31;NA;NA;…;0;
7;89;NA;NA;…;1;
7;101;NA;NA;…;0;
7;103;32;6;0.177;0;
7;104;NA;NA;…;0;
7;105;NA;NA;…;0;
7;107;339;37;0.58;0;
7;108;142;9;0.648;0;
7;110;NA;4;…;1;
7;133;NA;NA;…;0;
7;139;199;22;0.623;0;
7;141;602;47;1.018;1;
7;142;NA;NA;…;0;
7;143;...;NA;…;0;
7;151;46;8;0.523;0;
7;152;71;7;0.405;0;
7;161;10;4;0.089;0;
7;162;84;14;0.271;0;
7;172;25;4;0.093;0;
7;181;2969;43;9.823;1;
7;182;...;NA;…;1;
7;201;NA;NA;…;0;
7;203;NA;NA;…;0;
7;204;...;NA;…;0;
7;205;...;NA;…;0;
7;221;NA;NA;…;0;
7;222;101;10;0.157;0;
7;231;...;NA;…;0;
7;234;29;4;0.33;0;
7;236;...;NA;…;0;
7;237;NA;NA;…;0;
7;241;NA;NA;…;0;
7;244;NA;NA;…;0;
7;251;285;17;0.512;0;
7;253;NA;NA;…;0;
7;255;NA;NA;…;0;
7;256;58;12;0.106;0;
7;257;23;5;0.199;0;
7;259;137;5;0.776;0;
7;261;...;NA;…;0;
7;262;NA;NA;…;0;
7;263;...;NA;…;0;
7;265;42;6;0.592;0;
7;266;31;5;0.998;0;
7;267;...;NA;…;0;
7;271;126;9;0.534;0;
7;273;NA;NA;…;0;
7;275;NA;NA;…;0;
7;279;NA;NA;…;0;
7;281;NA;NA;…;0;
7;282;205;18;0.559;0;
7;289;95;4;0.514;0;
7;293;...;NA;…;0;
7;301;NA;NA;…;0;
7;302;NA;NA;…;1;
7;309;...;NA;…;0;
7;310;164;24;0.453;0;
7;321;NA;4;…;1;
7;322;...;NA;…;1;
7;323;NA;NA;…;0;
7;324;50;5;0.798;0;
7;325;168;20;0.861;0;
7;329;63;6;0.506;0;
7;331;107;13;0.412;0;
7;332;NA;5;…;1;
7;351;17;5;0.082;0;
7;360;NA;NA;…;0;
7;370;...;NA;…;0;
7;381;72;5;0.361;0;
7;382;NA;NA;…;0;
7;383;...;NA;…;0;
7;390;NA;NA;…;0;
7;411;200;32;1.56;1;
7;412;1414;190;0.936;0;
7;421;178;24;0.457;0;
7;422;260;26;0.645;0;
7;429;77;11;0.822;0;
7;431;284;36;1.322;1;
7;432;889;110;0.914;0;
7;433;255;59;0.542;0;
7;439;336.584;56;0.648;0;
7;451;518;91;0.849;0;
7;452;192;42;0.424;0;
7;453;64;18;0.257;0;
7;454;NA;NA;…;0;
7;461;432;110;1.165;1;
7;462;179;21;1.081;1;
7;463;566;88;0.769;0;
7;464;1246;260;1.701;1;
7;465;137;27;1.247;1;
7;466;111;23;0.533;0;
7;467;271;50;0.452;0;
7;469;891;131;1.446;1;
7;471;845.955;167;0.36;0;
7;472;362;79;0.61;0;
7;473;52;8;0.373;0;
7;474;134;32;1.114;1;
7;475;293.991;71;0.536;0;
7;476;553;32;3.427;1;
7;477;2280;344;1.439;1;
7;478;172;52;1.202;1;
7;479;217;42;0.945;0;
7;493;NA;31;…;1;
7;494;419;61;0.316;0;
7;504;NA;NA;…;1;
7;511;NA;NA;…;1;
7;521;22;5;0.164;0;
7;522;248;35;0.237;0;
7;532;246.022;17;3.104;1;
7;551;1195;35;2.733;1;
7;552;93;11;2.646;1;
7;553;NA;NA;…;0;
7;559;150;23;2.102;1;
7;561;2986.857;411;1.865;1;
7;562;182;21;0.677;0;
7;563;661;87;1.54;1;
7;581;477;49;2.289;1;
7;582;124;15;1.226;1;
7;591;149;31;1.675;1;
7;592;30;5;08.márc;1;
7;601;NA;NA;…;0;
7;602;20;5;0.342;0;
7;611;...;NA;…;0;
7;612;NA;NA;…;0;
7;619;13;5;0.858;0;
7;620;1511;154;1.674;1;
7;631;504;38;2.955;1;
7;639;22;7;0.77;0;
7;641;...;NA;…;0;
7;642;88;10;1.943;1;
7;649;158;29;1.114;1;
7;651;65;5;0.399;0;
7;661;301;28;3.027;1;
7;662;110;25;1.049;1;
7;663;50;6;3.767;1;
7;681;850;143;2.133;1;
7;682;399;82;0.773;0;
7;683;851;91;3.153;1;
7;691;358;81;1.735;1;
7;692;969;122;0.79;0;
7;701;123;13;1.474;1;
7;702;1413;179;2.44;1;
7;711;569;95;0.939;0;
7;712;43;6;0.339;0;
7;721;252;10;0.767;0;
7;722;50;11;0.859;0;
7;731;391;67;1.777;1;
7;732;117;10;23.febr;1;
7;741;39;9;2.271;1;
7;742;79;16;1.849;1;
7;743;173;23;7.123;1;
7;749;163;33;0.771;0;
7;750;NA;NA;…;0;
7;771;33;6;0.653;0;
7;772;31;8;0.924;0;
7;773;49;11;0.518;0;
7;774;...;NA;…;1;
7;781;156;15;0.826;0;
7;782;4952;19;5.081;1;
7;783;...;NA;…;0;
7;791;510;53;4.539;1;
7;799;31;6;3.083;1;
7;801;793;71;1.597;1;
7;802;161;27;0.691;0;
7;803;22;5;29.jan;1;
7;811;304;20;1.284;1;
7;812;1226;98;1.673;1;
7;813;475;13;3.993;1;
7;821;214;15;1.694;1;
7;822;39;5;1.161;1;
7;823;107;16;1.86;1;
7;829;680;102;1.074;1;
7;841;3470;16;0.483;0;
7;842;...;NA;…;0;
7;851;172;8;0.189;0;
7;852;1171;13;0.441;0;
7;853;2116;30;1.372;1;
7;854;1038;12;0.89;0;
7;855;183;44;0.802;0;
7;856;146;9;2.437;1;
7;861;NA;4;…;1;
7;862;604.003;86;0.811;0;
7;869;119;9;0.311;0;
7;873;NA;NA;…;0;
7;881;NA;NA;…;1;
7;889;298;8;0.72;0;
7;900;989;85;3.969;1;
7;910;NA;NA;…;0;
7;920;27;7;0.359;0;
7;931;271;20;0.971;0;
7;932;181;20;1.013;1;
7;941;74;14;06.febr;1;
7;942;...;NA;…;0;
7;949;906;62;1.816;1;
7;951;39;10;0.719;0;
7;952;78;20;0.779;0;
7;960;333;103;0.632;0;
7;990;NA;NA;…;1;
8;11;34;9;0.021;0;
8;12;NA;NA;…;0;
8;14;24;7;0.017;0;
8;15;NA;NA;…;0;
8;16;98;9;0.224;0;
8;21;NA;NA;…;0;
8;22;...;NA;…;0;
8;24;NA;NA;…;0;
8;51;NA;NA;…;1;
8;101;190;8;0.16;0;
8;103;37;4;0.092;0;
8;105;NA;NA;…;0;
8;107;539;75;0.415;0;
8;108;54;7;0.111;0;
8;110;14;4;0.028;0;
8;133;...;NA;…;0;
8;139;154;20;0.217;0;
8;141;568;51;0.432;0;
8;142;NA;NA;…;1;
8;151;NA;NA;…;0;
8;152;83;5;0.213;0;
8;161;76;12;0.305;0;
8;162;181;34;0.263;0;
8;172;63;6;0.105;0;
8;181;336;42;0.5;0;
8;182;NA;NA;…;0;
8;191;NA;NA;…;1;
8;201;...;NA;…;0;
8;204;...;NA;…;0;
8;205;...;NA;…;0;
8;212;NA;NA;…;0;
8;221;NA;4;…;1;
8;222;128;18;0.09;0;
8;231;NA;8;…;0;
8;232;NA;NA;…;0;
8;234;28;5;0.143;0;
8;236;93;5;0.316;0;
8;237;NA;NA;…;0;
8;239;NA;NA;…;0;
8;244;NA;4;…;0;
8;245;...;NA;…;0;
8;251;831;26;0.671;0;
8;252;...;NA;…;0;
8;254;NA;NA;…;0;
8;255;NA;7;…;1;
8;256;456;31;0.376;0;
8;257;216;6;0.842;0;
8;259;174;14;0.443;0;
8;261;46;4;0.063;0;
8;262;...;NA;…;0;
8;263;47;7;0.115;0;
8;264;...;NA;…;0;
8;265;...;NA;…;0;
8;266;34;4;0.492;0;
8;267;12;4;0.396;0;
8;271;NA;NA;…;0;
8;274;...;NA;…;0;
8;279;51;4;0.257;0;
8;281;288;5;0.189;0;
8;282;256;22;0.314;0;
8;283;NA;NA;…;0;
8;284;NA;NA;…;0;
8;289;54;4;0.131;0;
8;291;NA;NA;…;0;
8;292;24;4;0.176;0;
8;293;...;NA;…;0;
8;302;...;NA;…;0;
8;309;NA;NA;…;0;
8;310;160;28;0.199;0;
8;321;63;13;1.605;1;
8;322;15;6;2.359;1;
8;323;NA;NA;…;0;
8;324;NA;NA;…;0;
8;325;101;20;0.233;0;
8;329;28;5;0.101;0;
8;331;NA;13;…;1;
8;332;69;7;0.406;0;
8;351;79;4;0.172;0;
8;352;1902;4;9.752;1;
8;370;1275;4;7.054;1;
8;381;NA;6;…;1;
8;382;NA;NA;…;0;
8;383;41;9;0.374;0;
8;390;47;4;1.042;1;
8;411;163;36;0.572;0;
8;412;2528.514;272;0.753;0;
8;421;314;33;0.363;0;
8;422;456;43;0.509;0;
8;429;63;10;0.302;0;
8;431;247;41;0.517;0;
8;432;1127;181;0.521;0;
8;433;589;103;0.563;0;
8;439;482;79;0.417;0;
8;451;832;140;0.613;0;
8;452;420;66;0.418;0;
8;453;961;27;1.735;1;
8;454;10;5;0.247;0;
8;461;1040;181;1.261;1;
8;462;127;25;0.345;0;
8;463;682;100;0.417;0;
8;464;3345.854;706;2.055;1;
8;465;147;29;0.602;0;
8;466;74;22;0.16;0;
8;467;753;98;0.565;0;
8;469;1307;198;0.954;0;
8;471;1249;256;0.239;0;
8;472;665;132;0.504;0;
8;473;87;9;0.281;0;
8;474;231;40;0.864;0;
8;475;546;113;0.448;0;
8;476;635;32;1.77;1;
8;477;3638.183;674;1.033;1;
8;478;423;113;1.329;1;
8;479;332;59;0.651;0;
8;491;NA;NA;…;1;
8;492;NA;NA;…;0;
8;493;NA;51;…;0;
8;494;813;88;0.276;0;
8;511;45;4;1.136;1;
8;512;NA;NA;…;0;
8;521;85;10;0.285;0;
8;522;NA;47;…;1;
8;531;...;NA;…;0;
8;532;110;10;0.624;0;
8;551;833;23;0.857;0;
8;552;23;7;0.294;0;
8;553;NA;NA;…;0;
8;559;101;10;0.637;0;
8;561;2278.067;384;0.64;0;
8;562;226;38;0.378;0;
8;563;415;89;0.435;0;
8;581;1657;81;3.577;1;
8;582;237;14;1.054;1;
8;591;214;34;1.082;1;
8;592;...;NA;…;0;
8;601;...;NA;…;1;
8;602;NA;5;…;1;
8;611;227;10;0.637;0;
8;612;15;4;0.049;0;
8;619;11;5;0.327;0;
8;620;6669;139;3.324;1;
8;631;208;39;0.549;0;
8;639;46;9;0.724;0;
8;641;...;NA;…;0;
8;642;46;8;0.457;0;
8;649;NA;9;…;1;
8;651;1778;11;4.916;1;
8;653;75;4;7.807;1;
8;661;226;29;1.023;1;
8;662;229;34;0.983;0;
8;663;66;4;2.237;1;
8;681;755;145;0.852;0;
8;682;829;135;0.723;0;
8;683;1116;84;1.86;1;
8;691;218;58;0.475;0;
8;692;2297;108;0.842;0;
8;701;145;8;0.782;0;
8;702;1249;174;0.97;0;
8;711;873;119;0.648;0;
8;712;147;19;0.521;0;
8;721;NA;26;…;1;
8;722;75;7;0.58;0;
8;731;393;75;0.804;0;
8;732;47;14;0.403;0;
8;741;24;10;0.629;0;
8;742;26;12;0.274;0;
8;743;26;10;0.482;0;
8;749;213;32;0.453;0;
8;750;...;NA;…;0;
8;771;67;12;0.597;0;
8;772;72;10;0.966;0;
8;773;52;9;0.248;0;
8;774;...;NA;…;0;
8;781;59;4;0.141;0;
8;782;1445;19;0.667;0;
8;783;215;4;0.584;0;
8;791;209;25;0.837;0;
8;799;...;NA;…;0;
8;801;1124;80;1.018;1;
8;802;955;43;1.844;1;
8;803;NA;NA;…;1;
8;811;3604;21;6.847;1;
8;812;1620.646;135;0.995;0;
8;813;119;15;0.45;0;
8;821;583;21;2.077;1;
8;822;NA;NA;…;0;
8;823;103;18;0.805;0;
8;829;928;101;0.659;0;
8;841;5728;30;0.359;0;
8;842;2428;4;0.747;0;
8;843;...;NA;…;1;
8;851;581;16;0.287;0;
8;852;806;15;0.137;0;
8;853;1087;24;0.317;0;
8;854;16504;20;6.367;1;
8;855;315;62;0.621;0;
8;856;433;10;3.251;1;
8;861;2532;7;0.733;0;
8;862;913;112;0.551;0;
8;869;168;16;0.197;0;
8;873;483;7;0.299;0;
8;879;NA;NA;…;0;
8;881;133;4;0.217;0;
8;889;834;13;0.906;0;
8;900;627;57;1.132;1;
8;910;1308;7;1.915;1;
8;920;NA;13;…;1;
8;931;286;39;0.461;0;
8;932;203;25;0.511;0;
8;941;58;11;0.726;0;
8;942;94;7;2.076;1;
8;949;1148;70;1.035;1;
8;951;104;11;0.863;0;
8;952;139;29;0.624;0;
8;960;534;108;0.456;0;
8;990;17;4;3.441;1;
9;11;38;4;0.031;0;
9;12;NA;NA;…;0;
9;13;NA;NA;…;0;
9;14;71;7;0.07;0;
9;16;132;6;0.412;0;
9;17;NA;NA;…;0;
9;24;NA;NA;…;0;
9;81;...;NA;…;0;
9;101;178;9;0.205;0;
9;103;...;NA;…;0;
9;104;...;NA;…;0;
9;106;NA;NA;…;0;
9;107;100;12;0.105;0;
9;108;886;10;2.489;1;
9;109;NA;NA;…;1;
9;110;434;9;1.198;1;
9;131;...;NA;…;0;
9;132;NA;NA;…;0;
9;133;...;NA;…;0;
9;139;23;4;0.044;0;
9;141;336;24;0.35;0;
9;143;NA;NA;…;0;
9;152;NA;NA;…;0;
9;161;31;4;0.17;0;
9;162;184;15;0.365;0;
9;171;NA;NA;…;0;
9;172;...;NA;…;0;
9;181;536;50;1.091;1;
9;201;NA;4;…;0;
9;203;NA;NA;…;0;
9;204;...;NA;…;0;
9;205;NA;NA;…;0;
9;206;NA;NA;…;1;
9;211;...;NA;…;1;
9;212;NA;NA;…;0;
9;221;...;NA;…;0;
9;222;441;17;0.423;0;
9;231;61;5;0.367;0;
9;232;NA;NA;…;0;
9;234;...;NA;…;0;
9;236;221;7;1.027;1;
9;237;...;NA;…;0;
9;241;NA;NA;…;0;
9;251;534;36;0.59;0;
9;252;23;4;0.191;0;
9;255;NA;NA;…;0;
9;256;402;26;0.454;0;
9;257;35;4;0.187;0;
9;259;NA;7;…;1;
9;261;...;NA;…;0;
9;262;17;5;0.072;0;
9;263;...;NA;…;0;
9;264;NA;NA;…;0;
9;265;147;8;1.276;1;
9;266;NA;7;…;1;
9;267;NA;4;…;1;
9;271;814;8;2.124;1;
9;274;...;NA;…;0;
9;275;...;NA;…;0;
9;279;...;NA;…;0;
9;281;NA;NA;…;0;
9;282;98;11;0.165;0;
9;289;80;11;0.266;0;
9;291;NA;NA;…;0;
9;293;...;NA;…;0;
9;303;NA;NA;…;0;
9;309;...;NA;…;0;
9;310;257;26;0.437;0;
9;321;99;9;3.451;1;
9;323;NA;NA;…;0;
9;324;NA;NA;…;0;
9;325;371;20;1.171;1;
9;329;11;4;0.054;0;
9;331;173;16;0.41;0;
9;332;52;8;0.419;0;
9;351;NA;NA;…;0;
9;353;...;NA;…;0;
9;360;NA;NA;…;0;
9;370;NA;NA;…;0;
9;381;...;NA;…;0;
9;382;NA;6;…;1;
9;383;138;5;1.723;1;
9;390;...;NA;…;0;
9;411;179;26;0.859;0;
9;412;1458;164;0.594;0;
9;421;319;22;0.504;0;
9;422;551;43;0.842;0;
9;429;58;8;0.381;0;
9;431;210;32;0.602;0;
9;432;1005;131;0.636;0;
9;433;455;57;0.595;0;
9;439;924;69;1.095;1;
9;451;637;79;0.643;0;
9;452;341;45;0.464;0;
9;453;255;35;0.63;0;
9;454;29;6;0.982;0;
9;461;873;101;1.449;1;
9;462;67;11;0.249;0;
9;463;1424;108;1.191;1;
9;464;1818;217;1.527;1;
9;465;199;33;1.115;1;
9;466;411;36;1.216;1;
9;467;694;88;0.713;0;
9;469;1982;124;1.98;1;
9;471;5943;163;1.556;1;
9;472;565;114;0.586;0;
9;473;59;9;0.26;0;
9;474;339;27;1.734;1;
9;475;1275;69;1.43;1;
9;476;679;35;2.59;1;
9;477;1785;233;0.693;0;
9;478;95;37;0.408;0;
9;479;628;52;1.684;1;
9;492;...;NA;…;1;
9;493;NA;30;…;1;
9;494;440;62;0.204;0;
9;503;NA;NA;…;0;
9;504;NA;NA;…;0;
9;511;...;NA;…;0;
9;521;401;16;1.837;1;
9;522;499;38;0.294;0;
9;532;194;19;1.506;1;
9;551;483;29;0.68;0;
9;552;9;4;0.158;0;
9;559;60;6;0.517;0;
9;561;3278.053;267;1.259;1;
9;562;521;23;1.193;1;
9;563;250;66;0.358;0;
9;581;164;27;0.484;0;
9;582;119;15;0.724;0;
9;591;169;32;1.169;1;
9;592;NA;NA;…;1;
9;601;NA;NA;…;1;
9;602;20;4;0.21;0;
9;611;1355;11;5.202;1;
9;612;...;NA;…;1;
9;613;NA;NA;…;1;
9;619;NA;NA;…;0;
9;620;10557.443;181;7.198;1;
9;631;418;36;1.508;1;
9;639;149;9;3.208;1;
9;641;NA;NA;…;1;
9;642;42;8;0.571;0;
9;649;162;12;0.703;0;
9;651;1193;4;4.512;1;
9;653;...;NA;…;1;
9;661;129;17;0.798;0;
9;662;126;23;0.74;0;
9;663;...;NA;…;1;
9;681;754;125;1.164;1;
9;682;603;115;0.719;0;
9;683;814;84;1.856;1;
9;691;238;58;0.71;0;
9;692;2522;129;1.265;1;
9;701;159;19;1.173;1;
9;702;1545;194;1.642;1;
9;711;1051;132;1.067;1;
9;712;439;19;2.128;1;
9;721;647;36;1.211;1;
9;722;1077;16;11.387;1;
9;731;439;80;1.228;1;
9;732;214;26;2.51;1;
9;741;23;8;0.824;0;
9;742;46;13;0.663;0;
9;743;65;17;1.647;1;
9;749;186;33;0.541;0;
9;750;NA;4;…;1;
9;771;49;10;0.597;0;
9;772;...;NA;…;0;
9;773;143;15;0.931;0;
9;774;...;NA;…;0;
9;781;287;17;0.935;0;
9;782;1544.246;14;0.975;0;
9;783;55;7;0.204;0;
9;791;251;38;1.375;1;
9;799;19;5;1.163;1;
9;801;1024;30;1.269;1;
9;802;170;25;0.449;0;
9;803;NA;NA;…;0;
9;811;745;16;1.936;1;
9;812;839;78;0.704;0;
9;813;22;8;0.114;0;
9;821;274;18;1.335;1;
9;822;...;NA;…;0;
9;823;80;20;0.856;0;
9;829;2525;107;2.454;1;
9;841;13808;19;1.182;1;
9;851;347;14;0.235;0;
9;852;1020;22;0.236;0;
9;853;1490;28;0.595;0;
9;854;2518;7;1.329;1;
9;855;314;61;0.846;0;
9;856;NA;NA;…;0;
9;861;3878;6;1.536;1;
9;862;1036.23;100;0.856;0;
9;869;NA;12;…;1;
9;873;...;NA;…;0;
9;879;NA;NA;…;0;
9;881;160;4;0.357;0;
9;889;611;7;0.908;0;
9;900;711;36;1.756;1;
9;910;280;7;0.561;0;
9;920;146;13;1.195;1;
9;931;678;30;1.495;1;
9;932;74;13;0.255;0;
9;941;67;10;1.148;1;
9;942;...;NA;…;0;
9;949;500;50;0.617;0;
9;951;41;9;0.465;0;
9;952;82;25;0.504;0;
9;960;372.18;80;0.435;0;
9;990;NA;NA;…;1;
10;11;21;6;0.021;0;
10;13;NA;NA;…;0;
10;14;58;6;0.069;0;
10;16;42;6;0.159;0;
10;17;NA;NA;…;0;
10;21;NA;NA;…;0;
10;24;NA;NA;…;0;
10;101;143.142;7;0.2;0;
10;103;14;4;0.058;0;
10;106;...;NA;…;0;
10;107;327.218;30;0.419;0;
10;108;36;5;0.123;0;
10;110;NA;10;…;1;
10;131;NA;NA;…;0;
10;132;NA;NA;…;0;
10;133;...;NA;…;0;
10;139;71;10;0.166;0;
10;141;327;53;0.414;0;
10;142;NA;NA;…;0;
10;143;...;NA;…;0;
10;151;NA;NA;…;0;
10;152;NA;NA;…;0;
10;161;NA;NA;…;0;
10;162;130;21;0.314;0;
10;172;166;8;0.46;0;
10;181;1049;48;2.597;1;
10;182;...;NA;…;1;
10;201;69;6;0.371;0;
10;202;NA;NA;…;1;
10;203;137;4;4.375;1;
10;204;...;NA;…;0;
10;205;...;NA;…;0;
10;211;NA;4;…;1;
10;212;10547;5;34.907;1;
10;221;NA;6;…;1;
10;222;873;20;1.018;1;
10;231;109;11;0.798;0;
10;232;...;NA;…;1;
10;233;NA;NA;…;1;
10;234;62;9;0.528;0;
10;235;NA;NA;…;0;
10;236;122;7;0.689;0;
10;237;80;22;2.326;1;
10;241;NA;NA;…;0;
10;242;NA;NA;…;0;
10;244;NA;NA;…;1;
10;245;62;6;0.396;0;
10;251;634.202;25;0.852;0;
10;252;246;10;2.479;1;
10;253;...;NA;…;1;
10;255;11;4;0.156;0;
10;256;440;35;0.603;0;
10;257;232;16;1.504;1;
10;259;446;17;1.889;1;
10;261;1472;11;3.35;1;
10;262;19;4;0.098;0;
10;263;59;5;0.24;0;
10;264;...;NA;…;0;
10;265;45;5;0.475;0;
10;266;NA;NA;…;1;
10;267;NA;NA;…;1;
10;271;538;10;1.706;1;
10;273;...;NA;…;0;
10;274;NA;NA;…;1;
10;275;NA;NA;…;0;
10;279;224;8;1.881;1;
10;281;300;6;0.328;0;
10;282;342;26;0.698;0;
10;283;NA;NA;…;0;
10;289;1376;22;5.566;1;
10;293;269;5;0.167;0;
10;301;...;NA;…;0;
10;302;NA;NA;…;1;
10;309;NA;NA;…;0;
10;310;738;34;1.526;1;
10;321;...;NA;…;1;
10;323;43;5;1.278;1;
10;324;...;NA;…;0;
10;325;85;10;0.326;0;
10;329;48;6;0.288;0;
10;331;497;34;1.432;1;
10;332;584;13;5.717;1;
10;351;...;NA;…;0;
10;353;NA;NA;…;0;
10;381;32;5;0.12;0;
10;383;115;15;1.746;1;
10;411;99;18;0.578;0;
10;412;1184;178;0.587;0;
10;421;NA;19;…;1;
10;422;768;37;1.426;1;
10;429;61;8;0.487;0;
10;431;199;33;0.693;0;
10;432;1561;162;02.jan;1;
10;433;385;77;0.612;0;
10;439;1254;72;1.806;1;
10;451;669;87;0.82;0;
10;452;525;94;0.868;0;
10;453;429;43;1.288;1;
10;454;...;NA;…;0;
10;461;792;199;1.598;1;
10;462;80;13;0.362;0;
10;463;2080;103;2.115;1;
10;464;4268;855;4.359;1;…
10;465;310;36;2.112;1;
10;466;488;60;1.755;1;
10;467;1758;119;2.194;1;
10;469;1271;193;1.543;1;
10;471;3603;229;1.147;1;
10;472;592.568;112;0.747;0;
10;473;90;10;0.483;0;
10;474;142;22;0.883;0;
10;475;1190;102;1.623;1;
10;476;132;31;0.612;0;
10;477;3165;626;1.495;1;
10;478;519;142;2.713;1;
10;479;175;40;0.57;0;
10;493;339;37;0.316;0;
10;494;1067;109;0.601;0;
10;511;NA;NA;…;1;
10;521;115;12;0.64;0;
10;522;323;52;0.231;0;
10;532;128;13;1.208;1;
10;551;181;10;0.31;0;
10;552;...;NA;…;0;
10;553;...;NA;…;1;
10;559;62;12;0.65;0;
10;561;1390.1;264;0.649;0;
10;562;65;17;0.181;0;
10;563;163;39;0.284;0;
10;581;282;27;1.012;1;
10;582;112;13;0.829;0;
10;591;50;12;0.421;0;
10;592;NA;NA;…;0;
10;602;NA;NA;…;1;
10;611;NA;7;…;1;
10;612;NA;NA;…;0;
10;619;NA;NA;…;0;
10;620;871;87;0.722;0;
10;631;405;35;1.777;1;
10;639;...;NA;…;0;
10;642;...;NA;…;0;
10;651;NA;NA;…;0;
10;653;NA;NA;…;1;
10;661;44;8;0.331;0;
10;662;90;13;0.642;0;
10;681;575.5;97;08.jan;1;
10;682;801;120;1.161;1;
10;683;360;46;0.998;0;
10;691;107;23;0.388;0;
10;692;586;130;0.357;0;
10;701;132;11;1.183;1;
10;702;409;94;0.528;0;
10;711;738;82;0.911;0;
10;712;82;18;0.483;0;
10;721;NA;15;…;1;
10;722;...;NA;…;0;
10;731;236;51;0.803;0;
10;732;34;10;0.485;0;
10;741;...;NA;…;0;
10;742;42;6;0.736;0;
10;743;18;7;0.555;0;
10;749;294;28;04.jan;1;
10;750;NA;NA;…;1;
10;771;162;12;2.399;1;
10;772;24;5;0.535;0;
10;773;228;13;1.805;1;
10;774;NA;NA;…;0;
10;781;387;11;1.533;1;
10;782;1251;14;0.96;0;
10;783;NA;NA;…;0;
10;791;105;20;0.699;0;
10;799;NA;NA;…;0;
10;801;411;28;0.619;0;
10;802;730;41;2.345;1;
10;803;NA;NA;…;1;
10;811;NA;12;…;1;
10;812;921;89;0.94;0;
10;813;26;8;0.164;0;
10;821;61;12;0.361;0;
10;823;117;6;1.521;1;
10;829;859;63;1.015;1;
10;841;748;6;0.078;0;
10;842;9929;7;5.079;1;
10;851;505;22;0.415;0;
10;852;1822;36;0.513;0;
10;853;1267;24;0.615;0;
10;854;NA;NA;…;0;
10;855;253;31;0.829;0;
10;856;NA;NA;…;0;
10;861;NA;NA;…;0;
10;862;393;42;0.395;0;
10;869;57;11;0.111;0;
10;871;NA;NA;…;1;
10;873;324;4;0.334;0;
10;879;...;NA;…;0;
10;881;332;12;0.902;0;
10;889;683;11;1.234;1;
10;900;116;19;0.348;0;
10;910;...;NA;…;0;
10;920;41;6;0.408;0;
10;931;354;31;0.949;0;
10;932;68;10;0.285;0;
10;941;...;NA;…;1;
10;942;NA;NA;…;0;
10;949;184;21;0.276;0;
10;951;52;11;0.717;0;
10;952;44;17;0.329;0;
10;960;392;97;0.556;0;
11;11;322;21;0.184;0;
11;12;95;7;0.483;0;
11;13;36;4;0.647;0;
11;14;52;5;0.035;0;
11;15;NA;NA;…;0;
11;16;257;22;0.554;0;
11;22;NA;NA;…;0;
11;23;NA;NA;…;1;
11;24;26;4;0.148;0;
11;31;NA;NA;…;0;
11;62;NA;NA;…;1;
11;81;281;7;2.241;1;
11;89;NA;NA;…;1;
11;91;NA;NA;…;0;
11;99;NA;NA;…;1;
11;101;119;6;0.095;0;
11;103;55;8;0.129;0;
11;104;NA;NA;…;1;
11;105;133;10;0.318;0;
11;106;NA;NA;…;1;
11;107;633;32;0.46;0;
11;108;183;17;0.355;0;
11;109;NA;NA;…;1;
11;110;534;19;1.017;1;
11;131;NA;NA;…;1;
11;132;NA;NA;…;0;
11;133;...;NA;…;0;
11;139;198;28;0.263;0;
11;141;337;44;0.242;0;
11;142;...;NA;…;0;
11;143;27;5;0.218;0;
11;151;39;6;0.188;0;
11;152;NA;NA;…;0;
11;161;51;5;0.194;0;
11;162;228;29;0.313;0;
11;171;NA;NA;…;0;
11;172;NA;9;…;1;
11;181;1351;121;1.899;1;
11;182;26;4;1.546;1;
11;192;NA;NA;…;1;
11;201;103;5;0.315;0;
11;202;NA;NA;…;1;
11;204;1825;9;12.019;1;
11;205;32;4;0.632;0;
11;211;NA;NA;…;0;
11;212;NA;NA;…;0;
11;221;49;5;0.095;0;
11;222;811;51;0.537;0;
11;231;48;9;0.199;0;
11;233;799;5;5.389;1;
11;234;NA;NA;…;0;
11;236;274;10;0.879;0;
11;237;36;7;0.594;0;
11;239;22;5;0.247;0;
11;241;NA;NA;…;0;
11;243;NA;NA;…;0;
11;245;142;6;0.515;0;
11;251;1542.513;73;1.177;1;
11;252;75;7;0.429;0;
11;255;NA;NA;…;0;
11;256;578;46;0.45;0;
11;257;121;9;0.445;0;
11;259;158;15;0.38;0;
11;261;1075;14;1.389;1;
11;262;NA;13;…;1;
11;263;302;16;0.698;0;
11;264;NA;NA;…;0;
11;265;552;24;3.308;1;
11;266;25;7;0.342;0;
11;267;70;8;18.febr;1;
11;271;412;15;0.742;0;
11;272;NA;NA;…;1;
11;273;1239;6;2.998;1;
11;274;15;4;0.129;0;
11;275;...;NA;…;0;
11;279;84;12;0.401;0;
11;281;109;9;0.068;0;
11;282;547;53;0.634;0;
11;284;91;5;1.331;1;
11;289;219;16;0.503;0;
11;291;NA;NA;…;0;
11;292;NA;NA;…;0;
11;293;966;7;0.341;0;
11;301;...;NA;…;1;
11;303;...;NA;…;0;
11;309;NA;NA;…;0;
11;310;388;46;0.456;0;
11;321;34;8;0.818;0;
11;322;NA;NA;…;0;
11;323;NA;NA;…;0;
11;324;...;NA;…;0;
11;325;251;31;0.547;0;
11;329;355;27;1.211;1;
11;331;583;45;0.954;0;
11;332;168;19;0.934;0;
11;351;NA;9;…;0;
11;352;464;5;2.247;1;
11;353;NA;6;…;1;
11;360;NA;NA;…;0;
11;370;52;6;0.272;0;
11;381;39;7;0.083;0;
11;382;116;4;0.664;0;
11;383;...;NA;…;0;
11;390;...;NA;…;0;
11;411;333;71;1.103;1;
11;412;4175;359;1.175;1;
11;421;3460;66;3.773;1;
11;422;1796;83;1.894;1;
11;429;105;18;0.476;0;
11;431;215;41;0.425;0;
11;432;2589;281;13.jan;1;
11;433;671;123;0.606;0;
11;439;1326;143;1.085;1;
11;451;1607;178;1.119;1;
11;452;620;111;0.582;0;
11;453;633;58;1.079;1;
11;454;82;9;1.916;1;
11;461;1874;195;2.147;1;
11;462;163;30;0.418;0;
11;463;1709;148;0.987;0;
11;464;3202;304;1.857;1;
11;465;710;76;2.746;1;
11;466;815;96;1.664;1;
11;467;2007;161;1.422;1;
11;469;3384;357;2.333;1;
11;471;8162;252;1.475;1;
11;472;750;141;0.537;0;
11;473;275;13;0.838;0;
11;474;375;62;1.324;1;
11;475;586;115;0.454;0;
11;476;626;36;1.648;1;
11;477;3773;441;1.012;1;
11;478;107;32;0.318;0;
11;479;504;109;0.933;0;
11;492;NA;NA;…;0;
11;493;668;56;0.354;0;
11;494;945;124;0.302;0;
11;502;NA;NA;…;1;
11;503;NA;NA;…;1;
11;504;NA;NA;…;0;
11;511;NA;NA;…;1;
11;521;260;14;0.822;0;
11;522;1457;88;0.592;0;
11;532;439;36;2.353;1;
11;551;727;35;0.706;0;
11;552;44.842;11;0.542;0;
11;553;NA;NA;…;0;
11;559;131;13;0.78;0;
11;561;3715.701;419;0.985;0;
11;562;2990;43;4.725;1;
11;563;551;106;0.545;0;
11;581;1011;109;2.061;1;
11;582;1063;86;4.465;1;
11;591;559;72;2.669;1;
11;592;43;13;2.314;1;
11;601;29;5;1.178;1;
11;602;143;9;1.039;1;
11;611;NA;20;…;1;
11;612;NA;7;…;1;
11;613;...;NA;…;1;
11;619;82;6;2.299;1;
11;620;10704;537;5.038;1;
11;631;1397;93;3.48;1;
11;639;361;28;5.366;1;
11;641;NA;NA;…;0;
11;642;NA;13;…;1;
11;649;296;24;0.886;0;
11;651;NA;5;…;0;
11;653;NA;NA;…;0;
11;661;219;39;0.936;0;
11;662;242;61;0.981;0;
11;681;1142;222;1.217;1;
11;682;1403;221;1.155;1;
11;683;484;113;0.762;0;
11;691;501.428;155;1.032;1;
11;692;1545.417;340;0.535;0;
11;701;469;40;2.387;1;
11;702;4375;418;3.209;1;
11;711;5402;523;3.787;1;
11;712;667;57;2.232;1;
11;721;4509;125;5.828;1;
11;722;281;32;2.051;1;
11;731;843;140;1.628;1;
11;732;187;40;1.514;1;
11;741;65;23;1.608;1;
11;742;60;19;0.597;0;
11;743;79;29;1.382;1;
11;749;980;124;1.969;1;
11;750;63;7;0.776;0;
11;771;254;18;2.136;1;
11;772;172;12;2.179;1;
11;773;234;30;1.052;1;
11;774;52;5;4.454;1;
11;781;850;31;1.912;1;
11;782;4681;33;2.041;1;
11;783;145;7;0.372;0;
11;791;867;70;3.278;1;
11;799;62;9;2.619;1;
11;801;1876;74;1.605;1;
11;802;994;53;1.813;1;
11;803;...;NA;…;1;
11;811;336;32;0.603;0;
11;812;2403;165;1.393;1;
11;813;190;30;0.679;0;
11;821;2805;50;9.435;1;
11;822;...;NA;…;0;
11;823;265;44;1.957;1;
11;829;2126;212;1.427;1;
11;841;2639;16;0.156;0;
11;842;NA;NA;…;0;
11;851;1556;45;0.726;0;
11;852;1758;34;0.281;0;
11;853;1209;27;0.333;0;
11;854;3569;17;03.jan;1;
11;855;672;115;1.251;1;
11;856;126;15;0.893;0;
11;861;1343;4;0.367;0;
11;862;1718;310;0.98;0;
11;869;1902;61;2.111;1;
11;871;NA;NA;…;1;
11;873;452;8;0.264;0;
11;879;...;NA;…;0;
11;881;641;9;0.988;0;
11;889;368;15;0.378;0;
11;900;336;94;0.573;0;
11;910;123;6;0.17;0;
11;920;73;11;0.412;0;
11;931;706;66;1.075;1;
11;932;412;56;0.979;0;
11;941;198;22;2.341;1;
11;942;...;NA;…;0;
11;949;1824;77;1.554;1;
11;951;181;24;1.418;1;
11;952;350;45;1.484;1;
11;960;1132;195;0.912;0;
11;990;18;5;3.441;1;
12;11;52;10;0.097;0;
12;14;33;10;0.073;0;
12;15;...;NA;…;0;
12;16;32;6;0.226;0;
12;22;NA;NA;…;0;
12;24;...;NA;…;0;
12;31;NA;NA;…;0;
12;81;...;NA;…;0;
12;101;...;NA;…;0;
12;103;17;4;0.131;0;
12;105;NA;NA;…;0;
12;106;NA;NA;…;1;
12;107;94;11;0.224;0;
12;108;344;10;2.187;1;
12;109;NA;NA;…;0;
12;110;13;4;0.081;0;
12;120;NA;NA;…;1;
12;131;NA;NA;…;1;
12;132;NA;NA;…;0;
12;133;NA;NA;…;0;
12;139;113;9;0.493;0;
12;141;172;26;0.405;0;
12;143;NA;NA;…;0;
12;151;30;6;0.475;0;
12;152;NA;NA;…;0;
12;161;28;4;0.348;0;
12;162;36;6;0.162;0;
12;172;23;4;0.119;0;
12;181;172;26;0.793;0;
12;182;NA;NA;…;1;
12;201;NA;NA;…;0;
12;204;...;NA;…;0;
12;206;NA;NA;…;1;
12;212;NA;NA;…;1;
12;222;193;11;0.419;0;
12;231;18;4;0.245;0;
12;234;NA;NA;…;0;
12;235;NA;NA;…;0;
12;236;NA;NA;…;1;
12;237;NA;NA;…;0;
12;239;NA;NA;…;1;
12;245;NA;NA;…;1;
12;251;116;12;0.29;0;
12;252;NA;NA;…;0;
12;255;NA;NA;…;0;
12;256;242;10;0.618;0;
12;257;NA;NA;…;0;
12;259;NA;NA;…;0;
12;261;NA;6;…;0;
12;262;...;NA;…;0;
12;263;29;4;0.22;0;
12;265;48;12;0.943;0;
12;266;NA;NA;…;0;
12;267;...;NA;…;0;
12;271;NA;NA;…;0;
12;279;NA;NA;…;0;
12;281;NA;NA;…;0;
12;282;205;19;0.78;0;
12;283;NA;NA;…;1;
12;284;...;NA;…;0;
12;289;...;NA;…;0;
12;291;NA;NA;…;0;
12;293;357;6;0.414;0;
12;301;...;NA;…;0;
12;309;NA;NA;…;0;
12;310;47;10;0.181;0;
12;321;10;4;0.789;0;
12;322;...;NA;…;1;
12;323;NA;NA;…;0;
12;324;22;5;0.489;0;
12;325;63;11;0.45;0;
12;329;26;4;0.291;0;
12;331;31;9;0.166;0;
12;332;...;NA;…;0;
12;351;...;NA;…;0;
12;352;48;6;0.762;0;
12;370;29;4;0.497;0;
12;382;NA;NA;…;0;
12;383;NA;NA;…;0;
12;390;...;NA;…;1;
12;411;94;23;1.021;1;
12;412;650;82;0.6;0;
12;421;102;10;0.365;0;
12;422;242;23;0.837;0;
12;429;79;5;1.174;1;
12;431;37;8;0.24;0;
12;432;541;73;0.775;0;
12;433;128;25;0.379;0;
12;439;307;23;0.824;0;
12;451;235;35;0.537;0;
12;452;147;34;0.453;0;
12;453;54;11;0.302;0;
12;454;NA;NA;…;0;
12;461;523;72;1.965;1;
12;462;154;22;1.296;1;
12;463;394;38;0.746;0;
12;464;1399;89;2.661;1;
12;465;341;18;4.326;1;
12;466;127;24;0.85;0;
12;467;228;32;0.53;0;
12;469;957;118;2.164;1;
12;471;1622;88;0.961;0;
12;472;264;54;0.62;0;
12;473;56;7;0.559;0;
12;474;107;10;1.239;1;
12;475;193;41;0.49;0;
12;476;56;18;0.484;0;
12;477;1989;172;1.749;1;
12;478;46.248;9;0.45;0;
12;479;240;35;1.457;1;
12;493;42;16;0.073;0;
12;494;305;29;0.32;0;
12;495;NA;NA;…;0;
12;503;NA;NA;…;0;
12;511;NA;NA;…;1;
12;521;...;NA;…;0;
12;522;133;19;0.177;0;
12;532;46;10;0.809;0;
12;551;213;20;0.679;0;
12;552;32;6;1.268;1;
12;553;...;NA;…;1;
12;559;...;NA;…;0;
12;561;1654;159;1.439;1;
12;562;114;16;0.591;0;
12;563;130;29;0.422;0;
12;581;607;50;4.058;1;
12;582;359;38;4.946;1;
12;591;141;39;2.208;1;
12;592;23;5;4.059;1;
12;602;23;4;0.548;0;
12;611;64;9;0.556;0;
12;612;...;NA;…;0;
12;619;...;NA;…;1;
12;620;2080;174;3.211;1;
12;631;681;31;5.564;1;
12;639;68;16;3.315;1;
12;641;NA;NA;…;1;
12;642;30;4;0.923;0;
12;649;311;17;3.054;1;
12;651;NA;NA;…;1;
12;653;...;NA;…;1;
12;661;196;10;2.747;1;
12;662;81;16;1.077;1;
12;663;51;9;5.354;1;
12;681;362;75;1.265;1;
12;682;792;95;2.138;1;
12;683;322;47;1.662;1;
12;691;569;145;3.842;1;
12;692;560;109;0.636;0;
12;701;110;20;1.836;1;
12;702;1126;253;2.709;1;
12;711;1289;229;2.963;1;
12;712;324;11;3.555;1;
12;721;1719;64;7.286;1;
12;722;142;17;3.399;1;
12;731;578;90;3.661;1;
12;732;102;15;2.709;1;
12;741;55;7;4.463;1;
12;742;104;8;3.392;1;
12;743;29;14;1.664;1;
12;749;210;44;1.384;1;
12;750;10;4;0.404;0;
12;771;76;8;2.096;1;
12;772;17;4;0.706;0;
12;773;83;14;1.224;1;
12;774;NA;NA;…;1;
12;781;123;13;0.908;0;
12;782;247;5;0.353;0;
12;783;99;7;0.833;0;
12;791;190;24;2.356;1;
12;799;17;6;2.355;1;
12;801;353;10;0.99;0;
12;802;60;11;0.359;0;
12;811;76;10;0.447;0;
12;812;301.729;30;0.574;0;
12;813;48;12;0.562;0;
12;821;123;27;1.357;1;
12;822;...;NA;…;0;
12;823;126;15;3.051;1;
12;829;332;81;0.731;0;
12;841;3219;13;0.624;0;
12;851;453;23;0.694;0;
12;852;931;25;0.488;0;
12;853;1124;22;1.016;1;
12;854;1590;11;09.jan;1;
12;855;253;49;1.544;1;
12;856;17;4;0.395;0;
12;861;2753;9;2.468;1;
12;862;1383;211;2.587;1;
12;869;1341;34;4.881;1;
12;872;NA;NA;…;0;
12;873;476;9;0.913;0;
12;879;...;NA;…;0;
12;881;95;6;0.48;0;
12;889;138;11;0.464;0;
12;900;237;57;1.325;1;
12;920;31;4;0.574;0;
12;931;261;36;1.303;1;
12;932;162;15;1.263;1;
12;941;26;4;1.008;1;
12;942;NA;NA;…;0;
12;949;2061;32;5.757;1;
12;951;67;7;1.721;1;
12;952;54;14;0.751;0;
12;960;303;72;0.801;0;
12;970;NA;NA;…;1;
12;990;...;NA;…;1;
13;11;132;19;0.052;0;
13;12;...;NA;…;0;
13;14;266;12;0.124;0;
13;15;NA;NA;…;0;
13;16;111;19;0.164;0;
13;21;...;NA;…;0;
13;22;NA;NA;…;0;
13;32;NA;NA;…;0;
13;81;...;NA;…;0;
13;91;NA;NA;…;0;
13;101;178;8;0.097;0;
13;103;69;9;0.111;0;
13;104;...;NA;…;1;
13;105;...;NA;…;1;
13;106;...;NA;…;0;
13;107;520;35;0.26;0;
13;108;496;15;0.661;0;
13;109;NA;NA;…;0;
13;110;64;7;0.084;0;
13;131;NA;NA;…;0;
13;132;26;4;0.212;0;
13;133;50;6;0.998;0;
13;139;164;21;0.15;0;
13;141;1751;65;0.865;0;
13;143;199;10;1.106;1;
13;151;178;15;0.591;0;
13;152;89;8;0.148;0;
13;161;113;15;0.295;0;
13;162;403;41;0.38;0;
13;171;NA;NA;…;0;
13;172;212;15;0.229;0;
13;181;791;119;0.765;0;
13;182;78;10;3.189;1;
13;201;133;5;0.28;0;
13;203;NA;NA;…;0;
13;204;NA;7;…;1;
13;205;78;7;1.059;1;
13;211;114;5;1.647;1;
13;212;99;4;0.128;0;
13;221;...;NA;…;0;
13;222;1273;43;0.58;0;
13;231;832;9;2.378;1;
13;234;46;5;0.153;0;
13;236;323;17;0.712;0;
13;237;15;4;0.17;0;
13;239;...;NA;…;0;
13;241;...;NA;…;0;
13;243;NA;NA;…;0;
13;244;...;NA;…;0;
13;245;44;4;0.11;0;
13;251;1148;64;0.602;0;
13;252;160;6;0.63;0;
13;253;NA;NA;…;0;
13;255;...;NA;…;0;
13;256;499;48;0.267;0;
13;257;102;10;0.258;0;
13;259;95;10;0.157;0;
13;261;106;8;0.094;0;
13;262;81;8;0.163;0;
13;263;52;8;0.083;0;
13;264;NA;NA;…;0;
13;265;296;18;22.jan;1;
13;266;134;10;26.jan;1;
13;267;NA;NA;…;0;
13;271;1037;9;1.284;1;
13;272;...;NA;…;1;
13;273;NA;NA;…;0;
13;275;...;NA;…;0;
13;279;94;7;0.308;0;
13;281;NA;6;…;0;
13;282;463;43;0.369;0;
13;283;NA;NA;…;0;
13;284;26;4;0.262;0;
13;289;452;15;0.714;0;
13;291;115;5;0.131;0;
13;292;NA;NA;…;0;
13;293;NA;9;…;0;
13;301;...;NA;…;1;
13;302;NA;NA;…;0;
13;309;NA;NA;…;0;
13;310;310;36;0.25;0;
13;321;33;9;0.546;0;
13;322;...;NA;…;0;
13;323;11;4;0.128;0;
13;324;...;NA;…;0;
13;325;48;10;0.072;0;
13;329;140;11;0.328;0;
13;331;420;37;0.472;0;
13;332;199;17;0.761;0;
13;351;1875;24;2.652;1;
13;352;130;4;0.433;0;
13;353;221;6;0.558;0;
13;360;NA;NA;…;1;
13;370;NA;6;…;0;
13;381;28;7;0.041;0;
13;382;NA;NA;…;0;
13;383;45;6;0.267;0;
13;390;NA;NA;…;0;
13;411;381;57;0.868;0;
13;412;5573;353;1.078;1;
13;421;3236.103;68;2.427;1;
13;422;567;60;0.411;0;
13;429;49;11;0.153;0;
13;431;245;46;0.333;0;
13;432;2155.96;246;0.647;0;
13;433;680;127;0.422;0;
13;439;926;110;0.521;0;
13;451;3123;195;1.496;1;
13;452;985;79;0.636;0;
13;453;3275;71;3.839;1;
13;454;31;8;0.498;0;
13;461;1223;179;0.963;0;
13;462;595;30;05.jan;1;
13;463;1688;141;0.67;0;
13;464;3808.339;440;1.519;1;
13;465;1528;86;4.065;1;
13;466;1212;90;1.702;1;
13;467;1618;165;0.789;0;
13;469;2643;305;1.253;1;
13;471;3212.727;314;0.399;0;
13;472;816;158;0.402;0;
13;473;260;24;0.545;0;
13;474;503;70;1.221;1;
13;475;1741;176;0.927;0;
13;476;707;67;28.jan;1;
13;477;5110.251;560;0.942;0;
13;478;217;63;0.443;0;
13;479;858;103;1.092;1;
13;492;NA;7;…;1;
13;493;358;37;0.13;0;
13;494;1213;133;0.267;0;
13;503;152;4;4.685;1;
13;504;...;NA;…;0;
13;511;...;NA;…;0;
13;521;494.116;17;1.074;1;
13;522;2238;98;0.626;0;
13;531;NA;NA;…;1;
13;532;317;18;1.168;1;
13;551;491;36;0.328;0;
13;552;38;6;0.316;0;
13;553;...;NA;…;0;
13;559;NA;NA;…;0;
13;561;4454.004;491;0.812;0;
13;562;848;40;0.922;0;
13;563;546;96;0.372;0;
13;581;718;100;1.007;1;
13;582;723.125;66;2.089;1;
13;591;608;79;1.997;1;
13;592;9;4;0.333;0;
13;601;61;4;1.704;1;
13;602;496;13;2.477;1;
13;611;2700;31;4.921;1;
13;612;...;NA;…;0;
13;619;379;14;7.308;1;
13;620;6151;439;1.991;1;
13;631;1693;115;09.febr;1;
13;639;117;20;1.196;1;
13;641;10355;17;4.283;1;
13;642;NA;18;…;1;
13;649;1830;50;3.769;1;
13;651;1594;14;2.862;1;
13;652;...;NA;…;1;
13;653;28;5;1.893;1;
13;661;183;32;0.538;0;
13;662;843;72;2.349;1;
13;663;138;8;3.038;1;
13;681;1442;228;1.057;1;
13;682;1692;232;0.958;0;
13;683;1013;143;1.096;1;
13;691;897;253;27.jan;1;
13;692;8760.833;353;2.086;1;
13;701;865;43;3.028;1;
13;702;4145.339;412;2.091;1;
13;711;1805;232;0.87;0;
13;712;785;29;1.806;1;
13;721;385;41;0.342;0;
13;722;246;17;1.235;1;
13;731;1189;173;1.579;1;
13;732;216;29;1.203;1;
13;741;56;13;0.953;0;
13;742;109;14;0.746;0;
13;743;94;24;1.131;1;
13;749;1233;70;1.704;1;
13;750;44;5;0.373;0;
13;771;389;31;2.249;1;
13;772;115;20;1.002;1;
13;773;207;32;0.64;0;
13;774;16;5;0.942;0;
13;781;488;25;0.755;0;
13;782;14060.833;40;4.215;1;
13;783;NA;15;…;1;
13;791;333;57;0.866;0;
13;799;44;8;1.278;1;
13;801;2384.632;129;1.403;1;
13;802;605.083;57;0.759;0;
13;803;90;8;1.542;1;
13;811;977.25;38;1.206;1;
13;812;4905;165;1.955;1;
13;813;203;16;0.499;0;
13;821;1668;47;3.858;1;
13;822;202;12;1.757;1;
13;823;358;40;1.818;1;
13;829;5447;221;2.514;1;
13;841;9829;26;0.4;0;
13;842;12921;7;2.581;1;
13;843;3269;6;5.569;1;
13;851;NA;4;…;0;
13;852;1926;44;0.212;0;
13;853;2622;43;0.497;0;
13;854;NA;13;…;0;
13;855;730;110;0.934;0;
13;856;69;12;0.336;0;
13;861;1157;5;0.218;0;
13;862;1967;215;0.772;0;
13;869;2489;51;09.jan;1;
13;873;227;5;0.091;0;
13;879;NA;NA;…;0;
13;881;675;20;0.716;0;
13;889;1079;16;0.761;0;
13;900;898;82;1.053;1;
13;910;429;5;0.408;0;
13;920;17;6;0.066;0;
13;931;1060.082;81;11.jan;1;
13;932;278;33;0.454;0;
13;941;149;14;1.212;1;
13;942;19;5;0.273;0;
13;949;1279;59;0.749;0;
13;951;560;26;3.017;1;
13;952;219;33;0.639;0;
13;960;1425;213;0.79;0;
13;982;NA;NA;…;1;
13;990;...;NA;…;0;
14;11;44;12;0.033;0;
14;12;...;NA;…;0;
14;13;NA;NA;…;0;
14;14;73;9;0.065;0;
14;15;NA;NA;…;0;
14;16;89;13;0.254;0;
14;24;...;NA;…;0;
14;32;...;NA;…;1;
14;61;NA;NA;…;1;
14;81;75;5;0.791;0;
14;101;286;9;0.301;0;
14;103;32;6;0.099;0;
14;105;18;4;0.057;0;
14;106;NA;NA;…;0;
14;107;1102;38;06.jan;1;
14;108;203;13;0.52;0;
14;110;83;8;0.209;0;
14;132;...;NA;…;0;
14;133;NA;NA;…;0;
14;139;8153;22;14.346;1;
14;141;NA;46;…;1;
14;142;...;NA;…;0;
14;143;68;11;0.727;0;
14;151;71;6;0.453;0;
14;152;52;5;0.167;0;
14;161;61;7;0.306;0;
14;162;307;30;0.557;0;
14;171;NA;NA;…;0;
14;172;35;7;0.073;0;
14;181;572;78;1.063;1;
14;182;...;NA;…;1;
14;201;92;6;0.372;0;
14;203;...;NA;…;0;
14;204;88;7;0.766;0;
14;205;29;4;0.757;0;
14;211;NA;NA;…;1;
14;212;NA;NA;…;0;
14;222;224;26;0.196;0;
14;231;333;6;1.83;1;
14;233;...;NA;…;0;
14;234;NA;NA;…;0;
14;235;NA;NA;…;0;
14;236;54;7;0.229;0;
14;237;27.616;8;0.603;0;
14;239;...;NA;…;0;
14;242;NA;NA;…;0;
14;243;NA;NA;…;0;
14;245;NA;NA;…;0;
14;251;321.994;39;0.325;0;
14;252;78;4;0.59;0;
14;255;NA;NA;…;0;
14;256;292;37;0.301;0;
14;257;NA;7;…;0;
14;259;126;13;0.401;0;
14;261;135;7;0.231;0;
14;262;78;9;0.302;0;
14;263;NA;11;…;1;
14;264;...;NA;…;0;
14;265;113;12;0.895;0;
14;266;84;6;1.519;1;
14;267;NA;NA;…;1;
14;268;NA;NA;…;1;
14;271;NA;8;…;1;
14;274;64;4;0.73;0;
14;275;NA;5;…;1;
14;279;24;8;0.151;0;
14;281;92;7;0.076;0;
14;282;277;32;0.425;0;
14;284;NA;5;…;1;
14;289;202;16;0.614;0;
14;291;...;NA;…;0;
14;292;NA;NA;…;0;
14;293;263;7;0.123;0;
14;301;...;NA;…;1;
14;302;NA;NA;…;0;
14;303;...;NA;…;0;
14;309;...;NA;…;0;
14;310;251;38;0.39;0;
14;321;51;12;1.623;1;
14;323;...;NA;…;0;
14;324;20;4;0.179;0;
14;325;355;18;1.023;1;
14;329;5143;17;23.196;1;
14;331;161;30;0.348;0;
14;332;246;17;1.808;1;
14;351;NA;NA;…;0;
14;360;NA;NA;…;0;
14;370;35;6;0.242;0;
14;381;110.453;10;0.311;0;
14;382;40;4;0.303;0;
14;383;76;8;0.866;0;
14;390;NA;NA;…;0;
14;411;378;59;1.656;1;
14;412;2413.333;300;0.898;0;
14;421;398.83;43;0.575;0;
14;422;668;66;0.932;0;
14;429;105;18;0.629;0;
14;431;278;30;0.727;0;
14;432;2001;249;1.155;1;
14;433;567;99;0.677;0;
14;439;1245;122;1.347;1;
14;451;1489;171;1.371;1;
14;452;1050;104;1.304;1;
14;453;296;55;0.667;0;
14;454;NA;NA;…;0;
14;461;1075;202;1.628;1;
14;462;71;17;0.241;0;
14;463;907;128;0.693;0;
14;464;2731;483;2.094;1;
14;465;533;68;2.726;1;
14;466;511;64;1.38;1;
14;467;636;95;0.596;0;
14;469;2246;265;2.048;1;
14;471;1645;282;0.393;0;
14;472;833;141;0.788;0;
14;473;539;25;2.171;1;
14;474;242;33;13.jan;1;
14;475;1490;116;1.526;1;
14;476;339;35;18.jan;1;
14;477;3500.551;623;1.241;1;
14;478;540;119;2.119;1;
14;479;664;99;1.625;1;
14;492;...;NA;…;0;
14;493;609;60;0.426;0;
14;494;975.376;153;0.413;0;
14;502;NA;NA;…;1;
14;503;14;4;0.83;0;
14;504;NA;NA;…;0;
14;511;NA;NA;…;0;
14;521;48;11;0.201;0;
14;522;525;61;0.282;0;
14;532;158;25;12.jan;1;
14;551;406;37;0.522;0;
14;552;NA;5;…;1;
14;559;327;11;2.574;1;
14;561;3276.415;412;1.149;1;
14;562;613;41;1.281;1;
14;563;376;87;0.492;0;
14;581;840;70;2.264;1;
14;582;323;36;1.794;1;
14;591;692.382;77;4.372;1;
14;592;54;6;3.843;1;
14;601;NA;NA;…;0;
14;602;522;9;5.014;1;
14;611;105;8;0.368;0;
14;612;...;NA;…;0;
14;613;NA;NA;…;1;
14;619;51;8;1.891;1;
14;620;2435.033;299;1.516;1;
14;631;345;61;1.137;1;
14;639;132;12;2.594;1;
14;641;NA;NA;…;0;
14;642;NA;9;…;1;
14;649;126;23;0.499;0;
14;651;NA;5;…;1;
14;653;15;4;1.95;1;
14;661;150;23;0.848;0;
14;662;211;51;1.131;1;
14;663;...;NA;…;0;
14;681;929;184;1.309;1;
14;682;1435.68;162;1.563;1;
14;683;737;107;1.534;1;
14;691;335;91;0.912;0;
14;692;1256.26;289;0.575;0;
14;701;161;23;1.084;1;
14;702;2096;289;2.033;1;
14;711;1408;204;1.305;1;
14;712;296;32;31.jan;1;
14;721;785;28;1.342;1;
14;722;33;9;0.318;0;
14;731;663;123;1.693;1;
14;732;127;32;1.36;1;
14;741;20;7;0.654;0;
14;742;56;13;0.737;0;
14;743;36;16;0.833;0;
14;749;425;87;1.129;1;
14;750;285;17;4.644;1;
14;771;142;16;1.579;1;
14;772;37;10;0.62;0;
14;773;83;19;0.493;0;
14;774;NA;NA;…;1;
14;781;334;19;0.994;0;
14;782;NA;22;…;1;
14;783;141;9;0.478;0;
14;791;191;30;0.955;0;
14;799;39;7;2.179;1;
14;801;3526;93;3.989;1;
14;802;592;50;1.428;1;
14;803;27;5;0.889;0;
14;811;336;23;0.797;0;
14;812;2693.248;127;2.064;1;
14;813;64;13;0.302;0;
14;821;265;39;1.179;1;
14;822;79;5;1.321;1;
14;823;180;38;1.758;1;
14;829;1170;144;1.038;1;
14;841;4411;20;0.345;0;
14;842;3358;8;29.jan;1;
14;851;777;37;0.48;0;
14;852;3667;72;0.776;0;
14;853;2447;38;0.892;0;
14;854;937;10;0.451;0;
14;855;669;100;1.646;1;
14;856;576;21;5.401;1;
14;861;2304;9;0.833;0;
14;862;2401.793;201;1.811;1;
14;869;197;37;0.289;0;
14;873;NA;NA;…;1;
14;879;NA;NA;…;1;
14;881;585;7;1.193;1;
14;889;528;13;0.716;0;
14;900;775;98;1.747;1;
14;910;748;7;1.368;1;
14;920;110;17;0.822;0;
14;931;2119;100;4.265;1;
14;932;252;39;0.792;0;
14;941;134;13;2.095;1;
14;942;56;9;1.545;1;
14;949;1381;52;1.555;1;
14;951;196;25;03.febr;1;
14;952;195;38;1.093;1;
14;960;623;167;0.664;0;
14;990;NA;NA;…;0;
15;11;27;6;0.05;0;
15;12;...;NA;…;0;
15;14;19;5;0.041;0;
15;15;NA;NA;…;0;
15;16;42;9;0.291;0;
15;21;NA;NA;…;0;
15;22;...;NA;…;0;
15;24;...;NA;…;0;
15;81;NA;NA;…;0;
15;101;351;10;0.896;0;
15;103;26;4;0.196;0;
15;104;NA;NA;…;0;
15;105;...;NA;…;0;
15;107;371;38;0.867;0;
15;108;NA;6;…;0;
15;110;106.908;10;0.655;0;
15;132;...;NA;…;0;
15;133;NA;NA;…;0;
15;139;260;15;1.112;1;
15;141;335;39;0.773;0;
15;143;100;6;2.598;1;
15;151;120;4;1.861;1;
15;152;...;NA;…;0;
15;161;48;4;0.585;0;
15;162;204;27;0.899;0;
15;171;NA;NA;…;0;
15;172;NA;NA;…;0;
15;181;717;52;3.238;1;
15;182;NA;NA;…;1;
15;192;NA;NA;…;0;
15;201;17;4;0.167;0;
15;203;NA;NA;…;0;
15;204;NA;NA;…;0;
15;205;...;NA;…;1;
15;211;...;NA;…;1;
15;222;96;14;0.204;0;
15;231;23;4;0.307;0;
15;234;NA;NA;…;0;
15;236;53;8;0.546;0;
15;237;...;NA;…;0;
15;239;...;NA;…;0;
15;242;NA;NA;…;1;
15;245;NA;NA;…;0;
15;251;519;45;1.272;1;
15;252;...;NA;…;0;
15;253;NA;NA;…;1;
15;256;775;50;1.939;1;
15;257;29;6;0.343;0;
15;259;56;6;0.433;0;
15;261;...;NA;…;0;
15;262;...;NA;…;0;
15;263;116;7;0.862;0;
15;264;NA;NA;…;0;
15;265;NA;NA;…;0;
15;271;324;9;1.875;1;
15;273;NA;NA;…;0;
15;274;...;NA;…;0;
15;275;...;NA;…;0;
15;279;39;5;0.598;0;
15;281;NA;4;…;1;
15;282;95;19;0.354;0;
15;284;...;NA;…;0;
15;289;38;5;0.28;0;
15;292;NA;NA;…;0;
15;293;143;6;0.162;0;
15;301;NA;NA;…;0;
15;302;NA;NA;…;1;
15;309;NA;NA;…;0;
15;310;230;27;0.868;0;
15;321;10;4;0.773;0;
15;323;NA;NA;…;0;
15;325;39;6;0.273;0;
15;329;35;8;0.384;0;
15;331;191;24;1.004;1;
15;332;124;11;2.215;1;
15;351;...;NA;…;0;
15;370;...;NA;…;0;
15;381;36;6;0.246;0;
15;382;...;NA;…;1;
15;383;...;NA;…;1;
15;411;159;30;1.692;1;
15;412;1838;266;1.661;1;
15;421;431;39;1.51;1;
15;422;1965.736;31;6.661;1;
15;429;122;16;1.777;1;
15;431;226;39;1.436;1;
15;432;1364;209;1.914;1;
15;433;585;117;1.697;1;
15;439;795;94;2.089;1;
15;451;603;157;1.349;1;
15;452;529;111;1.596;1;
15;453;200;43;1.095;1;
15;454;...;NA;…;0;
15;461;601;107;2.212;1;
15;462;56.833;14;0.469;0;
15;463;541;93;1.004;1;
15;464;1341;270;2.499;1;
15;465;176;30;2.187;1;
15;466;189;29;24.jan;1;
15;467;828;86;1.886;1;
15;469;894;101;1.981;1;
15;471;4987;212;2.896;1;
15;472;609;133;04.jan;1;
15;473;117;10;1.145;1;
15;474;171;33;1.94;1;
15;475;422;71;05.jan;1;
15;476;172;36;1.455;1;
15;477;1575;362;1.357;1;
15;478;196;64;1.869;1;
15;479;235.661;66;1.402;1;
15;493;275;51;0.468;0;
15;494;1350.509;152;1.389;1;
15;504;NA;NA;…;0;
15;521;133;20;1.351;1;
15;522;557;54;0.728;0;
15;531;NA;NA;…;0;
15;532;118;19;2.032;1;
15;551;53;10;0.165;0;
15;552;...;NA;…;0;
15;559;...;NA;…;0;
15;561;1410.908;239;1.202;1;
15;562;114;29;0.579;0;
15;563;380;74;1.209;1;
15;581;110;26;0.721;0;
15;582;52;12;0.702;0;
15;591;146;26;24.febr;1;
15;592;NA;NA;…;0;
15;601;NA;NA;…;0;
15;602;NA;NA;…;0;
15;611;38;10;0.324;0;
15;612;NA;NA;…;0;
15;613;NA;NA;…;1;
15;619;...;NA;…;1;
15;620;452;116;0.684;0;
15;631;98;31;0.784;0;
15;639;46;9;2.197;1;
15;642;...;NA;…;0;
15;649;...;NA;…;0;
15;661;59;17;0.81;0;
15;662;73;29;0.951;0;
15;681;448;106;1.534;1;
15;682;271.083;56;0.717;0;
15;683;261;56;1.32;1;
15;691;54;12;0.357;0;
15;692;430.5;141;0.479;0;
15;701;37;8;0.605;0;
15;702;448;99;1.056;1;
15;711;413;98;0.93;0;
15;712;152;17;1.634;1;
15;721;112;10;0.465;0;
15;722;NA;NA;…;0;
15;731;287;54;1.781;1;
15;732;66;8;1.717;1;
15;741;12;5;0.954;0;
15;742;20;7;0.639;0;
15;743;19;6;1.068;1;
15;749;148;31;0.956;0;
15;750;42;8;1.663;1;
15;771;69;8;1.864;1;
15;772;41;6;1.669;1;
15;773;208;22;3.004;1;
15;774;NA;NA;…;0;
15;781;259;11;1.872;1;
15;782;760;16;1.065;1;
15;783;NA;NA;…;1;
15;791;64;11;0.777;0;
15;799;...;NA;…;0;
15;801;3296;99;9.061;1;
15;802;515;36;3.018;1;
15;803;77;6;6.163;1;
15;811;94;22;0.542;0;
15;812;1290;127;2.402;1;
15;813;33;10;0.379;0;
15;821;47;17;0.508;0;
15;822;NA;NA;…;0;
15;823;99;13;2.349;1;
15;829;536;82;1.156;1;
15;841;560;4;0.106;0;
15;851;460;17;0.69;0;
15;852;3046;37;1.566;1;
15;853;343;12;0.304;0;
15;854;...;NA;…;0;
15;855;110;34;0.658;0;
15;856;...;NA;…;0;
15;861;NA;NA;…;0;
15;862;594;73;1.089;1;
15;869;47;14;0.168;0;
15;873;NA;4;…;1;
15;879;...;NA;…;1;
15;881;...;NA;…;0;
15;889;449;6;1.48;1;
15;900;170;24;0.931;0;
15;910;...;NA;…;0;
15;920;...;NA;…;0;
15;931;130;30;0.636;0;
15;932;71;7;0.542;0;
15;942;...;NA;…;1;
15;949;122;10;0.334;0;
15;951;44;17;1.108;1;
15;952;66;19;0.899;0;
15;960;465;99;1.204;1;
15;990;NA;NA;…;1;
16;11;25;7;0.074;0;
16;12;...;NA;…;0;
16;14;84;13;0.296;0;
16;15;NA;NA;…;0;
16;16;23;6;0.258;0;
16;24;NA;NA;…;0;
16;81;...;NA;…;0;
16;99;NA;NA;…;1;
16;101;...;NA;…;0;
16;103;...;NA;…;0;
16;106;...;NA;…;0;
16;107;209;27;0.791;0;
16;108;39;7;0.393;0;
16;110;25;4;0.248;0;
16;133;40;6;04.jún;1;
16;139;76;21;0.526;0;
16;141;325.503;47;1.217;1;
16;142;NA;NA;…;1;
16;143;106;17;4.458;1;
16;151;26;6;0.653;0;
16;152;...;NA;…;0;
16;161;61;5;1.204;1;
16;162;266;31;1.897;1;
16;172;60;6;0.491;0;
16;181;488;60;3.568;1;
16;182;NA;NA;…;0;
16;201;...;NA;…;0;
16;203;NA;NA;…;0;
16;204;18;4;0.617;0;
16;205;NA;NA;…;1;
16;221;...;NA;…;0;
16;222;161;27;0.555;0;
16;231;...;NA;…;0;
16;233;...;NA;…;1;
16;234;NA;NA;…;0;
16;235;NA;NA;…;0;
16;236;...;NA;…;0;
16;237;...;NA;…;0;
16;239;NA;NA;…;0;
16;245;...;NA;…;0;
16;251;265;34;1.052;1;
16;252;41;7;1.221;1;
16;255;...;NA;…;0;
16;256;281;30;1.138;1;
16;257;247;12;4.729;1;
16;259;71;14;0.888;0;
16;261;77;6;0.518;0;
16;262;NA;NA;…;0;
16;263;34;6;0.409;0;
16;264;NA;NA;…;0;
16;265;124;11;3.866;1;
16;266;...;NA;…;1;
16;271;32;6;0.3;0;
16;272;NA;NA;…;1;
16;274;...;NA;…;1;
16;279;188;10;4.663;1;
16;281;...;NA;…;0;
16;282;254;26;1.532;1;
16;284;NA;NA;…;0;
16;289;77;12;0.92;0;
16;291;115;4;0.992;0;
16;292;...;NA;…;1;
16;293;36;7;0.066;0;
16;301;NA;NA;…;1;
16;302;NA;NA;…;0;
16;309;NA;NA;…;1;
16;310;287;37;1.753;1;
16;321;24;4;3.004;1;
16;322;NA;NA;…;1;
16;324;30;4;1.058;1;
16;325;61;9;0.691;0;
16;329;64;9;1.136;1;
16;331;187;26;1.591;1;
16;332;62;7;1.793;1;
16;353;NA;NA;…;0;
16;360;NA;NA;…;0;
16;370;28;6;0.761;0;
16;381;38;7;0.421;0;
16;382;...;NA;…;0;
16;383;...;NA;…;0;
16;411;138;30;2.378;1;
16;412;1595;188;2.334;1;
16;421;381;41;2.161;1;
16;422;323.217;35;1.773;1;
16;429;86;8;2.028;1;
16;431;106;23;1.091;1;
16;432;1024;181;2.326;1;
16;433;401;83;1.884;1;
16;439;505;69;2.149;1;
16;451;608;128;2.202;1;
16;452;704;132;3.438;1;
16;453;133;33;1.179;1;
16;454;11;5;1.337;1;
16;461;423;78;2.521;1;
16;462;19;5;0.254;0;
16;463;339;41;1.018;1;
16;464;683;151;2.061;1;
16;465;163;26;28.márc;1;
16;466;165;31;1.753;1;
16;467;431;70;1.589;1;
16;469;604;107;2.166;1;
16;471;736;160;0.692;0;
16;472;632;89;2.353;1;
16;473;56;9;0.887;0;
16;474;99;20;1.818;1;
16;475;335;74;1.349;1;
16;476;115;33;1.575;1;
16;477;1196.494;242;1.669;1;
16;478;140;40;2.161;1;
16;479;194;49;1.868;1;
16;493;114;27;0.314;0;
16;494;567;97;0.944;0;
16;503;NA;NA;…;1;
16;521;104;14;1.711;1;
16;522;151;32;0.319;0;
16;531;NA;NA;…;0;
16;532;78;12;2.175;1;
16;551;189;9;0.955;0;
16;552;...;NA;…;0;
16;553;...;NA;…;1;
16;559;13;4;0.403;0;
16;561;979;153;1.351;1;
16;562;321;23;2.639;1;
16;563;181;46;0.932;0;
16;581;76;18;0.806;0;
16;582;145;21;3.169;1;
16;591;45;15;1.118;1;
16;592;17;4;4.759;1;
16;601;NA;NA;…;0;
16;602;...;NA;…;0;
16;611;17;6;0.234;0;
16;612;...;NA;…;0;
16;619;NA;NA;…;0;
16;620;494;119;21.jan;1;
16;631;209;28;2.709;1;
16;639;21;6;1.624;1;
16;642;NA;NA;…;0;
16;649;NA;NA;…;0;
16;661;25;9;0.556;0;
16;662;87;26;1.834;1;
16;681;259;70;1.436;1;
16;682;371;67;1.589;1;
16;683;209;46;1.711;1;
16;691;42;18;0.45;0;
16;692;493;165;0.888;0;
16;701;25;8;0.662;0;
16;702;310;99;1.183;1;
16;711;432.027;100;1.576;1;
16;712;89;23;1.549;1;
16;721;59;14;0.397;0;
16;722;...;NA;…;0;
16;731;166;42;1.668;1;
16;732;NA;NA;…;0;
16;741;...;NA;…;0;
16;742;35;9;1.811;1;
16;743;10;5;0.91;0;
16;749;162;36;1.693;1;
16;750;...;NA;…;0;
16;771;21;6;0.919;0;
16;772;...;NA;…;0;
16;773;60;13;1.403;1;
16;774;NA;NA;…;0;
16;781;47;10;0.55;0;
16;782;1482;12;3.361;1;
16;783;...;NA;…;0;
16;791;44;13;0.865;0;
16;799;NA;NA;…;0;
16;801;262;31;1.166;1;
16;802;147;23;1.395;1;
16;803;...;NA;…;1;
16;811;124;11;1.157;1;
16;812;1402;56;4.227;1;
16;813;62;20;1.152;1;
16;821;150;13;2.625;1;
16;823;57;10;19.febr;1;
16;829;379;66;1.323;1;
16;841;447;5;0.137;0;
16;842;NA;NA;…;0;
16;851;525;15;1.275;1;
16;852;979;20;0.815;0;
16;853;214;8;0.307;0;
16;854;NA;NA;…;0;
16;855;157;53;1.52;1;
16;856;35;6;1.291;1;
16;861;NA;4;…;0;
16;862;627;118;1.86;1;
16;869;91;13;0.525;0;
16;873;NA;NA;…;0;
16;881;...;NA;…;1;
16;889;177;11;0.945;0;
16;900;90;25;0.798;0;
16;910;...;NA;…;0;
16;920;81;10;2.38;1;
16;931;155;29;1.227;1;
16;932;77;11;0.952;0;
16;941;NA;NA;…;0;
16;949;61;12;0.27;0;
16;951;24;8;0.978;0;
16;952;56;17;1.235;1;
16;960;324;98;1.358;1;
17;11;61;12;0.234;0;
17;12;NA;NA;…;0;
17;14;12;4;0.055;0;
17;15;NA;NA;…;0;
17;16;34;8;0.493;0;
17;17;NA;NA;…;0;
17;21;NA;NA;…;0;
17;24;NA;NA;…;0;
17;31;NA;NA;…;0;
17;81;NA;NA;…;0;
17;101;23;4;0.123;0;
17;103;NA;NA;…;1;
17;104;NA;NA;…;0;
17;105;...;NA;…;0;
17;107;377;32;1.845;1;
17;108;23;5;0.3;0;
17;109;25;4;0.619;0;
17;110;26;7;0.333;0;
17;139;69;13;0.618;0;
17;141;251;38;1.214;1;
17;143;NA;NA;…;0;
17;151;16;4;0.52;0;
17;152;...;NA;…;0;
17;161;...;NA;…;0;
17;162;186;26;1.716;1;
17;172;71;4;0.752;0;
17;181;65;19;0.615;0;
17;201;NA;NA;…;0;
17;203;NA;NA;…;0;
17;204;NA;NA;…;0;
17;205;NA;NA;…;0;
17;211;NA;NA;…;0;
17;221;NA;NA;…;0;
17;222;112;14;0.499;0;
17;232;NA;NA;…;0;
17;234;...;NA;…;0;
17;235;NA;NA;…;0;
17;236;68;10;1.468;1;
17;245;NA;NA;…;1;
17;251;245;31;1.258;1;
17;252;NA;NA;…;0;
17;255;...;NA;…;0;
17;256;158;23;0.828;0;
17;257;24;5;0.595;0;
17;259;72;13;1.166;1;
17;261;...;NA;…;0;
17;262;23;6;0.453;0;
17;263;...;NA;…;0;
17;264;NA;NA;…;0;
17;265;14;5;0.565;0;
17;266;NA;NA;…;0;
17;267;...;NA;…;0;
17;271;77;4;0.934;0;
17;274;...;NA;…;1;
17;279;...;NA;…;0;
17;281;NA;NA;…;0;
17;282;281;31;2.193;1;
17;289;...;NA;…;1;
17;292;...;NA;…;1;
17;293;NA;NA;…;0;
17;309;NA;NA;…;0;
17;310;193;29;1.526;1;
17;321;21;6;3.402;1;
17;322;NA;NA;…;1;
17;324;...;NA;…;0;
17;325;...;NA;…;0;
17;329;...;NA;…;0;
17;331;67;23;0.738;0;
17;332;20;7;0.748;0;
17;360;NA;NA;…;0;
17;370;NA;NA;…;0;
17;381;17;4;0.244;0;
17;382;...;NA;…;0;
17;383;24;4;1.393;1;
17;390;...;NA;…;0;
17;411;129;21;2.877;1;
17;412;1050;134;1.988;1;
17;421;118;16;0.866;0;
17;422;227;36;1.611;1;
17;429;63;7;1.922;1;
17;431;102;29;1.358;1;
17;432;783;178;2.301;1;
17;433;332;88;2.018;1;
17;439;465;71;2.56;1;
17;451;1027;83;4.814;1;
17;452;572;109;3.615;1;
17;453;168;37;1.928;1;
17;454;20;4;3.145;1;
17;461;219;44;1.689;1;
17;462;102;13;1.762;1;
17;463;421;55;1.637;1;
17;464;357;72;1.394;1;
17;465;48;10;25.jan;1;
17;466;183;25;2.515;1;
17;467;569;58;2.715;1;
17;469;366;57;1.699;1;
17;471;754;163;0.917;0;
17;472;446;105;2.149;1;
17;473;54;7;1.107;1;
17;474;127;24;3.019;1;
17;475;433;66;2.257;1;
17;476;66;24;17.jan;1;
17;477;801;171;1.446;1;
17;478;96;35;1.918;1;
17;479;230;63;2.866;1;
17;493;70;20;0.25;0;
17;494;802.487;124;1.729;1;
17;502;NA;NA;…;1;
17;504;NA;NA;…;1;
17;521;41;9;0.873;0;
17;522;469;43;1.283;1;
17;532;40;12;1.443;1;
17;551;136;8;0.89;0;
17;552;NA;NA;…;0;
17;559;...;NA;…;0;
17;561;781;163;1.394;1;
17;562;270;25;2.873;1;
17;563;121;36;0.806;0;
17;581;58;16;0.796;0;
17;582;19;9;0.537;0;
17;591;49;13;1.575;1;
17;592;NA;NA;…;1;
17;602;NA;NA;…;0;
17;611;26;7;0.464;0;
17;612;NA;NA;…;0;
17;619;NA;NA;…;1;
17;620;354;77;1.122;1;
17;631;60;18;1.006;1;
17;639;25;9;2.501;1;
17;651;NA;NA;…;0;
17;661;33;9;0.949;0;
17;662;60;24;1.637;1;
17;681;251;59;1.801;1;
17;682;159;45;0.881;0;
17;683;112;36;1.187;1;
17;691;42;12;0.582;0;
17;692;395;136;0.921;0;
17;701;69;6;2.365;1;
17;702;332;83;1.639;1;
17;711;264;72;1.246;1;
17;712;35;11;0.788;0;
17;721;89;12;0.774;0;
17;722;...;NA;…;0;
17;731;123;32;1.599;1;
17;732;...;NA;…;0;
17;741;22;8;3.664;1;
17;742;20;7;1.339;1;
17;743;24;8;2.826;1;
17;749;140;32;1.894;1;
17;750;56;9;4.645;1;
17;771;30;9;1.698;1;
17;772;21;4;1.791;1;
17;773;60;4;1.815;1;
17;774;NA;NA;…;1;
17;781;74;7;1.121;1;
17;782;NA;NA;…;1;
17;791;16;6;0.407;0;
17;799;...;NA;…;1;
17;801;192;25;1.106;1;
17;802;37;9;0.454;0;
17;811;35;5;0.423;0;
17;812;384;66;1.498;1;
17;813;95;15;2.284;1;
17;821;50;17;1.132;1;
17;823;21;6;1.044;1;
17;829;232;50;1.048;1;
17;841;559;4;0.222;0;
17;851;508;23;1.596;1;
17;852;1096;18;18.jan;1;
17;853;161;10;0.299;0;
17;854;NA;NA;…;0;
17;855;163;41;2.042;1;
17;856;62;7;2.959;1;
17;861;NA;NA;…;0;
17;862;324;71;1.244;1;
17;869;54;15;0.403;0;
17;873;NA;4;…;0;
17;889;NA;7;…;1;
17;900;115;28;1.32;1;
17;910;NA;NA;…;0;
17;920;36;13;1.369;1;
17;931;128;25;1.311;1;
17;932;97;9;1.552;1;
17;949;136;17;0.78;0;
17;951;51;11;2.689;1;
17;952;60;22;1.713;1;
17;960;485;122;2.631;1;
18;11;43;9;0.083;0;
18;12;NA;NA;…;0;
18;13;NA;NA;…;0;
18;14;40;5;0.092;0;
18;15;NA;NA;…;0;
18;16;30;9;0.22;0;
18;17;NA;NA;…;0;
18;22;NA;NA;…;0;
18;81;NA;NA;…;0;
18;89;NA;NA;…;1;
18;101;126;7;0.34;0;
18;103;...;NA;…;0;
18;105;...;NA;…;0;
18;106;NA;NA;…;0;
18;107;386;32;0.954;0;
18;108;52;12;0.343;0;
18;110;48;6;0.311;0;
18;132;17;4;0.684;0;
18;133;NA;NA;…;0;
18;139;284;22;1.284;1;
18;141;1059.682;58;2.588;1;
18;142;NA;NA;…;0;
18;143;67;7;1.841;1;
18;151;NA;NA;…;0;
18;161;25;5;0.322;0;
18;162;118;28;0.55;0;
18;171;NA;NA;…;0;
18;172;48;6;0.257;0;
18;181;153;44;0.731;0;
18;182;...;NA;…;1;
18;201;NA;NA;…;0;
18;203;NA;NA;…;0;
18;204;14;4;0.313;0;
18;205;...;NA;…;0;
18;211;NA;NA;…;0;
18;221;NA;NA;…;0;
18;222;332;30;0.747;0;
18;231;21;5;0.297;0;
18;234;...;NA;…;0;
18;236;116;8;1.264;1;
18;241;NA;NA;…;1;
18;245;...;NA;…;0;
18;251;287;40;0.744;0;
18;252;...;NA;…;0;
18;253;NA;NA;…;0;
18;255;...;NA;…;0;
18;256;202;29;0.535;0;
18;257;303;13;3.79;1;
18;259;93;9;0.76;0;
18;261;NA;7;…;1;
18;262;NA;NA;…;0;
18;263;24;5;0.189;0;
18;264;NA;NA;…;0;
18;265;...;NA;…;0;
18;266;134;5;6.226;1;
18;267;NA;NA;…;0;
18;271;61;5;0.373;0;
18;274;...;NA;…;0;
18;275;NA;NA;…;0;
18;279;13;4;0.211;0;
18;281;NA;NA;…;0;
18;282;145;24;0.571;0;
18;284;NA;NA;…;0;
18;289;49;8;0.383;0;
18;291;NA;NA;…;0;
18;292;NA;NA;…;0;
18;293;...;NA;…;0;
18;301;...;NA;…;1;
18;303;NA;NA;…;1;
18;310;200;33;0.798;0;
18;321;NA;NA;…;0;
18;323;NA;NA;…;0;
18;324;15;5;0.346;0;
18;325;69;7;0.511;0;
18;329;42;6;0.487;0;
18;331;891;22;4.953;1;
18;332;26;5;0.491;0;
18;351;NA;NA;…;0;
18;360;...;NA;…;0;
18;370;33;7;0.586;0;
18;381;164;8;1.187;1;
18;382;NA;4;…;1;
18;383;21;4;0.615;0;
18;390;NA;NA;…;0;
18;411;71;19;0.799;0;
18;412;1196;171;1.144;1;
18;421;226;21;0.838;0;
18;422;239;45;0.857;0;
18;429;45;6;0.693;0;
18;431;177;32;19.jan;1;
18;432;1074;195;1.594;1;
18;433;404;109;24.jan;1;
18;439;422;74;1.173;1;
18;451;853;152;2.019;1;
18;452;611;147;1.949;1;
18;453;290;55;1.68;1;
18;454;19;6;1.509;1;
18;461;315;84;1.226;1;
18;462;86;16;0.75;0;
18;463;678;101;1.331;1;
18;464;720;147;1.419;1;
18;465;167;17;2.195;1;
18;466;95;21;0.659;0;
18;467;408;67;0.983;0;
18;469;873;113;2.046;1;
18;471;1235;204;0.759;0;
18;472;867;159;2.109;1;
18;473;64;8;0.663;0;
18;474;69;21;0.828;0;
18;475;406;87;1.068;1;
18;476;168;33;1.503;1;
18;477;1082;270;0.986;0;
18;478;118;46;19.jan;1;
18;479;227;50;1.428;1;
18;493;486;42;0.875;0;
18;494;1367;146;1.487;1;
18;512;NA;4;…;1;
18;521;39;9;0.419;0;
18;522;7694;72;10.63;1;
18;532;NA;14;…;1;
18;551;135;8;0.446;0;
18;552;...;NA;…;0;
18;553;...;NA;…;1;
18;559;31;6;0.627;0;
18;561;1278;198;1.152;1;
18;562;113;18;0.607;0;
18;563;173;60;0.582;0;
18;581;51;15;0.353;0;
18;582;84;15;1.199;1;
18;591;42;15;0.682;0;
18;592;NA;NA;…;0;
18;602;NA;NA;…;0;
18;611;57;7;0.513;0;
18;612;NA;NA;…;0;
18;620;470;101;0.752;0;
18;631;97;33;0.821;0;
18;639;NA;4;…;1;
18;642;...;NA;…;0;
18;649;...;NA;…;0;
18;651;NA;NA;…;0;
18;661;50;17;0.726;0;
18;662;93;23;1.281;1;
18;681;380;90;1.377;1;
18;682;360;71;1.007;1;
18;683;746;51;3.99;1;
18;691;93;22;0.651;0;
18;692;460;140;0.541;0;
18;701;NA;NA;…;1;
18;702;434;87;1.082;1;
18;711;414;101;0.986;0;
18;712;88;17;1.001;1;
18;721;48;10;0.211;0;
18;722;...;NA;…;0;
18;731;128;31;0.84;0;
18;732;34;10;0.936;0;
18;741;...;NA;…;1;
18;742;24;8;0.811;0;
18;743;11;5;0.654;0;
18;749;96;31;0.656;0;
18;750;51;9;2.136;1;
18;771;19;6;0.543;0;
18;772;40;12;1.722;1;
18;773;90;11;1.375;1;
18;781;115;8;0.879;0;
18;782;451;11;0.668;0;
18;783;1139;5;9.931;1;
18;791;38;12;0.488;0;
18;801;835;56;2.428;1;
18;802;225;32;1.395;1;
18;803;NA;NA;…;1;
18;811;270;25;1.646;1;
18;812;878;110;1.729;1;
18;813;35;10;0.425;0;
18;821;60;21;0.686;0;
18;822;...;NA;…;0;
18;823;29;11;0.728;0;
18;829;389;86;0.887;0;
18;841;1113;8;0.224;0;
18;842;...;NA;…;1;
18;851;658;26;1.044;1;
18;852;2183;43;1.187;1;
18;853;495;14;0.464;0;
18;854;43;7;0.053;0;
18;855;90;34;0.569;0;
18;856;120;6;2.892;1;
18;861;...;NA;…;0;
18;862;979;109;1.898;1;
18;869;106;19;0.4;0;
18;871;NA;NA;…;0;
18;873;...;NA;…;0;
18;879;82;4;0.559;0;
18;881;323;8;1.693;1;
18;889;381;7;1.329;1;
18;900;78;27;0.452;0;
18;910;...;NA;…;0;
18;920;38;11;0.73;0;
18;931;153;30;0.791;0;
18;932;139;15;1.123;1;
18;949;104;11;0.301;0;
18;951;NA;11;…;1;
18;952;98;32;1.412;1;
18;960;453;152;1.241;1;
19;11;20;4;0.088;0;
19;14;...;NA;…;0;
19;16;31;7;0.512;0;
19;24;NA;NA;…;0;
19;32;NA;NA;…;1;
19;101;...;NA;…;0;
19;103;NA;NA;…;0;
19;105;NA;NA;…;0;
19;106;NA;NA;…;0;
19;107;151;15;0.842;0;
19;108;84;8;1.249;1;
19;110;...;NA;…;0;
19;131;...;NA;…;0;
19;132;NA;NA;…;0;
19;133;NA;NA;…;0;
19;139;13;5;0.133;0;
19;141;166;21;0.915;0;
19;143;...;NA;…;1;
19;151;NA;NA;…;0;
19;152;NA;NA;…;0;
19;161;NA;NA;…;0;
19;162;78;10;0.82;0;
19;172;...;NA;…;0;
19;181;94;21;1.014;1;
19;201;NA;NA;…;0;
19;204;...;NA;…;0;
19;211;NA;NA;…;0;
19;221;NA;NA;…;0;
19;222;54;7;0.274;0;
19;231;NA;NA;…;0;
19;233;NA;NA;…;0;
19;234;...;NA;…;0;
19;236;38;4;0.935;0;
19;237;...;NA;…;0;
19;239;NA;NA;…;1;
19;241;NA;NA;…;0;
19;251;91;10;0.533;0;
19;252;...;NA;…;1;
19;255;NA;NA;…;0;
19;256;122;16;0.729;0;
19;257;...;NA;…;0;
19;259;50;5;0.923;0;
19;262;NA;NA;…;0;
19;263;...;NA;…;0;
19;264;NA;NA;…;0;
19;265;67;8;08.márc;1;
19;266;NA;NA;…;1;
19;267;NA;NA;…;0;
19;271;...;NA;…;0;
19;274;NA;NA;…;1;
19;275;NA;NA;…;0;
19;279;NA;NA;…;0;
19;282;97;17;0.863;0;
19;284;NA;NA;…;0;
19;289;...;NA;…;0;
19;292;NA;NA;…;0;
19;293;NA;NA;…;0;
19;301;...;NA;…;1;
19;309;NA;NA;…;1;
19;310;89;17;0.802;0;
19;321;NA;NA;…;0;
19;323;NA;NA;…;0;
19;324;NA;NA;…;0;
19;325;51;11;0.852;0;
19;329;10;5;0.262;0;
19;331;53;17;0.665;0;
19;332;28;9;1.194;1;
19;353;...;NA;…;0;
19;370;...;NA;…;0;
19;383;...;NA;…;0;
19;411;57;16;1.449;1;
19;412;614;86;1.325;1;
19;421;107;12;0.895;0;
19;422;128;18;1.036;1;
19;429;NA;NA;…;0;
19;431;198;24;3.004;1;
19;432;678;125;2.271;1;
19;433;169;42;1.171;1;
19;439;264;40;1.657;1;
19;451;367;78;1.961;1;
19;452;236;48;07.jan;1;
19;453;190;25;2.485;1;
19;454;NA;NA;…;1;
19;461;166;41;1.459;1;
19;462;62;11;1.221;1;
19;463;234;35;1.037;1;
19;464;813;128;3.617;1;
19;465;62;10;1.84;1;
19;466;111;17;1.739;1;
19;467;327;35;1.778;1;
19;469;399;69;11.febr;1;
19;471;836;149;1.159;1;
19;472;510;111;08.febr;1;
19;473;...;NA;…;0;
19;474;16;6;0.433;0;
19;475;186;40;1.105;1;
19;476;44;12;0.889;0;
19;477;1159;202;2.384;1;
19;478;125;44;2.846;1;
19;479;115;38;1.633;1;
19;493;196;30;0.796;0;
19;494;388;69;0.953;0;
19;504;NA;NA;…;0;
19;511;NA;NA;…;1;
19;521;127;5;3.081;1;
19;522;436;23;1.36;1;
19;531;...;NA;…;0;
19;532;35;5;1.439;1;
19;551;274;8;2.043;1;
19;552;35;5;3.245;1;
19;559;68;4;3.106;1;
19;561;758;131;1.542;1;
19;562;844;20;10.233;1;
19;563;84;27;0.638;0;
19;581;46;15;0.719;0;
19;582;116;15;3.738;1;
19;591;49;14;1.795;1;
19;592;NA;NA;…;0;
19;601;NA;NA;…;0;
19;602;NA;NA;…;0;
19;611;NA;NA;…;0;
19;619;15;4;3.227;1;
19;620;219;55;0.791;0;
19;631;78;24;1.491;1;
19;639;25;7;2.851;1;
19;642;NA;NA;…;0;
19;649;NA;NA;…;0;
19;661;24;8;0.787;0;
19;662;49;21;1.523;1;
19;681;241;49;1.971;1;
19;682;211;42;1.332;1;
19;683;96;30;1.159;1;
19;691;50;14;0.79;0;
19;692;211;80;0.56;0;
19;701;115;5;4.491;1;
19;702;314.037;65;1.767;1;
19;711;287;63;1.544;1;
19;712;23;7;0.59;0;
19;721;55;8;0.545;0;
19;722;...;NA;…;0;
19;731;148;29;2.193;1;
19;732;31;6;1.926;1;
19;741;...;NA;…;1;
19;742;35;7;2.671;1;
19;743;20;7;2.684;1;
19;749;96;20;1.48;1;
19;750;26;5;2.458;1;
19;771;17;4;1.097;1;
19;772;...;NA;…;0;
19;773;10;5;0.345;0;
19;774;...;NA;…;1;
19;781;136;7;2.347;1;
19;782;NA;NA;…;0;
19;783;...;NA;…;0;
19;791;36;11;1.044;1;
19;801;676;41;4.437;1;
19;802;123;24;1.721;1;
19;803;NA;NA;…;1;
19;811;121;12;1.665;1;
19;812;620;64;2.757;1;
19;813;...;NA;…;0;
19;821;175;14;4.516;1;
19;823;...;NA;…;0;
19;829;196;43;1.009;1;
19;841;384;4;0.174;0;
19;842;NA;NA;…;0;
19;851;379;16;1.357;1;
19;852;979;24;1.201;1;
19;853;381;13;0.805;0;
19;854;...;NA;…;0;
19;855;143;35;2.042;1;
19;856;46;5;2.502;1;
19;862;458;70;2.004;1;
19;869;26;8;0.221;0;
19;871;NA;NA;…;0;
19;879;NA;NA;…;0;
19;881;209;8;2.473;1;
19;889;250;7;1.968;1;
19;900;94;24;1.229;1;
19;910;NA;NA;…;0;
19;920;15;4;0.65;0;
19;931;258;19;3.013;1;
19;932;54;6;0.985;0;
19;941;...;NA;…;0;
19;949;206;12;1.346;1;
19;951;55;9;3.305;1;
19;952;77;19;2.505;1;
19;960;309;83;1.911;1;
20;11;NA;NA;…;0;
20;12;NA;NA;…;0;
20;15;NA;NA;…;0;
20;16;45;6;0.716;0;
20;81;...;NA;…;0;
20;101;...;NA;…;0;
20;106;NA;NA;…;0;
20;107;118;16;0.634;0;
20;108;20;5;0.286;0;
20;110;...;NA;…;0;
20;133;NA;NA;…;1;
20;139;51;9;0.501;0;
20;141;278;29;1.475;1;
20;143;57;10;3.403;1;
20;151;24;4;0.855;0;
20;161;47;5;1.317;1;
20;162;125;11;1.265;1;
20;172;...;NA;…;0;
20;181;127;21;1.318;1;
20;182;...;NA;…;1;
20;201;NA;NA;…;0;
20;204;NA;NA;…;0;
20;205;NA;NA;…;0;
20;221;NA;NA;…;0;
20;222;246;16;1.203;1;
20;231;NA;NA;…;0;
20;234;...;NA;…;0;
20;235;NA;NA;…;0;
20;236;...;NA;…;0;
20;237;...;NA;…;1;
20;241;NA;NA;…;0;
20;244;...;NA;…;0;
20;245;NA;NA;…;0;
20;251;134;24;0.755;0;
20;252;...;NA;…;0;
20;256;221;25;1.271;1;
20;257;53;10;1.44;1;
20;259;...;NA;…;0;
20;261;NA;NA;…;0;
20;262;NA;NA;…;0;
20;263;...;NA;…;0;
20;265;NA;NA;…;0;
20;267;17;4;3.91;1;
20;271;NA;4;…;1;
20;272;NA;NA;…;1;
20;274;...;NA;…;0;
20;275;NA;NA;…;0;
20;279;49;7;1.725;1;
20;281;NA;NA;…;0;
20;282;20;5;0.171;0;
20;284;99;4;10.696;1;
20;289;169;6;2.867;1;
20;293;NA;NA;…;0;
20;301;...;NA;…;1;
20;309;NA;NA;…;0;
20;310;235;26;2.038;1;
20;321;...;NA;…;1;
20;322;NA;NA;…;1;
20;323;NA;NA;…;1;
20;324;NA;NA;…;0;
20;325;26;7;0.418;0;
20;329;45;9;1.133;1;
20;331;85;20;1.027;1;
20;332;23;4;0.944;0;
20;351;NA;NA;…;1;
20;370;...;NA;…;0;
20;381;82;5;1.289;1;
20;383;...;NA;…;0;
20;411;83;15;03.febr;1;
20;412;776;120;1.612;1;
20;421;122;17;0.982;0;
20;422;203;30;1.581;1;
20;429;...;NA;…;0;
20;431;65;13;0.949;0;
20;432;791;143;2.55;1;
20;433;390;72;2.601;1;
20;439;349;53;2.108;1;
20;451;249.543;68;1.283;1;
20;452;303;82;2.101;1;
20;453;132;34;1.662;1;
20;454;...;NA;…;1;
20;461;161;46;1.362;1;
20;462;...;NA;…;0;
20;463;223;31;0.951;0;
20;464;369;75;1.58;1;
20;465;10;4;0.286;0;
20;466;55;10;0.829;0;
20;467;201;38;1.052;1;
20;469;412;62;2.098;1;
20;471;597;129;0.797;0;
20;472;337;75;1.781;1;
20;473;35;4;0.787;0;
20;474;249;18;6.492;1;
20;475;310;58;1.772;1;
20;476;49;17;0.953;0;
20;477;1351;263;2.675;1;
20;478;100;37;2.192;1;
20;479;128;37;1.75;1;
20;493;84;24;0.328;0;
20;494;385.601;70;0.911;0;
20;503;...;NA;…;1;
20;511;...;NA;…;1;
20;521;25;6;0.584;0;
20;522;95;20;0.285;0;
20;532;41;8;1.623;1;
20;551;...;NA;…;0;
20;559;...;NA;…;0;
20;561;834;154;1.633;1;
20;562;113;21;1.319;1;
20;563;99;37;0.724;0;
20;581;15;4;0.226;0;
20;582;21;7;0.651;0;
20;591;18;8;0.635;0;
20;592;...;NA;…;1;
20;602;...;NA;…;0;
20;611;...;NA;…;0;
20;620;194;55;0.674;0;
20;631;64;14;1.177;1;
20;639;8;4;0.878;0;
20;649;NA;NA;…;1;
20;661;28;9;0.884;0;
20;662;38;15;1.137;1;
20;681;129;26;1.015;1;
20;682;248;40;1.507;1;
20;683;145;26;1.685;1;
20;691;46;10;0.699;0;
20;692;279;86;0.713;0;
20;701;11;4;0.414;0;
20;702;239;58;1.295;1;
20;711;540;56;2.796;1;
20;712;38;11;0.939;0;
20;721;94;7;0.897;0;
20;731;136;21;1.94;1;
20;732;15;4;0.897;0;
20;741;...;NA;…;1;
20;742;NA;NA;…;0;
20;743;9;4;1.163;1;
20;749;100.768;21;1.495;1;
20;750;18;6;1.638;1;
20;771;...;NA;…;0;
20;772;13;5;1.216;1;
20;773;34;8;1.129;1;
20;774;NA;NA;…;1;
20;781;39;6;0.648;0;
20;782;100;4;0.322;0;
20;783;NA;NA;…;0;
20;791;11;4;0.307;0;
20;799;NA;NA;…;0;
20;801;684;27;4.322;1;
20;802;223;22;3.004;1;
20;811;18;5;0.238;0;
20;812;1040;63;4.451;1;
20;813;21;8;0.554;0;
20;821;22;7;0.546;0;
20;822;NA;NA;…;0;
20;823;18;6;0.982;0;
20;829;283;47;1.402;1;
20;841;463;4;0.202;0;
20;851;500;14;1.724;1;
20;852;629;16;0.743;0;
20;853;575;17;17.jan;1;
20;854;NA;NA;…;0;
20;855;52;18;0.715;0;
20;856;60;5;3.142;1;
20;861;NA;NA;…;1;
20;862;160;55;0.674;0;
20;869;NA;12;…;1;
20;873;253;7;1.092;1;
20;881;...;NA;…;1;
20;889;...;NA;…;1;
20;900;45;17;0.567;0;
20;910;...;NA;…;0;
20;920;17;5;0.709;0;
20;931;140;18;1.574;1;
20;932;66;7;1.159;1;
20;949;48;7;0.302;0;
20;951;31;6;1.793;1;
20;952;108;20;3.382;1;
20;960;243;84;1.446;1;
21;11;31;6;0.076;0;
21;14;NA;NA;…;0;
21;16;77;7;0.715;0;
21;24;...;NA;…;0;
21;89;NA;NA;…;1;
21;101;111;6;0.38;0;
21;103;NA;NA;…;0;
21;105;NA;NA;…;0;
21;106;...;NA;…;1;
21;107;212;21;0.664;0;
21;108;149;12;1.245;1;
21;110;...;NA;…;0;
21;131;...;NA;…;1;
21;132;83;4;4.237;1;
21;133;...;NA;…;1;
21;139;36;9;0.206;0;
21;141;277;24;0.858;0;
21;143;...;NA;…;0;
21;151;NA;NA;…;0;
21;152;...;NA;…;0;
21;161;24;4;0.392;0;
21;162;185;22;1.093;1;
21;171;NA;NA;…;1;
21;172;NA;10;…;1;
21;181;803;34;4.864;1;
21;182;NA;NA;…;0;
21;192;NA;NA;…;0;
21;201;NA;NA;…;0;
21;204;33;4;0.936;0;
21;222;425;22;1.213;1;
21;231;NA;4;…;1;
21;234;...;NA;…;0;
21;236;130;8;1.797;1;
21;237;18;6;1.281;1;
21;241;NA;NA;…;0;
21;242;370;5;78.585;1;
21;243;60;4;2.35;1;
21;244;93;6;1.848;1;
21;245;1611;13;25.178;1;
21;251;555;39;1.825;1;
21;252;69;6;1.702;1;
21;255;151;5;5.241;1;
21;256;854;58;2.866;1;
21;257;176;9;2.791;1;
21;259;130;8;1.347;1;
21;261;13;4;0.072;0;
21;262;NA;NA;…;0;
21;263;...;NA;…;0;
21;264;...;NA;…;0;
21;265;12;4;0.31;0;
21;266;NA;NA;…;0;
21;267;NA;NA;…;0;
21;271;515;9;3.997;1;
21;274;42;5;1.561;1;
21;279;14;5;0.288;0;
21;281;35;6;0.094;0;
21;282;274;30;1.369;1;
21;284;167;10;10.528;1;
21;289;197;15;1.95;1;
21;292;NA;NA;…;0;
21;293;28;4;0.043;0;
21;301;...;NA;…;1;
21;309;NA;NA;…;1;
21;310;166;18;0.84;0;
21;321;42;7;4.355;1;
21;323;NA;NA;…;0;
21;324;NA;NA;…;0;
21;325;...;NA;…;0;
21;329;15;4;0.22;0;
21;331;141;23;0.994;0;
21;332;17;4;0.407;0;
21;351;...;NA;…;0;
21;352;NA;NA;…;0;
21;353;96;5;1.519;1;
21;360;...;NA;…;0;
21;370;177;5;3.985;1;
21;381;22;4;0.202;0;
21;382;...;NA;…;0;
21;383;161;8;5.98;1;
21;390;NA;NA;…;0;
21;411;194;18;2.769;1;
21;412;780;140;0.946;0;
21;421;189;22;0.888;0;
21;422;255;30;1.159;1;
21;429;80;6;1.563;1;
21;431;179;31;1.525;1;
21;432;890;167;1.674;1;
21;433;409;87;1.591;1;
21;439;459;68;1.618;1;
21;451;458;79;1.374;1;
21;452;461;89;1.865;1;
21;453;225;29;1.653;1;
21;454;...;NA;…;1;
21;461;301;50;1.486;1;
21;462;93;15;1.028;1;
21;463;292;53;0.727;0;
21;464;702;96;1.754;1;
21;465;60;11;1;1;
21;466;137;26;1.205;1;
21;467;734;84;2.242;1;
21;469;499;77;1.482;1;
21;471;1096;190;0.854;0;
21;472;457;106;1.409;1;
21;473;69;8;0.906;0;
21;474;112;23;1.704;1;
21;475;305;64;1.018;1;
21;476;109;31;1.237;1;
21;477;733;150;0.847;0;
21;478;88;29;1.125;1;
21;479;164;43;1.308;1;
21;492;...;NA;…;1;
21;493;128;29;0.292;0;
21;494;1600;126;2.207;1;
21;504;...;NA;…;1;
21;521;343;14;4.673;1;
21;522;688;54;1.205;1;
21;532;83;13;1.917;1;
21;551;61;10;0.255;0;
21;552;...;NA;…;0;
21;559;77;6;1.975;1;
21;561;959;152;1.096;1;
21;562;481;23;3.276;1;
21;563;142;38;0.606;0;
21;581;99;19;0.87;0;
21;582;33;10;0.597;0;
21;591;47.417;13;0.976;0;
21;592;...;NA;…;1;
21;611;19;4;0.217;0;
21;612;...;NA;…;0;
21;619;NA;NA;…;0;
21;620;372;75;0.754;0;
21;631;138;23;1.481;1;
21;639;...;NA;…;0;
21;642;...;NA;…;0;
21;649;NA;NA;…;0;
21;651;NA;NA;…;0;
21;661;25;11;0.46;0;
21;662;57;20;0.995;0;
21;681;898;70;4.125;1;
21;682;302;52;1.071;1;
21;683;850.443;38;5.767;1;
21;691;51;15;0.452;0;
21;692;322;100;0.48;0;
21;701;97;9;2.128;1;
21;702;406;70;1.283;1;
21;711;336;59;1.015;1;
21;712;152;16;2.191;1;
21;721;60;6;0.334;0;
21;731;171;38;1.423;1;
21;732;22;6;0.768;0;
21;741;NA;NA;…;0;
21;742;12;5;0.514;0;
21;743;...;NA;…;0;
21;749;120;28;1.039;1;
21;750;23;4;1.221;1;
21;771;...;NA;…;0;
21;772;50;4;2.729;1;
21;773;45;11;0.872;0;
21;781;279;15;2.705;1;
21;782;134;9;0.252;0;
21;783;NA;NA;…;0;
21;791;31;10;0.505;0;
21;799;...;NA;…;0;
21;801;657;38;2.422;1;
21;802;187;31;1.47;1;
21;803;NA;NA;…;1;
21;811;44;7;0.34;0;
21;812;533;90;1.331;1;
21;813;29;6;0.446;0;
21;821;47;9;0.681;0;
21;823;90;9;2.864;1;
21;829;389;67;1.125;1;
21;841;278;4;0.071;0;
21;842;NA;NA;…;0;
21;851;1130;21;2.273;1;
21;852;1133;26;0.781;0;
21;853;1645;21;1.953;1;
21;855;120;32;0.962;0;
21;856;60;7;1.833;1;
21;861;NA;NA;…;0;
21;862;396;62;0.973;0;
21;869;NA;13;…;1;
21;873;NA;NA;…;0;
21;879;NA;NA;…;0;
21;881;...;NA;…;0;
21;889;...;NA;…;1;
21;900;132;22;0.97;0;
21;910;NA;NA;…;0;
21;920;18;5;0.438;0;
21;931;96;25;0.63;0;
21;932;98;17;1.004;1;
21;941;...;NA;…;0;
21;942;...;NA;…;0;
21;949;43;7;0.158;0;
21;951;33;11;1.114;1;
21;952;47;17;0.859;0;
21;960;237;81;0.823;0;
21;982;NA;NA;…;1;
21;990;NA;NA;…;1;
22;11;519;47;1.802;1;
22;12;69;6;2.132;1;
22;13;245;4;26.772;1;
22;14;...;NA;…;0;
22;16;72;7;0.943;0;
22;21;...;NA;…;0;
22;22;...;NA;…;0;
22;24;NA;NA;…;0;
22;81;NA;NA;…;0;
22;101;NA;6;…;1;
22;103;28;4;0.4;0;
22;104;NA;NA;…;0;
22;105;NA;NA;…;0;
22;107;188;17;0.831;0;
22;108;318;10;3.748;1;
22;109;NA;NA;…;0;
22;110;827;17;9.579;1;
22;132;NA;NA;…;0;
22;139;...;NA;…;0;
22;141;175;20;0.764;0;
22;142;NA;NA;…;1;
22;143;11;4;0.541;0;
22;161;NA;NA;…;1;
22;162;270;19;25.febr;1;
22;171;NA;NA;…;1;
22;172;229;12;2.191;1;
22;181;203;22;1.735;1;
22;182;NA;NA;…;0;
22;201;...;NA;…;0;
22;202;...;NA;…;1;
22;203;NA;NA;…;0;
22;204;NA;NA;…;0;
22;205;NA;NA;…;1;
22;211;NA;NA;…;0;
22;221;NA;NA;…;0;
22;222;349;25;1.405;1;
22;231;...;NA;…;0;
22;234;...;NA;…;0;
22;236;29;4;0.565;0;
22;237;...;NA;…;0;
22;239;NA;NA;…;1;
22;242;NA;NA;…;1;
22;244;...;NA;…;0;
22;245;NA;NA;…;0;
22;251;168;19;0.779;0;
22;252;...;NA;…;0;
22;255;NA;NA;…;1;
22;256;103;18;0.488;0;
22;257;180;10;4.027;1;
22;259;...;NA;…;0;
22;261;47;5;0.369;0;
22;262;...;NA;…;0;
22;263;...;NA;…;0;
22;264;NA;NA;…;0;
22;265;69;10;2.514;1;
22;266;...;NA;…;0;
22;267;39;4;7.384;1;
22;271;106;6;1.161;1;
22;273;NA;NA;…;0;
22;279;NA;NA;…;0;
22;281;...;NA;…;0;
22;282;132;18;0.93;0;
22;284;51;5;4.536;1;
22;289;51;7;0.712;0;
22;291;NA;NA;…;0;
22;293;32;4;0.069;0;
22;309;NA;NA;…;0;
22;310;137;21;0.978;0;
22;321;16;4;2.34;1;
22;323;NA;NA;…;1;
22;325;38;7;0.503;0;
22;329;14;6;0.29;0;
22;331;80;22;0.796;0;
22;332;NA;7;…;1;
22;351;NA;NA;…;0;
22;353;NA;NA;…;0;
22;370;NA;NA;…;0;
22;381;55;6;0.712;0;
22;383;43;4;2.253;1;
22;390;NA;NA;…;1;
22;411;108;12;2.175;1;
22;412;762.839;130;1.305;1;
22;421;103;13;0.683;0;
22;422;158.417;18;1.016;1;
22;429;42;8;1.157;1;
22;431;195;11;2.344;1;
22;432;616;125;1.635;1;
22;433;410;65;2.251;1;
22;439;284;44;1.412;1;
22;451;631;70;2.671;1;
22;452;358;70;2.043;1;
22;453;165;27;1.71;1;
22;454;...;NA;…;1;
22;461;189;50;1.316;1;
22;462;149;18;2.325;1;
22;463;413;59;1.45;1;
22;464;678;60;2.39;1;
22;465;48;12;1.129;1;
22;466;272;29;3.376;1;
22;467;662;70;2.852;1;
22;469;509;67;2.133;1;
22;471;480;109;0.527;0;
22;472;295.829;62;1.287;1;
22;473;75;8;1.389;1;
22;474;27;10;0.58;0;
22;475;238;44;12.jan;1;
22;476;61;15;0.976;0;
22;477;491;118;0.8;0;
22;478;69;17;1.245;1;
22;479;120;29;1.35;1;
22;493;84;20;0.27;0;
22;494;815;69;1.586;1;
22;521;73;6;1.403;1;
22;522;180;28;0.445;0;
22;531;NA;NA;…;0;
22;532;72;9;2.346;1;
22;551;153;12;0.904;0;
22;552;25;7;1.837;1;
22;559;...;NA;…;0;
22;561;535;107;0.863;0;
22;562;132;16;1.268;1;
22;563;143;34;0.861;0;
22;581;68;13;0.843;0;
22;582;25;8;0.638;0;
22;591;24;7;0.697;0;
22;592;NA;NA;…;0;
22;601;NA;NA;…;0;
22;602;NA;5;…;1;
22;611;NA;NA;…;0;
22;612;NA;NA;…;0;
22;619;...;NA;…;1;
22;620;258;73;0.738;0;
22;631;119;21;1.802;1;
22;639;28;4;2.53;1;
22;642;...;NA;…;0;
22;661;19;8;0.494;0;
22;662;21;8;0.517;0;
22;681;198;47;1.283;1;
22;682;328;52;1.641;1;
22;683;204;23;1.952;1;
22;691;30;9;0.375;0;
22;692;306;103;0.644;0;
22;701;NA;NA;…;1;
22;702;273;67;1.217;1;
22;711;533;114;2.271;1;
22;712;26;5;0.529;0;
22;721;239;13;1.878;1;
22;722;...;NA;…;0;
22;731;137;34;1.608;1;
22;732;12;6;0.591;0;
22;741;13;4;1.955;1;
22;742;...;NA;…;0;
22;743;...;NA;…;0;
22;749;231;31;2.822;1;
22;750;NA;NA;…;1;
22;771;...;NA;…;1;
22;772;...;NA;…;0;
22;773;86;6;2.35;1;
22;774;NA;NA;…;1;
22;781;NA;NA;…;1;
22;782;504;10;1.336;1;
22;783;NA;NA;…;0;
22;791;47;5;08.jan;1;
22;799;NA;NA;…;0;
22;801;150;26;0.78;0;
22;802;351;18;3.892;1;
22;803;24;4;3.635;1;
22;811;52;7;0.567;0;
22;812;356;34;1.254;1;
22;813;75;12;1.628;1;
22;821;120;13;2.454;1;
22;823;31;7;1.392;1;
22;829;220;47;0.897;0;
22;841;373;5;0.134;0;
22;842;NA;NA;…;0;
22;851;329;8;0.934;0;
22;852;633;16;0.616;0;
22;853;237;8;0.397;0;
22;854;NA;NA;…;0;
22;855;130;29;1.471;1;
22;856;...;NA;…;0;
22;861;NA;NA;…;0;
22;862;275;66;0.954;0;
22;869;341;20;2.301;1;
22;873;NA;NA;…;0;
22;879;NA;NA;…;0;
22;881;156;5;1.462;1;
22;889;153;9;0.954;0;
22;900;231;25;2.394;1;
22;910;35;4;0.294;0;
22;920;20;5;0.687;0;
22;931;89;14;0.824;0;
22;932;150;9;2.168;1;
22;949;NA;10;…;1;
22;951;19;5;0.905;0;
22;952;46;12;1.186;1;
22;960;297;67;1.455;1;
22;990;NA;NA;…;1;
23;11;25;8;0.149;0;
23;12;NA;NA;…;1;
23;14;...;NA;…;0;
23;15;NA;NA;…;1;
23;16;29;8;0.654;0;
23;81;NA;NA;…;1;
23;101;465;5;3.868;1;
23;103;...;NA;…;0;
23;104;NA;NA;…;1;
23;107;...;NA;…;0;
23;108;...;NA;…;0;
23;109;NA;NA;…;0;
23;110;...;NA;…;0;
23;139;60;6;0.836;0;
23;141;28;9;0.211;0;
23;152;NA;NA;…;0;
23;161;NA;NA;…;0;
23;162;17;6;0.244;0;
23;172;NA;4;…;1;
23;181;20;6;0.294;0;
23;201;...;NA;…;1;
23;203;NA;NA;…;1;
23;205;NA;NA;…;1;
23;222;171;13;1.186;1;
23;231;NA;NA;…;1;
23;236;NA;NA;…;0;
23;237;...;NA;…;1;
23;241;NA;NA;…;0;
23;251;129;13;1.031;1;
23;252;NA;NA;…;0;
23;256;152;10;1.239;1;
23;257;28;4;1.079;1;
23;259;...;NA;…;0;
23;261;NA;NA;…;0;
23;263;NA;NA;…;0;
23;265;...;NA;…;0;
23;266;NA;NA;…;0;
23;273;NA;NA;…;0;
23;274;NA;NA;…;1;
23;279;...;NA;…;0;
23;281;NA;NA;…;0;
23;282;70;9;0.85;0;
23;283;NA;NA;…;0;
23;289;NA;NA;…;0;
23;291;NA;NA;…;0;
23;292;NA;NA;…;1;
23;293;NA;NA;…;0;
23;302;NA;NA;…;1;
23;303;NA;NA;…;1;
23;310;45;15;0.553;0;
23;321;NA;NA;…;1;
23;324;NA;NA;…;1;
23;325;51.788;5;1.181;1;
23;329;25;4;0.893;0;
23;331;22;5;0.377;0;
23;332;...;NA;…;1;
23;351;...;NA;…;0;
23;370;NA;NA;…;0;
23;381;NA;NA;…;0;
23;382;NA;NA;…;0;
23;383;NA;5;…;1;
23;411;29;5;1.006;1;
23;412;221;39;0.651;0;
23;421;...;NA;…;1;
23;422;35;6;0.386;0;
23;429;NA;NA;…;0;
23;431;16;4;0.331;0;
23;432;272;51;1.243;1;
23;433;142;32;1.342;1;
23;439;129;24;1.105;1;
23;451;310;37;26.febr;1;
23;452;422;51;4.148;1;
23;453;185;30;3.302;1;
23;461;134;15;1.607;1;
23;462;NA;NA;…;1;
23;463;427;65;2.582;1;
23;464;137;21;0.832;0;
23;465;...;NA;…;0;
23;466;187;11;3.997;1;
23;467;230;32;1.707;1;
23;469;133;27;0.96;0;
23;471;316;57;0.598;0;
23;472;119;35;0.892;0;
23;474;...;NA;…;0;
23;475;89;13;0.721;0;
23;476;23;5;0.634;0;
23;477;191;47;0.536;0;
23;478;37;13;15.jan;1;
23;479;63;14;1.221;1;
23;492;NA;NA;…;0;
23;493;47;12;0.261;0;
23;494;2851;62;9.553;1;
23;521;94;9;3.112;1;
23;522;1533;40;6.525;1;
23;532;246;5;13.804;1;
23;551;NA;NA;…;0;
23;553;NA;NA;…;1;
23;559;NA;NA;…;0;
23;561;263.795;44;0.732;0;
23;562;...;NA;…;0;
23;563;59;13;0.611;0;
23;581;...;NA;…;0;
23;582;NA;NA;…;0;
23;591;...;NA;…;0;
23;592;...;NA;…;1;
23;602;...;NA;…;0;
23;611;NA;NA;…;0;
23;619;NA;NA;…;0;
23;620;70;11;0.345;0;
23;631;14;5;0.365;0;
23;642;NA;NA;…;1;
23;661;17;7;0.76;0;
23;662;15;7;0.636;0;
23;681;49;17;0.547;0;
23;682;173;19;1.491;1;
23;683;44;6;0.725;0;
23;691;...;NA;…;0;
23;692;60;25;0.218;0;
23;701;...;NA;…;0;
23;702;60;14;0.461;0;
23;711;79;15;0.58;0;
23;712;NA;NA;…;0;
23;721;NA;NA;…;1;
23;722;...;NA;…;0;
23;731;20;7;0.404;0;
23;741;NA;NA;…;0;
23;742;...;NA;…;1;
23;743;NA;NA;…;0;
23;749;30;9;0.631;0;
23;771;NA;NA;…;1;
23;772;NA;NA;…;0;
23;773;NA;4;…;1;
23;782;NA;NA;…;0;
23;791;...;NA;…;0;
23;799;NA;NA;…;0;
23;801;54;8;0.484;0;
23;802;61;7;1.165;1;
23;811;NA;NA;…;0;
23;812;254;17;1.541;1;
23;813;17;5;0.636;0;
23;822;NA;NA;…;0;
23;823;11;4;0.85;0;
23;829;103;14;0.724;0;
23;841;...;NA;…;0;
23;851;...;NA;…;0;
23;852;322;7;0.539;0;
23;853;...;NA;…;0;
23;855;34;6;0.662;0;
23;856;NA;NA;…;1;
23;861;NA;NA;…;0;
23;862;115;19;0.687;0;
23;869;NA;NA;…;0;
23;873;NA;NA;…;0;
23;881;NA;NA;…;0;
23;889;NA;NA;…;0;
23;900;25;10;0.446;0;
23;910;...;NA;…;0;
23;920;19;4;1.124;1;
23;931;NA;NA;…;0;
23;932;...;NA;…;0;
23;941;NA;NA;…;0;
23;949;NA;NA;…;0;
23;951;...;NA;…;1;
23;952;62;7;2.752;1;
23;960;76;26;0.641;0;
23;990;NA;NA;…;1;
24;11;259;9;12.ápr;1;
24;12;...;NA;…;1;
24;14;NA;8;…;1;
24;15;NA;NA;…;1;
24;16;12;4;0.72;0;
24;21;...;NA;…;1;
24;24;...;NA;…;0;
24;81;NA;NA;…;1;
24;101;...;NA;…;0;
24;104;NA;NA;…;1;
24;106;NA;NA;…;1;
24;107;46;6;0.932;0;
24;108;NA;NA;…;0;
24;110;23;9;1.221;1;
24;141;NA;NA;…;0;
24;161;...;NA;…;1;
24;162;32;4;1.222;1;
24;181;NA;NA;…;0;
24;222;NA;NA;…;1;
24;234;...;NA;…;1;
24;236;NA;4;…;1;
24;237;NA;NA;…;1;
24;243;NA;NA;…;0;
24;251;135;7;2.87;1;
24;252;NA;NA;…;1;
24;256;14;4;0.304;0;
24;261;NA;NA;…;0;
24;273;...;NA;…;1;
24;282;NA;NA;…;1;
24;293;NA;NA;…;1;
24;309;NA;NA;…;1;
24;310;...;NA;…;0;
24;331;...;NA;…;0;
24;332;NA;NA;…;0;
24;360;NA;NA;…;1;
24;370;...;NA;…;1;
24;412;246.97;25;1.936;1;
24;421;37;6;1.124;1;
24;422;...;NA;…;0;
24;429;...;NA;…;1;
24;431;30;10;1.653;1;
24;432;68;18;0.827;0;
24;433;29;12;0.73;0;
24;439;62;10;1.413;1;
24;451;NA;NA;…;0;
24;452;52;8;1.36;1;
24;453;...;NA;…;0;
24;454;NA;NA;…;1;
24;461;NA;NA;…;0;
24;462;33;4;2.359;1;
24;463;...;NA;…;0;
24;464;NA;NA;…;0;
24;467;NA;NA;…;0;
24;469;...;NA;…;0;
24;471;122;25;0.614;0;
24;472;21;7;0.419;0;
24;473;...;NA;…;1;
24;474;NA;NA;…;0;
24;475;36;9;0.777;0;
24;476;NA;NA;…;0;
24;477;80;22;0.598;0;
24;478;...;NA;…;0;
24;479;20;7;1.031;1;
24;493;NA;NA;…;0;
24;494;112;12;0.999;0;
24;532;17;6;2.538;1;
24;551;NA;NA;…;0;
24;559;NA;NA;…;1;
24;561;87;15;0.643;0;
24;562;...;NA;…;0;
24;563;21;8;0.579;0;
24;591;NA;NA;…;0;
24;601;NA;NA;…;1;
24;611;NA;NA;…;0;
24;620;95;6;1.246;1;
24;631;NA;NA;…;1;
24;641;NA;NA;…;0;
24;661;NA;NA;…;0;
24;662;NA;NA;…;0;
24;681;27;4;0.802;0;
24;682;23;9;0.527;0;
24;683;24;6;1.052;1;
24;691;NA;NA;…;0;
24;692;27;8;0.26;0;
24;702;26;5;0.531;0;
24;711;37;5;0.723;0;
24;712;...;NA;…;0;
24;721;NA;NA;…;0;
24;742;NA;NA;…;0;
24;749;10;4;0.56;0;
24;750;NA;NA;…;0;
24;801;...;NA;…;0;
24;802;NA;NA;…;0;
24;812;...;NA;…;0;
24;813;NA;NA;…;1;
24;821;NA;NA;…;0;
24;829;...;NA;…;0;
24;841;469;29;0.772;0;
24;851;82;9;1.067;1;
24;852;261;12;1.163;1;
24;853;NA;NA;…;0;
24;854;NA;NA;…;0;
24;862;32;12;0.508;0;
24;869;...;NA;…;0;
24;873;272;4;4.43;1;
24;879;NA;NA;…;0;
24;881;36;4;1.547;1;
24;889;NA;NA;…;0;
24;900;...;NA;…;0;
24;910;NA;NA;…;0;
24;920;NA;NA;…;0;
24;932;...;NA;…;0;
24;949;...;NA;…;0;
24;952;NA;NA;…;0;
24;960;12;6;0.269;0;
25;11;142;24;3.194;1;
25;12;NA;NA;…;0;
25;14;273;15;7.285;1;
25;16;18;7;1.528;1;
25;17;NA;NA;…;1;
25;21;NA;NA;…;1;
25;22;113;6;16.066;1;
25;24;20;9;4.479;1;
25;31;NA;NA;…;1;
25;101;NA;NA;…;1;
25;104;NA;NA;…;1;
25;107;NA;NA;…;0;
25;109;NA;NA;…;1;
25;110;17;5;1.276;1;
25;141;26;4;0.736;0;
25;161;35;5;5.232;1;
25;162;16;4;0.864;0;
25;181;NA;NA;…;0;
25;222;NA;NA;…;0;
25;233;...;NA;…;1;
25;234;...;NA;…;1;
25;237;NA;NA;…;1;
25;251;90;6;2.705;1;
25;252;NA;NA;…;1;
25;256;46;7;1.411;1;
25;257;NA;NA;…;1;
25;259;NA;NA;…;0;
25;261;NA;NA;…;0;
25;282;258;6;11.784;1;
25;293;...;NA;…;0;
25;325;...;NA;…;0;
25;331;NA;NA;…;0;
25;381;NA;NA;…;0;
25;412;60;12;0.665;0;
25;421;...;NA;…;0;
25;422;NA;NA;…;0;
25;429;NA;NA;…;0;
25;431;26;5;2.026;1;
25;432;17;6;0.292;0;
25;433;22;7;0.783;0;
25;439;...;NA;…;0;
25;451;31;6;0.85;0;
25;452;24;4;0.888;0;
25;453;...;NA;…;0;
25;462;23;5;2.325;1;
25;463;...;NA;…;0;
25;464;NA;NA;…;0;
25;465;NA;NA;…;0;
25;467;22;5;0.614;0;
25;469;NA;NA;…;0;
25;471;90;29;0.641;0;
25;472;26;11;0.733;0;
25;473;...;NA;…;1;
25;475;40;10;22.jan;1;
25;476;NA;NA;…;0;
25;477;67;17;0.708;0;
25;478;NA;NA;…;0;
25;479;8;4;0.583;0;
25;493;NA;NA;…;0;
25;494;33;12;0.416;0;
25;522;NA;NA;…;0;
25;551;NA;NA;…;0;
25;553;NA;NA;…;1;
25;561;55;9;0.575;0;
25;562;...;NA;…;0;
25;563;44;21;1.716;1;
25;581;...;NA;…;0;
25;641;NA;NA;…;0;
25;661;...;NA;…;0;
25;681;NA;NA;…;1;
25;682;14;4;0.454;0;
25;683;NA;NA;…;0;
25;691;...;NA;…;0;
25;692;43;5;0.587;0;
25;702;...;NA;…;0;
25;711;123;8;3.397;1;
25;721;8;4;0.407;0;
25;732;...;NA;…;1;
25;749;...;NA;…;0;
25;750;...;NA;…;1;
25;781;NA;NA;…;0;
25;783;NA;NA;…;0;
25;801;13;4;0.438;0;
25;802;...;NA;…;0;
25;811;NA;NA;…;0;
25;812;...;NA;…;0;
25;821;NA;NA;…;0;
25;829;8;4;0.211;0;
25;841;1099;42;2.559;1;
25;851;182;10;3.347;1;
25;852;258;10;1.626;1;
25;853;NA;NA;…;0;
25;855;NA;NA;…;0;
25;856;NA;NA;…;0;
25;862;33;12;0.741;0;
25;871;NA;NA;…;1;
25;873;...;NA;…;1;
25;881;NA;NA;…;0;
25;889;86;4;3.476;1;
25;910;...;NA;…;0;
25;932;...;NA;…;0;
25;960;23;5;0.73;0;
26;11;117;25;0.977;0;
26;12;...;NA;…;0;
26;14;55;6;0.545;0;
26;15;29;4;1.702;1;
26;16;36;8;1.134;1;
26;17;NA;NA;…;1;
26;21;NA;NA;…;0;
26;22;...;NA;…;0;
26;24;20;7;1.663;1;
26;32;NA;NA;…;1;
26;81;NA;NA;…;1;
26;101;...;NA;…;0;
26;103;...;NA;…;0;
26;107;259;12;2.754;1;
26;108;...;NA;…;0;
26;109;NA;NA;…;1;
26;110;...;NA;…;0;
26;139;88;7;1.712;1;
26;141;589;31;6.189;1;
26;151;...;NA;…;0;
26;152;...;NA;…;1;
26;161;NA;NA;…;0;
26;162;58;7;1.163;1;
26;172;NA;NA;…;0;
26;181;...;NA;…;0;
26;182;NA;NA;…;1;
26;203;NA;NA;…;1;
26;222;131;10;1.269;1;
26;233;NA;NA;…;1;
26;235;NA;NA;…;1;
26;236;NA;NA;…;0;
26;237;NA;NA;…;0;
26;239;NA;NA;…;0;
26;251;346;24;3.861;1;
26;252;NA;NA;…;0;
26;256;135;20;1.537;1;
26;259;NA;NA;…;0;
26;263;NA;NA;…;0;
26;265;NA;NA;…;0;
26;279;NA;NA;…;1;
26;282;NA;NA;…;0;
26;284;NA;NA;…;0;
26;289;NA;NA;…;0;
26;291;NA;NA;…;0;
26;292;NA;NA;…;0;
26;293;...;NA;…;1;
26;310;158;11;2.713;1;
26;323;NA;NA;…;1;
26;324;...;NA;…;1;
26;331;47;8;1.124;1;
26;353;...;NA;…;1;
26;381;NA;NA;…;0;
26;382;NA;NA;…;1;
26;390;NA;NA;…;1;
26;411;...;NA;…;0;
26;412;201;39;0.827;0;
26;421;8;4;0.128;0;
26;422;NA;NA;…;0;
26;429;...;NA;…;0;
26;431;35;9;1.012;1;
26;432;256;50;1.635;1;
26;433;153;41;02.febr;1;
26;439;73;21;0.873;0;
26;451;66;19;0.672;0;
26;452;69;14;0.947;0;
26;453;26;8;0.648;0;
26;461;32;6;0.536;0;
26;462;NA;NA;…;0;
26;463;18;6;0.152;0;
26;464;29;6;0.246;0;
26;466;...;NA;…;0;
26;467;35;9;0.363;0;
26;469;19;5;0.192;0;
26;471;341;94;0.901;0;
26;472;59;22;0.617;0;
26;473;20;4;0.891;0;
26;474;29;4;1.497;1;
26;475;56;16;0.634;0;
26;476;11;5;0.423;0;
26;477;205;55;0.804;0;
26;478;8;4;0.347;0;
26;479;18;8;0.487;0;
26;493;11;4;0.085;0;
26;494;201;37;0.941;0;
26;522;NA;NA;…;0;
26;532;9;4;0.705;0;
26;551;151;4;2.146;1;
26;552;14;4;2.474;1;
26;553;...;NA;…;1;
26;559;NA;NA;…;0;
26;561;234;59;0.908;0;
26;562;41;6;0.948;0;
26;563;131;51;1.896;1;
26;582;NA;NA;…;0;
26;591;NA;NA;…;0;
26;602;...;NA;…;0;
26;612;NA;NA;…;0;
26;620;25;8;0.172;0;
26;631;...;NA;…;0;
26;649;NA;NA;…;0;
26;661;...;NA;…;0;
26;662;43;12;2.548;1;
26;681;40;9;0.623;0;
26;682;71;9;0.855;0;
26;683;34;8;0.783;0;
26;691;36;8;1.084;1;
26;692;67;21;0.339;0;
26;702;24;5;0.257;0;
26;711;61;14;0.625;0;
26;712;22;6;1.076;1;
26;721;NA;NA;…;0;
26;722;NA;NA;…;0;
26;731;15;5;0.424;0;
26;749;...;NA;…;0;
26;750;NA;NA;…;0;
26;771;NA;NA;…;0;
26;772;8;4;1.482;1;
26;773;...;NA;…;0;
26;782;NA;NA;…;0;
26;791;NA;NA;…;0;
26;801;63;9;0.788;0;
26;802;124;25;3.307;1;
26;811;NA;NA;…;0;
26;812;108;6;0.915;0;
26;813;...;NA;…;0;
26;823;...;NA;…;1;
26;829;47;14;0.461;0;
26;841;1598;34;1.381;1;
26;842;NA;NA;…;0;
26;851;543;10;3.707;1;
26;852;823;26;1.925;1;
26;853;333;4;1.342;1;
26;855;20;6;0.544;0;
26;856;...;NA;…;1;
26;861;...;NA;…;1;
26;862;134;33;1.118;1;
26;869;19;6;0.308;0;
26;873;291;6;2.488;1;
26;881;207;11;4.668;1;
26;889;135;4;2.026;1;
26;900;NA;NA;…;0;
26;910;NA;NA;…;0;
26;931;95;12;2.115;1;
26;932;78;4;2.711;1;
26;942;...;NA;…;1;
26;949;21;5;0.262;0;
26;951;...;NA;…;0;
26;952;91;9;5.643;1;
26;960;136;38;1.603;1;
27;11;547;51;3.835;1;
27;12;...;NA;…;0;
27;13;...;NA;…;1;
27;14;460;29;3.826;1;
27;15;56;7;2.76;1;
27;16;92;14;2.434;1;
27;21;...;NA;…;1;
27;22;...;NA;…;0;
27;24;44;9;3.071;1;
27;31;NA;NA;…;1;
27;32;NA;NA;…;1;
27;81;NA;NA;…;0;
27;101;731;8;7.132;1;
27;103;...;NA;…;1;
27;105;NA;NA;…;0;
27;106;NA;NA;…;0;
27;107;126;15;1.125;1;
27;108;NA;NA;…;1;
27;109;...;NA;…;1;
27;110;16;6;0.374;0;
27;131;NA;NA;…;0;
27;132;NA;NA;…;0;
27;133;NA;NA;…;1;
27;139;34;5;0.556;0;
27;141;498;21;4.394;1;
27;143;...;NA;…;1;
27;152;NA;NA;…;1;
27;161;20;4;0.932;0;
27;162;300;12;05.máj;1;
27;181;...;NA;…;0;
27;221;NA;NA;…;0;
27;222;41;7;0.333;0;
27;231;NA;NA;…;0;
27;236;...;NA;…;0;
27;237;29;5;5.88;1;
27;245;...;NA;…;1;
27;251;...;NA;…;0;
27;252;NA;NA;…;0;
27;256;78;12;0.746;0;
27;259;39;6;1.152;1;
27;263;NA;NA;…;0;
27;267;NA;NA;…;1;
27;271;NA;NA;…;0;
27;273;NA;NA;…;1;
27;282;...;NA;…;0;
27;284;NA;NA;…;1;
27;291;NA;NA;…;0;
27;309;NA;NA;…;1;
27;310;97;5;1.399;1;
27;324;...;NA;…;1;
27;325;NA;NA;…;0;
27;329;...;NA;…;0;
27;331;...;NA;…;0;
27;332;NA;NA;…;0;
27;353;NA;NA;…;1;
27;360;619;4;9.332;1;
27;370;NA;NA;…;0;
27;381;NA;NA;…;0;
27;382;NA;NA;…;0;
27;411;...;NA;…;0;
27;412;300;42;1.036;1;
27;421;35;6;0.469;0;
27;422;36;4;0.466;0;
27;429;NA;NA;…;1;
27;431;42;11;02.jan;1;
27;432;181;34;0.97;0;
27;433;61;22;0.676;0;
27;439;83;15;0.834;0;
27;451;110;12;0.941;0;
27;452;80;22;0.922;0;
27;453;21;6;0.44;0;
27;454;NA;NA;…;1;
27;461;15;5;0.211;0;
27;462;19;6;0.599;0;
27;463;29;5;0.206;0;
27;464;80;8;0.57;0;
27;465;NA;NA;…;0;
27;466;...;NA;…;0;
27;467;59;12;0.513;0;
27;469;...;NA;…;0;
27;471;246;63;0.546;0;
27;472;155;50;1.362;1;
27;473;19;4;0.711;0;
27;474;25;9;1.084;1;
27;475;101;24;0.96;0;
27;476;40;15;1.293;1;
27;477;294;85;0.968;0;
27;478;14;7;0.51;0;
27;479;38;11;0.864;0;
27;493;29;7;0.189;0;
27;494;134;20;0.527;0;
27;504;...;NA;…;1;
27;522;15;4;0.075;0;
27;532;49;11;3.225;1;
27;551;17;4;0.203;0;
27;552;NA;NA;…;0;
27;559;NA;NA;…;1;
27;561;194;54;0.632;0;
27;562;49;6;0.951;0;
27;563;77;33;0.936;0;
27;581;NA;NA;…;0;
27;591;NA;NA;…;0;
27;602;NA;NA;…;0;
27;611;...;NA;…;0;
27;620;17;6;0.098;0;
27;631;...;NA;…;0;
27;641;...;NA;…;1;
27;642;NA;NA;…;0;
27;661;NA;NA;…;0;
27;662;20;9;0.995;0;
27;681;26;9;0.34;0;
27;682;191;20;1.93;1;
27;683;19;5;0.367;0;
27;691;12;5;0.303;0;
27;692;80;21;0.34;0;
27;701;NA;NA;…;1;
27;702;21;9;0.189;0;
27;711;76;16;0.654;0;
27;712;24;7;0.986;0;
27;721;NA;NA;…;1;
27;731;47;6;1.115;1;
27;741;NA;NA;…;0;
27;742;NA;NA;…;0;
27;749;33;11;0.814;0;
27;750;NA;NA;…;0;
27;772;...;NA;…;0;
27;773;...;NA;…;0;
27;781;NA;NA;…;0;
27;782;NA;NA;…;0;
27;791;...;NA;…;0;
27;802;19;4;0.426;0;
27;812;32;8;0.228;0;
27;813;NA;NA;…;1;
27;821;NA;NA;…;0;
27;829;41;8;0.338;0;
27;841;1476;44;1.071;1;
27;842;NA;NA;…;0;
27;851;300;18;1.72;1;
27;852;1385;48;2.72;1;
27;853;315;6;1.066;1;
27;855;29;8;0.663;0;
27;861;NA;NA;…;1;
27;862;119;43;0.833;0;
27;869;NA;6;…;0;
27;873;530;6;3.805;1;
27;881;86;10;1.628;1;
27;889;106;4;1.336;1;
27;900;15;4;0.314;0;
27;910;NA;NA;…;0;
27;931;NA;NA;…;0;
27;932;59;4;1.722;1;
27;942;NA;NA;…;1;
27;949;12;5;0.126;0;
27;951;NA;NA;…;0;
27;952;...;NA;…;0;
27;960;87;35;0.861;0;
27;970;NA;NA;…;1;
28;11;339;46;0.302;0;
28;12;78;17;0.619;0;
28;13;32;4;0.898;0;
28;14;268;30;0.283;0;
28;15;NA;5;…;0;
28;16;68;18;0.229;0;
28;21;23;5;0.555;0;
28;22;NA;12;…;1;
28;24;82;19;0.728;0;
28;31;...;NA;…;0;
28;32;...;NA;…;0;
28;72;NA;NA;…;1;
28;81;25;5;0.311;0;
28;99;222;4;34.664;1;
28;101;1763;16;2.187;1;
28;103;32;5;0.117;0;
28;105;...;NA;…;1;
28;106;24;4;0.225;0;
28;107;333;33;0.378;0;
28;108;114;12;0.345;0;
28;109;NA;NA;…;0;
28;110;256;24;0.762;0;
28;120;...;NA;…;1;
28;132;NA;NA;…;0;
28;139;84;10;0.175;0;
28;141;1453;87;1.63;1;
28;151;143;12;1.078;1;
28;152;487;18;1.844;1;
28;161;121;14;0.717;0;
28;162;360;45;0.771;0;
28;172;180;15;0.442;0;
28;181;484;52;1.062;1;
28;182;NA;NA;…;1;
28;201;26;4;0.124;0;
28;204;30;4;0.308;0;
28;205;NA;NA;…;0;
28;221;NA;NA;…;0;
28;222;1035;45;07.jan;1;
28;231;37;5;0.24;0;
28;233;...;NA;…;0;
28;234;202;4;1.526;1;
28;236;303;20;1.517;1;
28;237;24;7;0.619;0;
28;239;...;NA;…;0;
28;243;...;NA;…;0;
28;244;NA;NA;…;0;
28;245;85;9;0.481;0;
28;251;916;54;1.091;1;
28;252;70;4;0.626;0;
28;253;NA;NA;…;0;
28;255;NA;NA;…;0;
28;256;591;56;0.719;0;
28;257;...;NA;…;0;
28;259;78;11;0.293;0;
28;261;NA;NA;…;1;
28;262;NA;NA;…;0;
28;263;28;4;0.101;0;
28;264;NA;NA;…;1;
28;265;82;8;0.767;0;
28;266;...;NA;…;0;
28;267;...;NA;…;0;
28;271;288;9;0.81;0;
28;272;NA;NA;…;1;
28;273;NA;NA;…;0;
28;274;...;NA;…;0;
28;279;51;7;0.38;0;
28;281;...;NA;…;0;
28;282;445;23;0.806;0;
28;283;81;7;0.669;0;
28;284;23;4;0.525;0;
28;289;NA;15;…;1;
28;291;NA;NA;…;0;
28;292;NA;NA;…;0;
28;293;33;4;0.018;0;
28;301;...;NA;…;1;
28;303;NA;NA;…;0;
28;309;...;NA;…;0;
28;310;357;48;0.655;0;
28;321;11;5;0.413;0;
28;322;NA;NA;…;1;
28;323;NA;5;…;1;
28;324;...;NA;…;0;
28;325;133;25;0.452;0;
28;329;29;6;0.154;0;
28;331;156;39;0.398;0;
28;332;131;16;1.137;1;
28;351;NA;7;…;1;
28;352;NA;4;…;1;
28;353;948;4;5.434;1;
28;360;NA;6;…;0;
28;370;87;12;0.71;0;
28;381;1508;17;5.014;1;
28;382;41;4;0.366;0;
28;383;52;6;0.7;0;
28;390;...;NA;…;0;
28;411;264;28;1.366;1;
28;412;1960.378;303;0.861;0;
28;421;380;30;0.647;0;
28;422;576.316;60;0.949;0;
28;429;80;11;0.566;0;
28;431;436;62;1.346;1;
28;432;1762;301;1.201;1;
28;433;763;176;1.076;1;
28;439;563.4;111;0.72;0;
28;451;1076;126;17.jan;1;
28;452;734;134;1.076;1;
28;453;253;60;0.673;0;
28;454;31;10;1.131;1;
28;461;521;80;0.932;0;
28;462;171;47;0.685;0;
28;463;714;92;0.644;0;
28;464;795;88;0.72;0;
28;465;46;8;0.278;0;
28;466;310;41;0.988;0;
28;467;1209;112;1.338;1;
28;469;847;69;0.912;0;
28;471;3626;380;1.023;1;
28;472;792;193;0.885;0;
28;473;176;17;0.837;0;
28;474;226;34;1.246;1;
28;475;892;141;1.078;1;
28;476;240;53;0.987;0;
28;477;2250;484;0.942;0;
28;478;273;98;1.265;1;
28;479;277;95;0.801;0;
28;493;1535;41;1.269;1;
28;494;948;145;0.474;0;
28;521;...;NA;…;0;
28;522;721.916;32;0.458;0;
28;532;56;13;0.469;0;
28;551;290;50;0.44;0;
28;552;24;9;0.453;0;
28;553;NA;NA;…;0;
28;559;223;15;2.073;1;
28;561;2474;461;1.024;1;
28;562;411;39;1.014;1;
28;563;504;156;0.779;0;
28;581;172;25;0.547;0;
28;582;NA;21;…;1;
28;591;88;20;0.656;0;
28;592;11;5;0.924;0;
28;601;NA;NA;…;0;
28;602;102;9;1.157;1;
28;611;231;10;0.956;0;
28;612;18;5;0.087;0;
28;613;NA;NA;…;1;
28;619;...;NA;…;1;
28;620;668;126;0.491;0;
28;631;125;37;0.486;0;
28;639;10;5;0.232;0;
28;641;NA;NA;…;0;
28;642;18;5;0.264;0;
28;649;112;12;0.524;0;
28;651;NA;NA;…;0;
28;661;90;24;0.6;0;
28;662;228;78;1.443;1;
28;663;NA;NA;…;0;
28;681;489;125;0.814;0;
28;682;804;122;1.033;1;
28;683;396;91;0.973;0;
28;691;411;139;1.321;1;
28;692;768;206;0.415;0;
28;701;70;8;0.556;0;
28;702;539;132;0.617;0;
28;711;920;213;1.007;1;
28;712;236;32;1.233;1;
28;721;220;27;0.444;0;
28;722;163;10;1.857;1;
28;731;273;73;0.823;0;
28;732;86;20;1.087;1;
28;741;34;10;1.313;1;
28;742;85;22;1.32;1;
28;743;35;14;0.956;0;
28;749;323;82;1.013;1;
28;750;41;12;0.789;0;
28;771;33;11;0.433;0;
28;772;40;15;0.791;0;
28;773;98;23;0.688;0;
28;774;NA;NA;…;0;
28;781;66;5;0.232;0;
28;782;913;5;0.621;0;
28;783;NA;NA;…;0;
28;791;383;19;2.261;1;
28;801;437;90;0.584;0;
28;802;200;34;0.57;0;
28;803;...;NA;…;0;
28;811;21;7;0.059;0;
28;812;859;112;0.777;0;
28;813;98;23;0.546;0;
28;821;74;21;0.389;0;
28;822;NA;NA;…;1;
28;823;44;13;0.507;0;
28;829;615;114;0.644;0;
28;841;7941;108;0.733;0;
28;842;3725;9;1.689;1;
28;843;...;NA;…;0;
28;851;2106;29;1.535;1;
28;852;6716;103;1.677;1;
28;853;3589;50;1.544;1;
28;854;11604;24;6.601;1;
28;855;897;126;2.606;1;
28;856;94;13;1.041;1;
28;861;912;14;0.389;0;
28;862;1513.14;369;1.348;1;
28;869;407;43;0.705;0;
28;871;NA;NA;…;1;
28;872;NA;NA;…;0;
28;873;2011;21;1.836;1;
28;879;646;6;2.022;1;
28;881;632;15;1.522;1;
28;889;672;14;1.077;1;
28;900;892;50;2.374;1;
28;910;544;17;1.174;1;
28;920;71;18;0.626;0;
28;931;490;61;1.165;1;
28;932;193;25;0.716;0;
28;941;33;10;0.609;0;
28;942;...;NA;…;0;
28;949;850;65;13.jan;1;
28;951;69;21;0.844;0;
28;952;129;43;0.854;0;
28;960;760;182;0.956;0;
29;11;102;10;2.279;1;
29;12;...;NA;…;1;
29;13;NA;NA;…;1;
29;14;420;11;11.135;1;
29;15;NA;NA;…;0;
29;16;NA;NA;…;0;
29;22;NA;NA;…;0;
29;24;...;NA;…;1;
29;101;27;4;0.84;0;
29;106;...;NA;…;1;
29;107;54;6;1.537;1;
29;108;24;4;1.821;1;
29;110;54;5;4.027;1;
29;139;NA;NA;…;0;
29;141;...;NA;…;0;
29;152;NA;NA;…;0;
29;161;NA;NA;…;1;
29;162;24;7;1.288;1;
29;172;...;NA;…;1;
29;201;...;NA;…;0;
29;202;NA;NA;…;1;
29;204;NA;NA;…;1;
29;212;NA;NA;…;1;
29;222;NA;NA;…;1;
29;234;...;NA;…;1;
29;237;NA;NA;…;1;
29;251;119;7;3.554;1;
29;256;59;9;1.798;1;
29;259;NA;NA;…;1;
29;261;NA;NA;…;0;
29;263;NA;NA;…;0;
29;266;NA;NA;…;1;
29;282;NA;NA;…;0;
29;293;NA;NA;…;0;
29;310;70;5;3.217;1;
29;331;...;NA;…;0;
29;360;NA;NA;…;0;
29;370;NA;NA;…;0;
29;411;NA;NA;…;0;
29;412;440;20;4.845;1;
29;422;...;NA;…;0;
29;431;12;4;0.929;0;
29;432;44;12;0.752;0;
29;433;43.266;13;1.529;1;
29;439;24;8;0.768;0;
29;451;...;NA;…;0;
29;452;28;10;1.029;1;
29;453;NA;NA;…;0;
29;461;...;NA;…;0;
29;462;...;NA;…;1;
29;463;37;7;0.836;0;
29;464;...;NA;…;0;
29;465;NA;NA;…;0;
29;466;...;NA;…;1;
29;467;8;4;0.222;0;
29;469;36;4;0.971;0;
29;471;61;18;0.431;0;
29;472;31;9;0.868;0;
29;474;...;NA;…;1;
29;475;...;NA;…;0;
29;476;NA;NA;…;0;
29;477;62;17;0.651;0;
29;478;...;NA;…;0;
29;479;18;8;1.304;1;
29;493;NA;NA;…;0;
29;494;164;23;2.054;1;
29;522;NA;NA;…;0;
29;532;NA;NA;…;0;
29;551;NA;NA;…;0;
29;552;...;NA;…;1;
29;561;53;17;0.55;0;
29;562;NA;NA;…;0;
29;563;10;4;0.387;0;
29;581;NA;NA;…;0;
29;582;NA;NA;…;0;
29;620;25;5;0.461;0;
29;641;NA;NA;…;1;
29;661;...;NA;…;1;
29;662;...;NA;…;0;
29;681;15;4;0.626;0;
29;682;26;6;0.838;0;
29;683;...;NA;…;0;
29;692;29;5;0.393;0;
29;702;NA;NA;…;0;
29;711;67;9;1.838;1;
29;712;NA;NA;…;1;
29;721;NA;NA;…;0;
29;731;...;NA;…;0;
29;741;...;NA;…;1;
29;749;8;4;0.629;0;
29;772;NA;NA;…;0;
29;773;NA;NA;…;1;
29;781;NA;NA;…;1;
29;799;NA;NA;…;1;
29;801;NA;NA;…;0;
29;811;NA;NA;…;0;
29;812;...;NA;…;0;
29;829;38;5;0.998;0;
29;841;486;29;1.124;1;
29;851;104;12;09.jan;1;
29;852;273;10;1.709;1;
29;853;NA;NA;…;0;
29;855;NA;NA;…;0;
29;856;NA;NA;…;0;
29;862;65;11;1.451;1;
29;869;NA;NA;…;0;
29;873;...;NA;…;1;
29;881;NA;NA;…;0;
29;900;NA;NA;…;0;
29;910;...;NA;…;0;
29;931;...;NA;…;0;
29;932;...;NA;…;0;
29;941;NA;NA;…;1;
29;949;NA;NA;…;0;
29;951;NA;NA;…;0;
29;960;35;10;1.104;1;
30;11;346;38;7.497;1;
30;12;NA;NA;…;1;
30;14;96;12;2.468;1;
30;15;...;NA;…;1;
30;16;59;10;4.824;1;
30;21;NA;NA;…;1;
30;24;19;5;4.099;1;
30;104;NA;NA;…;1;
30;107;NA;NA;…;0;
30;108;NA;NA;…;1;
30;110;NA;NA;…;0;
30;139;NA;NA;…;0;
30;141;NA;NA;…;1;
30;143;NA;NA;…;0;
30;151;NA;NA;…;0;
30;161;NA;NA;…;1;
30;162;...;NA;…;0;
30;181;NA;NA;…;0;
30;202;NA;NA;…;1;
30;205;NA;NA;…;1;
30;222;...;NA;…;0;
30;236;NA;NA;…;0;
30;256;...;NA;…;0;
30;310;NA;NA;…;0;
30;331;...;NA;…;0;
30;351;NA;NA;…;0;
30;370;NA;NA;…;0;
30;411;NA;NA;…;0;
30;412;NA;7;…;0;
30;421;NA;NA;…;0;
30;422;...;NA;…;0;
30;431;11;4;0.826;0;
30;432;36;6;0.597;0;
30;433;NA;NA;…;0;
30;439;...;NA;…;0;
30;451;...;NA;…;0;
30;452;...;NA;…;0;
30;453;...;NA;…;0;
30;461;27;4;1.174;1;
30;462;46;5;4.48;1;
30;463;18;5;0.394;0;
30;469;...;NA;…;0;
30;471;128;32;0.878;0;
30;472;39;12;1.059;1;
30;473;...;NA;…;1;
30;475;14;5;0.411;0;
30;476;NA;NA;…;0;
30;477;51;17;0.519;0;
30;478;...;NA;…;0;
30;479;10;4;0.702;0;
30;493;NA;NA;…;0;
30;494;31;8;0.377;0;
30;521;NA;NA;…;0;
30;532;NA;NA;…;0;
30;552;...;NA;…;1;
30;559;NA;NA;…;0;
30;561;58;20;0.584;0;
30;562;NA;NA;…;0;
30;563;62;27;2.329;1;
30;620;NA;NA;…;0;
30;641;NA;NA;…;0;
30;661;NA;NA;…;0;
30;662;NA;NA;…;0;
30;681;21;4;0.849;0;
30;682;NA;NA;…;0;
30;683;NA;NA;…;0;
30;692;...;NA;…;0;
30;702;...;NA;…;0;
30;711;NA;NA;…;0;
30;732;NA;NA;…;0;
30;749;...;NA;…;0;
30;801;43;4;1.396;1;
30;802;NA;NA;…;0;
30;811;NA;NA;…;0;
30;812;...;NA;…;0;
30;813;NA;NA;…;0;
30;821;...;NA;…;1;
30;841;2035;60;4.564;1;
30;851;171;10;03.márc;1;
30;852;252;17;1.53;1;
30;853;NA;NA;…;0;
30;855;20;5;1.412;1;
30;862;76;15;1.645;1;
30;869;NA;NA;…;0;
30;873;NA;NA;…;0;
30;881;...;NA;…;1;
30;889;18;4;0.701;0;
30;900;...;NA;…;0;
30;910;NA;NA;…;0;
30;920;NA;NA;…;0;
30;931;...;NA;…;0;
30;949;93;6;3.006;1;
30;951;NA;NA;…;0;
30;960;25;7;0.765;0;
31;11;466;53;3.524;1;
31;12;156;31;10.502;1;
31;13;...;NA;…;1;
31;14;27;10;0.242;0;
31;16;124;27;3.538;1;
31;17;...;NA;…;1;
31;21;NA;NA;…;1;
31;22;NA;NA;…;0;
31;23;NA;NA;…;1;
31;24;9;4;0.678;0;
31;32;NA;NA;…;0;
31;81;NA;NA;…;1;
31;101;NA;NA;…;0;
31;103;NA;NA;…;0;
31;105;...;NA;…;0;
31;107;246;21;2.369;1;
31;108;32;4;0.822;0;
31;110;554;58;13.98;1;
31;139;NA;NA;…;0;
31;141;42;6;0.4;0;
31;151;...;NA;…;0;
31;152;46;4;1.478;1;
31;161;...;NA;…;0;
31;162;19;7;0.345;0;
31;172;NA;NA;…;0;
31;181;...;NA;…;0;
31;204;NA;NA;…;0;
31;222;56;5;0.491;0;
31;232;NA;NA;…;1;
31;235;NA;NA;…;1;
31;236;...;NA;…;0;
31;243;NA;NA;…;1;
31;251;83;6;0.839;0;
31;256;19;4;0.196;0;
31;259;20;5;0.637;0;
31;261;NA;NA;…;0;
31;265;NA;NA;…;0;
31;282;8;4;0.123;0;
31;283;NA;NA;…;1;
31;289;...;NA;…;0;
31;293;NA;NA;…;0;
31;310;63;12;0.98;0;
31;325;NA;NA;…;0;
31;329;NA;NA;…;1;
31;331;42;7;0.91;0;
31;353;NA;NA;…;0;
31;360;NA;NA;…;0;
31;370;...;NA;…;0;
31;381;NA;NA;…;0;
31;382;NA;NA;…;0;
31;411;18;5;0.79;0;
31;412;185;38;0.689;0;
31;422;49;7;0.684;0;
31;429;...;NA;…;0;
31;431;...;NA;…;0;
31;432;141;34;0.815;0;
31;433;89;24;1.064;1;
31;439;53;20;0.574;0;
31;451;41;6;0.378;0;
31;452;77;21;0.957;0;
31;453;23;8;0.519;0;
31;461;67;16;1.016;1;
31;462;14;4;0.476;0;
31;463;48;12;0.367;0;
31;464;31;8;0.238;0;
31;466;NA;NA;…;0;
31;467;122;14;1.145;1;
31;469;44;12;0.402;0;
31;471;327;97;0.783;0;
31;472;144.195;41;1.367;1;
31;473;...;NA;…;1;
31;474;...;NA;…;0;
31;475;119;36;22.jan;1;
31;476;21;5;0.732;0;
31;477;220;74;0.781;0;
31;478;82;35;3.223;1;
31;479;41;12;1.005;1;
31;493;50;11;0.351;0;
31;494;273;35;1.157;1;
31;521;...;NA;…;0;
31;522;36;7;0.194;0;
31;531;NA;NA;…;0;
31;532;NA;NA;…;1;
31;551;382;25;4.916;1;
31;552;17;6;2.721;1;
31;559;82;11;6.465;1;
31;561;546;120;1.918;1;
31;562;...;NA;…;0;
31;563;141;59;1.848;1;
31;591;NA;NA;…;0;
31;602;...;NA;…;0;
31;612;NA;NA;…;0;
31;631;...;NA;…;0;
31;641;...;NA;…;1;
31;649;...;NA;…;0;
31;661;...;NA;…;0;
31;662;16;6;0.859;0;
31;681;33;7;0.466;0;
31;682;124;21;1.352;1;
31;683;17;8;0.354;0;
31;691;42;6;1.145;1;
31;692;72;13;0.33;0;
31;702;44;12;0.427;0;
31;711;57;9;0.529;0;
31;712;...;NA;…;0;
31;721;NA;NA;…;0;
31;731;27;5;0.691;0;
31;732;NA;NA;…;0;
31;741;NA;NA;…;1;
31;743;NA;NA;…;0;
31;749;19;9;0.506;0;
31;750;...;NA;…;0;
31;771;...;NA;…;0;
31;772;...;NA;…;0;
31;773;NA;NA;…;0;
31;781;NA;NA;…;0;
31;783;NA;NA;…;0;
31;791;...;NA;…;0;
31;799;NA;NA;…;1;
31;801;33;6;0.374;0;
31;802;...;NA;…;0;
31;803;NA;NA;…;1;
31;812;28;6;0.215;0;
31;813;108;5;5.108;1;
31;821;...;NA;…;0;
31;829;31;10;0.275;0;
31;841;2462;86;1.927;1;
31;842;NA;NA;…;0;
31;851;212;19;1.311;1;
31;852;585;21;1.239;1;
31;853;NA;NA;…;0;
31;855;21;6;0.518;0;
31;856;...;NA;…;0;
31;861;879;5;3.182;1;
31;862;128;36;0.967;0;
31;869;...;NA;…;0;
31;873;209;6;1.618;1;
31;881;27;6;0.551;0;
31;889;136;5;1.848;1;
31;900;33;6;0.745;0;
31;910;28;4;0.513;0;
31;920;NA;NA;…;0;
31;931;28;10;0.564;0;
31;932;NA;8;…;1;
31;941;9;4;1.41;1;
31;949;39;7;0.44;0;
31;952;NA;NA;…;0;
31;960;288;35;3.074;1;
32;11;246;24;26.máj;1;
32;14;243;13;6.164;1;
32;16;...;NA;…;0;
32;17;NA;NA;…;1;
32;21;NA;NA;…;1;
32;24;55;11;11.707;1;
32;32;...;NA;…;1;
32;99;NA;NA;…;1;
32;101;...;NA;…;0;
32;107;NA;NA;…;1;
32;109;...;NA;…;1;
32;110;...;NA;…;0;
32;139;...;NA;…;0;
32;152;NA;NA;…;0;
32;161;NA;NA;…;1;
32;162;...;NA;…;0;
32;172;...;NA;…;1;
32;181;NA;NA;…;0;
32;222;NA;NA;…;0;
32;233;NA;NA;…;1;
32;234;NA;NA;…;0;
32;235;NA;NA;…;1;
32;237;NA;NA;…;1;
32;251;NA;NA;…;0;
32;256;NA;NA;…;0;
32;275;NA;NA;…;0;
32;283;NA;NA;…;1;
32;289;NA;NA;…;0;
32;310;...;NA;…;1;
32;324;NA;NA;…;1;
32;331;...;NA;…;0;
32;353;...;NA;…;1;
32;360;NA;NA;…;0;
32;382;NA;NA;…;0;
32;412;77;21;0.811;0;
32;421;NA;NA;…;0;
32;422;NA;NA;…;0;
32;429;NA;NA;…;1;
32;431;20;5;1.481;1;
32;432;73;21;1.194;1;
32;433;25;10;0.845;0;
32;439;26;8;0.796;0;
32;451;47;9;1.226;1;
32;452;...;NA;…;0;
32;453;18;5;1.149;1;
32;461;14;6;0.6;0;
32;462;67;6;6.439;1;
32;463;...;NA;…;0;
32;464;...;NA;…;0;
32;466;31;4;2.37;1;
32;467;NA;NA;…;0;
32;469;23;4;0.594;0;
32;471;279;57;1.888;1;
32;472;30;9;0.804;0;
32;473;...;NA;…;0;
32;475;22;8;0.638;0;
32;476;...;NA;…;0;
32;477;128;36;1.285;1;
32;478;NA;NA;…;0;
32;479;32;8;2.218;1;
32;493;...;NA;…;0;
32;494;90;15;1.079;1;
32;522;NA;NA;…;0;
32;532;...;NA;…;0;
32;551;NA;NA;…;0;
32;552;NA;NA;…;1;
32;559;NA;NA;…;0;
32;561;41;16;0.407;0;
32;562;...;NA;…;0;
32;563;28;13;1.038;1;
32;591;NA;NA;…;0;
32;620;NA;NA;…;0;
32;641;NA;NA;…;1;
32;661;NA;NA;…;0;
32;662;NA;NA;…;0;
32;681;11;4;0.439;0;
32;682;...;NA;…;0;
32;683;...;NA;…;0;
32;691;NA;NA;…;0;
32;692;13;4;0.169;0;
32;702;...;NA;…;0;
32;711;12;5;0.315;0;
32;731;...;NA;…;0;
32;749;...;NA;…;0;
32;801;NA;NA;…;0;
32;802;NA;NA;…;0;
32;812;NA;NA;…;0;
32;829;10;4;0.251;0;
32;841;1143;35;2.53;1;
32;851;...;NA;…;1;
32;852;442;12;2.647;1;
32;853;NA;NA;…;0;
32;855;NA;NA;…;0;
32;862;79;17;1.687;1;
32;873;...;NA;…;1;
32;881;NA;NA;…;0;
32;900;NA;NA;…;0;
32;920;NA;NA;…;0;
32;931;...;NA;…;0;
32;932;...;NA;…;1;
32;952;...;NA;…;0;
32;960;33;11;0.996;0;
33;11;471;56;4.209;1;
33;12;...;NA;…;0;
33;14;72;14;0.763;0;
33;15;81;5;5.088;1;
33;16;52;8;1.753;1;
33;17;8;4;2.782;1;
33;21;NA;NA;…;1;
33;22;...;NA;…;0;
33;24;70;26;6.227;1;
33;31;...;NA;…;1;
33;32;...;NA;…;1;
33;103;NA;NA;…;1;
33;106;NA;NA;…;1;
33;107;31;5;0.353;0;
33;108;NA;NA;…;0;
33;110;...;NA;…;0;
33;141;...;NA;…;0;
33;143;NA;NA;…;1;
33;151;NA;NA;…;0;
33;152;334;11;12.677;1;
33;161;117;10;6.949;1;
33;162;152;8;3.261;1;
33;182;NA;NA;…;1;
33;221;NA;NA;…;0;
33;222;34;5;0.352;0;
33;231;NA;NA;…;1;
33;236;NA;NA;…;0;
33;237;...;NA;…;1;
33;251;21;4;0.251;0;
33;252;NA;NA;…;0;
33;256;336;6;4.095;1;
33;257;17;4;0.979;0;
33;259;NA;NA;…;0;
33;282;NA;NA;…;0;
33;289;NA;NA;…;0;
33;310;101;7;1.856;1;
33;324;NA;NA;…;0;
33;325;NA;NA;…;0;
33;329;...;NA;…;0;
33;331;NA;NA;…;0;
33;353;...;NA;…;1;
33;360;NA;NA;…;1;
33;370;NA;NA;…;0;
33;381;NA;NA;…;0;
33;383;NA;NA;…;0;
33;411;...;NA;…;0;
33;412;277;61;22.jan;1;
33;421;171;15;2.918;1;
33;422;63;15;04.jan;1;
33;429;27;5;1.915;1;
33;431;151;31;4.674;1;
33;432;96;13;0.656;0;
33;433;57;17;0.806;0;
33;439;44;12;0.563;0;
33;451;112;10;1.221;1;
33;452;99;12;1.455;1;
33;453;23;6;0.614;0;
33;461;NA;NA;…;0;
33;462;15;6;0.602;0;
33;463;140;6;1.265;1;
33;464;...;NA;…;0;
33;465;NA;NA;…;0;
33;467;33;6;0.366;0;
33;469;...;NA;…;0;
33;471;173;53;0.489;0;
33;472;45;17;0.504;0;
33;473;27;6;1.287;1;
33;474;NA;NA;…;0;
33;475;32;11;0.388;0;
33;476;19;5;0.783;0;
33;477;207;55;0.869;0;
33;478;15;7;0.697;0;
33;479;26;7;0.753;0;
33;493;...;NA;…;0;
33;494;41;12;0.205;0;
33;522;11;4;0.07;0;
33;532;NA;NA;…;0;
33;551;...;NA;…;0;
33;552;9;4;1.702;1;
33;553;NA;NA;…;1;
33;559;...;NA;…;0;
33;561;202;61;0.838;0;
33;562;NA;NA;…;0;
33;563;81;32;1.255;1;
33;582;NA;NA;…;0;
33;591;NA;NA;…;0;
33;611;NA;NA;…;0;
33;612;NA;NA;…;0;
33;620;17;7;0.125;0;
33;631;NA;NA;…;0;
33;642;NA;NA;…;0;
33;661;...;NA;…;0;
33;662;15;5;0.951;0;
33;681;...;NA;…;0;
33;682;18;7;0.232;0;
33;683;NA;NA;…;0;
33;691;27;6;0.87;0;
33;692;57;15;0.309;0;
33;701;NA;NA;…;0;
33;702;28;8;0.321;0;
33;711;28;6;0.307;0;
33;712;NA;NA;…;0;
33;721;NA;NA;…;0;
33;731;...;NA;…;0;
33;741;NA;NA;…;1;
33;742;NA;NA;…;0;
33;749;12;6;0.377;0;
33;772;NA;NA;…;0;
33;781;NA;NA;…;0;
33;782;...;NA;…;0;
33;791;NA;NA;…;0;
33;801;125;10;1.674;1;
33;802;...;NA;…;0;
33;812;17;4;0.154;0;
33;813;...;NA;…;0;
33;823;NA;NA;…;0;
33;829;25;5;0.263;0;
33;841;2756;74;2.549;1;
33;842;NA;NA;…;0;
33;851;277;12;2.024;1;
33;852;680;22;1.702;1;
33;853;NA;NA;…;0;
33;855;...;NA;…;0;
33;861;1416;4;6.058;1;
33;862;117;26;1.044;1;
33;869;NA;NA;…;0;
33;873;...;NA;…;1;
33;881;36;6;0.869;0;
33;889;...;NA;…;0;
33;910;NA;NA;…;0;
33;920;NA;NA;…;0;
33;931;...;NA;…;0;
33;932;31;5;1.153;1;
33;949;30;8;0.4;0;
33;952;...;NA;…;0;
33;960;109;21;1.375;1;
34;11;391;51;7.125;1;
34;12;...;NA;…;1;
34;13;NA;NA;…;1;
34;14;165;16;3.567;1;
34;15;...;NA;…;1;
34;16;119;13;8.182;1;
34;24;...;NA;…;0;
34;101;...;NA;…;1;
34;103;...;NA;…;0;
34;106;NA;NA;…;1;
34;107;44;6;1.021;1;
34;108;...;NA;…;0;
34;110;...;NA;…;0;
34;141;60;9;1.376;1;
34;161;...;NA;…;0;
34;162;19;6;0.831;0;
34;222;...;NA;…;0;
34;237;NA;NA;…;1;
34;251;...;NA;…;0;
34;256;NA;NA;…;1;
34;271;NA;NA;…;1;
34;283;...;NA;…;1;
34;289;NA;NA;…;0;
34;309;NA;NA;…;1;
34;310;...;NA;…;1;
34;331;18;4;0.94;0;
34;360;NA;NA;…;0;
34;381;...;NA;…;0;
34;412;63;15;0.566;0;
34;421;NA;NA;…;0;
34;422;NA;NA;…;0;
34;429;...;NA;…;1;
34;431;46;7;2.903;1;
34;432;41;9;0.571;0;
34;433;25;10;0.72;0;
34;439;42;10;1.096;1;
34;451;9;4;0.2;0;
34;452;41;9;1.228;1;
34;453;NA;NA;…;0;
34;461;9;4;0.329;0;
34;462;NA;NA;…;1;
34;463;...;NA;…;0;
34;466;NA;NA;…;0;
34;467;NA;NA;…;0;
34;469;NA;NA;…;0;
34;471;219;50;1.263;1;
34;472;81;18;1.85;1;
34;473;NA;NA;…;0;
34;474;13;5;1.465;1;
34;475;17;8;0.42;0;
34;476;...;NA;…;0;
34;477;104;31;0.89;0;
34;478;18;7;1.705;1;
34;479;...;NA;…;0;
34;493;...;NA;…;0;
34;494;45;13;0.46;0;
34;551;NA;NA;…;0;
34;561;83;20;0.703;0;
34;562;...;NA;…;0;
34;563;76;26;2.401;1;
34;619;NA;NA;…;1;
34;641;NA;NA;…;1;
34;661;NA;NA;…;0;
34;662;NA;NA;…;0;
34;681;NA;NA;…;0;
34;682;...;NA;…;0;
34;692;26;7;0.287;0;
34;702;18;5;0.421;0;
34;712;...;NA;…;0;
34;731;NA;NA;…;1;
34;743;NA;NA;…;1;
34;749;NA;NA;…;1;
34;750;...;NA;…;1;
34;772;NA;NA;…;0;
34;773;NA;NA;…;0;
34;791;...;NA;…;0;
34;801;NA;NA;…;0;
34;812;NA;NA;…;0;
34;813;...;NA;…;1;
34;821;NA;NA;…;0;
34;829;...;NA;…;0;
34;841;1131;22;2.133;1;
34;842;NA;NA;…;0;
34;851;83;7;1.237;1;
34;852;636;19;3.247;1;
34;853;NA;NA;…;0;
34;855;...;NA;…;1;
34;862;87;20;1.584;1;
34;869;NA;NA;…;1;
34;873;483;5;9.012;1;
34;881;NA;NA;…;0;
34;889;...;NA;…;1;
34;900;NA;NA;…;0;
34;910;NA;NA;…;0;
34;931;NA;NA;…;0;
34;932;NA;NA;…;1;
34;949;...;NA;…;0;
34;952;NA;NA;…;0;
34;960;10;4;0.257;0;
35;11;980;116;3.316;1;
35;12;38;13;1.145;1;
35;13;NA;NA;…;0;
35;14;761;40;3.055;1;
35;15;233;6;5.542;1;
35;16;103;13;1.315;1;
35;17;13;5;1.712;1;
35;21;15;7;1.375;1;
35;22;NA;6;…;1;
35;24;94;17;3.166;1;
35;31;NA;NA;…;0;
35;32;...;NA;…;1;
35;81;...;NA;…;0;
35;89;NA;NA;…;1;
35;101;262;11;1.234;1;
35;103;1016;6;14.138;1;
35;105;NA;NA;…;1;
35;106;NA;NA;…;0;
35;107;433;27;1.866;1;
35;108;79;8;0.908;0;
35;109;...;NA;…;0;
35;110;253;21;2.857;1;
35;131;NA;NA;…;1;
35;133;NA;NA;…;0;
35;139;...;NA;…;0;
35;141;258;31;1.099;1;
35;143;NA;NA;…;0;
35;151;...;NA;…;1;
35;161;23;4;0.517;0;
35;162;347;38;2.819;1;
35;172;...;NA;…;0;
35;181;39;9;0.325;0;
35;201;NA;NA;…;0;
35;204;...;NA;…;0;
35;221;NA;NA;…;0;
35;222;118;12;0.463;0;
35;233;NA;NA;…;0;
35;234;...;NA;…;0;
35;235;...;NA;…;0;
35;236;24;6;0.456;0;
35;237;NA;NA;…;1;
35;245;NA;NA;…;0;
35;251;134;16;0.606;0;
35;255;NA;NA;…;0;
35;256;225;26;1.038;1;
35;257;...;NA;…;0;
35;259;24;5;0.342;0;
35;261;...;NA;…;0;
35;263;NA;NA;…;0;
35;265;...;NA;…;0;
35;266;NA;NA;…;0;
35;267;NA;NA;…;1;
35;271;NA;NA;…;0;
35;273;NA;NA;…;0;
35;274;NA;NA;…;1;
35;275;NA;NA;…;0;
35;279;NA;NA;…;0;
35;281;...;NA;…;0;
35;282;71;9;0.488;0;
35;283;121;8;3.795;1;
35;289;NA;NA;…;0;
35;293;NA;NA;…;0;
35;301;...;NA;…;1;
35;310;442;20;3.076;1;
35;321;NA;NA;…;1;
35;323;NA;NA;…;0;
35;324;NA;NA;…;0;
35;325;29;8;0.374;0;
35;329;NA;NA;…;0;
35;331;48;10;0.465;0;
35;332;35;6;1.153;1;
35;351;...;NA;…;0;
35;353;NA;NA;…;0;
35;360;NA;NA;…;1;
35;370;13;4;0.402;0;
35;382;...;NA;…;1;
35;383;NA;NA;…;0;
35;411;29;7;0.569;0;
35;412;585;94;0.975;0;
35;421;157;12;1.014;1;
35;422;84;20;0.525;0;
35;429;27;4;0.725;0;
35;431;126;23;1.477;1;
35;432;350;76;0.906;0;
35;433;289;54;1.546;1;
35;439;465;43;2.254;1;
35;451;317;44;1.308;1;
35;452;184;41;1.024;1;
35;453;108;28;1.091;1;
35;454;29;5;4.015;1;
35;461;164;36;1.113;1;
35;462;419;36;6.372;1;
35;463;460;30;1.574;1;
35;464;111;18;0.381;0;
35;465;...;NA;…;0;
35;466;NA;11;…;1;
35;467;281;39;18.jan;1;
35;469;182;22;0.744;0;
35;471;785;167;0.841;0;
35;472;590;129;2.502;1;
35;473;115;12;2.076;1;
35;474;74.872;16;1.567;1;
35;475;375;88;1.721;1;
35;476;66;19;03.jan;1;
35;477;777;217;1.235;1;
35;478;97;43;1.706;1;
35;479;118;43;1.294;1;
35;493;NA;8;…;0;
35;494;573;86;1.087;1;
35;504;NA;NA;…;1;
35;521;33;4;0.618;0;
35;522;86;9;0.207;0;
35;532;33;6;1.048;1;
35;551;85;10;0.489;0;
35;552;...;NA;…;0;
35;559;...;NA;…;0;
35;561;524;113;0.824;0;
35;562;149;11;1.395;1;
35;563;330;95;1.936;1;
35;581;13;4;0.157;0;
35;582;32;8;0.797;0;
35;591;...;NA;…;0;
35;601;NA;NA;…;0;
35;611;...;NA;…;0;
35;612;...;NA;…;0;
35;619;NA;NA;…;0;
35;620;175;30;0.488;0;
35;631;35;7;0.517;0;
35;639;...;NA;…;0;
35;641;80;4;0.285;0;
35;649;NA;NA;…;0;
35;661;39;12;0.987;0;
35;662;74;30;1.777;1;
35;681;110;23;0.695;0;
35;682;215;35;1.049;1;
35;683;37;14;0.345;0;
35;691;108;31;1.318;1;
35;692;227;72;0.466;0;
35;702;120;32;0.522;0;
35;711;145;35;0.602;0;
35;712;31;4;0.615;0;
35;721;NA;NA;…;0;
35;731;86;16;0.984;0;
35;732;...;NA;…;0;
35;741;...;NA;…;0;
35;742;13;5;0.766;0;
35;743;...;NA;…;0;
35;749;71;21;0.845;0;
35;750;NA;NA;…;0;
35;771;...;NA;…;0;
35;773;55;13;1.465;1;
35;781;...;NA;…;0;
35;791;...;NA;…;0;
35;801;65;14;0.33;0;
35;802;18;4;0.195;0;
35;803;NA;NA;…;0;
35;811;NA;NA;…;0;
35;812;139;23;0.477;0;
35;813;119;7;2.518;1;
35;821;24;6;0.478;0;
35;823;14;4;0.613;0;
35;829;69;18;0.274;0;
35;841;2645;42;0.926;0;
35;842;NA;NA;…;0;
35;851;563;21;1.558;1;
35;852;1708;36;1.619;1;
35;853;1118;16;1.825;1;
35;854;214;4;0.462;0;
35;855;90;16;0.992;0;
35;856;NA;NA;…;1;
35;861;NA;NA;…;1;
35;862;314;100;1.061;1;
35;869;...;NA;…;0;
35;873;406;7;1.407;1;
35;879;NA;NA;…;0;
35;881;...;NA;…;0;
35;889;244;7;1.484;1;
35;900;15;6;0.152;0;
35;910;82;5;0.672;0;
35;920;43;9;1.439;1;
35;931;64;20;0.577;0;
35;932;53;6;0.747;0;
35;941;22;4;1.542;1;
35;942;NA;NA;…;0;
35;949;66;10;0.333;0;
35;951;...;NA;…;0;
35;952;162;24;4.071;1;
35;960;326;51;1.557;1;
36;11;156;36;2.426;1;
36;12;...;NA;…;1;
36;13;NA;NA;…;1;
36;14;707;28;13.042;1;
36;15;NA;NA;…;0;
36;16;63;12;3.696;1;
36;17;NA;NA;…;1;
36;21;...;NA;…;1;
36;22;...;NA;…;0;
36;24;31;12;4.799;1;
36;101;NA;NA;…;1;
36;103;NA;NA;…;1;
36;106;NA;NA;…;0;
36;107;65;10;1.287;1;
36;109;NA;NA;…;0;
36;110;35;4;1.816;1;
36;139;NA;NA;…;0;
36;141;NA;NA;…;0;
36;151;NA;NA;…;1;
36;161;NA;NA;…;0;
36;162;195;10;7.279;1;
36;181;NA;NA;…;0;
36;221;NA;NA;…;1;
36;222;...;NA;…;0;
36;237;NA;NA;…;1;
36;245;NA;NA;…;0;
36;251;NA;NA;…;0;
36;255;NA;NA;…;1;
36;256;...;NA;…;0;
36;259;40;4;2.62;1;
36;271;NA;NA;…;0;
36;279;NA;NA;…;0;
36;281;NA;NA;…;0;
36;329;...;NA;…;0;
36;331;NA;NA;…;0;
36;381;NA;NA;…;0;
36;412;108;21;0.827;0;
36;421;...;NA;…;0;
36;431;NA;NA;…;1;
36;432;45;12;0.535;0;
36;433;55;12;1.352;1;
36;439;24;7;0.535;0;
36;451;15;5;0.284;0;
36;452;32;7;0.818;0;
36;453;22;4;1.021;1;
36;461;23;7;0.717;0;
36;462;48;8;3.354;1;
36;463;24;4;0.377;0;
36;464;...;NA;…;0;
36;467;28;4;0.54;0;
36;469;...;NA;…;0;
36;471;197;32;0.97;0;
36;472;86;23;1.676;1;
36;473;...;NA;…;1;
36;474;...;NA;…;0;
36;475;20;8;0.422;0;
36;476;...;NA;…;0;
36;477;143;37;1.044;1;
36;478;...;NA;…;0;
36;479;9;4;0.454;0;
36;493;NA;NA;…;0;
36;494;69;12;0.601;0;
36;522;NA;NA;…;0;
36;559;NA;NA;…;1;
36;561;85;15;0.614;0;
36;562;...;NA;…;0;
36;563;60;21;1.617;1;
36;582;NA;NA;…;0;
36;620;NA;NA;…;0;
36;639;NA;NA;…;0;
36;641;NA;NA;…;0;
36;661;...;NA;…;0;
36;662;...;NA;…;0;
36;682;...;NA;…;1;
36;691;NA;NA;…;0;
36;692;16;6;0.151;0;
36;701;...;NA;…;0;
36;702;...;NA;…;0;
36;711;10;4;0.191;0;
36;732;NA;NA;…;0;
36;742;NA;NA;…;1;
36;749;13;4;0.711;0;
36;750;NA;NA;…;0;
36;773;NA;NA;…;1;
36;802;NA;NA;…;0;
36;803;NA;NA;…;1;
36;811;NA;NA;…;1;
36;812;...;NA;…;0;
36;829;NA;NA;…;0;
36;841;513;12;0.826;0;
36;851;107;6;1.36;1;
36;852;440;10;1.916;1;
36;853;NA;NA;…;1;
36;855;...;NA;…;0;
36;862;65;17;01.jan;1;
36;873;...;NA;…;1;
36;900;...;NA;…;0;
36;910;NA;NA;…;0;
36;931;NA;NA;…;0;
36;932;...;NA;…;1;
36;949;...;NA;…;0;
36;952;...;NA;…;0;
36;960;30;8;0.658;0;
37;11;1691;128;7.824;1;
37;12;95;11;3.913;1;
37;14;255;34;04.jan;1;
37;15;11;4;0.358;0;
37;16;208;29;3.631;1;
37;17;12;5;2.161;1;
37;21;...;NA;…;1;
37;22;NA;NA;…;0;
37;24;43;10;1.981;1;
37;32;...;NA;…;1;
37;101;109;12;0.702;0;
37;103;99;10;1.884;1;
37;104;NA;NA;…;1;
37;105;NA;NA;…;0;
37;106;65;5;3.156;1;
37;107;508;19;2.993;1;
37;108;242;8;3.802;1;
37;109;NA;NA;…;0;
37;110;29;12;0.448;0;
37;133;NA;NA;…;0;
37;139;41;4;0.442;0;
37;141;1260;35;7.336;1;
37;152;...;NA;…;0;
37;161;47;5;1.445;1;
37;162;94;12;1.044;1;
37;181;32;10;0.364;0;
37;201;NA;NA;…;0;
37;204;NA;NA;…;0;
37;221;NA;NA;…;1;
37;222;74;11;0.397;0;
37;233;NA;NA;…;0;
37;234;...;NA;…;1;
37;235;NA;NA;…;0;
37;236;20;4;0.52;0;
37;244;NA;NA;…;0;
37;251;119;16;0.736;0;
37;254;NA;NA;…;1;
37;255;135;4;8.811;1;
37;256;253;27;1.597;1;
37;257;68;6;2.028;1;
37;259;33;5;0.643;0;
37;261;...;NA;…;0;
37;265;NA;NA;…;0;
37;266;NA;NA;…;1;
37;267;NA;NA;…;0;
37;271;NA;NA;…;0;
37;274;NA;NA;…;1;
37;279;NA;NA;…;0;
37;281;...;NA;…;0;
37;282;70;6;0.658;0;
37;283;113;7;4.846;1;
37;289;...;NA;…;0;
37;292;...;NA;…;1;
37;293;...;NA;…;0;
37;301;NA;NA;…;0;
37;309;NA;NA;…;0;
37;310;94;12;0.894;0;
37;325;...;NA;…;0;
37;329;NA;NA;…;0;
37;331;37;7;0.49;0;
37;332;...;NA;…;0;
37;351;NA;NA;…;0;
37;360;NA;NA;…;1;
37;370;...;NA;…;1;
37;381;116;6;2.001;1;
37;383;...;NA;…;1;
37;411;47;5;1.262;1;
37;412;571;71;1.302;1;
37;421;242;12;2.138;1;
37;422;NA;NA;…;0;
37;429;NA;NA;…;0;
37;431;82;17;1.314;1;
37;432;217;50;0.768;0;
37;433;214;56;1.566;1;
37;439;156;33;1.034;1;
37;451;194;35;1.095;1;
37;452;172;35;1.308;1;
37;453;52;16;0.718;0;
37;454;...;NA;…;1;
37;461;76;14;0.705;0;
37;462;108;16;2.246;1;
37;463;205;18;0.959;0;
37;464;24;10;0.113;0;
37;466;NA;NA;…;0;
37;467;195;26;12.jan;1;
37;469;71;11;0.397;0;
37;471;665;117;0.974;0;
37;472;204;61;1.183;1;
37;473;65;15;1.604;1;
37;474;19;7;0.544;0;
37;475;164;45;1.029;1;
37;476;36;11;0.768;0;
37;477;481;140;1.045;1;
37;478;48;18;1.154;1;
37;479;299;24;4.484;1;
37;493;33;11;0.142;0;
37;494;788;91;2.044;1;
37;522;38;7;0.125;0;
37;532;...;NA;…;0;
37;551;39;6;0.307;0;
37;552;18;4;1.763;1;
37;559;NA;NA;…;0;
37;561;428;102;0.92;0;
37;562;NA;5;…;1;
37;563;263;87;2.109;1;
37;581;...;NA;…;0;
37;582;...;NA;…;0;
37;601;NA;NA;…;1;
37;602;...;NA;…;0;
37;611;...;NA;…;0;
37;612;NA;NA;…;0;
37;613;NA;NA;…;1;
37;619;NA;NA;…;0;
37;620;38;9;0.145;0;
37;631;37;10;0.747;0;
37;639;NA;NA;…;0;
37;641;88;4;0.429;0;
37;661;...;NA;…;0;
37;662;28;12;0.919;0;
37;681;24;5;0.207;0;
37;682;51;14;0.34;0;
37;683;89;7;1.135;1;
37;691;30;9;0.5;0;
37;692;147;44;0.412;0;
37;702;61;15;0.363;0;
37;711;32;9;0.182;0;
37;712;21;4;0.569;0;
37;721;...;NA;…;0;
37;731;17;4;0.266;0;
37;732;26;6;1.706;1;
37;741;NA;NA;…;0;
37;742;NA;NA;…;1;
37;743;NA;NA;…;0;
37;749;22;4;0.358;0;
37;750;19;5;1.897;1;
37;771;13;4;0.886;0;
37;772;...;NA;…;0;
37;773;NA;NA;…;0;
37;781;...;NA;…;0;
37;782;...;NA;…;1;
37;791;14;4;0.429;0;
37;801;42;9;0.291;0;
37;802;15;4;0.222;0;
37;803;NA;NA;…;1;
37;811;NA;NA;…;0;
37;812;...;NA;…;0;
37;813;NA;5;…;1;
37;821;...;NA;…;0;
37;823;NA;NA;…;0;
37;829;124;18;0.674;0;
37;841;1730;51;0.829;0;
37;842;...;NA;…;1;
37;851;495;20;1.873;1;
37;852;1501;38;1.945;1;
37;853;371;12;0.828;0;
37;855;23;10;0.347;0;
37;856;...;NA;…;0;
37;861;NA;NA;…;1;
37;862;147;58;0.679;0;
37;869;32;5;0.288;0;
37;873;286;4;1.355;1;
37;879;NA;NA;…;1;
37;881;44;4;0.55;0;
37;889;43;7;0.358;0;
37;900;41;11;0.566;0;
37;910;63;5;0.706;0;
37;920;...;NA;…;0;
37;931;10;4;0.123;0;
37;932;62;7;1.194;1;
37;941;...;NA;…;0;
37;949;NA;6;…;0;
37;951;NA;NA;…;0;
37;952;19;7;0.653;0;
37;960;123;39;0.803;0;
38;11;682;117;0.681;0;
38;12;247;55;2.196;1;
38;13;128;8;4.023;1;
38;14;974;121;1.154;1;
38;15;31;10;0.218;0;
38;16;184;42;0.693;0;
38;17;14;5;0.544;0;
38;21;51;11;1.379;1;
38;22;NA;8;…;1;
38;24;64;16;0.636;0;
38;31;...;NA;…;0;
38;32;11;5;0.618;0;
38;81;...;NA;…;0;
38;101;1768;23;2.457;1;
38;103;1041;13;4.275;1;
38;104;...;NA;…;0;
38;105;200;6;0.837;0;
38;106;64;5;0.671;0;
38;107;1676;67;2.131;1;
38;108;1192;28;4.042;1;
38;109;197;12;1.267;1;
38;110;608;39;2.026;1;
38;131;NA;NA;…;0;
38;133;NA;NA;…;0;
38;139;41;8;0.095;0;
38;141;577;42;0.725;0;
38;151;9;4;0.076;0;
38;152;307;9;1.302;1;
38;161;248;17;1.646;1;
38;162;860;62;2.062;1;
38;172;725;21;1.996;1;
38;181;722;42;1.775;1;
38;182;NA;NA;…;0;
38;192;NA;NA;…;0;
38;201;...;NA;…;0;
38;203;NA;NA;…;0;
38;204;58;5;0.668;0;
38;211;NA;NA;…;0;
38;212;NA;NA;…;0;
38;221;940;9;3.185;1;
38;222;860;33;0.996;0;
38;231;16;4;0.116;0;
38;234;...;NA;…;0;
38;236;153;13;0.858;0;
38;237;22;7;0.635;0;
38;239;...;NA;…;0;
38;242;NA;NA;…;1;
38;243;...;NA;…;0;
38;245;...;NA;…;0;
38;251;877;36;17.jan;1;
38;252;85;4;0.851;0;
38;253;NA;NA;…;0;
38;255;...;NA;…;0;
38;256;710;73;0.967;0;
38;257;364;15;2.343;1;
38;259;381;16;1.603;1;
38;261;...;NA;…;0;
38;262;NA;NA;…;0;
38;263;...;NA;…;0;
38;264;18;4;0.13;0;
38;265;NA;NA;…;0;
38;266;NA;NA;…;0;
38;267;...;NA;…;0;
38;271;552;9;1.738;1;
38;273;1418;4;6;1;
38;274;...;NA;…;0;
38;279;...;NA;…;1;
38;281;255;13;0.277;0;
38;282;1510;32;3.062;1;
38;283;312;5;2.887;1;
38;284;NA;4;…;1;
38;289;224;22;0.9;0;
38;291;NA;NA;…;1;
38;292;387;11;4.699;1;
38;293;3069;14;1.896;1;
38;309;NA;NA;…;0;
38;310;552;51;1.134;1;
38;321;11;5;0.463;0;
38;322;NA;NA;…;0;
38;324;NA;NA;…;0;
38;325;108;18;0.411;0;
38;329;46;14;0.274;0;
38;331;118;32;0.338;0;
38;332;77;7;0.748;0;
38;351;NA;NA;…;0;
38;352;NA;NA;…;0;
38;353;...;NA;…;0;
38;360;NA;NA;…;1;
38;370;...;NA;…;0;
38;381;468;10;1.743;1;
38;382;49;4;0.49;0;
38;383;134;4;02.febr;1;
38;390;NA;NA;…;0;
38;411;98;20;0.568;0;
38;412;2590;237;1.274;1;
38;421;321;27;0.612;0;
38;422;351;31;0.647;0;
38;429;53;9;0.42;0;
38;431;123;22;0.425;0;
38;432;1398;258;1.067;1;
38;433;679;180;1.072;1;
38;439;790;120;13.jan;1;
38;451;1493;185;1.818;1;
38;452;1127;124;1.85;1;
38;453;460;79;1.371;1;
38;454;50;10;2.043;1;
38;461;540;76;1.082;1;
38;462;399;51;1.791;1;
38;463;1154;118;1.165;1;
38;464;817;79;0.829;0;
38;465;106;11;0.717;0;
38;466;431;39;1.539;1;
38;467;744;103;0.922;0;
38;469;670;83;0.808;0;
38;471;2229;264;0.704;0;
38;472;495;128;0.619;0;
38;473;299;43;1.593;1;
38;474;106;26;0.654;0;
38;475;642;140;0.869;0;
38;476;146;35;0.672;0;
38;477;1664;390;0.78;0;
38;478;126;49;0.654;0;
38;479;347;71;1.123;1;
38;493;2725;32;2.523;1;
38;494;2301;337;1.288;1;
38;511;NA;NA;…;0;
38;521;544;16;3.008;1;
38;522;1191;49;0.847;0;
38;532;45;8;0.422;0;
38;551;392;32;0.666;0;
38;552;28;8;0.592;0;
38;553;NA;NA;…;0;
38;559;119;17;1.239;1;
38;561;2037;349;0.945;0;
38;562;457;36;1.263;1;
38;563;525;146;0.909;0;
38;581;154;20;0.549;0;
38;582;42;8;0.309;0;
38;591;117;22;0.977;0;
38;592;12;5;1.129;1;
38;601;NA;NA;…;0;
38;602;...;NA;…;0;
38;611;96;8;0.445;0;
38;612;20;6;0.108;0;
38;619;60;6;2.942;1;
38;620;495;92;0.407;0;
38;631;89;27;0.388;0;
38;639;14;5;0.364;0;
38;641;...;NA;…;0;
38;642;NA;NA;…;0;
38;649;44;5;0.23;0;
38;661;45;18;0.336;0;
38;662;142;54;1.006;1;
38;681;472;82;0.88;0;
38;682;573;112;0.825;0;
38;683;152;40;0.418;0;
38;691;262;75;0.943;0;
38;692;645;193;0.391;0;
38;701;80;7;0.712;0;
38;702;406;115;0.521;0;
38;711;719;150;0.881;0;
38;712;138;21;0.807;0;
38;721;201;17;0.454;0;
38;722;...;NA;…;0;
38;731;137;34;0.463;0;
38;732;107;16;1.515;1;
38;741;8;4;0.346;0;
38;742;47;10;0.817;0;
38;743;16;6;0.489;0;
38;749;364;67;1.279;1;
38;750;39;11;0.84;0;
38;771;36;5;0.529;0;
38;772;14;6;0.31;0;
38;773;119;19;0.935;0;
38;781;74;5;0.291;0;
38;782;305;7;0.233;0;
38;783;29;4;0.13;0;
38;791;63;14;0.417;0;
38;799;NA;NA;…;0;
38;801;168;34;0.251;0;
38;802;280;36;0.893;0;
38;803;34;4;1.481;1;
38;811;72;7;0.226;0;
38;812;595;70;0.603;0;
38;813;155;25;0.968;0;
38;821;135;16;0.794;0;
38;822;NA;NA;…;0;
38;823;23;8;0.297;0;
38;829;553;101;0.649;0;
38;841;5998;61;0.62;0;
38;842;4505;9;2.288;1;
38;843;...;NA;…;1;
38;851;1579;32;1.289;1;
38;852;2908;77;0.813;0;
38;853;2490;26;02.jan;1;
38;854;1678;18;1.069;1;
38;855;360;70;1.171;1;
38;856;63;8;0.781;0;
38;861;NA;4;…;1;
38;862;652;206;0.65;0;
38;869;283;28;0.549;0;
38;873;1085;8;1.109;1;
38;879;NA;NA;…;0;
38;881;526;17;1.418;1;
38;889;NA;13;…;0;
38;900;355;37;1.058;1;
38;910;279;14;0.675;0;
38;920;26;6;0.257;0;
38;931;364;44;0.969;0;
38;932;69;21;0.287;0;
38;941;96;11;1.985;1;
38;942;...;NA;…;0;
38;949;507;50;0.755;0;
38;951;37;9;0.507;0;
38;952;226;37;1.676;1;
38;960;567;184;0.799;0;
39;11;280;66;1.174;1;
39;12;456;131;17.025;1;
39;13;11;4;1.452;1;
39;14;494;101;2.458;1;
39;15;13;5;0.383;0;
39;16;98;26;1.551;1;
39;17;8;4;1.306;1;
39;21;24;4;2.727;1;
39;22;52;9;1.378;1;
39;24;57;12;2.38;1;
39;32;NA;NA;…;1;
39;81;NA;NA;…;0;
39;89;...;NA;…;1;
39;101;114;6;0.665;0;
39;102;NA;NA;…;1;
39;103;95;14;1.638;1;
39;104;NA;NA;…;1;
39;105;...;NA;…;0;
39;107;314;23;1.677;1;
39;108;12;5;0.171;0;
39;109;...;NA;…;1;
39;110;1207;111;16.891;1;
39;132;NA;NA;…;1;
39;139;NA;NA;…;0;
39;141;93;14;0.491;0;
39;143;22;4;1.306;1;
39;151;NA;NA;…;0;
39;152;43;4;0.766;0;
39;161;83;9;2.313;1;
39;162;114;10;1.148;1;
39;172;...;NA;…;0;
39;181;31;5;0.32;0;
39;201;51;5;1.145;1;
39;203;...;NA;…;1;
39;204;...;NA;…;0;
39;205;NA;NA;…;1;
39;221;...;NA;…;0;
39;222;1064;57;5.175;1;
39;235;...;NA;…;0;
39;236;...;NA;…;0;
39;237;14;4;1.698;1;
39;239;NA;NA;…;1;
39;245;NA;NA;…;1;
39;251;398;17;2.231;1;
39;252;NA;NA;…;0;
39;255;...;NA;…;1;
39;256;236;24;1.35;1;
39;257;...;NA;…;0;
39;259;58;4;1.025;1;
39;261;NA;NA;…;0;
39;263;NA;NA;…;0;
39;267;NA;NA;…;0;
39;271;NA;NA;…;0;
39;282;79;8;0.673;0;
39;283;115;7;4.47;1;
39;289;361;6;09.jún;1;
39;292;...;NA;…;1;
39;293;461;4;1.196;1;
39;309;NA;NA;…;0;
39;310;75;15;0.647;0;
39;321;...;NA;…;0;
39;323;NA;NA;…;1;
39;325;NA;NA;…;0;
39;329;23;5;0.576;0;
39;331;101;13;1.213;1;
39;360;133;4;1.199;1;
39;370;NA;NA;…;0;
39;381;74;7;1.157;1;
39;382;NA;NA;…;1;
39;383;39;9;2.469;1;
39;411;57;7;1.387;1;
39;412;472;76;0.975;0;
39;421;38;4;0.304;0;
39;422;67;12;0.519;0;
39;429;14;4;0.466;0;
39;431;53;7;0.77;0;
39;432;311;48;0.997;0;
39;433;221;59;1.466;1;
39;439;101;29;0.607;0;
39;451;282;55;1.442;1;
39;452;230;64;1.586;1;
39;453;170;31;2.128;1;
39;454;62;5;10.639;1;
39;461;147;25;1.237;1;
39;462;46;11;0.867;0;
39;463;842;103;3.571;1;
39;464;97;17;0.413;0;
39;466;32;7;0.48;0;
39;467;519;52;2.702;1;
39;469;93;23;0.471;0;
39;471;887;123;1.177;1;
39;472;229;76;1.204;1;
39;473;144;17;3.222;1;
39;474;54;7;04.jan;1;
39;475;209;56;1.189;1;
39;476;44;13;0.851;0;
39;477;703;183;1.385;1;
39;478;145;52;3.161;1;
39;479;130;36;1.767;1;
39;493;43;7;0.167;0;
39;494;1018;143;2.393;1;
39;521;NA;NA;…;0;
39;522;23;5;0.069;0;
39;532;...;NA;…;0;
39;551;...;NA;…;0;
39;552;...;NA;…;0;
39;553;NA;NA;…;0;
39;559;8;4;0.35;0;
39;561;619;115;1.206;1;
39;562;52;7;0.604;0;
39;563;214;67;1.556;1;
39;581;...;NA;…;0;
39;591;NA;NA;…;0;
39;601;NA;NA;…;1;
39;602;...;NA;…;0;
39;611;...;NA;…;0;
39;620;50;8;0.173;0;
39;631;17;7;0.311;0;
39;641;NA;NA;…;0;
39;642;NA;NA;…;0;
39;649;NA;NA;…;0;
39;661;15;5;0.471;0;
39;662;54;17;1.607;1;
39;681;83;15;0.65;0;
39;682;275;24;1.662;1;
39;683;...;NA;…;0;
39;691;81;19;1.225;1;
39;692;180;52;0.458;0;
39;701;...;NA;…;0;
39;702;87;22;0.469;0;
39;711;107;25;0.551;0;
39;712;42;8;1.032;1;
39;721;...;NA;…;0;
39;731;22;7;0.312;0;
39;732;NA;NA;…;0;
39;742;...;NA;…;0;
39;743;NA;NA;…;0;
39;749;43;7;0.635;0;
39;750;15;5;1.358;1;
39;771;...;NA;…;0;
39;772;...;NA;…;1;
39;773;27;5;0.891;0;
39;781;84;4;1.388;1;
39;782;NA;NA;…;0;
39;791;...;NA;…;0;
39;801;98;11;0.616;0;
39;802;32;8;0.429;0;
39;811;NA;NA;…;0;
39;812;23;7;0.098;0;
39;813;NA;NA;…;0;
39;821;23;6;0.568;0;
39;823;8;4;0.434;0;
39;829;73;13;0.36;0;
39;841;1334;36;0.579;0;
39;842;NA;NA;…;0;
39;851;461;18;1.581;1;
39;852;2139;35;2.513;1;
39;853;183;5;0.37;0;
39;854;NA;NA;…;0;
39;855;29;10;0.396;0;
39;862;159;56;0.666;0;
39;869;11;4;0.09;0;
39;871;NA;NA;…;1;
39;872;NA;NA;…;1;
39;873;...;NA;…;0;
39;881;82;6;0.929;0;
39;889;58;4;0.437;0;
39;900;...;NA;…;0;
39;910;66;8;0.67;0;
39;920;20;7;0.83;0;
39;931;41;6;0.458;0;
39;932;89;12;1.554;1;
39;941;...;NA;…;0;
39;949;132;16;0.826;0;
39;951;...;NA;…;0;
39;952;19;7;0.592;0;
39;960;128;42;0.758;0;
40;11;224;51;1.375;1;
40;12;15;6;0.819;0;
40;13;...;NA;…;1;
40;14;362;43;2.636;1;
40;15;16;5;0.69;0;
40;16;37;11;0.857;0;
40;22;NA;NA;…;0;
40;24;81;10;4.949;1;
40;101;1293;10;11.042;1;
40;103;134;7;3.382;1;
40;104;NA;NA;…;1;
40;105;...;NA;…;1;
40;107;1415;14;11.059;1;
40;108;NA;4;…;1;
40;109;NA;NA;…;1;
40;110;41;9;0.84;0;
40;131;NA;NA;…;0;
40;139;47;5;0.672;0;
40;141;94;16;0.726;0;
40;143;NA;NA;…;1;
40;152;723;11;18.845;1;
40;161;30;5;1.224;1;
40;162;19;4;0.28;0;
40;172;NA;NA;…;1;
40;181;16;7;0.242;0;
40;206;NA;NA;…;1;
40;222;...;NA;…;0;
40;234;NA;NA;…;0;
40;236;NA;NA;…;0;
40;237;NA;NA;…;1;
40;239;NA;NA;…;0;
40;244;NA;NA;…;0;
40;245;NA;NA;…;0;
40;251;96;13;0.787;0;
40;252;231;4;14.208;1;
40;253;NA;NA;…;1;
40;255;...;NA;…;0;
40;256;80;13;0.67;0;
40;257;NA;NA;…;0;
40;259;34;4;0.879;0;
40;262;NA;NA;…;0;
40;266;NA;NA;…;0;
40;271;NA;NA;…;0;
40;273;NA;NA;…;0;
40;274;NA;NA;…;1;
40;289;NA;NA;…;1;
40;292;NA;NA;…;1;
40;293;NA;NA;…;0;
40;310;59;5;0.745;0;
40;321;...;NA;…;1;
40;325;...;NA;…;0;
40;331;NA;NA;…;0;
40;332;NA;NA;…;0;
40;370;NA;NA;…;0;
40;383;NA;NA;…;0;
40;411;21;4;0.748;0;
40;412;330;42;0.998;0;
40;422;35;6;0.397;0;
40;429;NA;NA;…;0;
40;431;65;4;1.382;1;
40;432;104;27;0.488;0;
40;433;133;35;1.291;1;
40;439;70;19;0.615;0;
40;451;148;33;1.108;1;
40;452;109;31;01.jan;1;
40;453;26;8;0.476;0;
40;454;NA;NA;…;0;
40;461;70;14;0.862;0;
40;462;53;11;1.462;1;
40;463;102;14;0.633;0;
40;464;159;23;0.991;0;
40;465;NA;NA;…;0;
40;466;...;NA;…;0;
40;467;24;5;0.183;0;
40;469;NA;9;…;1;
40;471;437;75;0.849;0;
40;472;151;37;1.161;1;
40;473;45;4;1.473;1;
40;474;17;5;0.645;0;
40;475;153;32;1.273;1;
40;476;28;11;0.792;0;
40;477;425;118;1.225;1;
40;478;51;23;1.627;1;
40;479;25;10;0.497;0;
40;493;113;6;0.643;0;
40;494;421;55;1.448;1;
40;521;NA;NA;…;0;
40;522;14;4;0.061;0;
40;532;NA;NA;…;1;
40;551;...;NA;…;0;
40;552;NA;NA;…;0;
40;561;385;76;1.097;1;
40;562;59;8;1.002;1;
40;563;157;56;1.67;1;
40;582;...;NA;…;0;
40;591;...;NA;…;1;
40;592;NA;NA;…;1;
40;620;18;8;0.091;0;
40;641;NA;NA;…;0;
40;661;21;9;0.964;0;
40;662;...;NA;…;0;
40;681;33;8;0.378;0;
40;682;72;16;0.637;0;
40;683;46;7;0.778;0;
40;691;59;16;1.305;1;
40;692;114;40;0.424;0;
40;702;31;5;0.244;0;
40;711;40;8;0.301;0;
40;712;36;5;1.295;1;
40;721;NA;NA;…;0;
40;731;...;NA;…;0;
40;732;...;NA;…;0;
40;742;NA;NA;…;0;
40;749;30;9;0.648;0;
40;750;...;NA;…;1;
40;771;NA;NA;…;0;
40;773;...;NA;…;0;
40;791;NA;NA;…;0;
40;801;31;5;0.285;0;
40;802;23;8;0.451;0;
40;811;NA;NA;…;0;
40;812;60;6;0.374;0;
40;813;NA;NA;…;0;
40;821;...;NA;…;0;
40;829;39;9;0.281;0;
40;841;758;14;0.481;0;
40;842;NA;NA;…;0;
40;851;165;5;0.828;0;
40;852;1129;26;1.941;1;
40;853;986;9;2.92;1;
40;855;32;11;0.64;0;
40;856;NA;NA;…;0;
40;861;NA;NA;…;0;
40;862;99;36;0.607;0;
40;869;39;6;0.465;0;
40;873;NA;NA;…;0;
40;881;116;5;1.923;1;
40;889;...;NA;…;1;
40;900;...;NA;…;0;
40;910;48;6;0.713;0;
40;920;...;NA;…;0;
40;931;22;5;0.36;0;
40;932;37;5;0.945;0;
40;941;NA;NA;…;1;
40;949;21;6;0.192;0;
40;951;NA;NA;…;0;
40;952;15;6;0.684;0;
40;960;84;35;0.728;0;
41;11;174;21;0.817;0;
41;12;13;6;0.543;0;
41;13;NA;NA;…;0;
41;14;280;48;1.56;1;
41;15;NA;NA;…;0;
41;16;144;24;2.551;1;
41;21;9;4;1.145;1;
41;22;48;10;1.425;1;
41;24;102;28;4.769;1;
41;32;...;NA;…;1;
41;81;NA;NA;…;0;
41;101;376;22;2.457;1;
41;103;13;4;0.251;0;
41;105;NA;NA;…;0;
41;106;NA;NA;…;1;
41;107;171;9;1.023;1;
41;108;...;NA;…;0;
41;109;...;NA;…;1;
41;110;142;10;2.225;1;
41;132;NA;NA;…;1;
41;133;...;NA;…;0;
41;139;...;NA;…;0;
41;141;159;14;0.94;0;
41;143;45;8;2.992;1;
41;152;NA;NA;…;0;
41;161;...;NA;…;0;
41;162;252;25;2.841;1;
41;172;384;10;4.972;1;
41;181;23;4;0.266;0;
41;204;NA;NA;…;0;
41;211;NA;NA;…;0;
41;212;NA;NA;…;0;
41;222;410;17;2.233;1;
41;231;11;4;0.376;0;
41;236;NA;NA;…;0;
41;239;NA;NA;…;0;
41;251;95;13;0.596;0;
41;252;...;NA;…;1;
41;256;93;10;0.596;0;
41;257;...;NA;…;0;
41;261;NA;NA;…;0;
41;263;NA;NA;…;0;
41;267;NA;NA;…;0;
41;271;45;4;0.667;0;
41;275;NA;NA;…;1;
41;281;NA;NA;…;0;
41;282;88;8;0.839;0;
41;284;NA;NA;…;0;
41;289;NA;NA;…;0;
41;310;69;10;0.666;0;
41;325;25;6;0.448;0;
41;329;...;NA;…;0;
41;331;38;11;0.511;0;
41;332;NA;NA;…;0;
41;353;NA;NA;…;0;
41;360;416;4;4.201;1;
41;370;NA;NA;…;1;
41;381;97;7;1.699;1;
41;382;NA;4;…;1;
41;390;56;4;9.641;1;
41;411;14;4;0.381;0;
41;412;659;60;1.525;1;
41;421;109;9;0.978;0;
41;422;173;15;05.jan;1;
41;429;NA;NA;…;1;
41;431;100;23;1.627;1;
41;432;253;48;0.909;0;
41;433;104;32;0.772;0;
41;439;141;27;0.949;0;
41;451;181;32;1.037;1;
41;452;161;33;1.243;1;
41;453;193;25;2.706;1;
41;454;...;NA;…;1;
41;461;98;15;0.923;0;
41;462;120;15;2.533;1;
41;463;218;26;1.035;1;
41;464;187;17;0.892;0;
41;465;NA;NA;…;0;
41;466;29;8;0.487;0;
41;467;456;43;2.658;1;
41;469;117;19;0.663;0;
41;471;761;108;1.131;1;
41;472;204;54;1.201;1;
41;473;64;15;1.603;1;
41;474;50;13;1.452;1;
41;475;203;46;1.293;1;
41;476;37;12;0.801;0;
41;477;388;107;0.856;0;
41;478;52;23;1.269;1;
41;479;96;24;1.461;1;
41;493;16;5;0.07;0;
41;494;547;87;1.44;1;
41;521;...;NA;…;0;
41;522;63;9;0.211;0;
41;532;NA;NA;…;0;
41;551;72;8;0.575;0;
41;552;10;4;0.994;0;
41;559;NA;NA;…;1;
41;561;498;108;1.086;1;
41;562;58;5;0.754;0;
41;563;187;63;1.522;1;
41;581;22;5;0.369;0;
41;591;...;NA;…;0;
41;592;NA;NA;…;0;
41;601;...;NA;…;1;
41;602;...;NA;…;0;
41;611;16;4;0.349;0;
41;620;47;10;0.182;0;
41;631;13;6;0.266;0;
41;641;NA;NA;…;0;
41;642;NA;NA;…;1;
41;661;...;NA;…;0;
41;662;28;11;0.933;0;
41;663;NA;NA;…;0;
41;681;88;19;0.771;0;
41;682;226;30;1.53;1;
41;683;18;4;0.233;0;
41;691;65;20;1.101;1;
41;692;162;44;0.461;0;
41;701;NA;NA;…;0;
41;702;37;14;0.223;0;
41;711;90;22;0.519;0;
41;712;22;7;0.605;0;
41;721;NA;NA;…;0;
41;731;40;9;0.635;0;
41;732;10;4;0.666;0;
41;741;NA;NA;…;0;
41;742;NA;NA;…;0;
41;743;...;NA;…;0;
41;749;81;12;1.339;1;
41;750;9;4;0.912;0;
41;771;NA;NA;…;1;
41;772;13;5;1.354;1;
41;773;16;5;0.591;0;
41;781;...;NA;…;0;
41;782;NA;NA;…;0;
41;791;...;NA;…;0;
41;799;NA;NA;…;0;
41;801;72;9;0.507;0;
41;802;18;4;0.27;0;
41;811;NA;NA;…;0;
41;812;28;5;0.133;0;
41;813;83;6;2.438;1;
41;821;...;NA;…;0;
41;822;NA;NA;…;0;
41;823;NA;NA;…;0;
41;829;27;10;0.149;0;
41;841;1315;25;0.639;0;
41;842;NA;NA;…;1;
41;851;259;11;0.994;0;
41;852;888;25;1.168;1;
41;853;1132;11;2.565;1;
41;855;51;10;0.781;0;
41;856;NA;NA;…;1;
41;861;...;NA;…;1;
41;862;204;51;0.957;0;
41;869;31;8;0.283;0;
41;872;NA;NA;…;1;
41;873;744;10;3.577;1;
41;879;...;NA;…;1;
41;881;NA;NA;…;0;
41;889;42;4;0.354;0;
41;900;46;5;0.645;0;
41;910;52;9;0.591;0;
41;920;...;NA;…;0;
41;931;42;10;0.526;0;
41;932;84;9;1.642;1;
41;949;32;4;0.224;0;
41;951;NA;NA;…;0;
41;952;58;9;2.023;1;
41;960;120;36;0.795;0;
42;11;155;30;2.586;1;
42;12;42;8;6.238;1;
42;14;372;100;7.364;1;
42;15;...;NA;…;1;
42;16;55;10;3.462;1;
42;17;NA;NA;…;1;
42;21;...;NA;…;1;
42;24;33;9;5.481;1;
42;32;NA;NA;…;1;
42;101;351;6;8.149;1;
42;103;...;NA;…;1;
42;107;...;NA;…;1;
42;109;NA;NA;…;1;
42;110;NA;NA;…;1;
42;139;NA;NA;…;0;
42;141;NA;NA;…;0;
42;143;NA;NA;…;1;
42;152;NA;NA;…;1;
42;161;...;NA;…;1;
42;162;48;5;1.923;1;
42;181;NA;NA;…;0;
42;221;...;NA;…;1;
42;222;NA;NA;…;0;
42;236;...;NA;…;0;
42;251;26;5;0.58;0;
42;255;NA;NA;…;1;
42;256;67;12;1.525;1;
42;259;41;6;2.882;1;
42;282;14;4;0.474;0;
42;283;NA;NA;…;1;
42;289;NA;NA;…;0;
42;325;...;NA;…;0;
42;331;...;NA;…;0;
42;360;NA;NA;…;0;
42;382;NA;NA;…;1;
42;383;NA;NA;…;0;
42;412;89;23;0.732;0;
42;421;...;NA;…;0;
42;422;29;6;0.894;0;
42;431;35;7;2.023;1;
42;432;45;13;0.574;0;
42;433;34;15;0.897;0;
42;439;28;6;0.669;0;
42;451;47;9;0.956;0;
42;452;30;11;0.823;0;
42;453;10;4;0.498;0;
42;461;NA;NA;…;0;
42;462;26;5;1.95;1;
42;463;57;13;0.962;0;
42;464;NA;NA;…;0;
42;466;...;NA;…;0;
42;467;51;8;1.056;1;
42;469;46;6;0.927;0;
42;471;195;40;03.jan;1;
42;472;52;16;1.087;1;
42;473;19;4;1.691;1;
42;474;20;4;2.063;1;
42;475;53;12;1.199;1;
42;476;...;NA;…;0;
42;477;141;42;1.105;1;
42;478;10;4;0.867;0;
42;479;21;6;1.136;1;
42;493;15;6;0.232;0;
42;494;206;22;1.927;1;
42;522;18;4;0.214;0;
42;552;...;NA;…;1;
42;559;NA;NA;…;0;
42;561;118;24;0.914;0;
42;562;NA;NA;…;0;
42;563;106;37;3.066;1;
42;611;NA;NA;…;0;
42;612;NA;NA;…;0;
42;631;NA;NA;…;0;
42;641;NA;NA;…;1;
42;661;NA;NA;…;0;
42;662;...;NA;…;1;
42;681;...;NA;…;0;
42;682;40;5;0.962;0;
42;683;...;NA;…;0;
42;691;...;NA;…;0;
42;692;22;8;0.223;0;
42;702;13;5;0.279;0;
42;711;16;7;0.328;0;
42;712;NA;NA;…;1;
42;771;NA;NA;…;0;
42;772;...;NA;…;1;
42;773;NA;NA;…;0;
42;791;NA;NA;…;0;
42;801;15;4;0.375;0;
42;802;32;4;1.705;1;
42;812;NA;NA;…;0;
42;823;NA;NA;…;0;
42;829;26;7;0.51;0;
42;841;463;15;0.8;0;
42;851;148;5;2.019;1;
42;852;436;14;2.038;1;
42;853;NA;NA;…;0;
42;855;8;4;0.435;0;
42;861;NA;NA;…;0;
42;862;79;22;1.317;1;
42;873;226;4;3.861;1;
42;881;NA;NA;…;0;
42;889;...;NA;…;1;
42;910;40;4;1.616;1;
42;931;NA;NA;…;1;
42;932;NA;NA;…;0;
42;949;...;NA;…;0;
42;952;...;NA;…;0;
42;960;109;10;2.567;1;
43;11;733;73;8.369;1;
43;12;NA;NA;…;0;
43;14;152;28;2.059;1;
43;15;NA;NA;…;1;
43;16;45;13;1.939;1;
43;17;...;NA;…;1;
43;22;...;NA;…;1;
43;24;NA;NA;…;0;
43;81;NA;NA;…;0;
43;101;37;4;0.588;0;
43;103;...;NA;…;0;
43;105;NA;NA;…;0;
43;106;NA;NA;…;1;
43;107;83;8;1.207;1;
43;108;...;NA;…;1;
43;109;NA;NA;…;1;
43;110;NA;NA;…;0;
43;139;190;9;5.056;1;
43;141;18;4;0.259;0;
43;143;NA;NA;…;0;
43;151;NA;NA;…;0;
43;152;94;5;4.559;1;
43;161;...;NA;…;1;
43;162;50;11;1.371;1;
43;181;...;NA;…;0;
43;203;NA;NA;…;1;
43;204;NA;NA;…;0;
43;206;...;NA;…;1;
43;222;115;4;1.523;1;
43;235;...;NA;…;1;
43;236;NA;NA;…;0;
43;241;NA;NA;…;0;
43;251;233;12;3.555;1;
43;252;NA;NA;…;0;
43;256;44;12;0.685;0;
43;271;NA;NA;…;1;
43;279;NA;NA;…;0;
43;282;...;NA;…;0;
43;289;NA;NA;…;0;
43;293;NA;NA;…;1;
43;309;NA;NA;…;1;
43;310;...;NA;…;0;
43;325;NA;NA;…;0;
43;329;NA;NA;…;1;
43;331;20;6;0.654;0;
43;351;NA;NA;…;0;
43;370;29;4;03.márc;1;
43;383;...;NA;…;1;
43;411;NA;NA;…;0;
43;412;176;29;0.99;0;
43;422;30;5;0.633;0;
43;429;48;4;4.351;1;
43;431;...;NA;…;0;
43;432;270;39;2.357;1;
43;433;130;26;2.347;1;
43;439;142;27;2.323;1;
43;451;51;12;0.71;0;
43;452;73;16;1.37;1;
43;453;...;NA;…;0;
43;461;40;8;0.916;0;
43;462;...;NA;…;0;
43;463;93;10;1.074;1;
43;464;44;6;0.51;0;
43;465;NA;NA;…;0;
43;466;...;NA;…;0;
43;467;68;7;0.964;0;
43;469;...;NA;…;0;
43;471;576;74;2.082;1;
43;472;149;33;2.132;1;
43;473;29;6;1.767;1;
43;474;NA;NA;…;0;
43;475;61;17;0.944;0;
43;476;28;12;1.474;1;
43;477;268;64;1.437;1;
43;478;37;13;2.196;1;
43;479;31;10;1.147;1;
43;493;130;8;1.377;1;
43;494;348;62;2.227;1;
43;521;...;NA;…;0;
43;522;NA;NA;…;0;
43;532;NA;NA;…;0;
43;551;...;NA;…;0;
43;552;...;NA;…;0;
43;559;NA;NA;…;0;
43;561;170;37;0.902;0;
43;562;...;NA;…;0;
43;563;66;26;1.306;1;
43;581;NA;NA;…;0;
43;582;NA;NA;…;0;
43;591;NA;NA;…;0;
43;619;NA;NA;…;1;
43;620;17;4;0.16;0;
43;631;...;NA;…;0;
43;641;NA;NA;…;0;
43;661;...;NA;…;0;
43;662;18;9;1.459;1;
43;681;12;4;0.256;0;
43;682;17;6;0.28;0;
43;683;NA;NA;…;0;
43;692;60;19;0.415;0;
43;702;40;6;0.587;0;
43;711;...;NA;…;0;
43;712;NA;NA;…;0;
43;741;NA;NA;…;1;
43;742;NA;NA;…;0;
43;749;31;9;1.246;1;
43;750;NA;NA;…;0;
43;771;...;NA;…;0;
43;772;...;NA;…;1;
43;781;NA;NA;…;1;
43;782;NA;NA;…;0;
43;801;10;4;0.171;0;
43;802;NA;NA;…;0;
43;812;18;5;0.209;0;
43;823;...;NA;…;0;
43;829;15;5;0.201;0;
43;841;869;24;1.027;1;
43;851;277;13;2.586;1;
43;852;481;18;1.539;1;
43;853;141;4;0.777;0;
43;854;NA;NA;…;0;
43;855;47;7;1.749;1;
43;856;NA;NA;…;1;
43;862;125;19;1.426;1;
43;869;...;NA;…;0;
43;873;...;NA;…;1;
43;881;NA;NA;…;0;
43;889;60;6;1.231;1;
43;900;...;NA;…;0;
43;910;...;NA;…;0;
43;920;NA;NA;…;0;
43;931;25;4;0.761;0;
43;932;17;4;0.808;0;
43;949;92;9;1.567;1;
43;952;NA;NA;…;0;
43;960;29;12;0.467;0;
44;11;157;39;1.657;1;
44;12;25;6;2.348;1;
44;13;NA;NA;…;1;
44;14;127;16;1.59;1;
44;15;28;4;2.077;1;
44;16;29;9;1.154;1;
44;17;...;NA;…;1;
44;22;NA;NA;…;0;
44;24;22;4;2.311;1;
44;31;...;NA;…;1;
44;32;NA;NA;…;1;
44;101;NA;NA;…;0;
44;103;60;4;2.604;1;
44;107;131;8;1.76;1;
44;108;38;4;1.362;1;
44;109;...;NA;…;1;
44;110;218;10;7.676;1;
44;133;NA;NA;…;1;
44;141;68;5;0.903;0;
44;143;NA;NA;…;0;
44;161;NA;NA;…;0;
44;162;75;11;09.jan;1;
44;172;...;NA;…;0;
44;181;14;4;0.364;0;
44;182;NA;NA;…;1;
44;201;NA;NA;…;1;
44;204;NA;NA;…;0;
44;221;...;NA;…;1;
44;222;NA;NA;…;0;
44;233;...;NA;…;1;
44;235;NA;NA;…;0;
44;236;...;NA;…;0;
44;239;NA;NA;…;1;
44;245;NA;NA;…;0;
44;251;...;NA;…;0;
44;256;24;4;0.345;0;
44;259;...;NA;…;1;
44;261;...;NA;…;0;
44;263;NA;NA;…;0;
44;265;NA;NA;…;0;
44;272;NA;NA;…;1;
44;281;NA;NA;…;1;
44;282;279;5;5.978;1;
44;283;...;NA;…;1;
44;289;30;4;1.273;1;
44;292;NA;NA;…;0;
44;293;NA;NA;…;1;
44;301;NA;NA;…;1;
44;310;88;10;1.91;1;
44;323;NA;NA;…;1;
44;331;18;4;0.544;0;
44;332;...;NA;…;1;
44;351;...;NA;…;0;
44;360;NA;NA;…;0;
44;370;NA;NA;…;0;
44;381;NA;NA;…;0;
44;382;...;NA;…;0;
44;383;NA;NA;…;0;
44;411;...;NA;…;0;
44;412;254;44;1.32;1;
44;421;862;11;17.37;1;
44;422;NA;4;…;1;
44;429;...;NA;…;0;
44;431;17;5;0.621;0;
44;432;121;32;0.976;0;
44;433;76;24;1.268;1;
44;439;171;34;2.585;1;
44;451;83;12;1.068;1;
44;452;44;14;0.763;0;
44;453;NA;5;…;1;
44;454;...;NA;…;1;
44;461;45;12;0.953;0;
44;462;16;4;0.759;0;
44;463;53;11;0.566;0;
44;464;53;7;0.568;0;
44;466;42;4;1.585;1;
44;467;127;10;1.663;1;
44;469;45;5;0.573;0;
44;471;252;49;0.842;0;
44;472;143;34;1.891;1;
44;473;83;14;4.672;1;
44;474;NA;NA;…;0;
44;475;53;12;0.758;0;
44;476;...;NA;…;0;
44;477;194;55;0.961;0;
44;478;28;12;1.536;1;
44;479;25;6;0.855;0;
44;493;25;4;0.245;0;
44;494;374;61;2.212;1;
44;521;13;4;0.76;0;
44;522;15;4;0.113;0;
44;551;NA;NA;…;1;
44;561;281;61;1.377;1;
44;562;...;NA;…;0;
44;563;83;32;1.518;1;
44;581;NA;NA;…;0;
44;601;NA;NA;…;1;
44;620;...;NA;…;0;
44;631;...;NA;…;0;
44;639;NA;NA;…;0;
44;641;...;NA;…;0;
44;661;NA;NA;…;0;
44;662;12;5;0.899;0;
44;681;34;6;0.67;0;
44;682;41;9;0.624;0;
44;691;...;NA;…;0;
44;692;55;16;0.352;0;
44;701;NA;NA;…;0;
44;702;25;7;0.339;0;
44;711;29;7;0.376;0;
44;712;NA;NA;…;0;
44;721;NA;NA;…;0;
44;731;...;NA;…;0;
44;732;NA;NA;…;0;
44;741;NA;NA;…;0;
44;742;NA;NA;…;0;
44;749;23;8;0.854;0;
44;750;...;NA;…;0;
44;771;...;NA;…;1;
44;772;NA;NA;…;1;
44;773;NA;NA;…;0;
44;791;NA;NA;…;0;
44;801;...;NA;…;0;
44;802;...;NA;…;0;
44;812;30;4;0.321;0;
44;813;19;4;1.254;1;
44;821;NA;NA;…;0;
44;829;NA;NA;…;0;
44;841;522;15;0.57;0;
44;851;189;4;1.631;1;
44;852;649;13;1.918;1;
44;853;NA;NA;…;0;
44;855;NA;NA;…;0;
44;861;...;NA;…;0;
44;862;82;21;0.864;0;
44;869;210;6;4.307;1;
44;873;296;8;3.198;1;
44;881;...;NA;…;0;
44;889;NA;NA;…;0;
44;900;NA;NA;…;0;
44;910;25;5;0.639;0;
44;920;11;5;1.148;1;
44;931;59;7;1.659;1;
44;932;43;5;1.889;1;
44;949;NA;4;…;1;
44;951;NA;NA;…;0;
44;960;57;14;0.849;0;
45;11;607;72;4.236;1;
45;14;382;32;3.163;1;
45;15;...;NA;…;0;
45;16;175;26;4.607;1;
45;17;15;5;4.074;1;
45;21;NA;NA;…;0;
45;22;NA;NA;…;0;
45;24;...;NA;…;0;
45;32;NA;NA;…;1;
45;81;NA;NA;…;0;
45;101;NA;NA;…;0;
45;103;...;NA;…;1;
45;106;NA;NA;…;0;
45;107;329;24;2.924;1;
45;108;91;7;2.156;1;
45;109;...;NA;…;1;
45;110;29;5;0.675;0;
45;132;...;NA;…;1;
45;133;NA;NA;…;1;
45;139;NA;4;…;1;
45;141;376;19;3.302;1;
45;161;...;NA;…;1;
45;162;137;18;2.295;1;
45;181;12;4;0.206;0;
45;222;66;6;0.534;0;
45;233;NA;NA;…;1;
45;236;...;NA;…;1;
45;237;NA;NA;…;1;
45;239;NA;NA;…;1;
45;251;58;8;0.541;0;
45;252;...;NA;…;1;
45;256;203;12;1.932;1;
45;257;...;NA;…;0;
45;259;NA;NA;…;0;
45;263;NA;NA;…;1;
45;275;NA;NA;…;0;
45;279;NA;NA;…;0;
45;282;NA;4;…;1;
45;283;NA;NA;…;1;
45;292;NA;NA;…;1;
45;293;NA;NA;…;0;
45;310;452;18;6.487;1;
45;323;64;4;13.202;1;
45;325;NA;NA;…;0;
45;329;NA;NA;…;0;
45;331;14;5;0.28;0;
45;381;NA;NA;…;0;
45;382;NA;NA;…;0;
45;383;...;NA;…;0;
45;411;...;NA;…;0;
45;412;359;54;1.234;1;
45;421;27;5;0.36;0;
45;422;153;11;1.972;1;
45;429;NA;NA;…;1;
45;431;21;8;0.508;0;
45;432;95;24;0.507;0;
45;433;150;45;1.655;1;
45;439;123;25;23.jan;1;
45;451;47;13;0.4;0;
45;452;103;23;1.182;1;
45;453;31;8;0.646;0;
45;461;35;5;0.49;0;
45;462;53;5;1.662;1;
45;463;85;15;0.6;0;
45;464;...;NA;…;0;
45;466;...;NA;…;0;
45;467;56;6;0.485;0;
45;469;14;6;0.118;0;
45;471;313;77;0.691;0;
45;472;145;36;1.268;1;
45;473;NA;NA;…;0;
45;474;...;NA;…;0;
45;475;92;25;0.871;0;
45;476;56;13;1.802;1;
45;477;288;72;0.944;0;
45;478;71;32;2.575;1;
45;479;40;13;0.905;0;
45;493;37;6;0.239;0;
45;494;205;38;0.802;0;
45;522;10;4;0.05;0;
45;532;19;6;1.244;1;
45;551;NA;NA;…;0;
45;552;...;NA;…;1;
45;559;NA;NA;…;1;
45;561;278;64;0.901;0;
45;562;13;4;0.251;0;
45;563;199;59;2.407;1;
45;581;...;NA;…;0;
45;582;NA;NA;…;0;
45;591;NA;NA;…;0;
45;601;NA;NA;…;0;
45;611;10;4;0.324;0;
45;619;...;NA;…;1;
45;620;NA;NA;…;0;
45;631;NA;NA;…;0;
45;661;16;6;0.835;0;
45;662;37;17;1.833;1;
45;682;89;16;0.895;0;
45;691;30;6;0.755;0;
45;692;72;24;0.305;0;
45;702;32;7;0.287;0;
45;711;44;15;0.377;0;
45;712;NA;NA;…;0;
45;721;...;NA;…;0;
45;722;NA;NA;…;0;
45;731;...;NA;…;0;
45;732;NA;NA;…;0;
45;742;...;NA;…;1;
45;749;13;6;0.319;0;
45;771;...;NA;…;0;
45;772;...;NA;…;0;
45;773;...;NA;…;1;
45;781;46;7;1.265;1;
45;783;NA;NA;…;0;
45;791;NA;NA;…;0;
45;801;...;NA;…;0;
45;802;NA;NA;…;0;
45;812;33;7;0.234;0;
45;813;NA;NA;…;1;
45;821;...;NA;…;0;
45;823;...;NA;…;0;
45;829;23;9;0.189;0;
45;841;1149;23;0.83;0;
45;851;295;10;1.683;1;
45;852;1306;22;2.553;1;
45;853;507;6;1.707;1;
45;854;NA;NA;…;0;
45;855;...;NA;…;0;
45;856;NA;NA;…;0;
45;862;198;40;1.38;1;
45;869;25;6;0.339;0;
45;873;NA;NA;…;1;
45;881;62;5;1.168;1;
45;889;...;NA;…;1;
45;900;39;5;0.813;0;
45;910;132;13;23.febr;1;
45;920;27;4;1.864;1;
45;931;15;5;0.279;0;
45;932;73;7;2.121;1;
45;949;1123;14;11.689;1;
45;952;...;NA;…;0;
45;960;65;24;0.64;0;
46;11;598;117;1.164;1;
46;12;NA;NA;…;0;
46;13;...;NA;…;0;
46;14;509;42;1.176;1;
46;15;443;14;6.062;1;
46;16;262;38;1.924;1;
46;17;...;NA;…;0;
46;21;...;NA;…;0;
46;24;29;7;0.562;0;
46;31;...;NA;…;1;
46;32;...;NA;…;0;
46;81;...;NA;…;0;
46;91;NA;NA;…;0;
46;101;1615;14;4.375;1;
46;103;NA;5;…;1;
46;105;NA;NA;…;0;
46;106;NA;4;…;1;
46;107;296;32;0.734;0;
46;108;26;5;0.172;0;
46;110;89;11;0.578;0;
46;132;NA;NA;…;1;
46;133;...;NA;…;0;
46;139;303;8;1.375;1;
46;141;1050;35;2.572;1;
46;142;NA;NA;…;0;
46;143;NA;NA;…;0;
46;151;NA;NA;…;0;
46;152;NA;NA;…;0;
46;161;...;NA;…;0;
46;162;208;26;0.972;0;
46;172;992;9;5.324;1;
46;181;491;31;2.353;1;
46;221;...;NA;…;0;
46;222;243;13;0.549;0;
46;231;...;NA;…;0;
46;234;NA;NA;…;0;
46;236;124;5;1.356;1;
46;239;NA;NA;…;0;
46;245;...;NA;…;0;
46;251;148;17;0.385;0;
46;252;...;NA;…;0;
46;253;NA;NA;…;0;
46;255;...;NA;…;0;
46;256;303;35;0.805;0;
46;257;...;NA;…;0;
46;259;69;7;0.566;0;
46;261;NA;NA;…;0;
46;263;NA;5;…;1;
46;264;NA;NA;…;0;
46;265;NA;NA;…;0;
46;266;...;NA;…;0;
46;274;...;NA;…;0;
46;279;...;NA;…;0;
46;281;...;NA;…;0;
46;282;44;7;0.174;0;
46;283;...;NA;…;0;
46;284;NA;NA;…;1;
46;289;171;13;1.339;1;
46;292;NA;NA;…;0;
46;293;NA;NA;…;0;
46;310;272;25;1.089;1;
46;321;NA;NA;…;0;
46;322;NA;NA;…;1;
46;323;51;4;2.935;1;
46;325;191;12;1.419;1;
46;329;...;NA;…;0;
46;331;141;21;0.786;0;
46;332;57;9;08.jan;1;
46;353;NA;NA;…;0;
46;360;3037;5;12.713;1;
46;370;65;4;1.158;1;
46;381;138;6;1.002;1;
46;383;43;6;1.264;1;
46;390;NA;NA;…;0;
46;411;28;6;0.316;0;
46;412;767;91;0.736;0;
46;421;24;6;0.089;0;
46;422;219;19;0.787;0;
46;429;...;NA;…;0;
46;431;82;13;0.553;0;
46;432;490;104;0.729;0;
46;433;238;63;0.733;0;
46;439;241;58;0.672;0;
46;451;510;58;1.211;1;
46;452;643;75;2.058;1;
46;453;111;22;0.645;0;
46;454;23;7;1.832;1;
46;461;128;36;0.5;0;
46;462;97;28;0.849;0;
46;463;954;55;1.878;1;
46;464;421;40;0.832;0;
46;465;13;5;0.171;0;
46;466;65;16;0.453;0;
46;467;317;39;0.766;0;
46;469;110;18;0.259;0;
46;471;759;154;0.468;0;
46;472;383;83;0.935;0;
46;473;110.5;11;1.148;1;
46;474;100;19;1.204;1;
46;475;451;63;1.191;1;
46;476;91;30;0.817;0;
46;477;1134;217;1.037;1;
46;478;274;96;2.773;1;
46;479;71;25;0.448;0;
46;493;NA;16;…;1;
46;494;823;116;0.898;0;
46;521;30;4;0.323;0;
46;522;347;16;0.481;0;
46;531;NA;NA;…;0;
46;532;65;4;1.188;1;
46;551;71;8;0.235;0;
46;552;NA;NA;…;0;
46;553;...;NA;…;1;
46;559;129;9;2.619;1;
46;561;847;175;0.766;0;
46;562;356;25;1.918;1;
46;563;506;178;1.708;1;
46;581;77;11;0.535;0;
46;582;...;NA;…;0;
46;591;29;5;0.472;0;
46;601;...;NA;…;0;
46;602;45;5;1.114;1;
46;611;31;4;0.28;0;
46;612;...;NA;…;0;
46;619;NA;NA;…;0;
46;620;104;34;0.167;0;
46;631;28;11;0.238;0;
46;639;NA;NA;…;0;
46;641;NA;NA;…;0;
46;649;NA;NA;…;0;
46;651;...;NA;…;0;
46;661;44;19;0.641;0;
46;662;72;29;0.995;0;
46;681;111;21;0.403;0;
46;682;368;58;1.033;1;
46;683;201;17;1.079;1;
46;691;94;34;0.66;0;
46;692;387;117;0.457;0;
46;701;NA;NA;…;0;
46;702;108;24;0.27;0;
46;711;289;70;0.691;0;
46;712;29;14;0.331;0;
46;721;...;NA;…;0;
46;722;...;NA;…;0;
46;731;64;20;0.421;0;
46;732;84;8;2.319;1;
46;741;...;NA;…;0;
46;742;16;5;0.543;0;
46;743;...;NA;…;0;
46;749;157;37;1.076;1;
46;750;59;8;2.479;1;
46;771;19;4;0.545;0;
46;772;20;9;0.864;0;
46;773;36;7;0.552;0;
46;781;...;NA;…;0;
46;782;NA;NA;…;0;
46;783;...;NA;…;0;
46;791;11;4;0.142;0;
46;799;NA;NA;…;0;
46;801;140;13;0.408;0;
46;802;249;18;1.548;1;
46;811;...;NA;…;0;
46;812;347;34;0.686;0;
46;813;26;8;0.317;0;
46;821;14;6;0.161;0;
46;823;25;6;0.629;0;
46;829;151;32;0.345;0;
46;841;5658;42;14.jan;1;
46;842;2544;4;2.519;1;
46;843;...;NA;…;1;
46;851;643;20;1.024;1;
46;852;1555;37;0.848;0;
46;853;2482;33;2.332;1;
46;854;NA;6;…;0;
46;855;459;32;2.912;1;
46;856;19;5;0.459;0;
46;861;NA;NA;…;0;
46;862;321;116;0.624;0;
46;869;575;14;2.176;1;
46;872;NA;NA;…;0;
46;873;579;9;1.154;1;
46;879;NA;NA;…;1;
46;881;259;8;1.362;1;
46;889;489;10;1.711;1;
46;900;173;18;1.006;1;
46;910;294;6;1.386;1;
46;920;42;11;0.809;0;
46;931;290;42;1.505;1;
46;932;169;19;1.37;1;
46;941;75;8;3.024;1;
46;942;NA;NA;…;0;
46;949;984;34;2.858;1;
46;951;26;5;0.694;0;
46;952;111;34;1.605;1;
46;960;272;91;0.747;0;
47;11;483;85;4.873;1;
47;14;330;41;3.95;1;
47;15;41;7;2.908;1;
47;16;129;23;4.91;1;
47;17;28;6;10.994;1;
47;24;NA;NA;…;0;
47;31;NA;NA;…;1;
47;32;...;NA;…;1;
47;81;NA;NA;…;0;
47;101;57;5;0.8;0;
47;102;NA;NA;…;1;
47;107;130;6;1.67;1;
47;108;...;NA;…;1;
47;110;19;6;0.64;0;
47;131;NA;NA;…;1;
47;139;336;8;7.899;1;
47;141;68;6;0.863;0;
47;143;NA;NA;…;1;
47;151;NA;NA;…;0;
47;152;784;34;33.595;1;
47;161;...;NA;…;1;
47;162;89;9;2.156;1;
47;172;72;5;2.003;1;
47;181;190;11;4.719;1;
47;204;NA;NA;…;0;
47;222;27;4;0.316;0;
47;232;NA;NA;…;1;
47;233;NA;NA;…;1;
47;251;26;4;0.351;0;
47;252;...;NA;…;1;
47;256;121;4;1.665;1;
47;261;...;NA;…;1;
47;266;NA;NA;…;1;
47;271;NA;NA;…;0;
47;275;NA;NA;…;0;
47;282;...;NA;…;0;
47;284;NA;NA;…;0;
47;291;NA;NA;…;1;
47;310;102;6;2.116;1;
47;321;NA;NA;…;1;
47;329;NA;NA;…;0;
47;331;NA;8;…;1;
47;381;NA;NA;…;0;
47;382;NA;NA;…;1;
47;411;...;NA;…;0;
47;412;217;37;1.079;1;
47;421;68;10;31.jan;1;
47;422;102;13;1.901;1;
47;429;...;NA;…;0;
47;431;166;29;5.801;1;
47;432;98;19;0.756;0;
47;433;78;19;1.244;1;
47;439;75;18;1.084;1;
47;451;...;NA;…;0;
47;452;14;6;0.232;0;
47;453;NA;NA;…;0;
47;461;80;6;1.619;1;
47;462;86;8;09.márc;1;
47;463;44;8;0.449;0;
47;464;15;4;0.154;0;
47;465;NA;NA;…;0;
47;466;NA;NA;…;0;
47;467;...;NA;…;0;
47;469;NA;NA;…;0;
47;471;312;56;0.996;0;
47;472;123;21;1.555;1;
47;473;...;NA;…;0;
47;474;16;4;0.998;0;
47;475;50;13;0.684;0;
47;476;20;7;0.93;0;
47;477;212;59;1.004;1;
47;478;49;22;2.569;1;
47;479;24;7;0.785;0;
47;493;...;NA;…;0;
47;494;165;13;0.933;0;
47;521;NA;NA;…;0;
47;522;...;NA;…;0;
47;551;36;5;0.618;0;
47;552;NA;NA;…;0;
47;553;NA;NA;…;1;
47;559;NA;NA;…;0;
47;561;206;39;0.965;0;
47;562;NA;NA;…;0;
47;563;147;60;2.571;1;
47;591;NA;NA;…;0;
47;620;NA;NA;…;0;
47;641;NA;NA;…;0;
47;661;NA;NA;…;0;
47;662;...;NA;…;0;
47;681;NA;NA;…;0;
47;682;46;9;0.669;0;
47;683;NA;NA;…;0;
47;691;10;4;0.364;0;
47;692;41;12;0.251;0;
47;702;22;8;0.285;0;
47;711;...;NA;…;0;
47;731;...;NA;…;0;
47;732;NA;NA;…;0;
47;741;NA;NA;…;0;
47;742;NA;NA;…;0;
47;749;30;4;1.065;1;
47;750;NA;NA;…;0;
47;773;...;NA;…;0;
47;781;NA;NA;…;1;
47;791;NA;NA;…;0;
47;801;...;NA;…;0;
47;812;NA;NA;…;0;
47;813;NA;NA;…;1;
47;829;39;8;0.462;0;
47;841;952;12;0.994;0;
47;842;NA;NA;…;0;
47;851;146;5;1.204;1;
47;852;632;27;1.786;1;
47;853;278;5;1.353;1;
47;855;40;9;1.315;1;
47;856;NA;NA;…;0;
47;862;96;28;0.967;0;
47;869;NA;NA;…;0;
47;873;362;5;3.739;1;
47;881;NA;5;…;1;
47;889;...;NA;…;1;
47;900;NA;NA;…;0;
47;910;25;5;0.611;0;
47;931;21;5;0.565;0;
47;932;...;NA;…;1;
47;949;28;4;0.421;0;
47;951;NA;NA;…;0;
47;952;...;NA;…;0;
47;960;77;16;1.097;1;
48;11;292;61;1.255;1;
48;12;NA;NA;…;0;
48;13;NA;NA;…;0;
48;14;275;23;1.402;1;
48;15;NA;NA;…;0;
48;16;113;18;1.832;1;
48;17;10;4;1.672;1;
48;24;...;NA;…;0;
48;32;NA;NA;…;0;
48;81;...;NA;…;0;
48;101;NA;4;…;1;
48;106;NA;NA;…;0;
48;107;159;13;0.87;0;
48;108;NA;NA;…;0;
48;110;20;5;0.287;0;
48;139;...;NA;…;0;
48;141;551;13;2.979;1;
48;143;NA;NA;…;1;
48;151;...;NA;…;0;
48;161;...;NA;…;1;
48;162;37;11;0.382;0;
48;181;113;6;1.195;1;
48;182;NA;NA;…;1;
48;205;NA;NA;…;0;
48;222;20;5;0.1;0;
48;235;...;NA;…;0;
48;236;NA;NA;…;1;
48;237;...;NA;…;1;
48;239;NA;NA;…;1;
48;245;...;NA;…;1;
48;251;181;15;1.039;1;
48;252;NA;NA;…;0;
48;256;...;NA;…;0;
48;264;NA;NA;…;0;
48;266;NA;NA;…;0;
48;271;...;NA;…;0;
48;282;24;5;0.209;0;
48;310;NA;13;…;1;
48;321;...;NA;…;1;
48;323;...;NA;…;1;
48;325;35;7;0.574;0;
48;331;30;6;0.369;0;
48;360;NA;NA;…;1;
48;370;...;NA;…;0;
48;381;22;4;0.353;0;
48;383;NA;NA;…;1;
48;411;11;5;0.274;0;
48;412;288;44;0.61;0;
48;421;...;NA;…;0;
48;422;...;NA;…;0;
48;429;151;7;5.151;1;
48;431;88;9;31.jan;1;
48;432;189;45;0.621;0;
48;433;77;25;0.523;0;
48;439;52;12;0.32;0;
48;451;57;13;0.299;0;
48;452;69;18;0.487;0;
48;453;74;12;0.949;0;
48;454;NA;NA;…;0;
48;461;67;16;0.577;0;
48;462;39;11;0.753;0;
48;463;69;16;0.3;0;
48;464;83;11;0.362;0;
48;466;NA;NA;…;0;
48;467;71;13;0.379;0;
48;469;18;6;0.093;0;
48;471;822;90;1.118;1;
48;472;185;49;0.996;0;
48;473;NA;NA;…;0;
48;474;31;7;0.824;0;
48;475;173;29;1.008;1;
48;476;64;19;1.268;1;
48;477;364;95;0.735;0;
48;478;46;18;1.027;1;
48;479;30;10;0.418;0;
48;493;23;7;0.092;0;
48;494;164;35;0.395;0;
48;522;...;NA;…;0;
48;532;NA;NA;…;0;
48;551;273;10;1.996;1;
48;552;NA;5;…;1;
48;559;...;NA;…;0;
48;561;472;88;0.942;0;
48;562;78;11;0.928;0;
48;563;232;85;1.728;1;
48;581;15;5;0.23;0;
48;582;NA;NA;…;1;
48;602;27;4;1.476;1;
48;611;NA;NA;…;0;
48;619;NA;NA;…;0;
48;620;23;10;0.081;0;
48;631;NA;NA;…;0;
48;641;...;NA;…;0;
48;649;NA;NA;…;0;
48;661;23;8;0.74;0;
48;662;35;16;1.067;1;
48;681;23;8;0.184;0;
48;682;46;16;0.285;0;
48;683;24;4;0.284;0;
48;691;67;18;1.038;1;
48;692;78;30;0.203;0;
48;701;NA;NA;…;0;
48;702;NA;12;…;1;
48;711;91;24;0.48;0;
48;712;91;5;2.291;1;
48;721;NA;NA;…;0;
48;731;35;11;0.509;0;
48;741;NA;NA;…;0;
48;742;10;4;0.748;0;
48;743;...;NA;…;0;
48;749;26;12;0.393;0;
48;750;...;NA;…;0;
48;772;10;4;0.953;0;
48;773;NA;5;…;1;
48;781;NA;NA;…;0;
48;782;...;NA;…;0;
48;791;...;NA;…;0;
48;801;86;10;0.554;0;
48;802;...;NA;…;0;
48;811;...;NA;…;0;
48;812;NA;6;…;1;
48;813;13;4;0.349;0;
48;821;8;4;0.202;0;
48;823;...;NA;…;0;
48;829;92;11;0.465;0;
48;841;2434;16;1.083;1;
48;842;584;4;1.276;1;
48;851;180;6;0.632;0;
48;852;1211;30;1.458;1;
48;853;1603;15;3.324;1;
48;854;NA;NA;…;0;
48;855;35;10;0.49;0;
48;856;NA;NA;…;0;
48;861;5162;5;10.618;1;
48;862;252;79;1.082;1;
48;869;NA;NA;…;0;
48;872;NA;NA;…;1;
48;873;411;5;1.808;1;
48;879;NA;NA;…;0;
48;881;263;9;3.052;1;
48;889;443;5;3.42;1;
48;900;31;6;0.398;0;
48;910;88;9;0.916;0;
48;920;NA;NA;…;0;
48;931;100;13;1.145;1;
48;932;206;12;3.685;1;
48;941;...;NA;…;0;
48;949;201;18;1.288;1;
48;951;NA;NA;…;0;
48;952;74;13;2.361;1;
48;960;116;44;0.704;0;
49;11;1247;127;9.421;1;
49;12;NA;NA;…;1;
49;13;10;4;2.378;1;
49;14;968;37;8.676;1;
49;15;36;7;1.912;1;
49;16;463;39;13.197;1;
49;17;13;5;3.822;1;
49;24;...;NA;…;0;
49;101;73;5;0.767;0;
49;103;71;6;2.206;1;
49;105;NA;NA;…;1;
49;107;119;13;1.145;1;
49;108;NA;NA;…;0;
49;109;NA;NA;…;1;
49;110;29;7;0.731;0;
49;131;NA;NA;…;1;
49;139;...;NA;…;1;
49;141;42;4;0.399;0;
49;161;NA;NA;…;0;
49;162;10;4;0.181;0;
49;171;NA;NA;…;1;
49;172;NA;NA;…;0;
49;222;33;4;0.289;0;
49;236;...;NA;…;0;
49;237;NA;NA;…;1;
49;251;NA;NA;…;0;
49;255;NA;NA;…;0;
49;256;...;NA;…;0;
49;259;NA;NA;…;0;
49;261;NA;NA;…;0;
49;271;NA;NA;…;0;
49;275;NA;NA;…;1;
49;282;NA;NA;…;0;
49;289;NA;NA;…;0;
49;310;16;4;0.249;0;
49;323;NA;NA;…;1;
49;329;48;6;2.166;1;
49;331;...;NA;…;0;
49;332;...;NA;…;0;
49;360;NA;NA;…;0;
49;370;...;NA;…;1;
49;381;NA;NA;…;0;
49;412;60;6;0.223;0;
49;421;26;4;0.375;0;
49;422;...;NA;…;0;
49;429;...;NA;…;0;
49;431;NA;NA;…;0;
49;432;93;20;0.537;0;
49;433;24;7;0.287;0;
49;439;42;9;0.455;0;
49;451;20;5;0.184;0;
49;452;35;12;0.435;0;
49;453;...;NA;…;0;
49;461;NA;NA;…;0;
49;462;64;13;2.173;1;
49;463;97;17;0.741;0;
49;464;NA;NA;…;0;
49;465;NA;NA;…;0;
49;467;NA;NA;…;0;
49;469;...;NA;…;0;
49;471;551;104;1.318;1;
49;472;178;25;1.686;1;
49;473;21;6;0.846;0;
49;474;...;NA;…;0;
49;475;55;15;0.563;0;
49;476;15;7;0.523;0;
49;477;182;52;0.646;0;
49;478;19;9;0.746;0;
49;479;83;9;2.033;1;
49;493;17;6;0.119;0;
49;494;51;18;0.216;0;
49;521;...;NA;…;0;
49;522;NA;NA;…;0;
49;532;NA;NA;…;1;
49;559;...;NA;…;0;
49;561;204;58;0.716;0;
49;562;74;8;1.547;1;
49;563;215;74;2.816;1;
49;611;14;4;0.491;0;
49;620;...;NA;…;0;
49;631;NA;NA;…;0;
49;641;...;NA;…;0;
49;661;12;6;0.678;0;
49;662;19;9;1.019;1;
49;681;NA;NA;…;0;
49;682;42;7;0.457;0;
49;683;...;NA;…;0;
49;691;26;7;0.708;0;
49;692;47;14;0.215;0;
49;702;53;11;0.514;0;
49;711;40;7;0.371;0;
49;712;NA;NA;…;0;
49;731;...;NA;…;0;
49;732;NA;NA;…;0;
49;749;31;11;0.824;0;
49;750;...;NA;…;0;
49;772;NA;NA;…;0;
49;782;NA;NA;…;0;
49;801;24;6;0.272;0;
49;802;...;NA;…;0;
49;812;...;NA;…;0;
49;813;20;4;0.945;0;
49;829;11;4;0.098;0;
49;841;3156;43;2.468;1;
49;842;NA;NA;…;0;
49;851;341;15;2.106;1;
49;852;1059;30;2.241;1;
49;853;405;7;1.476;1;
49;855;NA;NA;…;0;
49;856;NA;NA;…;0;
49;861;NA;NA;…;0;
49;862;121;36;0.913;0;
49;869;...;NA;…;0;
49;871;NA;NA;…;1;
49;873;660;13;5.105;1;
49;879;NA;NA;…;1;
49;881;165;10;3.367;1;
49;889;86;5;1.168;1;
49;900;...;NA;…;0;
49;910;16;4;0.293;0;
49;920;NA;NA;…;0;
49;931;...;NA;…;0;
49;932;36;6;1.132;1;
49;941;NA;NA;…;1;
49;949;23;6;0.259;0;
49;951;NA;NA;…;0;
49;952;20;7;1.122;1;
49;960;60;25;0.64;0;
49;970;NA;NA;…;1;
50;11;668;111;2.698;1;
50;14;884;60;4.235;1;
50;15;141;11;4.003;1;
50;16;227;36;3.459;1;
50;17;11;4;1.729;1;
50;81;...;NA;…;0;
50;101;587;14;3.299;1;
50;103;NA;NA;…;0;
50;105;NA;NA;…;0;
50;106;NA;NA;…;0;
50;107;517;36;2.659;1;
50;108;NA;NA;…;0;
50;109;74;4;1.925;1;
50;110;37;8;0.499;0;
50;139;NA;NA;…;0;
50;141;157;13;0.798;0;
50;143;...;NA;…;1;
50;152;31;4;0.532;0;
50;161;...;NA;…;0;
50;162;95;18;0.921;0;
50;172;47;4;0.523;0;
50;181;27;7;0.268;0;
50;182;NA;NA;…;1;
50;201;NA;NA;…;0;
50;202;NA;NA;…;1;
50;204;NA;NA;…;0;
50;221;NA;NA;…;0;
50;222;490;8;2.295;1;
50;231;1231;14;36.179;1;
50;234;NA;NA;…;1;
50;236;NA;NA;…;0;
50;244;NA;NA;…;0;
50;245;NA;NA;…;1;
50;251;92;18;0.497;0;
50;252;78;6;3.157;1;
50;253;...;NA;…;1;
50;255;NA;NA;…;0;
50;256;220;19;1.212;1;
50;257;NA;NA;…;1;
50;259;NA;NA;…;0;
50;261;NA;NA;…;0;
50;266;NA;NA;…;0;
50;267;NA;NA;…;0;
50;275;NA;NA;…;0;
50;281;NA;NA;…;1;
50;282;59;8;0.484;0;
50;283;NA;NA;…;1;
50;284;...;NA;…;0;
50;289;...;NA;…;0;
50;301;NA;NA;…;1;
50;310;20;6;0.166;0;
50;321;9;4;1.532;1;
50;325;20;6;0.308;0;
50;329;174;7;4.197;1;
50;331;38;9;0.44;0;
50;332;12;4;0.472;0;
50;351;...;NA;…;0;
50;360;...;NA;…;0;
50;370;NA;NA;…;1;
50;381;223;4;3.358;1;
50;411;NA;NA;…;1;
50;412;259;47;0.515;0;
50;421;44;4;0.339;0;
50;422;94;10;0.701;0;
50;429;...;NA;…;1;
50;431;57;15;0.797;0;
50;432;281;58;0.868;0;
50;433;157;45;1.003;1;
50;439;176;34;1.018;1;
50;451;30;11;0.148;0;
50;452;162;34;1.076;1;
50;453;44;8;0.53;0;
50;454;...;NA;…;0;
50;461;54;15;0.437;0;
50;462;100;29;1.815;1;
50;463;96;17;0.392;0;
50;464;49;16;0.201;0;
50;466;NA;NA;…;0;
50;467;127;16;0.637;0;
50;469;61;11;0.297;0;
50;471;476;108;0.608;0;
50;472;266;62;1.346;1;
50;473;21;5;0.452;0;
50;474;20;6;0.499;0;
50;475;208;40;1.139;1;
50;476;38;13;0.708;0;
50;477;481;134;0.912;0;
50;478;93;36;1.952;1;
50;479;72;14;0.943;0;
50;493;NA;NA;…;0;
50;494;475;65;1.075;1;
50;521;NA;NA;…;0;
50;522;87;6;0.25;0;
50;532;...;NA;…;0;
50;551;44;5;0.302;0;
50;552;...;NA;…;0;
50;561;441;91;0.827;0;
50;562;93;9;04.jan;1;
50;563;415;142;2.905;1;
50;581;13;4;0.187;0;
50;582;NA;NA;…;0;
50;591;...;NA;…;0;
50;611;26;6;0.487;0;
50;619;...;NA;…;1;
50;620;49;16;0.163;0;
50;631;...;NA;…;0;
50;641;NA;NA;…;0;
50;649;NA;NA;…;0;
50;661;10;5;0.302;0;
50;662;43;16;1.233;1;
50;681;20;5;0.151;0;
50;682;92;30;0.536;0;
50;683;NA;NA;…;0;
50;691;48;13;0.699;0;
50;692;84;28;0.206;0;
50;702;43;16;0.223;0;
50;711;80;20;0.397;0;
50;712;NA;NA;…;1;
50;721;NA;NA;…;0;
50;731;37;7;0.505;0;
50;732;10;4;0.573;0;
50;742;NA;NA;…;0;
50;749;90;16;1.279;1;
50;750;...;NA;…;1;
50;771;NA;5;…;1;
50;772;...;NA;…;0;
50;773;...;NA;…;0;
50;781;...;NA;…;0;
50;782;NA;NA;…;0;
50;791;10;4;0.267;0;
50;801;33;11;0.2;0;
50;802;28;6;0.361;0;
50;811;NA;NA;…;0;
50;812;104;17;0.426;0;
50;813;22;5;0.556;0;
50;821;...;NA;…;0;
50;823;9;4;0.47;0;
50;829;48;13;0.228;0;
50;841;1371;19;0.573;0;
50;842;NA;NA;…;1;
50;851;319;12;1.053;1;
50;852;1171;32;1.325;1;
50;853;948;9;1.847;1;
50;854;NA;NA;…;0;
50;855;...;NA;…;0;
50;861;NA;NA;…;1;
50;862;187;57;0.754;0;
50;869;...;NA;…;0;
50;873;460;5;1.902;1;
50;881;147;7;1.603;1;
50;889;41;4;0.298;0;
50;900;23;4;0.277;0;
50;910;...;NA;…;0;
50;920;NA;NA;…;0;
50;931;91;11;0.98;0;
50;932;169;9;2.841;1;
50;942;NA;NA;…;1;
50;949;30;8;0.181;0;
50;951;NA;NA;…;0;
50;952;37;11;11.jan;1;
50;960;199;67;1.134;1;
50;970;NA;NA;…;1;
51;11;350;74;5.453;1;
51;13;NA;NA;…;0;
51;14;228;25;4.214;1;
51;15;37;4;4.052;1;
51;16;94;19;5.526;1;
51;17;...;NA;…;1;
51;21;NA;NA;…;0;
51;24;...;NA;…;1;
51;31;NA;NA;…;1;
51;32;NA;NA;…;1;
51;106;NA;NA;…;0;
51;107;51;5;1.012;1;
51;110;18;5;0.936;0;
51;139;...;NA;…;1;
51;141;...;NA;…;0;
51;143;NA;NA;…;1;
51;162;...;NA;…;0;
51;181;NA;NA;…;0;
51;222;NA;NA;…;0;
51;231;NA;NA;…;0;
51;245;NA;NA;…;1;
51;251;102;6;2.124;1;
51;256;64;9;1.36;1;
51;265;...;NA;…;0;
51;271;NA;NA;…;0;
51;282;...;NA;…;0;
51;310;42;6;1.346;1;
51;331;...;NA;…;0;
51;332;NA;NA;…;1;
51;412;208;43;1.597;1;
51;421;NA;NA;…;0;
51;422;...;NA;…;0;
51;429;14;5;1.732;1;
51;431;...;NA;…;0;
51;432;56;16;0.667;0;
51;433;17;7;0.419;0;
51;439;65;10;1.451;1;
51;451;NA;NA;…;0;
51;452;...;NA;…;0;
51;453;NA;NA;…;0;
51;461;16;6;0.5;0;
51;462;21;5;1.471;1;
51;463;131;12;2.064;1;
51;464;NA;NA;…;0;
51;466;NA;NA;…;0;
51;467;...;NA;…;0;
51;471;255;68;1.258;1;
51;472;86;23;1.679;1;
51;473;...;NA;…;0;
51;474;NA;NA;…;0;
51;475;22;6;0.465;0;
51;476;12;6;0.862;0;
51;477;149;44;09.jan;1;
51;478;28;12;2.267;1;
51;479;10;5;0.505;0;
51;494;68;17;0.594;0;
51;522;NA;NA;…;0;
51;532;NA;NA;…;0;
51;551;NA;NA;…;0;
51;552;NA;NA;…;0;
51;561;56;15;0.405;0;
51;562;...;NA;…;1;
51;563;135;58;3.646;1;
51;591;...;NA;…;0;
51;602;NA;NA;…;0;
51;612;NA;NA;…;0;
51;620;...;NA;…;0;
51;661;...;NA;…;0;
51;662;14;5;1.548;1;
51;681;NA;NA;…;0;
51;682;...;NA;…;0;
51;691;NA;NA;…;0;
51;692;33;12;0.312;0;
51;702;NA;NA;…;0;
51;711;...;NA;…;0;
51;722;NA;NA;…;0;
51;749;NA;NA;…;0;
51;772;...;NA;…;1;
51;781;NA;NA;…;0;
51;782;NA;NA;…;0;
51;801;NA;NA;…;0;
51;802;NA;NA;…;0;
51;812;29;4;0.459;0;
51;813;...;NA;…;0;
51;829;10;4;0.183;0;
51;841;1926;27;3.106;1;
51;851;147;10;1.873;1;
51;852;569;22;2.483;1;
51;853;NA;NA;…;0;
51;855;...;NA;…;0;
51;862;130;20;2.023;1;
51;869;...;NA;…;0;
51;873;55;4;0.877;0;
51;881;135;6;5.681;1;
51;889;309;5;8.651;1;
51;920;...;NA;…;0;
51;931;NA;NA;…;0;
51;932;21;4;1.362;1;
51;949;111;5;2.58;1;
51;951;NA;NA;…;0;
51;952;NA;NA;…;0;
51;960;19;8;0.418;0;
52;11;622;57;4.727;1;
52;12;...;NA;…;0;
52;14;934;52;8.421;1;
52;15;119;4;6.357;1;
52;16;174;25;4.989;1;
52;17;20;5;5.916;1;
52;21;NA;NA;…;0;
52;24;NA;NA;…;0;
52;31;NA;NA;…;1;
52;32;NA;4;…;1;
52;101;1251;11;13.23;1;
52;103;...;NA;…;1;
52;107;142;16;1.374;1;
52;108;64;6;1.652;1;
52;109;...;NA;…;1;
52;110;...;NA;…;0;
52;139;48;4;0.85;0;
52;141;280;12;2.678;1;
52;151;NA;NA;…;0;
52;161;NA;NA;…;1;
52;162;24;10;0.438;0;
52;172;NA;NA;…;0;
52;181;...;NA;…;0;
52;222;37;5;0.326;0;
52;231;NA;NA;…;0;
52;236;...;NA;…;1;
52;245;NA;NA;…;0;
52;251;...;NA;…;0;
52;256;160;11;1.658;1;
52;274;NA;NA;…;1;
52;275;NA;NA;…;1;
52;279;NA;NA;…;0;
52;282;NA;NA;…;0;
52;292;NA;NA;…;0;
52;310;44;8;0.688;0;
52;321;NA;NA;…;0;
52;323;...;NA;…;1;
52;325;23;7;0.667;0;
52;329;NA;NA;…;0;
52;331;...;NA;…;0;
52;351;NA;NA;…;0;
52;353;NA;NA;…;0;
52;360;NA;NA;…;0;
52;381;125;4;3.543;1;
52;411;NA;NA;…;0;
52;412;338;42;1.266;1;
52;422;135;9;1.895;1;
52;429;27;4;1.629;1;
52;431;34;5;0.895;0;
52;432;177;37;1.029;1;
52;433;88;28;1.058;1;
52;439;99;26;1.078;1;
52;451;33;8;0.306;0;
52;452;135;17;1.687;1;
52;453;26;5;0.59;0;
52;454;...;NA;…;1;
52;461;58;11;0.884;0;
52;462;91;16;3.108;1;
52;463;119;11;0.915;0;
52;464;96;12;0.741;0;
52;465;NA;NA;…;0;
52;466;...;NA;…;0;
52;467;20;5;0.189;0;
52;469;23;9;0.211;0;
52;471;462;58;1.111;1;
52;472;81;28;0.772;0;
52;473;NA;NA;…;0;
52;474;31;9;1.457;1;
52;475;114;20;1.175;1;
52;476;33;12;1.156;1;
52;477;239;52;0.853;0;
52;478;21;10;0.829;0;
52;479;27;12;0.665;0;
52;493;9;4;0.063;0;
52;494;132;25;0.562;0;
52;503;NA;NA;…;1;
52;521;...;NA;…;0;
52;522;NA;NA;…;0;
52;532;NA;NA;…;0;
52;551;NA;NA;…;1;
52;552;27;5;4.343;1;
52;559;...;NA;…;0;
52;561;347;62;1.225;1;
52;562;63;6;1.325;1;
52;563;171;67;2.253;1;
52;581;...;NA;…;0;
52;591;...;NA;…;0;
52;601;NA;NA;…;1;
52;611;...;NA;…;0;
52;612;NA;NA;…;0;
52;620;...;NA;…;0;
52;631;...;NA;…;0;
52;641;...;NA;…;0;
52;661;...;NA;…;0;
52;662;11;5;0.593;0;
52;681;...;NA;…;0;
52;682;11;4;0.121;0;
52;683;NA;NA;…;0;
52;691;41;6;1.123;1;
52;692;84;22;0.387;0;
52;701;NA;NA;…;0;
52;702;29;8;0.283;0;
52;711;86;9;0.802;0;
52;712;...;NA;…;0;
52;721;189;11;3.251;1;
52;731;NA;NA;…;0;
52;732;NA;NA;…;0;
52;742;...;NA;…;0;
52;749;17;7;0.455;0;
52;750;...;NA;…;0;
52;771;...;NA;…;0;
52;772;NA;NA;…;0;
52;773;...;NA;…;0;
52;782;...;NA;…;0;
52;791;NA;NA;…;0;
52;801;20;7;0.228;0;
52;802;18;7;0.437;0;
52;811;NA;NA;…;0;
52;812;NA;NA;…;0;
52;813;NA;NA;…;0;
52;821;NA;NA;…;0;
52;823;9;4;0.885;0;
52;829;45;6;0.402;0;
52;841;997;17;0.784;0;
52;842;NA;NA;…;0;
52;851;125;5;0.777;0;
52;852;558;13;1.188;1;
52;853;285;6;1.045;1;
52;854;...;NA;…;1;
52;855;13;5;0.322;0;
52;856;NA;NA;…;1;
52;862;215;31;1.632;1;
52;869;24;5;0.355;0;
52;873;181;4;1.408;1;
52;881;257;4;5.275;1;
52;889;23;4;0.314;0;
52;900;...;NA;…;0;
52;910;50;6;0.92;0;
52;920;47;10;3.534;1;
52;931;...;NA;…;0;
52;932;...;NA;…;0;
52;941;NA;NA;…;0;
52;942;NA;NA;…;1;
52;949;57;8;0.646;0;
52;952;10;5;0.564;0;
52;960;45;19;0.483;0;
53;11;558;73;5.38;1;
53;12;...;NA;…;0;
53;14;352;36;4.026;1;
53;15;24;4;1.627;1;
53;16;61;16;2.219;1;
53;17;25;7;9.381;1;
53;22;NA;NA;…;0;
53;24;NA;NA;…;0;
53;32;NA;NA;…;1;
53;101;...;NA;…;0;
53;105;NA;NA;…;1;
53;107;221;12;2.714;1;
53;109;...;NA;…;1;
53;110;19;5;0.611;0;
53;139;35;4;0.786;0;
53;141;151;10;1.832;1;
53;143;34;5;4.641;1;
53;152;NA;NA;…;0;
53;161;NA;NA;…;1;
53;162;...;NA;…;0;
53;172;...;NA;…;1;
53;181;...;NA;…;0;
53;202;NA;NA;…;1;
53;221;NA;NA;…;0;
53;222;NA;NA;…;1;
53;237;...;NA;…;1;
53;251;52;5;0.67;0;
53;256;164;10;2.157;1;
53;261;NA;NA;…;0;
53;282;NA;NA;…;0;
53;283;NA;NA;…;0;
53;284;...;NA;…;1;
53;309;NA;NA;…;1;
53;310;NA;NA;…;1;
53;331;36;5;0.994;0;
53;332;NA;NA;…;0;
53;360;NA;NA;…;0;
53;370;NA;NA;…;1;
53;381;NA;NA;…;0;
53;383;NA;NA;…;1;
53;411;...;NA;…;0;
53;412;460;42;2.185;1;
53;421;...;NA;…;0;
53;422;33;4;0.588;0;
53;431;59;10;1.97;1;
53;432;55;16;0.405;0;
53;433;88;25;1.342;1;
53;439;56;15;0.773;0;
53;451;38;7;0.447;0;
53;452;26;5;0.412;0;
53;453;39;5;1.123;1;
53;461;NA;NA;…;0;
53;462;...;NA;…;0;
53;463;37;6;0.361;0;
53;464;...;NA;…;0;
53;465;NA;NA;…;0;
53;466;NA;NA;…;0;
53;467;109;15;1.304;1;
53;471;334;81;1.019;1;
53;472;106;25;1.281;1;
53;473;NA;NA;…;0;
53;474;...;NA;…;0;
53;475;76;20;0.994;0;
53;476;12;5;0.533;0;
53;477;176;50;0.797;0;
53;478;30;14;1.503;1;
53;479;...;NA;…;0;
53;493;44;7;0.393;0;
53;494;483;46;2.61;1;
53;522;26;5;0.178;0;
53;551;NA;NA;…;0;
53;561;172;35;0.77;0;
53;562;...;NA;…;1;
53;563;169;60;2.825;1;
53;611;...;NA;…;0;
53;620;22;7;0.175;0;
53;641;NA;NA;…;0;
53;661;...;NA;…;0;
53;662;17;4;1.163;1;
53;681;...;NA;…;0;
53;682;39;9;0.542;0;
53;683;NA;NA;…;0;
53;691;...;NA;…;0;
53;692;47;15;0.275;0;
53;702;...;NA;…;0;
53;711;20;8;0.237;0;
53;712;...;NA;…;0;
53;731;...;NA;…;0;
53;742;NA;NA;…;0;
53;749;NA;NA;…;0;
53;750;NA;NA;…;1;
53;773;...;NA;…;0;
53;801;...;NA;…;0;
53;802;...;NA;…;0;
53;811;NA;NA;…;0;
53;812;43;4;0.421;0;
53;813;21;4;1.266;1;
53;829;68;10;0.77;0;
53;841;1979;19;1.975;1;
53;842;NA;NA;…;0;
53;851;387;10;3.051;1;
53;852;429;12;1.159;1;
53;853;NA;NA;…;0;
53;856;NA;NA;…;0;
53;862;84;23;0.809;0;
53;869;NA;NA;…;0;
53;872;NA;NA;…;1;
53;873;186;7;1.836;1;
53;879;NA;NA;…;1;
53;881;55;6;1.432;1;
53;889;NA;NA;…;1;
53;900;...;NA;…;0;
53;910;27;6;0.63;0;
53;920;38;6;3.625;1;
53;932;65;5;2.609;1;
53;942;NA;NA;…;1;
53;949;NA;6;…;1;
53;952;...;NA;…;1;
53;960;23;9;0.313;0;
54;11;228;38;5.832;1;
54;12;NA;NA;…;1;
54;13;NA;NA;…;1;
54;14;65;9;1.973;1;
54;15;NA;NA;…;1;
54;16;NA;NA;…;1;
54;17;NA;NA;…;1;
54;21;NA;NA;…;1;
54;24;...;NA;…;1;
54;101;NA;NA;…;0;
54;107;...;NA;…;1;
54;110;NA;NA;…;0;
54;139;...;NA;…;1;
54;141;174;9;06.máj;1;
54;162;...;NA;…;0;
54;222;NA;NA;…;0;
54;236;NA;NA;…;0;
54;251;NA;NA;…;0;
54;256;NA;NA;…;0;
54;257;NA;NA;…;1;
54;259;NA;NA;…;0;
54;271;NA;NA;…;1;
54;382;NA;NA;…;1;
54;412;53;11;0.668;0;
54;421;...;NA;…;0;
54;422;NA;NA;…;0;
54;431;NA;NA;…;0;
54;432;15;5;0.293;0;
54;433;NA;NA;…;0;
54;439;11;4;0.403;0;
54;452;NA;NA;…;0;
54;453;NA;NA;…;0;
54;462;NA;NA;…;0;
54;463;NA;NA;…;0;
54;467;...;NA;…;0;
54;471;105;33;0.85;0;
54;472;35;10;1.122;1;
54;473;NA;NA;…;1;
54;475;20;4;0.694;0;
54;477;50;12;0.601;0;
54;479;...;NA;…;1;
54;493;NA;NA;…;0;
54;494;...;NA;…;0;
54;521;NA;NA;…;1;
54;531;NA;NA;…;0;
54;561;12;5;0.143;0;
54;563;33;13;1.463;1;
54;641;...;NA;…;0;
54;681;...;NA;…;0;
54;682;NA;NA;…;0;
54;692;...;NA;…;0;
54;711;...;NA;…;0;
54;712;...;NA;…;1;
54;771;NA;NA;…;1;
54;801;NA;NA;…;1;
54;811;NA;NA;…;0;
54;812;NA;NA;…;0;
54;829;NA;NA;…;0;
54;841;2222;33;5.883;1;
54;851;126;8;2.635;1;
54;852;NA;NA;…;0;
54;862;45;9;15.jan;1;
54;872;NA;NA;…;1;
54;881;NA;NA;…;0;
54;889;NA;NA;…;1;
54;900;NA;NA;…;0;
54;910;NA;NA;…;0;
54;931;NA;NA;…;1;
54;949;NA;NA;…;0;
54;960;10;5;0.361;0;
55;11;197;31;1.948;1;
55;12;NA;NA;…;0;
55;14;105;15;1.232;1;
55;15;65;10;4.518;1;
55;16;82;11;3.059;1;
55;17;18;5;6.927;1;
55;21;39;6;10.446;1;
55;22;...;NA;…;0;
55;24;22;9;2.166;1;
55;81;77;4;10.636;1;
55;103;NA;NA;…;0;
55;104;NA;NA;…;0;
55;105;NA;NA;…;1;
55;106;NA;NA;…;0;
55;107;77;7;0.97;0;
55;108;NA;NA;…;1;
55;110;21;8;0.693;0;
55;141;59;4;0.734;0;
55;161;23;6;1.511;1;
55;162;111;11;2.635;1;
55;181;NA;5;…;1;
55;201;NA;NA;…;0;
55;222;NA;NA;…;0;
55;236;NA;NA;…;0;
55;237;39;4;11.151;1;
55;251;44;4;0.581;0;
55;253;NA;NA;…;1;
55;256;239;8;3.223;1;
55;257;26;4;1.657;1;
55;259;NA;NA;…;0;
55;282;...;NA;…;0;
55;284;...;NA;…;1;
55;289;NA;NA;…;0;
55;292;NA;NA;…;1;
55;293;NA;NA;…;0;
55;310;...;NA;…;0;
55;332;...;NA;…;0;
55;360;...;NA;…;1;
55;370;NA;NA;…;0;
55;411;NA;NA;…;1;
55;412;297;48;1.447;1;
55;421;18;5;0.34;0;
55;422;50;5;0.913;0;
55;429;...;NA;…;1;
55;431;44;8;1.507;1;
55;432;242;32;1.83;1;
55;433;23;6;0.36;0;
55;439;96;15;1.36;1;
55;451;29;6;0.35;0;
55;452;29;9;0.471;0;
55;453;...;NA;…;0;
55;461;...;NA;…;0;
55;462;51;5;2.266;1;
55;463;...;NA;…;0;
55;464;52;5;0.522;0;
55;467;16;4;0.196;0;
55;469;NA;NA;…;0;
55;471;357;67;1.117;1;
55;472;80;31;0.991;0;
55;473;NA;NA;…;0;
55;475;50;10;0.67;0;
55;476;...;NA;…;0;
55;477;132;34;0.613;0;
55;478;11;5;0.565;0;
55;479;...;NA;…;0;
55;493;...;NA;…;0;
55;494;249;44;1.38;1;
55;522;32;4;0.225;0;
55;531;NA;NA;…;0;
55;532;NA;NA;…;1;
55;551;NA;NA;…;0;
55;552;...;NA;…;0;
55;559;NA;NA;…;0;
55;561;86;25;0.395;0;
55;562;...;NA;…;0;
55;563;101;45;1.731;1;
55;582;NA;NA;…;0;
55;591;NA;NA;…;0;
55;602;NA;NA;…;0;
55;620;...;NA;…;0;
55;641;...;NA;…;0;
55;661;NA;NA;…;0;
55;662;...;NA;…;0;
55;681;NA;NA;…;0;
55;682;9;4;0.128;0;
55;691;NA;NA;…;0;
55;692;13;5;0.078;0;
55;702;25;5;0.318;0;
55;711;77;9;0.935;0;
55;712;NA;NA;…;0;
55;749;...;NA;…;0;
55;750;...;NA;…;0;
55;774;NA;NA;…;1;
55;781;NA;NA;…;0;
55;782;35;4;0.264;0;
55;801;NA;NA;…;0;
55;802;...;NA;…;0;
55;811;NA;NA;…;0;
55;812;...;NA;…;0;
55;813;...;NA;…;0;
55;823;NA;NA;…;0;
55;829;26;7;0.302;0;
55;841;3632;77;3.717;1;
55;842;NA;NA;…;0;
55;851;230;17;1.859;1;
55;852;462;14;28.jan;1;
55;853;279;4;1.331;1;
55;855;NA;NA;…;0;
55;856;NA;NA;…;1;
55;861;NA;NA;…;1;
55;862;89;19;0.879;0;
55;869;NA;NA;…;0;
55;873;223;4;2.258;1;
55;881;NA;NA;…;0;
55;889;35;4;0.622;0;
55;900;NA;NA;…;0;
55;910;NA;NA;…;1;
55;931;...;NA;…;0;
55;932;NA;NA;…;0;
55;941;NA;NA;…;0;
55;949;108;9;1.593;1;
55;952;...;NA;…;0;
55;960;31;14;0.433;0;
56;11;265;29;3.673;1;
56;12;37;9;4.565;1;
56;14;21;4;0.345;0;
56;15;NA;NA;…;0;
56;16;NA;NA;…;1;
56;17;...;NA;…;1;
56;21;...;NA;…;1;
56;24;28;4;3.864;1;
56;81;NA;NA;…;0;
56;101;NA;NA;…;0;
56;105;NA;NA;…;1;
56;106;NA;NA;…;1;
56;107;61;5;1.077;1;
56;108;NA;NA;…;0;
56;110;16;4;0.74;0;
56;141;...;NA;…;0;
56;143;NA;NA;…;0;
56;161;...;NA;…;1;
56;162;...;NA;…;0;
56;181;NA;NA;…;0;
56;236;NA;NA;…;1;
56;237;NA;NA;…;0;
56;256;NA;NA;…;0;
56;259;NA;NA;…;1;
56;262;NA;NA;…;0;
56;282;NA;NA;…;0;
56;310;NA;NA;…;0;
56;331;...;NA;…;0;
56;360;NA;NA;…;0;
56;412;199;33;1.359;1;
56;421;76;8;2.012;1;
56;422;32;4;0.819;0;
56;431;39;8;1.872;1;
56;432;75;9;0.795;0;
56;433;24;8;0.526;0;
56;439;62;11;1.231;1;
56;451;31;5;0.524;0;
56;452;...;NA;…;0;
56;453;NA;NA;…;0;
56;454;NA;NA;…;1;
56;461;...;NA;…;0;
56;462;...;NA;…;0;
56;463;21;4;0.294;0;
56;464;23;4;0.324;0;
56;466;...;NA;…;0;
56;467;12;5;0.206;0;
56;469;NA;NA;…;0;
56;471;384;21;1.685;1;
56;472;55;20;0.955;0;
56;473;NA;NA;…;1;
56;474;NA;NA;…;0;
56;475;33;8;0.62;0;
56;476;...;NA;…;0;
56;477;151;39;0.983;0;
56;478;14;7;1.009;1;
56;479;17;4;0.764;0;
56;493;NA;NA;…;0;
56;494;83.972;15;0.652;0;
56;521;...;NA;…;0;
56;522;NA;NA;…;0;
56;532;...;NA;…;1;
56;551;NA;NA;…;0;
56;552;NA;NA;…;1;
56;559;NA;NA;…;1;
56;561;94;16;0.605;0;
56;563;67;25;1.61;1;
56;620;...;NA;…;0;
56;642;NA;NA;…;0;
56;661;NA;NA;…;0;
56;662;...;NA;…;0;
56;682;21;4;0.42;0;
56;683;NA;NA;…;0;
56;691;...;NA;…;0;
56;692;27;9;0.227;0;
56;702;17;5;0.303;0;
56;711;23;6;0.391;0;
56;722;NA;NA;…;1;
56;742;NA;NA;…;0;
56;743;NA;NA;…;0;
56;749;...;NA;…;0;
56;750;NA;NA;…;0;
56;781;NA;NA;…;0;
56;782;NA;NA;…;1;
56;801;NA;NA;…;0;
56;802;NA;NA;…;1;
56;811;...;NA;…;0;
56;812;NA;NA;…;0;
56;813;NA;NA;…;0;
56;821;10;4;0.816;0;
56;829;NA;NA;…;0;
56;841;2850;53;4.089;1;
56;842;NA;NA;…;0;
56;851;173;13;1.96;1;
56;852;475;13;1.844;1;
56;853;...;NA;…;0;
56;855;NA;NA;…;0;
56;862;99;23;1.371;1;
56;869;NA;NA;…;0;
56;873;...;NA;…;1;
56;879;NA;NA;…;1;
56;881;80;4;2.995;1;
56;889;...;NA;…;0;
56;931;20;4;0.739;0;
56;932;NA;NA;…;0;
56;941;NA;NA;…;0;
56;942;8;4;05.ápr;1;
56;949;61;10;1.261;1;
56;951;...;NA;…;0;
56;952;NA;NA;…;0;
56;960;11;5;0.215;0;
57;11;195;23;3.203;1;
57;12;36;6;5.264;1;
57;14;13;5;0.253;0;
57;15;NA;NA;…;1;
57;16;27;8;1.673;1;
57;21;...;NA;…;1;
57;22;18;5;1.869;1;
57;24;35;12;5.723;1;
57;81;NA;NA;…;1;
57;101;...;NA;…;1;
57;103;NA;NA;…;0;
57;107;51;4;1.067;1;
57;108;NA;NA;…;0;
57;110;18;6;0.986;0;
57;141;NA;NA;…;0;
57;152;...;NA;…;1;
57;162;36;7;1.419;1;
57;172;...;NA;…;1;
57;201;NA;NA;…;0;
57;211;NA;NA;…;1;
57;221;NA;NA;…;0;
57;222;NA;NA;…;0;
57;251;42;4;0.922;0;
57;252;NA;NA;…;1;
57;309;NA;NA;…;1;
57;310;NA;NA;…;1;
57;329;NA;NA;…;0;
57;381;NA;NA;…;0;
57;411;...;NA;…;0;
57;412;95;25;0.769;0;
57;421;15;6;0.47;0;
57;422;NA;NA;…;0;
57;429;18;4;2.347;1;
57;431;19;5;1.081;1;
57;432;40;9;0.502;0;
57;433;20;8;0.519;0;
57;439;80;15;1.882;1;
57;451;...;NA;…;0;
57;452;...;NA;…;0;
57;453;NA;NA;…;0;
57;454;NA;NA;…;1;
57;461;NA;NA;…;0;
57;462;NA;NA;…;0;
57;463;137;10;2.276;1;
57;464;...;NA;…;0;
57;465;NA;NA;…;0;
57;467;20;7;0.408;0;
57;469;NA;NA;…;0;
57;471;120;29;0.624;0;
57;472;37;15;0.762;0;
57;475;14;4;0.312;0;
57;476;NA;NA;…;0;
57;477;33;12;0.255;0;
57;478;...;NA;…;0;
57;479;...;NA;…;0;
57;493;41;7;0.625;0;
57;494;351;22;3.231;1;
57;521;...;NA;…;1;
57;522;NA;NA;…;0;
57;531;...;NA;…;0;
57;532;NA;NA;…;0;
57;551;117;6;27.márc;1;
57;552;...;NA;…;1;
57;559;NA;NA;…;1;
57;561;70;21;0.534;0;
57;562;...;NA;…;0;
57;563;19;9;0.541;0;
57;619;NA;NA;…;1;
57;620;...;NA;…;0;
57;681;23;4;0.705;0;
57;682;10;4;0.237;0;
57;702;...;NA;…;0;
57;711;...;NA;…;0;
57;722;NA;NA;…;0;
57;731;NA;NA;…;0;
57;732;NA;NA;…;0;
57;749;27;4;1.561;1;
57;750;NA;NA;…;1;
57;773;NA;NA;…;0;
57;781;NA;NA;…;0;
57;783;NA;NA;…;0;
57;801;NA;NA;…;0;
57;812;...;NA;…;1;
57;813;...;NA;…;1;
57;821;...;NA;…;0;
57;829;...;NA;…;1;
57;841;2439;51;4.146;1;
57;851;101;9;1.356;1;
57;852;300;6;1.38;1;
57;853;...;NA;…;0;
57;855;...;NA;…;0;
57;862;26;7;0.427;0;
57;869;12;5;0.383;0;
57;873;168;5;2.825;1;
57;881;...;NA;…;0;
57;889;...;NA;…;1;
57;910;NA;NA;…;0;
57;942;NA;NA;…;1;
57;949;45;8;1.102;1;
57;960;18;7;0.417;0;
58;11;136;8;0.55;0;
58;12;NA;NA;…;0;
58;14;47;9;0.226;0;
58;16;NA;NA;…;1;
58;21;NA;NA;…;0;
58;22;...;NA;…;0;
58;24;16;7;0.644;0;
58;52;NA;NA;…;1;
58;81;NA;NA;…;1;
58;105;NA;NA;…;0;
58;106;NA;NA;…;0;
58;107;311;14;1.602;1;
58;108;...;NA;…;0;
58;110;52;10;0.702;0;
58;139;...;NA;…;0;
58;141;257;12;1.308;1;
58;143;NA;NA;…;0;
58;161;36;4;0.968;0;
58;162;52;9;0.505;0;
58;181;99;6;0.986;0;
58;201;NA;12;…;1;
58;205;NA;NA;…;1;
58;221;NA;NA;…;0;
58;222;349;12;1.637;1;
58;231;NA;NA;…;0;
58;234;NA;NA;…;0;
58;235;NA;NA;…;0;
58;236;NA;NA;…;0;
58;237;NA;NA;…;1;
58;241;NA;NA;…;0;
58;243;NA;NA;…;0;
58;245;...;NA;…;0;
58;251;290;24;1.568;1;
58;252;106;6;4.298;1;
58;256;209;29;1.153;1;
58;259;67;4;1.142;1;
58;274;NA;NA;…;0;
58;281;...;NA;…;0;
58;282;36;4;0.296;0;
58;284;NA;NA;…;1;
58;291;NA;NA;…;0;
58;310;29;6;0.241;0;
58;325;...;NA;…;0;
58;331;21;4;0.243;0;
58;332;NA;NA;…;1;
58;351;NA;NA;…;0;
58;353;NA;NA;…;1;
58;360;NA;NA;…;1;
58;370;NA;NA;…;1;
58;381;NA;NA;…;1;
58;383;...;NA;…;0;
58;411;24;4;0.563;0;
58;412;643;65;1.282;1;
58;421;NA;NA;…;0;
58;422;145;17;1.083;1;
58;429;...;NA;…;0;
58;431;36;10;0.504;0;
58;432;394;68;1.219;1;
58;433;136;44;0.87;0;
58;439;328;24;1.901;1;
58;451;119;20;0.587;0;
58;452;129;26;0.858;0;
58;453;20;8;0.242;0;
58;454;NA;NA;…;0;
58;461;29;7;0.235;0;
58;462;...;NA;…;0;
58;463;83;16;0.34;0;
58;464;48;12;0.197;0;
58;466;82;6;1.186;1;
58;467;269;13;1.351;1;
58;469;65;9;0.317;0;
58;471;565;159;0.723;0;
58;472;183;54;0.928;0;
58;473;...;NA;…;0;
58;474;13;6;0.325;0;
58;475;106;28;0.581;0;
58;476;26;9;0.485;0;
58;477;396;109;0.752;0;
58;478;31;14;0.652;0;
58;479;41;14;0.538;0;
58;493;49;15;0.184;0;
58;494;435;45;0.986;0;
58;521;NA;NA;…;0;
58;522;36;6;0.104;0;
58;532;...;NA;…;0;
58;551;NA;NA;…;0;
58;552;...;NA;…;0;
58;559;12;5;0.506;0;
58;561;350;76;0.658;0;
58;562;43;10;0.481;0;
58;563;223;74;1.564;1;
58;581;NA;NA;…;0;
58;582;8;4;0.238;0;
58;591;NA;NA;…;0;
58;601;NA;NA;…;0;
58;611;36;4;0.676;0;
58;612;NA;NA;…;0;
58;619;NA;NA;…;0;
58;620;37;13;0.123;0;
58;631;15;5;0.265;0;
58;641;...;NA;…;1;
58;649;NA;NA;…;0;
58;661;9;4;0.272;0;
58;662;21;9;0.603;0;
58;681;60;6;0.453;0;
58;682;59;21;0.344;0;
58;683;157;14;1.751;1;
58;691;69;11;1.006;1;
58;692;120;33;0.294;0;
58;701;...;NA;…;0;
58;702;58;23;0.301;0;
58;711;77;21;0.382;0;
58;712;...;NA;…;0;
58;721;NA;NA;…;0;
58;722;NA;NA;…;0;
58;731;19;5;0.26;0;
58;732;16;4;0.918;0;
58;742;...;NA;…;0;
58;743;...;NA;…;0;
58;749;21;10;0.299;0;
58;750;...;NA;…;0;
58;771;NA;NA;…;0;
58;772;...;NA;…;0;
58;773;21;5;0.669;0;
58;781;49;4;0.781;0;
58;782;...;NA;…;0;
58;783;NA;NA;…;0;
58;791;...;NA;…;0;
58;801;10;4;0.061;0;
58;802;19;4;0.246;0;
58;812;117;18;0.48;0;
58;813;NA;NA;…;1;
58;822;NA;NA;…;0;
58;823;NA;NA;…;0;
58;829;83;13;0.395;0;
58;841;3098;58;1.297;1;
58;842;NA;NA;…;0;
58;851;377;16;1.247;1;
58;852;1680;37;1.904;1;
58;853;916;13;1.788;1;
58;855;78;16;1.028;1;
58;856;20;5;1.005;1;
58;861;943;6;1.826;1;
58;862;197;60;0.796;0;
58;869;20;7;0.157;0;
58;872;NA;NA;…;1;
58;873;2136;7;8.847;1;
58;879;NA;NA;…;1;
58;881;...;NA;…;0;
58;889;...;NA;…;0;
58;900;NA;NA;…;0;
58;910;29;4;0.284;0;
58;920;22;4;0.88;0;
58;931;116;7;1.251;1;
58;932;26;7;0.438;0;
58;941;NA;NA;…;0;
58;949;33;7;0.199;0;
58;951;NA;NA;…;0;
58;952;19;8;0.571;0;
58;960;170;59;0.971;0;
59;11;139;31;2.494;1;
59;12;NA;NA;…;1;
59;14;282;14;6.003;1;
59;15;NA;5;…;1;
59;16;...;NA;…;0;
59;24;...;NA;…;1;
59;81;...;NA;…;1;
59;101;NA;NA;…;0;
59;105;NA;NA;…;1;
59;106;NA;NA;…;0;
59;107;106;6;2.422;1;
59;110;...;NA;…;0;
59;132;...;NA;…;1;
59;152;406;9;30.939;1;
59;161;...;NA;…;1;
59;162;NA;NA;…;1;
59;222;...;NA;…;1;
59;235;NA;NA;…;1;
59;236;NA;NA;…;0;
59;237;NA;NA;…;1;
59;251;74;9;1.774;1;
59;256;NA;NA;…;0;
59;282;NA;NA;…;0;
59;283;...;NA;…;1;
59;289;NA;NA;…;0;
59;310;NA;NA;…;0;
59;332;NA;NA;…;0;
59;412;95;21;0.84;0;
59;421;50;10;1.713;1;
59;422;86;5;2.85;1;
59;429;...;NA;…;1;
59;431;40;9;2.486;1;
59;432;82;18;1.125;1;
59;433;50;12;1.419;1;
59;439;NA;NA;…;0;
59;451;14;6;0.306;0;
59;452;49;7;1.445;1;
59;453;NA;NA;…;0;
59;461;NA;NA;…;0;
59;462;NA;NA;…;0;
59;464;NA;NA;…;0;
59;467;NA;NA;…;0;
59;471;143;36;0.812;0;
59;472;52;14;1.169;1;
59;475;28;6;0.681;0;
59;476;...;NA;…;0;
59;477;177;26;1.491;1;
59;478;14;7;1.305;1;
59;479;...;NA;…;0;
59;494;39;13;0.392;0;
59;503;NA;NA;…;1;
59;521;NA;NA;…;0;
59;551;NA;NA;…;0;
59;552;NA;NA;…;0;
59;561;71;25;0.592;0;
59;562;33;5;1.639;1;
59;563;78;34;2.426;1;
59;620;NA;NA;…;0;
59;631;NA;NA;…;0;
59;661;...;NA;…;0;
59;682;NA;NA;…;0;
59;683;NA;NA;…;0;
59;692;10;4;0.109;0;
59;702;...;NA;…;0;
59;711;NA;NA;…;0;
59;712;NA;NA;…;1;
59;721;NA;NA;…;0;
59;749;...;NA;…;0;
59;771;NA;NA;…;0;
59;781;NA;NA;…;1;
59;782;NA;NA;…;0;
59;801;34;4;0.914;0;
59;802;NA;NA;…;1;
59;803;NA;NA;…;1;
59;812;...;NA;…;0;
59;821;NA;NA;…;0;
59;829;28;6;0.59;0;
59;841;2104;23;3.907;1;
59;851;78;8;1.144;1;
59;852;239;8;1.201;1;
59;853;NA;NA;…;0;
59;862;86;15;1.541;1;
59;869;NA;NA;…;0;
59;889;...;NA;…;1;
59;920;NA;NA;…;0;
59;931;NA;NA;…;0;
59;932;NA;NA;…;0;
59;941;NA;NA;…;1;
59;949;...;NA;…;0;
59;960;14;5;0.355;0;
60;11;533;49;3.969;1;
60;12;8;4;0.53;0;
60;14;205;22;1.811;1;
60;15;13;6;0.68;0;
60;16;45;12;1.264;1;
60;22;...;NA;…;0;
60;24;26;11;1.927;1;
60;32;NA;NA;…;0;
60;101;101;5;1.047;1;
60;105;NA;NA;…;0;
60;107;102;5;0.967;0;
60;108;...;NA;…;0;
60;109;NA;NA;…;1;
60;110;13;5;0.323;0;
60;139;8;4;0.139;0;
60;141;56;4;0.525;0;
60;152;NA;NA;…;0;
60;161;42;8;2.079;1;
60;162;47;12;0.84;0;
60;172;NA;NA;…;0;
60;181;...;NA;…;0;
60;192;NA;NA;…;0;
60;201;NA;NA;…;0;
60;204;NA;NA;…;0;
60;222;180;5;1.555;1;
60;236;...;NA;…;0;
60;237;...;NA;…;0;
60;251;423;15;4.209;1;
60;252;NA;NA;…;0;
60;256;915;28;9.293;1;
60;259;...;NA;…;0;
60;262;NA;NA;…;0;
60;263;...;NA;…;0;
60;265;NA;NA;…;0;
60;271;NA;NA;…;0;
60;282;NA;NA;…;0;
60;283;NA;NA;…;1;
60;284;NA;NA;…;0;
60;289;NA;NA;…;1;
60;293;1076;5;4.958;1;
60;301;NA;NA;…;1;
60;310;54;9;0.827;0;
60;323;NA;NA;…;0;
60;325;...;NA;…;0;
60;329;...;NA;…;0;
60;331;63;6;1.344;1;
60;332;...;NA;…;0;
60;360;NA;NA;…;1;
60;370;NA;NA;…;0;
60;381;...;NA;…;0;
60;383;NA;NA;…;0;
60;390;NA;NA;…;1;
60;411;15;5;0.648;0;
60;412;275;54;1.009;1;
60;421;182;23;2.588;1;
60;422;70;5;0.963;0;
60;429;23;4;1.36;1;
60;431;80;20;2.063;1;
60;432;141;33;0.803;0;
60;433;172;37;2.025;1;
60;439;94;16;1.003;1;
60;451;103;20;0.935;0;
60;452;82;24;1.004;1;
60;453;43;9;0.956;0;
60;461;19;5;0.284;0;
60;462;...;NA;…;0;
60;463;53.237;10;0.401;0;
60;464;...;NA;…;0;
60;465;NA;NA;…;0;
60;466;NA;NA;…;0;
60;467;65;9;0.601;0;
60;469;44;6;0.396;0;
60;471;304;81;0.717;0;
60;472;101;28;0.943;0;
60;473;35;5;1.39;1;
60;474;...;NA;…;0;
60;475;178;39;1.797;1;
60;476;41;9;1.408;1;
60;477;315;95;1.102;1;
60;478;24;12;0.929;0;
60;479;33;13;0.797;0;
60;493;43;8;0.297;0;
60;494;328;58;1.369;1;
60;522;30;5;0.159;0;
60;531;NA;NA;…;0;
60;532;...;NA;…;0;
60;551;100;7;1.267;1;
60;552;8;4;1.261;1;
60;553;...;NA;…;1;
60;559;NA;NA;…;1;
60;561;348.013;92;1.204;1;
60;562;NA;NA;…;0;
60;563;211;84;2.724;1;
60;581;...;NA;…;0;
60;591;NA;NA;…;0;
60;602;...;NA;…;0;
60;611;...;NA;…;0;
60;612;NA;NA;…;0;
60;620;12;5;0.074;0;
60;631;...;NA;…;0;
60;641;NA;NA;…;0;
60;649;NA;NA;…;0;
60;661;...;NA;…;0;
60;662;16;7;0.846;0;
60;681;21;5;0.292;0;
60;682;56;14;0.601;0;
60;683;...;NA;…;0;
60;691;25;10;0.671;0;
60;692;41;17;0.185;0;
60;702;20;8;0.191;0;
60;711;31;12;0.283;0;
60;712;...;NA;…;0;
60;731;...;NA;…;0;
60;742;...;NA;…;1;
60;749;21;7;0.55;0;
60;750;11;4;1.768;1;
60;772;...;NA;…;0;
60;773;...;NA;…;0;
60;781;NA;NA;…;0;
60;782;NA;NA;…;0;
60;791;16;4;0.789;0;
60;801;21;6;0.234;0;
60;802;...;NA;…;0;
60;812;15;5;0.113;0;
60;813;NA;NA;…;0;
60;823;NA;NA;…;0;
60;829;31;9;0.271;0;
60;841;1578;48;1.216;1;
60;842;NA;NA;…;0;
60;851;284;19;1.729;1;
60;852;841;20;1.754;1;
60;853;225;6;0.808;0;
60;854;NA;NA;…;0;
60;855;52;6;1.262;1;
60;861;NA;NA;…;0;
60;862;194;45;1.443;1;
60;869;26;4;0.376;0;
60;872;NA;NA;…;1;
60;873;264;11;2.013;1;
60;879;...;NA;…;1;
60;881;...;NA;…;1;
60;889;...;NA;…;0;
60;900;...;NA;…;0;
60;910;...;NA;…;0;
60;920;NA;NA;…;0;
60;931;87;7;1.727;1;
60;932;NA;4;…;1;
60;941;NA;NA;…;0;
60;949;93;12;1.033;1;
60;951;...;NA;…;0;
60;952;25;7;1.382;1;
60;960;277;26;2.912;1;
61;11;550;68;0.392;0;
61;12;...;NA;…;0;
61;13;...;NA;…;0;
61;14;353;33;0.298;0;
61;15;17;5;0.085;0;
61;16;NA;11;…;1;
61;17;NA;NA;…;0;
61;21;NA;NA;…;1;
61;22;20;4;0.09;0;
61;24;45;16;0.319;0;
61;32;...;NA;…;0;
61;52;...;NA;…;1;
61;81;75;7;0.746;0;
61;91;NA;NA;…;0;
61;101;416;13;0.412;0;
61;103;67;7;0.196;0;
61;104;NA;NA;…;1;
61;105;NA;NA;…;0;
61;106;...;NA;…;0;
61;107;682;38;0.619;0;
61;108;95;13;0.23;0;
61;109;NA;NA;…;0;
61;110;1176;37;2.795;1;
61;133;NA;NA;…;0;
61;139;61;10;0.101;0;
61;141;556;56;0.498;0;
61;142;NA;NA;…;1;
61;143;...;NA;…;0;
61;151;...;NA;…;0;
61;152;8;4;0.024;0;
61;161;98;8;0.464;0;
61;162;296;50;0.506;0;
61;171;NA;NA;…;1;
61;172;110;10;0.216;0;
61;181;257;41;0.451;0;
61;192;NA;NA;…;0;
61;201;56;6;0.213;0;
61;203;NA;NA;…;0;
61;204;NA;NA;…;0;
61;205;NA;NA;…;0;
61;211;NA;NA;…;1;
61;212;NA;NA;…;0;
61;221;83;12;0.201;0;
61;222;1087;38;0.898;0;
61;231;98;6;0.508;0;
61;233;NA;NA;…;0;
61;234;...;NA;…;0;
61;235;NA;NA;…;1;
61;236;697;12;2.788;1;
61;237;85;12;1.751;1;
61;239;...;NA;…;0;
61;241;115;5;0.519;0;
61;242;NA;NA;…;0;
61;243;NA;4;…;1;
61;244;...;NA;…;0;
61;245;451;8;04.febr;1;
61;251;1183;88;1.126;1;
61;252;202;12;1.442;1;
61;253;...;NA;…;1;
61;255;...;NA;…;1;
61;256;1433;88;1.392;1;
61;257;NA;9;…;1;
61;259;699;24;2.097;1;
61;261;NA;NA;…;0;
61;263;57;8;0.164;0;
61;264;NA;NA;…;1;
61;265;13;4;0.097;0;
61;266;...;NA;…;0;
61;267;...;NA;…;0;
61;271;32;5;0.072;0;
61;273;NA;NA;…;0;
61;274;NA;NA;…;0;
61;275;NA;NA;…;0;
61;279;66;9;0.393;0;
61;281;165;8;0.128;0;
61;282;3545;52;5.127;1;
61;283;86;4;0.568;0;
61;284;126;5;03.febr;1;
61;289;370;23;06.jan;1;
61;291;NA;NA;…;0;
61;292;46;5;0.398;0;
61;293;5839;6;2.574;1;
61;301;...;NA;…;0;
61;302;NA;NA;…;0;
61;303;NA;NA;…;0;
61;309;NA;NA;…;0;
61;310;273;32;0.4;0;
61;321;38;7;1.141;1;
61;324;...;NA;…;0;
61;325;258;32;0.701;0;
61;329;36;10;0.153;0;
61;331;813;52;1.659;1;
61;332;75;15;0.52;0;
61;351;NA;NA;…;1;
61;352;NA;NA;…;0;
61;353;717;8;3.283;1;
61;360;...;NA;…;1;
61;370;487;16;3.174;1;
61;381;152;7;0.404;0;
61;382;302;6;2.155;1;
61;383;91;9;0.979;0;
61;390;...;NA;…;0;
61;411;75;22;0.31;0;
61;412;2695;340;0.946;0;
61;421;767;55;1.043;1;
61;422;885;79;1.164;1;
61;429;136;21;0.769;0;
61;431;342;51;0.844;0;
61;432;2576;377;1.403;1;
61;433;794;196;0.894;0;
61;439;1243;146;1.268;1;
61;451;955;175;0.83;0;
61;452;883;164;1.034;1;
61;453;218;59;0.464;0;
61;454;8;4;0.233;0;
61;461;532;98;0.76;0;
61;462;200;30;0.64;0;
61;463;1146;114;0.825;0;
61;464;625;90;0.452;0;
61;465;111;15;0.536;0;
61;466;233;34;0.593;0;
61;467;1194;175;1.056;1;
61;469;546;84;0.47;0;
61;471;3534;456;0.797;0;
61;472;1071;267;0.956;0;
61;473;322;33;1.224;1;
61;474;181;43;0.797;0;
61;475;836;166;0.807;0;
61;476;184;40;0.604;0;
61;477;2765;597;0.925;0;
61;478;156;56;0.577;0;
61;479;305;69;0.704;0;
61;493;5996;73;3.961;1;
61;494;3589;210;1.433;1;
61;521;58;5;0.229;0;
61;522;1419;37;0.72;0;
61;531;NA;NA;…;0;
61;532;36;9;0.241;0;
61;551;520;43;0.63;0;
61;552;38;10;0.573;0;
61;553;NA;NA;…;0;
61;559;204;12;1.515;1;
61;561;1833;347;0.606;0;
61;562;388;53;0.765;0;
61;563;771;259;0.952;0;
61;581;210;35;0.534;0;
61;582;52;20;0.272;0;
61;591;54;6;0.322;0;
61;592;...;NA;…;0;
61;601;NA;NA;…;1;
61;602;NA;NA;…;0;
61;611;346;18;1.144;1;
61;612;27;5;0.104;0;
61;619;...;NA;…;0;
61;620;601;86;0.353;0;
61;631;215;29;0.668;0;
61;639;...;NA;…;0;
61;641;NA;4;…;0;
61;642;...;NA;…;0;
61;649;129;20;0.482;0;
61;651;NA;NA;…;0;
61;661;111;37;0.592;0;
61;662;180;65;0.91;0;
61;663;...;NA;…;0;
61;681;328;76;0.436;0;
61;682;727;119;0.746;0;
61;683;356;38;0.699;0;
61;691;352;106;0.904;0;
61;692;1612;221;0.696;0;
61;701;34;6;0.216;0;
61;702;648;128;0.593;0;
61;711;1063;218;0.93;0;
61;712;160;38;0.668;0;
61;721;220;32;0.355;0;
61;722;19;6;0.173;0;
61;731;140;41;0.337;0;
61;732;38;15;0.384;0;
61;741;...;NA;…;0;
61;742;22;9;0.273;0;
61;743;35;10;0.764;0;
61;749;625;75;1.567;1;
61;750;51;9;0.784;0;
61;771;80;15;0.839;0;
61;772;29;12;0.458;0;
61;773;111;26;0.622;0;
61;781;849;14;2.383;1;
61;782;545;14;0.296;0;
61;783;NA;NA;…;0;
61;791;118;22;0.556;0;
61;799;...;NA;…;1;
61;801;553;68;0.59;0;
61;802;401;51;0.912;0;
61;803;...;NA;…;0;
61;811;90;15;0.201;0;
61;812;2088;73;1.51;1;
61;813;82;14;0.365;0;
61;821;83;19;0.348;0;
61;822;124;7;1.956;1;
61;823;50;17;0.461;0;
61;829;877;88;0.734;0;
61;841;14667;128;1.081;1;
61;842;5560;9;2.014;1;
61;843;...;NA;…;1;
61;851;1750;56;1.019;1;
61;852;5113;101;02.jan;1;
61;853;4007;65;1.377;1;
61;854;NA;6;…;0;
61;855;613;91;1.423;1;
61;856;65;6;0.575;0;
61;861;8140;22;2.776;1;
61;862;1342;375;0.955;0;
61;869;472;37;0.653;0;
61;873;1101;12;0.803;0;
61;879;1116;5;2.79;1;
61;881;453;13;0.871;0;
61;889;1476;20;1.889;1;
61;900;828;22;1.761;1;
61;910;493;12;0.85;0;
61;920;93;20;0.655;0;
61;931;478;47;0.908;0;
61;932;228;28;0.676;0;
61;941;33;11;0.487;0;
61;942;44;10;1.145;1;
61;949;1107;83;1.176;1;
61;951;101;26;0.987;0;
61;952;181;45;0.957;0;
61;960;1260;199;1.267;1;
61;970;NA;NA;…;1;
62;11;NA;NA;…;0;
62;14;9;4;0.058;0;
62;15;...;NA;…;0;
62;16;210;27;4.268;1;
62;17;NA;NA;…;0;
62;21;30;7;4.377;1;
62;22;NA;NA;…;0;
62;24;76;11;4.075;1;
62;52;NA;NA;…;1;
62;81;NA;NA;…;1;
62;101;76;6;0.57;0;
62;103;NA;NA;…;0;
62;105;NA;NA;…;0;
62;107;138;10;0.947;0;
62;108;NA;NA;…;0;
62;110;26;4;0.467;0;
62;139;69;4;0.866;0;
62;141;175;13;1.186;1;
62;151;NA;NA;…;0;
62;161;42;5;1.503;1;
62;162;63;7;0.815;0;
62;181;...;NA;…;0;
62;222;24;4;0.15;0;
62;233;NA;NA;…;0;
62;236;27;5;0.817;0;
62;237;...;NA;…;1;
62;241;817;5;27.859;1;
62;242;NA;NA;…;1;
62;243;NA;NA;…;0;
62;244;NA;NA;…;0;
62;245;NA;NA;…;0;
62;251;188;23;1.353;1;
62;256;265;15;1.947;1;
62;257;NA;NA;…;0;
62;259;59;4;1.339;1;
62;261;NA;NA;…;0;
62;265;NA;NA;…;0;
62;271;...;NA;…;1;
62;275;NA;NA;…;0;
62;279;NA;NA;…;0;
62;282;95;10;1.039;1;
62;284;NA;NA;…;1;
62;289;49;4;1.062;1;
62;293;NA;NA;…;1;
62;310;...;NA;…;0;
62;325;NA;NA;…;0;
62;329;NA;NA;…;0;
62;331;54;7;0.833;0;
62;332;81;5;4.247;1;
62;352;NA;NA;…;1;
62;353;...;NA;…;1;
62;360;...;NA;…;0;
62;370;NA;NA;…;0;
62;381;NA;NA;…;0;
62;412;433.083;61;1.149;1;
62;421;...;NA;…;0;
62;422;25;8;0.249;0;
62;429;28;5;1.197;1;
62;431;83;18;1.548;1;
62;432;330;57;1.359;1;
62;433;156;41;1.329;1;
62;439;103;20;0.795;0;
62;451;50;12;0.328;0;
62;452;57;12;0.505;0;
62;453;34;7;0.547;0;
62;454;NA;NA;…;0;
62;461;91;15;0.983;0;
62;462;NA;NA;…;0;
62;463;71;11;0.387;0;
62;464;46;5;0.252;0;
62;465;...;NA;…;0;
62;466;35;4;0.674;0;
62;467;164;28;1.096;1;
62;469;NA;NA;…;0;
62;471;477;133;0.813;0;
62;472;237;53;06.jan;1;
62;473;...;NA;…;0;
62;474;17;7;0.566;0;
62;475;104;26;0.76;0;
62;476;19;6;0.472;0;
62;477;325;76;0.822;0;
62;478;43;19;1.204;1;
62;479;113;25;1.973;1;
62;493;14;5;0.07;0;
62;494;109;28;0.329;0;
62;521;NA;NA;…;0;
62;522;58;5;0.222;0;
62;532;NA;NA;…;0;
62;551;NA;NA;…;0;
62;552;NA;NA;…;0;
62;553;NA;NA;…;1;
62;559;32;5;1.797;1;
62;561;222;78;0.555;0;
62;562;...;NA;…;0;
62;563;216;75;2.017;1;
62;581;...;NA;…;0;
62;582;NA;NA;…;0;
62;591;...;NA;…;0;
62;592;NA;NA;…;1;
62;602;NA;NA;…;0;
62;611;...;NA;…;0;
62;619;NA;NA;…;1;
62;620;32;8;0.142;0;
62;631;47;4;1.104;1;
62;639;NA;NA;…;0;
62;641;NA;NA;…;0;
62;649;NA;NA;…;0;
62;661;11;5;0.443;0;
62;662;17;8;0.65;0;
62;681;60;9;0.603;0;
62;682;110;17;0.854;0;
62;683;99;8;1.47;1;
62;691;29;9;0.563;0;
62;692;71;26;0.232;0;
62;702;14;4;0.097;0;
62;711;45;9;0.298;0;
62;712;NA;NA;…;0;
62;721;...;NA;…;0;
62;731;14;5;0.255;0;
62;732;NA;NA;…;0;
62;741;NA;NA;…;0;
62;742;NA;NA;…;0;
62;749;18;8;0.341;0;
62;750;NA;NA;…;0;
62;771;...;NA;…;0;
62;772;...;NA;…;0;
62;773;NA;NA;…;0;
62;774;NA;NA;…;1;
62;781;NA;5;…;1;
62;782;NA;NA;…;0;
62;801;13;4;0.105;0;
62;802;15;4;0.258;0;
62;811;NA;NA;…;0;
62;812;106;15;0.58;0;
62;813;...;NA;…;0;
62;821;...;NA;…;0;
62;822;NA;NA;…;0;
62;829;56;15;0.354;0;
62;841;4117;41;2.295;1;
62;842;NA;NA;…;0;
62;851;343;19;1.511;1;
62;852;782;20;18.jan;1;
62;853;918;10;2.386;1;
62;855;44;7;0.772;0;
62;861;...;NA;…;1;
62;862;210;49;13.jan;1;
62;869;...;NA;…;0;
62;871;NA;NA;…;1;
62;873;526;5;2.901;1;
62;879;NA;NA;…;0;
62;881;...;NA;…;0;
62;889;106;4;1.026;1;
62;900;NA;NA;…;0;
62;910;NA;NA;…;0;
62;920;...;NA;…;0;
62;931;85;7;22.jan;1;
62;932;40;8;0.897;0;
62;949;47;6;0.378;0;
62;952;14;6;0.56;0;
62;960;119;38;0.905;0;
63;11;87;11;1.67;1;
63;12;NA;NA;…;0;
63;13;NA;NA;…;1;
63;14;44;7;1.002;1;
63;16;12;5;0.869;0;
63;21;...;NA;…;1;
63;22;NA;NA;…;0;
63;24;41;13;7.836;1;
63;52;NA;NA;…;1;
63;107;NA;NA;…;1;
63;108;NA;NA;…;0;
63;110;...;NA;…;0;
63;141;155;5;3.744;1;
63;161;NA;NA;…;0;
63;162;11;5;0.507;0;
63;222;...;NA;…;0;
63;233;NA;NA;…;1;
63;234;NA;NA;…;0;
63;236;NA;NA;…;0;
63;251;92;4;2.36;1;
63;256;...;NA;…;0;
63;259;NA;NA;…;0;
63;279;...;NA;…;1;
63;309;NA;NA;…;1;
63;310;...;NA;…;0;
63;321;NA;NA;…;1;
63;331;NA;NA;…;0;
63;370;...;NA;…;1;
63;412;52;9;0.492;0;
63;422;...;NA;…;0;
63;429;NA;NA;…;1;
63;431;NA;NA;…;0;
63;432;63;12;0.925;0;
63;433;25;5;0.759;0;
63;439;13;4;0.357;0;
63;451;...;NA;…;0;
63;452;...;NA;…;0;
63;461;...;NA;…;0;
63;463;...;NA;…;0;
63;464;NA;NA;…;0;
63;467;24;6;0.572;0;
63;471;238;59;1.446;1;
63;472;27;9;0.65;0;
63;474;NA;NA;…;0;
63;475;16;6;0.416;0;
63;476;NA;NA;…;1;
63;477;73;21;0.658;0;
63;478;12;4;1.197;1;
63;479;12;4;0.747;0;
63;493;NA;NA;…;0;
63;494;63;10;0.678;0;
63;522;...;NA;…;0;
63;531;NA;NA;…;0;
63;551;NA;NA;…;0;
63;552;13;5;5.282;1;
63;561;55;10;0.49;0;
63;563;53;22;1.764;1;
63;581;NA;NA;…;0;
63;602;NA;NA;…;1;
63;612;NA;NA;…;0;
63;620;...;NA;…;0;
63;681;NA;NA;…;0;
63;682;18;5;0.498;0;
63;692;...;NA;…;0;
63;702;NA;NA;…;0;
63;711;...;NA;…;0;
63;741;...;NA;…;1;
63;749;...;NA;…;0;
63;802;NA;NA;…;0;
63;803;NA;NA;…;1;
63;813;...;NA;…;1;
63;823;NA;NA;…;0;
63;829;...;NA;…;0;
63;841;2314;48;4.598;1;
63;851;154;14;2.417;1;
63;852;324;7;1.742;1;
63;853;...;NA;…;1;
63;855;NA;NA;…;0;
63;862;176;16;3.375;1;
63;873;...;NA;…;1;
63;881;NA;NA;…;0;
63;920;...;NA;…;1;
63;931;NA;NA;…;1;
63;932;...;NA;…;0;
63;941;NA;NA;…;0;
63;942;...;NA;…;1;
63;949;...;NA;…;0;
63;960;51;6;1.382;1;
64;11;174;35;1.216;1;
64;12;55;15;3.423;1;
64;13;NA;NA;…;0;
64;14;207;6;1.717;1;
64;15;...;NA;…;0;
64;16;51;11;1.345;1;
64;17;NA;NA;…;0;
64;21;...;NA;…;1;
64;24;32;9;2.227;1;
64;103;...;NA;…;0;
64;107;58;6;0.516;0;
64;108;...;NA;…;0;
64;110;267;23;6.228;1;
64;139;104;5;1.694;1;
64;141;779;22;6.852;1;
64;161;40;4;1.858;1;
64;162;56;15;0.94;0;
64;181;NA;NA;…;0;
64;222;...;NA;…;0;
64;234;28;5;1.658;1;
64;236;NA;NA;…;0;
64;237;...;NA;…;1;
64;239;NA;NA;…;1;
64;245;NA;NA;…;0;
64;251;60;8;0.56;0;
64;256;239;10;2.279;1;
64;257;371;5;16.715;1;
64;259;274;5;8.069;1;
64;282;NA;NA;…;0;
64;289;85;5;2.39;1;
64;309;NA;NA;…;1;
64;310;NA;NA;…;0;
64;332;NA;NA;…;0;
64;353;NA;NA;…;0;
64;381;NA;NA;…;1;
64;411;NA;NA;…;0;
64;412;569;32;1.96;1;
64;421;...;NA;…;0;
64;422;66;9;0.852;0;
64;429;NA;NA;…;1;
64;431;21;6;0.508;0;
64;432;254;30;1.358;1;
64;433;53;11;0.586;0;
64;439;44;9;0.441;0;
64;451;14;4;0.119;0;
64;452;37;11;0.425;0;
64;453;27;7;0.563;0;
64;461;39;7;0.547;0;
64;462;17;5;0.534;0;
64;463;103;11;0.728;0;
64;464;...;NA;…;0;
64;465;NA;NA;…;0;
64;467;93;13;0.807;0;
64;469;21;4;0.177;0;
64;471;479;43;06.jan;1;
64;472;43;12;0.377;0;
64;473;NA;NA;…;0;
64;474;NA;NA;…;0;
64;475;52;17;0.493;0;
64;476;11;5;0.355;0;
64;477;255;54;0.837;0;
64;478;17;8;0.618;0;
64;479;18;4;0.408;0;
64;494;156;26;0.611;0;
64;504;NA;NA;…;1;
64;521;...;NA;…;0;
64;522;40;6;0.199;0;
64;532;...;NA;…;0;
64;551;146;5;1.737;1;
64;552;...;NA;…;1;
64;553;NA;NA;…;1;
64;561;252;49;0.818;0;
64;562;44;6;0.851;0;
64;563;62;23;0.751;0;
64;591;NA;NA;…;1;
64;620;15;6;0.086;0;
64;631;...;NA;…;0;
64;641;NA;NA;…;0;
64;642;NA;NA;…;0;
64;661;NA;NA;…;0;
64;662;32;9;1.588;1;
64;681;NA;NA;…;0;
64;682;131;11;1.32;1;
64;691;8;4;0.202;0;
64;692;44;12;0.187;0;
64;702;37;7;0.332;0;
64;711;40;10;0.343;0;
64;712;NA;NA;…;0;
64;731;15;6;0.355;0;
64;741;NA;NA;…;0;
64;742;NA;NA;…;0;
64;743;NA;NA;…;0;
64;749;...;NA;…;0;
64;750;...;NA;…;1;
64;772;NA;NA;…;0;
64;773;NA;NA;…;1;
64;781;NA;NA;…;0;
64;782;...;NA;…;0;
64;783;...;NA;…;0;
64;801;NA;NA;…;0;
64;802;NA;NA;…;0;
64;811;NA;NA;…;1;
64;812;NA;7;…;1;
64;829;26;5;0.214;0;
64;841;1574;36;1.139;1;
64;851;117;14;0.669;0;
64;852;605;20;1.185;1;
64;853;306;6;1.032;1;
64;854;NA;NA;…;0;
64;855;...;NA;…;0;
64;856;NA;NA;…;1;
64;862;144;23;1.005;1;
64;869;13;4;0.177;0;
64;873;425;4;3.042;1;
64;881;...;NA;…;0;
64;889;NA;NA;…;0;
64;900;...;NA;…;0;
64;910;77;5;1.303;1;
64;920;NA;NA;…;0;
64;931;17;5;0.317;0;
64;932;NA;NA;…;1;
64;941;...;NA;…;1;
64;949;360;15;3.754;1;
64;952;...;NA;…;0;
64;960;47;8;0.464;0;
65;11;119;22;1.145;1;
65;12;14;5;02.jan;1;
65;13;NA;NA;…;1;
65;14;42;5;0.48;0;
65;15;...;NA;…;0;
65;17;NA;NA;…;1;
65;21;NA;NA;…;1;
65;24;36;11;3.449;1;
65;81;...;NA;…;1;
65;101;NA;NA;…;0;
65;103;NA;NA;…;0;
65;107;125;11;1.532;1;
65;110;13;5;0.418;0;
65;120;NA;NA;…;1;
65;139;...;NA;…;0;
65;141;252;14;3.052;1;
65;152;...;NA;…;1;
65;161;24;4;1.535;1;
65;162;...;NA;…;1;
65;181;...;NA;…;0;
65;222;NA;NA;…;0;
65;232;NA;NA;…;1;
65;234;NA;7;…;1;
65;236;NA;NA;…;0;
65;245;NA;NA;…;1;
65;251;22;4;0.283;0;
65;256;81;6;1.063;1;
65;257;NA;NA;…;1;
65;259;106;5;4.298;1;
65;264;NA;NA;…;0;
65;282;...;NA;…;0;
65;289;...;NA;…;0;
65;293;NA;NA;…;1;
65;310;...;NA;…;0;
65;331;...;NA;…;0;
65;360;NA;NA;…;1;
65;370;NA;NA;…;0;
65;381;NA;NA;…;0;
65;382;NA;NA;…;0;
65;383;NA;NA;…;0;
65;411;NA;NA;…;0;
65;412;97;22;0.46;0;
65;421;NA;NA;…;0;
65;422;...;NA;…;0;
65;429;NA;NA;…;1;
65;431;NA;NA;…;0;
65;432;15;5;0.11;0;
65;433;27;8;0.411;0;
65;439;26;8;0.358;0;
65;451;42;9;0.493;0;
65;452;16;7;0.253;0;
65;453;...;NA;…;0;
65;461;97;7;1.873;1;
65;462;NA;NA;…;0;
65;463;32;4;0.311;0;
65;464;27;6;0.264;0;
65;465;NA;NA;…;0;
65;466;...;NA;…;0;
65;467;50;11;0.597;0;
65;469;33;6;0.384;0;
65;471;276;56;0.841;0;
65;472;63;20;0.76;0;
65;473;...;NA;…;0;
65;474;14;5;0.833;0;
65;475;35;8;0.457;0;
65;476;26;5;1.154;1;
65;477;444;57;2.007;1;
65;478;...;NA;…;0;
65;479;8;4;0.25;0;
65;493;NA;NA;…;0;
65;494;484;21;2.611;1;
65;522;...;NA;…;0;
65;551;71;9;1.163;1;
65;552;10;4;2.037;1;
65;559;66;5;6.623;1;
65;561;95;29;0.425;0;
65;562;NA;NA;…;0;
65;563;51;16;0.851;0;
65;601;NA;NA;…;1;
65;602;NA;NA;…;1;
65;611;NA;NA;…;0;
65;620;...;NA;…;0;
65;639;NA;NA;…;0;
65;641;...;NA;…;1;
65;661;NA;NA;…;0;
65;662;...;NA;…;0;
65;681;NA;NA;…;0;
65;682;28;7;0.388;0;
65;683;NA;NA;…;0;
65;691;28;8;0.972;0;
65;692;18;8;0.105;0;
65;702;NA;4;…;0;
65;711;46;10;0.544;0;
65;721;NA;NA;…;0;
65;731;...;NA;…;0;
65;741;NA;NA;…;1;
65;749;46;4;1.558;1;
65;771;NA;NA;…;0;
65;772;...;NA;…;1;
65;773;NA;NA;…;0;
65;782;NA;NA;…;0;
65;791;NA;NA;…;0;
65;801;...;NA;…;0;
65;811;NA;NA;…;0;
65;812;...;NA;…;0;
65;813;NA;NA;…;0;
65;823;NA;NA;…;0;
65;829;22;6;0.249;0;
65;841;1330;44;1.325;1;
65;842;...;NA;…;1;
65;851;226;7;1.778;1;
65;852;477;14;1.286;1;
65;853;527;7;2.448;1;
65;855;28;4;0.878;0;
65;856;...;NA;…;1;
65;861;NA;NA;…;1;
65;862;53;20;0.51;0;
65;869;19;4;0.355;0;
65;873;...;NA;…;1;
65;881;NA;NA;…;1;
65;900;NA;NA;…;0;
65;910;...;NA;…;0;
65;931;...;NA;…;0;
65;932;...;NA;…;1;
65;942;NA;NA;…;1;
65;949;77;11;1.105;1;
65;951;...;NA;…;0;
65;952;...;NA;…;0;
65;960;51;13;0.693;0;
66;11;542;47;4.303;1;
66;12;65;20;4.595;1;
66;14;NA;10;…;1;
66;15;17;4;0.949;0;
66;16;128;19;3.835;1;
66;17;NA;NA;…;0;
66;22;NA;NA;…;0;
66;81;...;NA;…;1;
66;89;NA;NA;…;1;
66;101;103;7;1.138;1;
66;106;NA;NA;…;1;
66;107;220;17;2.225;1;
66;108;350;4;9.437;1;
66;110;183;22;4.849;1;
66;141;38;4;0.38;0;
66;143;NA;NA;…;0;
66;152;...;NA;…;1;
66;161;NA;NA;…;0;
66;162;21;6;0.4;0;
66;172;...;NA;…;0;
66;201;NA;NA;…;0;
66;202;NA;NA;…;1;
66;203;NA;NA;…;1;
66;205;NA;NA;…;1;
66;221;NA;NA;…;0;
66;222;155;9;1.427;1;
66;231;NA;NA;…;0;
66;235;NA;NA;…;1;
66;239;NA;NA;…;1;
66;243;NA;NA;…;0;
66;251;116;9;1.231;1;
66;252;NA;NA;…;0;
66;255;NA;NA;…;0;
66;256;44;8;0.476;0;
66;259;...;NA;…;1;
66;261;NA;NA;…;0;
66;265;NA;NA;…;0;
66;275;NA;NA;…;0;
66;282;NA;NA;…;0;
66;310;58;4;0.947;0;
66;329;NA;NA;…;0;
66;331;17;5;0.387;0;
66;332;NA;NA;…;0;
66;351;13;4;0.372;0;
66;352;...;NA;…;1;
66;360;NA;NA;…;1;
66;381;...;NA;…;0;
66;382;NA;NA;…;0;
66;383;...;NA;…;0;
66;412;341;59;1.334;1;
66;421;81;11;1.228;1;
66;422;53;10;0.777;0;
66;429;...;NA;…;0;
66;431;51;6;1.403;1;
66;432;139;26;0.844;0;
66;433;90;27;13.jan;1;
66;439;37;13;0.421;0;
66;451;66;15;0.639;0;
66;452;69;14;0.901;0;
66;453;29;6;0.687;0;
66;461;15;5;0.239;0;
66;462;...;NA;…;0;
66;463;113;10;0.907;0;
66;464;100;4;0.806;0;
66;465;NA;NA;…;0;
66;466;NA;NA;…;0;
66;467;32;7;0.315;0;
66;469;24;5;0.23;0;
66;471;309;90;0.777;0;
66;472;132;38;1.314;1;
66;473;37;8;1.567;1;
66;474;NA;NA;…;0;
66;475;108;21;1.163;1;
66;476;...;NA;…;0;
66;477;263;66;0.981;0;
66;478;8;4;0.33;0;
66;479;50;13;1.287;1;
66;493;15;5;0.11;0;
66;494;354;45;1.576;1;
66;504;NA;NA;…;1;
66;521;NA;NA;…;0;
66;522;...;NA;…;0;
66;532;...;NA;…;0;
66;551;95;5;1.284;1;
66;552;...;NA;…;1;
66;559;...;NA;…;0;
66;561;202;47;0.745;0;
66;562;45;7;0.989;0;
66;563;135;55;1.858;1;
66;582;NA;NA;…;0;
66;602;NA;NA;…;0;
66;619;NA;NA;…;0;
66;620;21;7;0.137;0;
66;631;...;NA;…;0;
66;641;...;NA;…;0;
66;661;...;NA;…;0;
66;662;...;NA;…;0;
66;681;49;7;0.726;0;
66;682;18;4;0.206;0;
66;683;NA;NA;…;0;
66;691;23;4;0.658;0;
66;692;70;19;0.337;0;
66;701;NA;NA;…;0;
66;702;37;11;0.377;0;
66;711;32;6;0.312;0;
66;712;...;NA;…;0;
66;721;NA;NA;…;0;
66;731;NA;NA;…;0;
66;732;NA;NA;…;1;
66;742;...;NA;…;1;
66;743;NA;NA;…;0;
66;749;48;6;1.341;1;
66;750;8;4;1.371;1;
66;772;NA;NA;…;0;
66;773;NA;NA;…;1;
66;781;...;NA;…;1;
66;782;NA;NA;…;0;
66;791;...;NA;…;0;
66;801;72;6;0.857;0;
66;802;...;NA;…;0;
66;811;NA;NA;…;0;
66;812;29;5;0.234;0;
66;821;NA;NA;…;0;
66;823;...;NA;…;0;
66;829;NA;5;…;0;
66;841;3032;39;2.492;1;
66;842;NA;NA;…;0;
66;851;319;16;2.071;1;
66;852;558;13;1.241;1;
66;853;519;4;1.989;1;
66;855;26;6;0.673;0;
66;862;179;27;1.42;1;
66;869;14;4;0.216;0;
66;873;302;6;2.455;1;
66;881;...;NA;…;0;
66;889;28;5;0.4;0;
66;900;27;4;0.64;0;
66;910;74;4;1.423;1;
66;920;...;NA;…;0;
66;932;23;5;0.76;0;
66;941;...;NA;…;0;
66;949;...;NA;…;0;
66;952;...;NA;…;0;
66;960;71;23;0.796;0;
67;11;433;34;8.73;1;
67;12;NA;NA;…;1;
67;14;37;4;0.885;0;
67;15;...;NA;…;0;
67;16;31;4;2.358;1;
67;17;NA;NA;…;1;
67;21;NA;NA;…;1;
67;22;NA;NA;…;0;
67;103;...;NA;…;1;
67;107;56;7;1.438;1;
67;108;NA;NA;…;1;
67;110;...;NA;…;0;
67;141;...;NA;…;0;
67;143;NA;NA;…;0;
67;162;40;8;1.936;1;
67;172;NA;NA;…;1;
67;201;NA;NA;…;0;
67;251;11;4;0.296;0;
67;259;NA;NA;…;0;
67;281;NA;NA;…;0;
67;282;NA;NA;…;0;
67;289;NA;NA;…;1;
67;360;NA;NA;…;0;
67;370;NA;NA;…;0;
67;382;NA;NA;…;1;
67;390;NA;NA;…;1;
67;412;48;13;0.477;0;
67;421;NA;NA;…;0;
67;422;...;NA;…;1;
67;429;...;NA;…;1;
67;431;NA;NA;…;0;
67;432;98;8;1.511;1;
67;433;38;7;1.212;1;
67;439;...;NA;…;1;
67;452;10;4;0.332;0;
67;453;...;NA;…;0;
67;461;...;NA;…;0;
67;463;...;NA;…;0;
67;464;NA;NA;…;0;
67;466;NA;NA;…;1;
67;467;10;4;0.25;0;
67;469;NA;NA;…;0;
67;471;109;38;0.696;0;
67;472;66;14;1.668;1;
67;473;NA;NA;…;0;
67;475;50;10;1.367;1;
67;476;NA;NA;…;0;
67;477;49;14;0.464;0;
67;478;...;NA;…;0;
67;479;11;5;0.719;0;
67;493;NA;NA;…;0;
67;494;48;7;0.543;0;
67;522;...;NA;…;0;
67;531;NA;NA;…;0;
67;551;NA;NA;…;0;
67;552;...;NA;…;1;
67;559;NA;NA;…;0;
67;561;37;11;0.347;0;
67;562;...;NA;…;1;
67;563;53;21;1.853;1;
67;582;NA;NA;…;0;
67;620;NA;NA;…;0;
67;662;NA;NA;…;0;
67;681;NA;NA;…;0;
67;682;19;4;0.552;0;
67;683;NA;NA;…;0;
67;691;NA;NA;…;1;
67;692;25;9;0.306;0;
67;702;10;5;0.259;0;
67;711;26;7;0.644;0;
67;712;...;NA;…;0;
67;721;NA;NA;…;0;
67;749;...;NA;…;0;
67;771;NA;NA;…;0;
67;772;...;NA;…;1;
67;773;...;NA;…;0;
67;782;...;NA;…;0;
67;791;...;NA;…;0;
67;801;81;6;2.447;1;
67;802;...;NA;…;0;
67;811;NA;NA;…;0;
67;812;...;NA;…;0;
67;821;NA;NA;…;0;
67;829;21;7;0.498;0;
67;841;2013;44;4.201;1;
67;851;106;9;1.747;1;
67;852;...;NA;…;0;
67;853;40;4;0.389;0;
67;855;...;NA;…;0;
67;856;NA;NA;…;0;
67;861;NA;NA;…;1;
67;862;46;13;0.926;0;
67;869;...;NA;…;0;
67;873;NA;NA;…;0;
67;889;NA;NA;…;1;
67;910;NA;NA;…;0;
67;931;NA;NA;…;1;
67;932;...;NA;…;1;
67;949;18;6;0.541;0;
67;952;...;NA;…;0;
67;960;21;8;0.598;0;
68;11;183;23;1.045;1;
68;12;...;NA;…;0;
68;14;65;13;0.44;0;
68;15;...;NA;…;0;
68;16;20;7;0.431;0;
68;17;...;NA;…;0;
68;107;37;7;0.269;0;
68;110;...;NA;…;0;
68;133;NA;NA;…;0;
68;139;NA;4;…;1;
68;141;19;7;0.136;0;
68;151;NA;NA;…;0;
68;162;NA;NA;…;0;
68;172;...;NA;…;0;
68;181;40;9;0.562;0;
68;201;1479;9;45.194;1;
68;203;NA;NA;…;1;
68;222;1284;27;8.502;1;
68;234;NA;NA;…;1;
68;236;...;NA;…;0;
68;243;NA;NA;…;0;
68;251;138;16;1.053;1;
68;252;...;NA;…;1;
68;255;NA;NA;…;1;
68;256;98;13;0.763;0;
68;257;NA;NA;…;0;
68;261;NA;NA;…;0;
68;262;NA;NA;…;1;
68;263;NA;NA;…;1;
68;271;NA;NA;…;0;
68;279;...;NA;…;1;
68;281;NA;NA;…;0;
68;282;84;10;0.974;0;
68;284;NA;NA;…;0;
68;293;NA;NA;…;0;
68;310;21;5;0.247;0;
68;323;NA;NA;…;0;
68;325;NA;NA;…;0;
68;331;119;10;1.946;1;
68;332;...;NA;…;1;
68;351;NA;NA;…;1;
68;352;NA;NA;…;0;
68;353;...;NA;…;1;
68;370;166;4;8.671;1;
68;381;NA;NA;…;1;
68;382;NA;NA;…;1;
68;383;...;NA;…;0;
68;412;280;31;0.788;0;
68;421;39;4;0.425;0;
68;422;97;14;1.023;1;
68;429;61;4;2.765;1;
68;431;39;7;0.771;0;
68;432;393;47;1.716;1;
68;433;116;29;1.047;1;
68;439;146;20;1.194;1;
68;451;15;4;0.104;0;
68;452;38;10;0.357;0;
68;453;...;NA;…;0;
68;461;50;7;0.573;0;
68;463;51;6;0.294;0;
68;464;...;NA;…;0;
68;465;NA;NA;…;0;
68;467;50;13;0.354;0;
68;469;17;5;0.117;0;
68;471;167;57;0.302;0;
68;472;100;26;0.716;0;
68;474;14;5;0.494;0;
68;475;62;19;0.48;0;
68;476;14;5;0.369;0;
68;477;246;63;0.66;0;
68;478;15;6;0.445;0;
68;479;28;5;0.518;0;
68;493;20;5;0.106;0;
68;494;139;23;0.445;0;
68;522;42;9;0.171;0;
68;551;34;4;0.33;0;
68;552;NA;NA;…;0;
68;559;NA;NA;…;0;
68;561;141;36;0.374;0;
68;562;16;5;0.253;0;
68;563;86;27;0.851;0;
68;581;NA;NA;…;0;
68;582;NA;NA;…;0;
68;591;NA;NA;…;0;
68;602;...;NA;…;1;
68;620;43;12;0.202;0;
68;631;NA;NA;…;0;
68;653;NA;NA;…;1;
68;661;NA;NA;…;0;
68;662;10;5;0.405;0;
68;681;33;5;0.352;0;
68;682;122;20;1.004;1;
68;683;NA;4;…;0;
68;691;37;8;0.762;0;
68;692;95;25;0.329;0;
68;701;NA;NA;…;0;
68;702;10;4;0.073;0;
68;711;147;23;03.jan;1;
68;712;23;9;0.769;0;
68;721;NA;NA;…;0;
68;731;...;NA;…;0;
68;732;NA;NA;…;0;
68;741;NA;NA;…;0;
68;749;30;5;0.603;0;
68;750;9;4;1.109;1;
68;772;...;NA;…;0;
68;773;NA;NA;…;0;
68;782;NA;NA;…;0;
68;783;...;NA;…;1;
68;801;14;4;0.12;0;
68;802;132;6;2.407;1;
68;811;...;NA;…;0;
68;812;38;9;0.22;0;
68;813;NA;5;…;1;
68;821;...;NA;…;0;
68;823;NA;NA;…;0;
68;829;164;11;01.jan;1;
68;841;1103;33;0.652;0;
68;842;NA;NA;…;0;
68;851;260;17;1.214;1;
68;852;889;15;1.422;1;
68;853;...;NA;…;0;
68;855;57;6;1.061;1;
68;862;203;30;1.158;1;
68;869;12;4;0.133;0;
68;872;NA;NA;…;1;
68;873;NA;NA;…;0;
68;881;...;NA;…;1;
68;889;NA;NA;…;0;
68;900;...;NA;…;0;
68;910;...;NA;…;0;
68;920;NA;NA;…;0;
68;931;125;13;1.902;1;
68;932;29;4;0.689;0;
68;942;NA;NA;…;0;
68;949;35;5;0.298;0;
68;951;...;NA;…;0;
68;952;...;NA;…;0;
68;960;154;28;1.241;1;
69;11;62;12;1.429;1;
69;12;33;14;6.772;1;
69;14;62;8;1.696;1;
69;15;NA;NA;…;1;
69;16;21;9;1.826;1;
69;21;NA;NA;…;1;
69;22;NA;NA;…;0;
69;24;...;NA;…;1;
69;31;NA;NA;…;1;
69;81;NA;NA;…;1;
69;101;NA;NA;…;1;
69;106;NA;NA;…;1;
69;107;NA;NA;…;0;
69;108;NA;NA;…;0;
69;110;225;39;17.306;1;
69;141;...;NA;…;0;
69;152;...;NA;…;0;
69;161;NA;NA;…;0;
69;162;42;10;2.324;1;
69;172;NA;NA;…;0;
69;181;...;NA;…;1;
69;201;NA;NA;…;0;
69;221;NA;NA;…;0;
69;234;NA;NA;…;0;
69;237;NA;NA;…;1;
69;239;...;NA;…;1;
69;251;...;NA;…;0;
69;256;109;4;3.427;1;
69;259;...;NA;…;1;
69;292;NA;NA;…;1;
69;310;NA;NA;…;0;
69;331;NA;NA;…;0;
69;382;NA;NA;…;1;
69;412;128;26;1.454;1;
69;421;...;NA;…;0;
69;422;NA;NA;…;1;
69;429;...;NA;…;1;
69;431;...;NA;…;0;
69;432;29;5;0.511;0;
69;433;13;5;0.474;0;
69;439;16;4;0.528;0;
69;451;31;8;0.871;0;
69;452;24;7;0.91;0;
69;453;...;NA;…;0;
69;461;18;4;0.832;0;
69;463;47;8;1.096;1;
69;464;...;NA;…;0;
69;467;20;5;0.572;0;
69;469;...;NA;…;0;
69;471;91;26;0.664;0;
69;472;34;15;0.982;0;
69;473;NA;NA;…;0;
69;474;...;NA;…;0;
69;475;9;4;0.281;0;
69;476;NA;NA;…;0;
69;477;60;18;0.65;0;
69;478;...;NA;…;0;
69;479;...;NA;…;0;
69;494;123;30;1.589;1;
69;522;NA;NA;…;0;
69;532;NA;NA;…;0;
69;551;83;8;3.256;1;
69;552;10;4;4.879;1;
69;553;NA;NA;…;1;
69;559;NA;NA;…;1;
69;561;78;26;0.835;0;
69;562;...;NA;…;0;
69;563;71;29;2.837;1;
69;620;40;4;0.76;0;
69;631;NA;NA;…;0;
69;641;...;NA;…;1;
69;681;...;NA;…;0;
69;682;30;6;0.997;0;
69;692;15;6;0.21;0;
69;702;14;5;0.415;0;
69;711;...;NA;…;0;
69;712;NA;NA;…;0;
69;721;...;NA;…;1;
69;731;...;NA;…;0;
69;732;NA;NA;…;0;
69;742;NA;NA;…;1;
69;749;NA;NA;…;0;
69;781;NA;NA;…;0;
69;782;NA;NA;…;0;
69;783;NA;NA;…;1;
69;801;NA;NA;…;0;
69;802;20;4;1.473;1;
69;811;NA;NA;…;0;
69;812;...;NA;…;0;
69;823;NA;NA;…;1;
69;829;...;NA;…;0;
69;841;1110;24;2.648;1;
69;851;68;6;1.282;1;
69;852;...;NA;…;0;
69;853;234;5;2.603;1;
69;855;NA;NA;…;0;
69;862;55;11;1.266;1;
69;869;9;4;0.403;0;
69;873;...;NA;…;1;
69;881;41;5;2.552;1;
69;900;...;NA;…;0;
69;910;...;NA;…;1;
69;920;NA;NA;…;0;
69;931;...;NA;…;0;
69;932;...;NA;…;0;
69;941;NA;NA;…;1;
69;949;29;4;0.997;0;
69;952;NA;NA;…;1;
69;960;...;NA;…;0;
70;11;420;73;5.403;1;
70;12;29;9;3.321;1;
70;13;...;NA;…;1;
70;14;56;8;0.855;0;
70;15;...;NA;…;1;
70;16;17;4;0.825;0;
70;17;NA;NA;…;1;
70;31;NA;NA;…;1;
70;32;NA;NA;…;1;
70;101;...;NA;…;1;
70;106;NA;NA;…;0;
70;107;98;11;1.606;1;
70;108;NA;NA;…;0;
70;109;...;NA;…;1;
70;110;23;6;0.987;0;
70;139;NA;NA;…;0;
70;141;151;4;2.444;1;
70;143;...;NA;…;1;
70;161;NA;NA;…;0;
70;162;11;4;0.34;0;
70;181;...;NA;…;0;
70;222;NA;NA;…;0;
70;236;NA;NA;…;0;
70;243;NA;NA;…;1;
70;251;200;8;3.438;1;
70;252;NA;NA;…;0;
70;255;NA;NA;…;0;
70;256;40;9;0.702;0;
70;257;NA;NA;…;1;
70;259;...;NA;…;0;
70;281;NA;NA;…;0;
70;282;218;10;5.694;1;
70;289;...;NA;…;1;
70;293;NA;NA;…;0;
70;310;NA;4;…;1;
70;324;NA;NA;…;1;
70;325;NA;NA;…;0;
70;329;NA;NA;…;0;
70;331;97;16;3.575;1;
70;332;...;NA;…;1;
70;353;...;NA;…;1;
70;360;...;NA;…;0;
70;370;NA;NA;…;1;
70;381;NA;NA;…;1;
70;412;65;15;0.412;0;
70;421;...;NA;…;0;
70;422;35;10;0.832;0;
70;429;NA;NA;…;0;
70;431;...;NA;…;0;
70;432;163;35;1.603;1;
70;433;25;8;0.509;0;
70;439;23;5;0.424;0;
70;451;...;NA;…;0;
70;452;31;8;0.656;0;
70;453;...;NA;…;0;
70;454;NA;NA;…;1;
70;461;53;10;1.368;1;
70;462;39;7;2.255;1;
70;463;101;13;1.314;1;
70;464;NA;NA;…;0;
70;465;...;NA;…;0;
70;466;19;4;0.874;0;
70;467;64;5;1.022;1;
70;469;36;4;0.559;0;
70;471;205;38;0.835;0;
70;472;76;24;1.225;1;
70;473;...;NA;…;1;
70;474;NA;NA;…;0;
70;475;95;17;1.657;1;
70;476;23;5;1.364;1;
70;477;160;48;0.967;0;
70;478;44;17;2.942;1;
70;479;16;7;0.667;0;
70;493;18;5;0.215;0;
70;494;182;17;1.312;1;
70;521;NA;NA;…;0;
70;522;NA;NA;…;0;
70;551;46;4;1.007;1;
70;552;NA;NA;…;0;
70;559;NA;NA;…;0;
70;561;141;32;0.842;0;
70;562;15;4;0.534;0;
70;563;102.671;36;29.febr;1;
70;581;NA;NA;…;0;
70;591;NA;NA;…;0;
70;602;...;NA;…;0;
70;611;NA;NA;…;1;
70;620;...;NA;…;0;
70;631;NA;NA;…;0;
70;661;NA;NA;…;0;
70;662;...;NA;…;0;
70;681;NA;NA;…;0;
70;682;19;7;0.352;0;
70;691;12;5;0.557;0;
70;692;28;13;0.218;0;
70;701;NA;NA;…;1;
70;702;10;5;0.165;0;
70;711;45;9;0.711;0;
70;731;NA;NA;…;0;
70;742;NA;NA;…;0;
70;749;39;10;1.766;1;
70;772;...;NA;…;1;
70;781;NA;NA;…;0;
70;801;NA;NA;…;1;
70;802;...;NA;…;0;
70;812;...;NA;…;0;
70;813;...;NA;…;1;
70;821;NA;NA;…;0;
70;823;NA;NA;…;0;
70;829;NA;5;…;1;
70;841;825;14;1.099;1;
70;842;NA;NA;…;0;
70;851;NA;NA;…;1;
70;852;810;25;2.919;1;
70;853;617;7;3.83;1;
70;855;33;4;1.384;1;
70;862;122;27;1.568;1;
70;869;NA;NA;…;0;
70;873;198;6;2.608;1;
70;881;NA;NA;…;1;
70;889;NA;NA;…;1;
70;900;NA;NA;…;1;
70;910;41;4;1.277;1;
70;920;8;4;1.018;1;
70;931;20;7;0.686;0;
70;932;...;NA;…;0;
70;949;...;NA;…;0;
70;951;NA;NA;…;0;
70;952;9;4;0.86;0;
70;960;55;15;0.999;0;
70;970;NA;NA;…;1;
71;11;769;79;2.746;1;
71;12;...;NA;…;0;
71;13;NA;NA;…;0;
71;14;420;36;1.779;1;
71;15;37;10;0.929;0;
71;16;113;28;1.522;1;
71;17;20;5;2.779;1;
71;22;NA;NA;…;0;
71;24;...;NA;…;0;
71;81;NA;NA;…;0;
71;101;57;9;0.283;0;
71;103;NA;NA;…;0;
71;105;...;NA;…;0;
71;106;...;NA;…;1;
71;107;250;20;1.137;1;
71;108;...;NA;…;0;
71;109;NA;NA;…;0;
71;110;...;NA;…;0;
71;120;NA;NA;…;1;
71;133;NA;NA;…;1;
71;139;273;12;2.272;1;
71;141;120;12;0.539;0;
71;143;552;5;27.906;1;
71;151;NA;NA;…;0;
71;152;NA;NA;…;0;
71;161;NA;NA;…;0;
71;162;133;17;14.jan;1;
71;172;22;4;0.217;0;
71;181;76;10;0.668;0;
71;201;NA;NA;…;0;
71;204;253;10;10.419;1;
71;205;NA;NA;…;0;
71;221;67;7;0.812;0;
71;222;54;6;0.224;0;
71;231;NA;NA;…;0;
71;232;556;4;82.511;1;
71;233;NA;NA;…;0;
71;234;2202;19;66.617;1;
71;236;NA;4;…;1;
71;237;21;5;2.168;1;
71;251;431;48;2.057;1;
71;252;...;NA;…;0;
71;255;NA;NA;…;1;
71;256;395;43;1.924;1;
71;257;88;5;2.025;1;
71;259;...;NA;…;1;
71;265;113;14;4.234;1;
71;266;NA;NA;…;0;
71;267;...;NA;…;1;
71;274;101;5;5.448;1;
71;275;NA;NA;…;0;
71;282;236;12;1.711;1;
71;283;NA;NA;…;1;
71;289;47;4;0.675;0;
71;292;...;NA;…;1;
71;310;NA;NA;…;0;
71;321;10;4;1.505;1;
71;324;NA;NA;…;0;
71;325;91;9;1.239;1;
71;329;NA;NA;…;0;
71;331;99;18;1.013;1;
71;332;28;6;0.973;0;
71;353;...;NA;…;1;
71;360;...;NA;…;1;
71;370;NA;NA;…;0;
71;381;NA;NA;…;0;
71;382;NA;NA;…;0;
71;383;...;NA;…;0;
71;411;44;6;0.911;0;
71;412;947;97;1.666;1;
71;421;58;6;0.395;0;
71;422;225;29;1.484;1;
71;429;60;5;1.701;1;
71;431;87;32;1.076;1;
71;432;276;65;0.754;0;
71;433;246;65;1.389;1;
71;439;151;42;0.772;0;
71;451;146;29;0.636;0;
71;452;189;37;11.jan;1;
71;453;56;11;0.597;0;
71;454;...;NA;…;1;
71;461;117;21;0.838;0;
71;462;41;10;0.658;0;
71;463;1003;21;3.622;1;
71;464;128;23;0.464;0;
71;465;15;4;0.363;0;
71;466;62;7;0.792;0;
71;467;176;23;0.78;0;
71;469;72;13;0.31;0;
71;471;545;109;0.616;0;
71;472;302;74;1.352;1;
71;473;68;5;1.295;1;
71;474;18;7;0.397;0;
71;475;232;44;1.123;1;
71;476;50;15;0.823;0;
71;477;542;131;0.909;0;
71;478;45;19;0.835;0;
71;479;120;35;1.389;1;
71;493;36;13;0.119;0;
71;494;258;43;0.516;0;
71;504;NA;NA;…;0;
71;521;...;NA;…;0;
71;522;NA;5;…;0;
71;532;46;7;1.542;1;
71;551;99;7;0.602;0;
71;552;NA;NA;…;1;
71;559;45;4;1.675;1;
71;561;883;132;1.464;1;
71;562;256;5;2.53;1;
71;563;358;125;2.216;1;
71;581;22;4;0.28;0;
71;582;10;4;0.263;0;
71;591;...;NA;…;1;
71;592;NA;NA;…;0;
71;601;NA;NA;…;1;
71;602;...;NA;…;1;
71;611;NA;NA;…;0;
71;612;NA;NA;…;0;
71;620;114;22;0.336;0;
71;631;20;9;0.312;0;
71;639;...;NA;…;0;
71;641;NA;NA;…;1;
71;649;NA;NA;…;0;
71;661;26;11;0.695;0;
71;662;53;22;1.343;1;
71;681;85;11;0.567;0;
71;682;170;33;0.875;0;
71;683;54;13;0.531;0;
71;691;96;22;1.236;1;
71;692;217;58;0.47;0;
71;701;NA;NA;…;1;
71;702;78;22;0.358;0;
71;711;115;30;0.504;0;
71;712;51;10;1.067;1;
71;721;34;6;0.275;0;
71;722;NA;NA;…;0;
71;731;39;11;0.471;0;
71;732;13;6;0.658;0;
71;741;...;NA;…;0;
71;742;...;NA;…;0;
71;743;NA;NA;…;0;
71;749;57;19;0.716;0;
71;750;...;NA;…;0;
71;772;NA;NA;…;0;
71;773;33;8;0.928;0;
71;781;NA;NA;…;0;
71;782;NA;NA;…;0;
71;791;...;NA;…;0;
71;801;55;10;0.294;0;
71;802;42;7;0.479;0;
71;812;NA;11;…;0;
71;813;28;7;0.625;0;
71;821;...;NA;…;0;
71;823;NA;NA;…;1;
71;829;186;21;0.78;0;
71;841;1356;12;0.501;0;
71;842;NA;NA;…;0;
71;843;NA;NA;…;0;
71;851;874;19;2.551;1;
71;852;1570;33;1.57;1;
71;853;1686;16;2.905;1;
71;854;NA;NA;…;0;
71;855;89;24;1.036;1;
71;856;NA;NA;…;0;
71;861;NA;NA;…;1;
71;862;222;68;0.792;0;
71;869;30;8;0.208;0;
71;873;478;5;1.747;1;
71;881;174;6;1.678;1;
71;889;28;6;0.18;0;
71;900;18;9;0.192;0;
71;910;127;6;1.098;1;
71;920;...;NA;…;0;
71;931;62;17;0.59;0;
71;932;73;7;1.085;1;
71;949;18;4;0.096;0;
71;951;...;NA;…;0;
71;952;30;13;0.795;0;
71;960;157;51;0.791;0;
72;11;294;81;5.081;1;
72;12;NA;NA;…;0;
72;13;NA;NA;…;1;
72;14;86;14;1.763;1;
72;15;11;4;1.336;1;
72;16;66;8;4.303;1;
72;17;...;NA;…;1;
72;21;NA;NA;…;1;
72;24;12;5;2.065;1;
72;101;...;NA;…;0;
72;103;NA;NA;…;1;
72;105;NA;NA;…;1;
72;107;53;6;1.166;1;
72;108;NA;NA;…;1;
72;110;11;4;0.634;0;
72;139;NA;NA;…;0;
72;141;NA;NA;…;0;
72;151;NA;NA;…;0;
72;161;NA;NA;…;0;
72;162;...;NA;…;0;
72;181;...;NA;…;0;
72;201;NA;NA;…;1;
72;202;NA;NA;…;1;
72;205;...;NA;…;1;
72;236;NA;NA;…;0;
72;251;NA;NA;…;0;
72;256;26;6;0.613;0;
72;281;...;NA;…;0;
72;282;...;NA;…;0;
72;283;NA;NA;…;0;
72;284;NA;NA;…;1;
72;289;NA;NA;…;0;
72;292;NA;NA;…;1;
72;293;...;NA;…;0;
72;310;NA;NA;…;0;
72;331;...;NA;…;1;
72;353;NA;NA;…;0;
72;360;NA;NA;…;0;
72;381;...;NA;…;0;
72;383;NA;NA;…;0;
72;411;NA;NA;…;0;
72;412;172.427;34;1.468;1;
72;421;51;9;1.683;1;
72;422;154;10;4.915;1;
72;429;NA;NA;…;1;
72;431;71;18;25.ápr;1;
72;432;53;17;0.7;0;
72;433;44;13;1.202;1;
72;439;53;11;1.312;1;
72;451;39;8;0.822;0;
72;452;128;11;3.637;1;
72;453;46;4;2.373;1;
72;454;NA;NA;…;1;
72;461;9;4;0.312;0;
72;462;31;7;2.408;1;
72;463;49;11;0.856;0;
72;464;NA;NA;…;0;
72;467;34;5;0.729;0;
72;471;125;26;0.684;0;
72;472;176;25;3.812;1;
72;473;...;NA;…;0;
72;475;41;7;0.961;0;
72;476;14;5;1.116;1;
72;477;140;36;1.136;1;
72;478;12;6;1.078;1;
72;479;...;NA;…;0;
72;494;98;15;0.949;0;
72;522;68;5;0.837;0;
72;551;NA;NA;…;0;
72;552;NA;NA;…;1;
72;553;NA;NA;…;1;
72;559;NA;NA;…;1;
72;561;98;23;0.787;0;
72;562;21;4;1.004;1;
72;563;75;27;2.247;1;
72;581;NA;NA;…;0;
72;631;NA;NA;…;0;
72;641;NA;NA;…;0;
72;661;NA;NA;…;0;
72;662;...;NA;…;0;
72;681;...;NA;…;0;
72;682;21;4;0.523;0;
72;683;NA;NA;…;0;
72;691;NA;NA;…;0;
72;692;9;4;0.094;0;
72;701;NA;NA;…;1;
72;702;63;6;1.399;1;
72;711;NA;NA;…;0;
72;722;NA;NA;…;0;
72;731;...;NA;…;0;
72;741;NA;NA;…;1;
72;742;NA;NA;…;1;
72;749;37;4;25.febr;1;
72;750;NA;NA;…;1;
72;771;NA;NA;…;1;
72;773;NA;NA;…;0;
72;781;...;NA;…;0;
72;783;NA;NA;…;0;
72;801;17;4;0.44;0;
72;802;37;4;2.042;1;
72;812;NA;NA;…;0;
72;823;NA;NA;…;0;
72;829;20;5;0.406;0;
72;841;597;19;1.068;1;
72;851;220;5;3.108;1;
72;852;649;19;3.142;1;
72;853;...;NA;…;0;
72;855;...;NA;…;0;
72;862;89;17;1.536;1;
72;869;35;5;1.176;1;
72;872;NA;NA;…;1;
72;873;...;NA;…;1;
72;889;89;5;2.764;1;
72;910;NA;4;…;1;
72;931;...;NA;…;0;
72;932;...;NA;…;0;
72;949;NA;NA;…;0;
72;960;28;11;0.683;0;
72;970;NA;NA;…;1;
73;11;441;73;2.581;1;
73;13;22;4;4.054;1;
73;14;274;21;1.903;1;
73;15;33;6;1.358;1;
73;16;106;33;2.341;1;
73;17;...;NA;…;1;
73;22;...;NA;…;0;
73;81;...;NA;…;0;
73;101;231;7;1.882;1;
73;103;...;NA;…;0;
73;106;...;NA;…;0;
73;107;185;20;1.379;1;
73;108;NA;NA;…;1;
73;110;13;5;0.254;0;
73;132;NA;NA;…;1;
73;139;...;NA;…;0;
73;141;89;9;0.656;0;
73;143;...;NA;…;0;
73;151;...;NA;…;0;
73;152;NA;NA;…;0;
73;161;...;NA;…;0;
73;162;52;8;0.731;0;
73;182;NA;NA;…;1;
73;221;NA;NA;…;1;
73;222;...;NA;…;0;
73;233;NA;NA;…;0;
73;236;...;NA;…;0;
73;239;NA;NA;…;1;
73;251;66;10;0.516;0;
73;252;NA;NA;…;1;
73;256;122;19;0.974;0;
73;257;...;NA;…;0;
73;259;...;NA;…;0;
73;262;NA;NA;…;0;
73;275;...;NA;…;1;
73;279;NA;NA;…;1;
73;282;9;4;0.107;0;
73;283;NA;NA;…;1;
73;284;NA;NA;…;1;
73;289;NA;NA;…;0;
73;292;NA;NA;…;0;
73;301;NA;NA;…;1;
73;310;NA;11;…;1;
73;321;NA;NA;…;0;
73;323;...;NA;…;0;
73;325;NA;NA;…;0;
73;329;NA;NA;…;1;
73;331;...;NA;…;0;
73;332;...;NA;…;0;
73;353;122;4;4.591;1;
73;370;NA;NA;…;0;
73;381;...;NA;…;0;
73;411;NA;NA;…;0;
73;412;250;46;0.721;0;
73;421;...;NA;…;0;
73;422;27;6;0.292;0;
73;431;...;NA;…;0;
73;432;67;25;0.3;0;
73;433;121;32;12.jan;1;
73;439;35;11;0.293;0;
73;451;108;19;0.771;0;
73;452;40;16;0.385;0;
73;453;28;9;0.489;0;
73;461;28;10;0.329;0;
73;462;61;12;1.605;1;
73;463;243;42;1.438;1;
73;464;15;7;0.089;0;
73;466;NA;NA;…;0;
73;467;66;17;0.48;0;
73;469;61;8;0.431;0;
73;471;520;109;0.963;0;
73;472;178;55;1.306;1;
73;473;67;13;2.092;1;
73;474;...;NA;…;0;
73;475;204;45;1.619;1;
73;476;53;13;1.43;1;
73;477;374;115;1.028;1;
73;478;35;14;1.065;1;
73;479;27;11;0.512;0;
73;493;18;5;0.098;0;
73;494;383;54;1.257;1;
73;521;...;NA;…;0;
73;522;98;9;0.408;0;
73;532;NA;NA;…;0;
73;551;18;4;0.179;0;
73;552;...;NA;…;0;
73;553;NA;NA;…;1;
73;559;19;6;16.jan;1;
73;561;377;69;1.025;1;
73;562;36;8;0.583;0;
73;563;315;106;3.196;1;
73;581;...;NA;…;0;
73;602;...;NA;…;0;
73;611;NA;NA;…;0;
73;612;NA;NA;…;0;
73;619;NA;NA;…;0;
73;620;32;11;0.154;0;
73;631;...;NA;…;0;
73;639;NA;NA;…;0;
73;641;...;NA;…;0;
73;649;NA;NA;…;0;
73;661;...;NA;…;0;
73;662;15;7;0.623;0;
73;681;23;7;0.251;0;
73;682;54;14;0.456;0;
73;683;...;NA;…;0;
73;691;37;8;0.781;0;
73;692;92;30;0.327;0;
73;702;30;9;0.226;0;
73;711;26;8;0.187;0;
73;712;NA;NA;…;0;
73;721;NA;NA;…;0;
73;731;...;NA;…;0;
73;732;NA;NA;…;0;
73;742;NA;NA;…;0;
73;743;NA;NA;…;0;
73;749;16;6;0.33;0;
73;772;...;NA;…;0;
73;773;47;5;2.166;1;
73;781;NA;NA;…;0;
73;782;NA;NA;…;0;
73;791;...;NA;…;0;
73;801;86;7;0.754;0;
73;802;15;4;0.28;0;
73;811;...;NA;…;0;
73;812;39;9;0.232;0;
73;813;...;NA;…;0;
73;823;...;NA;…;1;
73;829;45;8;0.31;0;
73;841;1726;35;1.046;1;
73;842;NA;NA;…;0;
73;851;487;16;2.331;1;
73;852;1162;22;1.905;1;
73;853;687;11;1.94;1;
73;855;14;6;0.267;0;
73;856;NA;NA;…;0;
73;861;NA;NA;…;1;
73;862;139;53;0.813;0;
73;869;...;NA;…;0;
73;873;98;4;0.587;0;
73;879;NA;NA;…;1;
73;881;41;4;0.648;0;
73;889;196;6;2.061;1;
73;900;NA;NA;…;0;
73;910;60;6;0.85;0;
73;931;202;10;3.152;1;
73;932;35;5;0.853;0;
73;942;NA;NA;…;0;
73;949;36;9;0.314;0;
73;952;...;NA;…;0;
73;960;107;37;0.884;0;
74;11;445;103;5.204;1;
74;12;36;11;3.748;1;
74;13;NA;NA;…;1;
74;14;56;16;0.777;0;
74;15;...;NA;…;0;
74;16;52;13;2.294;1;
74;21;...;NA;…;1;
74;22;...;NA;…;0;
74;24;15;4;1.746;1;
74;101;149;7;2.425;1;
74;103;74;7;3.559;1;
74;106;NA;NA;…;1;
74;107;126;9;1.876;1;
74;108;71;5;2.819;1;
74;109;...;NA;…;0;
74;110;62;11;2.419;1;
74;139;NA;NA;…;0;
74;141;19;5;0.28;0;
74;161;NA;NA;…;0;
74;162;21;4;0.59;0;
74;172;NA;NA;…;1;
74;181;22;4;0.633;0;
74;221;11;4;0.437;0;
74;222;100;5;1.356;1;
74;236;NA;NA;…;0;
74;237;...;NA;…;1;
74;251;NA;NA;…;1;
74;256;44;9;0.702;0;
74;261;NA;NA;…;0;
74;266;NA;NA;…;1;
74;282;NA;NA;…;0;
74;283;NA;NA;…;1;
74;310;NA;NA;…;0;
74;325;NA;NA;…;0;
74;329;NA;NA;…;0;
74;331;25;4;0.838;0;
74;332;...;NA;…;0;
74;360;NA;NA;…;0;
74;381;...;NA;…;1;
74;382;NA;NA;…;1;
74;411;NA;NA;…;0;
74;412;101;26;0.582;0;
74;421;63;6;1.407;1;
74;422;36;4;0.777;0;
74;429;NA;NA;…;0;
74;431;21;5;0.851;0;
74;432;139;25;1.243;1;
74;433;45;12;0.832;0;
74;439;24;5;0.402;0;
74;451;43;11;0.613;0;
74;452;56;21;1.077;1;
74;453;13;5;0.454;0;
74;454;NA;NA;…;0;
74;461;...;NA;…;0;
74;462;47;8;2.47;1;
74;463;478;45;5.653;1;
74;464;NA;NA;…;0;
74;465;...;NA;…;0;
74;466;36;4;1.505;1;
74;467;157;18;2.279;1;
74;469;70;8;0.988;0;
74;471;295;55;1.092;1;
74;472;78;25;1.143;1;
74;473;42;6;2.62;1;
74;474;...;NA;…;0;
74;475;39;9;0.618;0;
74;476;...;NA;…;0;
74;477;171;51;0.939;0;
74;478;15;7;0.912;0;
74;479;22;10;0.834;0;
74;493;17;4;0.184;0;
74;494;281;50;1.842;1;
74;521;NA;NA;…;0;
74;522;...;NA;…;0;
74;551;...;NA;…;1;
74;552;13;6;3.218;1;
74;559;NA;NA;…;0;
74;561;234;40;1.271;1;
74;562;33;9;1.068;1;
74;563;53;16;1.074;1;
74;581;NA;NA;…;0;
74;582;...;NA;…;0;
74;611;NA;NA;…;0;
74;620;23;8;0.222;0;
74;631;...;NA;…;0;
74;641;NA;NA;…;1;
74;662;34;14;2.822;1;
74;681;...;NA;…;1;
74;682;28;9;0.472;0;
74;683;NA;NA;…;0;
74;692;54;18;0.383;0;
74;702;63;13;0.946;0;
74;711;32;6;0.459;0;
74;712;22;4;1.508;1;
74;721;33;4;0.874;0;
74;741;NA;NA;…;1;
74;742;...;NA;…;0;
74;749;13;5;0.535;0;
74;750;NA;NA;…;0;
74;772;...;NA;…;1;
74;773;NA;NA;…;1;
74;782;NA;NA;…;0;
74;783;NA;NA;…;0;
74;791;NA;NA;…;0;
74;801;...;NA;…;0;
74;802;...;NA;…;0;
74;803;NA;NA;…;1;
74;811;NA;NA;…;0;
74;812;...;NA;…;0;
74;813;...;NA;…;1;
74;821;...;NA;…;0;
74;823;...;NA;…;1;
74;829;68;10;0.934;0;
74;841;779;21;0.943;0;
74;851;246;10;2.352;1;
74;852;785;19;2.572;1;
74;853;320;4;1.806;1;
74;855;...;NA;…;0;
74;862;216;31;2.523;1;
74;869;NA;NA;…;0;
74;873;...;NA;…;0;
74;879;NA;NA;…;1;
74;881;65;7;2.053;1;
74;889;173;6;3.635;1;
74;900;...;NA;…;0;
74;910;...;NA;…;0;
74;931;NA;NA;…;0;
74;932;134;12;6.523;1;
74;941;NA;NA;…;1;
74;949;9;4;0.157;0;
74;951;...;NA;…;1;
74;952;...;NA;…;0;
74;960;48;21;0.792;0;
74;970;...;NA;…;1;
75;11;1596;157;1.318;1;
75;12;16;6;0.118;0;
75;13;44;10;1.144;1;
75;14;245;43;0.24;0;
75;15;48;5;0.279;0;
75;16;230;31;0.717;0;
75;17;...;NA;…;0;
75;21;NA;4;…;1;
75;22;NA;NA;…;0;
75;24;11;5;0.09;0;
75;31;NA;NA;…;1;
75;32;...;NA;…;0;
75;81;NA;NA;…;0;
75;91;NA;NA;…;1;
75;101;NA;15;…;1;
75;103;242;17;0.822;0;
75;104;20;4;0.527;0;
75;105;NA;NA;…;1;
75;106;...;NA;…;0;
75;107;432;41;0.454;0;
75;108;197;23;0.552;0;
75;109;133;6;0.708;0;
75;110;128;19;0.353;0;
75;132;...;NA;…;0;
75;133;...;NA;…;0;
75;139;345;20;0.664;0;
75;141;493;38;0.512;0;
75;142;25;4;4.102;1;
75;143;NA;6;…;1;
75;151;48;6;0.335;0;
75;152;143;14;0.502;0;
75;161;109;7;0.598;0;
75;162;318;47;0.631;0;
75;171;NA;NA;…;0;
75;172;52;7;0.118;0;
75;181;408;50;0.83;0;
75;182;NA;NA;…;0;
75;192;NA;NA;…;0;
75;201;126;7;0.557;0;
75;203;...;NA;…;0;
75;204;205;4;1.953;1;
75;205;NA;4;…;1;
75;206;NA;NA;…;1;
75;212;...;NA;…;0;
75;221;836;8;2.343;1;
75;222;654;36;0.626;0;
75;231;25;5;0.15;0;
75;232;NA;NA;…;0;
75;233;...;NA;…;0;
75;234;...;NA;…;0;
75;235;NA;NA;…;0;
75;236;297;18;1.378;1;
75;237;27;6;0.645;0;
75;241;NA;NA;…;0;
75;245;286;6;05.jan;1;
75;251;448;46;0.494;0;
75;252;93;7;0.77;0;
75;253;NA;NA;…;0;
75;255;...;NA;…;0;
75;256;700;66;0.789;0;
75;257;436;10;2.321;1;
75;259;161;20;0.56;0;
75;261;22;4;0.041;0;
75;262;...;NA;…;0;
75;263;27;6;0.09;0;
75;264;NA;NA;…;0;
75;265;111;9;0.962;0;
75;266;58;9;1.147;1;
75;267;...;NA;…;0;
75;271;34;4;0.089;0;
75;275;NA;NA;…;0;
75;279;79;6;0.545;0;
75;281;19;5;0.017;0;
75;282;190;27;0.319;0;
75;283;43;8;0.329;0;
75;284;...;NA;…;0;
75;289;104;10;0.346;0;
75;291;...;NA;…;0;
75;292;NA;NA;…;0;
75;293;85;8;0.043;0;
75;301;NA;NA;…;1;
75;309;NA;NA;…;0;
75;310;557;58;0.946;0;
75;321;138;25;4.803;1;
75;322;NA;NA;…;1;
75;323;...;NA;…;0;
75;324;NA;NA;…;0;
75;325;265;37;0.835;0;
75;329;290;22;1.431;1;
75;331;446;45;1.055;1;
75;332;165;17;1.327;1;
75;351;1651;8;4.912;1;
75;352;...;NA;…;1;
75;353;NA;5;…;0;
75;360;614;5;09.jan;1;
75;370;72;18;0.544;0;
75;381;154;11;0.474;0;
75;382;NA;8;…;1;
75;383;64;11;0.798;0;
75;390;...;NA;…;0;
75;411;233;37;1.116;1;
75;412;2516.442;344;1.024;1;
75;421;477;26;0.752;0;
75;422;883;64;1.347;1;
75;429;139;18;0.911;0;
75;431;318;47;0.91;0;
75;432;1862;360;1.176;1;
75;433;870;209;1.136;1;
75;439;765;128;0.905;0;
75;451;730;140;0.735;0;
75;452;764;164;1.037;1;
75;453;356;73;0.878;0;
75;454;25;6;0.845;0;
75;461;536;147;0.888;0;
75;462;386;45;1.433;1;
75;463;1682;143;1.405;1;
75;464;978;153;0.82;0;
75;465;222;36;1.242;1;
75;466;299;45;0.883;0;
75;467;897;122;0.92;0;
75;469;1023;156;02.jan;1;
75;471;2623.657;398;0.686;0;
75;472;918;203;0.95;0;
75;473;307;30;1.353;1;
75;474;175;37;0.894;0;
75;475;976;197;1.093;1;
75;476;216;52;0.823;0;
75;477;3714;604;1.441;1;
75;478;265;98;1.138;1;
75;479;579;204;1.55;1;
75;493;2063;65;1.58;1;
75;494;1290;224;0.597;0;
75;503;NA;NA;…;0;
75;511;...;NA;…;0;
75;521;NA;NA;…;1;
75;522;930;71;0.547;0;
75;532;188;19;1.457;1;
75;551;318;29;0.447;0;
75;552;46;10;0.804;0;
75;559;221;13;1.903;1;
75;561;3481;581;1.335;1;
75;562;512;41;17.jan;1;
75;563;653;202;0.935;0;
75;581;221;31;0.652;0;
75;582;231;32;1.404;1;
75;591;53;9;0.366;0;
75;592;...;NA;…;0;
75;601;24;4;1.41;1;
75;602;116;11;1.219;1;
75;611;654;12;2.507;1;
75;612;...;NA;…;0;
75;619;21;6;0.852;0;
75;620;1185;178;0.807;0;
75;631;273;60;0.984;0;
75;639;14;7;0.301;0;
75;641;296;6;0.258;0;
75;642;109;6;1.479;1;
75;649;524;8;27.febr;1;
75;661;90;39;0.556;0;
75;662;219;89;1.284;1;
75;663;NA;NA;…;0;
75;681;780;125;1.203;1;
75;682;1239;164;1.475;1;
75;683;679;79;1.546;1;
75;691;434;137;1.292;1;
75;692;969;273;0.485;0;
75;701;38;9;0.28;0;
75;702;899;189;0.954;0;
75;711;727;195;0.737;0;
75;712;192;37;0.929;0;
75;721;1193;63;23.febr;1;
75;722;27;6;0.285;0;
75;731;347;85;0.969;0;
75;732;62;16;0.726;0;
75;741;27;8;0.966;0;
75;742;107;21;1.539;1;
75;743;80;25;2.024;1;
75;749;276;92;0.802;0;
75;750;23;6;0.41;0;
75;771;94;15;1.143;1;
75;772;67;17;1.228;1;
75;773;109;21;0.709;0;
75;781;67;14;0.218;0;
75;782;267;6;0.168;0;
75;783;90;7;0.334;0;
75;791;156;25;0.853;0;
75;799;...;NA;…;0;
75;801;398;95;0.493;0;
75;802;194;30;0.512;0;
75;803;NA;NA;…;0;
75;811;...;NA;…;0;
75;812;971;88;0.814;0;
75;813;NA;14;…;1;
75;821;139;36;0.676;0;
75;822;241;6;4.409;1;
75;823;88;19;0.94;0;
75;829;784;148;0.761;0;
75;841;6869;60;0.587;0;
75;842;4239;8;1.781;1;
75;843;...;NA;…;1;
75;851;1227;18;0.829;0;
75;852;3989;96;0.923;0;
75;853;4078;52;1.625;1;
75;854;13803;27;7.274;1;
75;855;414;115;1.114;1;
75;856;96;19;0.985;0;
75;861;1072;10;0.424;0;
75;862;1877;388;1.549;1;
75;869;492;54;0.79;0;
75;873;1281;10;1.083;1;
75;879;NA;NA;…;1;
75;881;318;7;0.709;0;
75;889;805;17;1.195;1;
75;900;546;47;1.346;1;
75;910;660;27;1.32;1;
75;920;146;21;1.193;1;
75;931;409;59;0.9;0;
75;932;420;39;1.444;1;
75;941;66;8;1.129;1;
75;942;12;4;0.362;0;
75;949;767;88;0.945;0;
75;951;53;20;0.601;0;
75;952;166;48;1.018;1;
75;960;1125;302;1.312;1;
75;970;NA;NA;…;1;
76;11;1224;109;6.745;1;
76;12;...;NA;…;0;
76;13;...;NA;…;1;
76;14;456;28;2.981;1;
76;15;NA;NA;…;1;
76;16;96;27;1.996;1;
76;17;...;NA;…;1;
76;21;...;NA;…;0;
76;22;...;NA;…;0;
76;24;11;5;0.603;0;
76;101;2088;6;16.012;1;
76;103;...;NA;…;0;
76;107;129;12;0.905;0;
76;108;NA;NA;…;0;
76;109;...;NA;…;1;
76;110;43;12;0.791;0;
76;139;NA;NA;…;1;
76;141;114;8;0.791;0;
76;161;NA;NA;…;0;
76;162;30;5;0.397;0;
76;181;...;NA;…;0;
76;201;NA;NA;…;0;
76;222;NA;NA;…;0;
76;233;...;NA;…;1;
76;234;NA;NA;…;1;
76;236;NA;NA;…;1;
76;251;89;11;0.655;0;
76;252;NA;NA;…;1;
76;255;NA;NA;…;0;
76;256;36;9;0.271;0;
76;259;11;4;0.255;0;
76;261;NA;NA;…;0;
76;263;NA;NA;…;1;
76;266;NA;NA;…;0;
76;273;NA;NA;…;1;
76;282;30;6;0.336;0;
76;289;63;5;1.397;1;
76;310;103;7;1.167;1;
76;325;...;NA;…;0;
76;329;NA;NA;…;0;
76;331;106;15;1.673;1;
76;332;NA;NA;…;1;
76;353;NA;4;…;1;
76;360;...;NA;…;0;
76;370;NA;NA;…;0;
76;381;...;NA;…;1;
76;411;NA;NA;…;0;
76;412;145;41;0.394;0;
76;422;62;5;0.631;0;
76;429;NA;NA;…;0;
76;431;61;15;1.164;1;
76;432;121;26;0.51;0;
76;433;116;26;1.011;1;
76;439;111;18;0.876;0;
76;451;117;11;0.786;0;
76;452;49;18;0.444;0;
76;453;61;12;1.004;1;
76;454;...;NA;…;1;
76;461;46;9;0.509;0;
76;462;122;20;3.022;1;
76;463;284;20;1.583;1;
76;464;80;14;0.448;0;
76;465;...;NA;…;0;
76;466;56;6;1.103;1;
76;467;91;22;0.622;0;
76;469;44;5;0.293;0;
76;471;585;99;02.jan;1;
76;472;162;46;1.119;1;
76;473;...;NA;…;0;
76;474;77;11;2.624;1;
76;475;217;52;1.622;1;
76;476;41;12;1.042;1;
76;477;381;107;0.986;0;
76;478;27;11;0.773;0;
76;479;53;22;0.947;0;
76;493;54;10;0.276;0;
76;494;409;81;1.263;1;
76;503;NA;NA;…;1;
76;504;NA;NA;…;1;
76;521;NA;NA;…;1;
76;522;44;4;0.173;0;
76;532;NA;NA;…;0;
76;551;NA;NA;…;0;
76;552;NA;NA;…;0;
76;559;...;NA;…;1;
76;561;281;61;0.719;0;
76;562;111;9;1.693;1;
76;563;235;85;2.245;1;
76;581;NA;NA;…;0;
76;582;NA;NA;…;0;
76;601;...;NA;…;1;
76;602;NA;NA;…;0;
76;611;...;NA;…;0;
76;620;9;4;0.041;0;
76;631;14;7;0.337;0;
76;639;NA;NA;…;0;
76;641;...;NA;…;0;
76;661;16;8;0.66;0;
76;662;33;13;1.291;1;
76;681;15;6;0.154;0;
76;682;71;23;0.564;0;
76;683;13;6;0.197;0;
76;691;55;17;1.093;1;
76;692;92;29;0.307;0;
76;701;NA;NA;…;0;
76;702;53;21;0.375;0;
76;711;89;14;0.602;0;
76;712;17;4;0.549;0;
76;721;27;5;0.337;0;
76;731;26;6;0.485;0;
76;732;11;4;0.86;0;
76;742;NA;NA;…;0;
76;743;NA;NA;…;0;
76;749;79;16;1.532;1;
76;750;...;NA;…;0;
76;771;NA;NA;…;0;
76;772;13;5;1.589;1;
76;773;NA;NA;…;0;
76;782;NA;NA;…;0;
76;791;NA;NA;…;0;
76;801;10;5;0.083;0;
76;802;76;8;1.338;1;
76;811;NA;NA;…;0;
76;812;160;13;0.895;0;
76;813;18;4;0.62;0;
76;821;...;NA;…;0;
76;823;NA;NA;…;0;
76;829;81;18;0.525;0;
76;841;943;21;0.538;0;
76;842;NA;NA;…;0;
76;843;NA;NA;…;0;
76;851;330;10;1.487;1;
76;852;1106;32;1.707;1;
76;853;294;6;0.782;0;
76;854;NA;NA;…;0;
76;855;14;6;0.251;0;
76;856;NA;NA;…;1;
76;861;NA;NA;…;1;
76;862;114.278;40;0.629;0;
76;869;...;NA;…;0;
76;873;1066;8;6.015;1;
76;879;NA;NA;…;1;
76;881;NA;NA;…;0;
76;889;115;5;1.139;1;
76;900;...;NA;…;0;
76;910;89;7;1.188;1;
76;920;30;8;1.636;1;
76;931;152;15;2.233;1;
76;932;29;6;0.665;0;
76;949;19;6;0.156;0;
76;951;NA;NA;…;1;
76;952;20;7;0.818;0;
76;960;147;50;1.143;1;
76;970;NA;NA;…;1;
77;11;350;43;1.358;1;
77;12;52;10;1.796;1;
77;13;NA;NA;…;0;
77;14;168;15;0.773;0;
77;15;...;NA;…;0;
77;16;100;17;1.463;1;
77;17;12;4;1.812;1;
77;21;NA;NA;…;0;
77;22;17;5;0.417;0;
77;24;34;10;1.313;1;
77;81;171;5;9.266;1;
77;101;...;NA;…;0;
77;103;...;NA;…;0;
77;107;63;13;0.311;0;
77;108;NA;NA;…;0;
77;109;NA;NA;…;0;
77;110;134;19;1.734;1;
77;139;NA;NA;…;0;
77;141;...;NA;…;0;
77;151;NA;NA;…;0;
77;161;32;4;0.825;0;
77;162;15;6;0.14;0;
77;172;NA;NA;…;0;
77;181;11;4;0.105;0;
77;204;NA;NA;…;0;
77;222;122;6;0.549;0;
77;234;NA;NA;…;0;
77;236;NA;NA;…;0;
77;237;12;5;1.346;1;
77;245;...;NA;…;1;
77;251;17;5;0.088;0;
77;252;NA;NA;…;0;
77;256;91;14;0.481;0;
77;257;NA;NA;…;0;
77;259;...;NA;…;0;
77;261;NA;NA;…;1;
77;262;NA;NA;…;0;
77;263;NA;NA;…;0;
77;265;...;NA;…;0;
77;281;NA;NA;…;0;
77;282;...;NA;…;0;
77;283;NA;NA;…;0;
77;284;NA;NA;…;1;
77;303;NA;NA;…;0;
77;309;NA;NA;…;0;
77;310;63;9;0.503;0;
77;321;NA;NA;…;0;
77;325;NA;NA;…;0;
77;331;18;8;0.2;0;
77;332;NA;NA;…;0;
77;370;NA;NA;…;0;
77;381;NA;4;…;1;
77;382;NA;NA;…;0;
77;383;...;NA;…;1;
77;411;22;6;0.495;0;
77;412;474;59;0.906;0;
77;421;40;5;0.296;0;
77;422;260;9;1.863;1;
77;429;...;NA;…;0;
77;431;42;6;0.564;0;
77;432;297;43;0.881;0;
77;433;131;41;0.804;0;
77;439;114;31;0.633;0;
77;451;69;13;0.326;0;
77;452;115;20;0.733;0;
77;453;34;5;0.394;0;
77;461;12;4;0.093;0;
77;462;...;NA;…;0;
77;463;30;5;0.118;0;
77;464;43;7;0.169;0;
77;466;40;6;0.555;0;
77;467;48;7;0.231;0;
77;469;36;6;0.169;0;
77;471;NA;56;…;1;
77;472;146;36;0.71;0;
77;473;...;NA;…;0;
77;474;NA;NA;…;0;
77;475;85;14;0.447;0;
77;476;10;4;0.179;0;
77;477;458;42;0.834;0;
77;478;16;4;0.323;0;
77;479;20;9;0.251;0;
77;492;NA;NA;…;1;
77;493;104;9;0.374;0;
77;494;234;43;0.509;0;
77;521;NA;NA;…;0;
77;522;NA;NA;…;0;
77;532;NA;NA;…;0;
77;551;44;5;0.29;0;
77;552;54;4;4.433;1;
77;559;NA;NA;…;0;
77;561;225;50;0.405;0;
77;562;22;4;0.236;0;
77;563;115;29;0.773;0;
77;581;10;4;0.138;0;
77;582;...;NA;…;0;
77;591;...;NA;…;0;
77;611;NA;NA;…;0;
77;620;44;16;0.141;0;
77;631;...;NA;…;0;
77;639;NA;NA;…;0;
77;661;21;7;0.61;0;
77;662;21;9;0.578;0;
77;681;35;8;0.253;0;
77;682;198;16;1.107;1;
77;683;13;5;0.139;0;
77;691;NA;NA;…;0;
77;692;70;21;0.165;0;
77;701;NA;NA;…;0;
77;702;58;21;0.289;0;
77;711;143;30;0.681;0;
77;712;...;NA;…;0;
77;721;35;6;0.307;0;
77;722;NA;NA;…;0;
77;731;...;NA;…;0;
77;742;...;NA;…;0;
77;743;...;NA;…;0;
77;749;44;13;0.601;0;
77;750;10;4;0.837;0;
77;771;NA;NA;…;0;
77;782;...;NA;…;0;
77;783;NA;NA;…;0;
77;791;...;NA;…;0;
77;801;39;12;0.227;0;
77;802;57;6;0.706;0;
77;803;NA;NA;…;0;
77;811;...;NA;…;0;
77;812;45;8;0.177;0;
77;813;27;5;0.655;0;
77;821;NA;NA;…;0;
77;823;...;NA;…;0;
77;829;17;7;0.077;0;
77;841;561;31;0.225;0;
77;842;NA;NA;…;0;
77;851;318;16;1.009;1;
77;852;874;28;0.95;0;
77;853;79;6;0.148;0;
77;855;13;6;0.164;0;
77;856;NA;NA;…;0;
77;862;113;29;0.438;0;
77;869;...;NA;…;0;
77;871;NA;NA;…;1;
77;873;267;6;06.jan;1;
77;879;NA;NA;…;1;
77;881;...;NA;…;0;
77;889;149;7;1.039;1;
77;900;NA;NA;…;0;
77;910;51;9;0.479;0;
77;920;10;4;0.384;0;
77;931;328;16;3.391;1;
77;932;24;6;0.388;0;
77;949;73;12;0.422;0;
77;952;19;9;0.547;0;
77;960;61;20;0.334;0;
78;11;707;55;1.467;1;
78;12;...;NA;…;0;
78;14;NA;18;…;1;
78;15;263;8;3.836;1;
78;16;75;16;0.587;0;
78;21;NA;NA;…;0;
78;22;NA;NA;…;0;
78;24;NA;NA;…;0;
78;31;NA;NA;…;0;
78;32;NA;NA;…;0;
78;81;...;NA;…;1;
78;89;NA;NA;…;1;
78;101;189;5;0.546;0;
78;103;...;NA;…;0;
78;104;NA;NA;…;0;
78;106;NA;NA;…;0;
78;107;246;22;0.65;0;
78;108;...;NA;…;0;
78;110;47;9;0.325;0;
78;131;NA;NA;…;0;
78;133;NA;NA;…;1;
78;139;84;8;0.406;0;
78;141;588;41;1.535;1;
78;151;23;4;0.403;0;
78;152;...;NA;…;0;
78;161;...;NA;…;0;
78;162;195;14;0.971;0;
78;171;931;5;59.753;1;
78;172;...;NA;…;0;
78;181;100;11;0.511;0;
78;191;NA;NA;…;1;
78;201;...;NA;…;0;
78;202;NA;NA;…;0;
78;204;...;NA;…;0;
78;221;NA;NA;…;1;
78;222;367;11;0.883;0;
78;232;NA;NA;…;1;
78;233;NA;NA;…;0;
78;236;NA;9;…;1;
78;237;10;4;0.6;0;
78;241;7693;7;101.05;1;
78;243;NA;NA;…;1;
78;244;NA;NA;…;0;
78;251;1223;101;3.391;1;
78;252;...;NA;…;0;
78;255;NA;NA;…;0;
78;256;305;36;0.863;0;
78;257;NA;NA;…;0;
78;259;138;4;1.206;1;
78;263;NA;NA;…;0;
78;264;NA;NA;…;0;
78;265;NA;NA;…;1;
78;271;77;6;0.504;0;
78;273;NA;NA;…;0;
78;279;NA;6;…;1;
78;281;...;NA;…;0;
78;282;211;17;0.889;0;
78;283;...;NA;…;0;
78;284;NA;NA;…;0;
78;289;NA;8;…;1;
78;292;NA;NA;…;0;
78;293;NA;5;…;0;
78;310;71;13;0.303;0;
78;323;NA;NA;…;1;
78;325;10;4;0.079;0;
78;329;17;4;0.211;0;
78;331;123;21;0.731;0;
78;332;70;13;1.414;1;
78;351;378;5;2.825;1;
78;352;NA;NA;…;1;
78;353;388;6;5.175;1;
78;360;NA;NA;…;0;
78;370;16;5;0.304;0;
78;381;204;5;1.578;1;
78;382;NA;NA;…;0;
78;383;...;NA;…;0;
78;411;69;7;0.831;0;
78;412;1167;168;1.193;1;
78;421;142;22;0.563;0;
78;422;236;35;0.904;0;
78;429;30;6;0.494;0;
78;431;201;29;1.444;1;
78;432;1092;177;1.733;1;
78;433;331;85;1.086;1;
78;439;512;94;1.522;1;
78;451;159;39;0.402;0;
78;452;257;54;0.877;0;
78;453;39;12;0.242;0;
78;454;...;NA;…;0;
78;461;59;16;0.246;0;
78;462;40;6;0.373;0;
78;463;160;19;0.336;0;
78;464;40;10;0.084;0;
78;465;...;NA;…;0;
78;466;38;5;0.282;0;
78;467;545;47;1.404;1;
78;469;99;13;0.248;0;
78;471;1054;224;0.692;0;
78;472;522;112;1.358;1;
78;473;84;10;0.93;0;
78;474;70;15;0.898;0;
78;475;269;55;0.757;0;
78;476;69;18;0.66;0;
78;477;536;164;0.522;0;
78;478;79;33;0.852;0;
78;479;119;39;0.8;0;
78;493;77;24;0.148;0;
78;494;805;128;0.936;0;
78;521;96;4;1.103;1;
78;522;481;26;0.711;0;
78;532;...;NA;…;0;
78;551;55;6;0.194;0;
78;559;NA;NA;…;0;
78;561;777;150;0.749;0;
78;562;95;17;0.546;0;
78;563;317;101;14.jan;1;
78;581;20;7;0.148;0;
78;582;10;5;0.153;0;
78;591;...;NA;…;0;
78;601;...;NA;…;0;
78;602;...;NA;…;0;
78;611;...;NA;…;0;
78;612;...;NA;…;0;
78;620;97;35;0.166;0;
78;631;28;9;0.253;0;
78;639;21;4;1.134;1;
78;641;NA;NA;…;0;
78;642;NA;NA;…;1;
78;649;22;8;0.239;0;
78;651;NA;NA;…;0;
78;653;NA;NA;…;1;
78;661;42;15;0.652;0;
78;662;43;19;0.633;0;
78;681;58;15;0.225;0;
78;682;384;44;1.148;1;
78;683;74;24;0.423;0;
78;691;94;31;0.703;0;
78;692;289;80;0.364;0;
78;701;30;5;0.555;0;
78;702;183;31;0.488;0;
78;711;323;63;0.823;0;
78;712;238;10;2.894;1;
78;722;NA;NA;…;0;
78;731;42;12;0.295;0;
78;732;...;NA;…;0;
78;741;...;NA;…;0;
78;742;...;NA;…;0;
78;743;NA;NA;…;0;
78;749;352;30;2.57;1;
78;750;...;NA;…;0;
78;771;72;9;02.febr;1;
78;772;16;7;0.737;0;
78;773;19;7;0.31;0;
78;774;NA;NA;…;0;
78;781;NA;4;…;1;
78;782;NA;NA;…;1;
78;783;NA;NA;…;0;
78;791;22;4;0.302;0;
78;799;NA;NA;…;0;
78;801;142;28;0.441;0;
78;802;16;5;0.106;0;
78;811;44;8;0.287;0;
78;812;333;51;0.701;0;
78;813;31;5;0.402;0;
78;821;NA;7;…;1;
78;822;...;NA;…;0;
78;823;33;4;0.885;0;
78;829;265;36;0.646;0;
78;841;1344;46;0.289;0;
78;842;NA;NA;…;0;
78;851;586;21;0.994;0;
78;852;1832;64;1.065;1;
78;853;1235;17;1.236;1;
78;854;NA;NA;…;0;
78;855;172;32;1.163;1;
78;856;28;5;0.721;0;
78;861;1863;4;1.851;1;
78;862;261;93;0.541;0;
78;869;120;14;0.484;0;
78;873;358;5;0.761;0;
78;879;69;4;0.503;0;
78;881;NA;4;…;0;
78;889;313;11;1.167;1;
78;900;53;9;0.328;0;
78;910;69;10;0.347;0;
78;920;30;10;0.616;0;
78;931;141;24;0.78;0;
78;932;67;12;0.579;0;
78;942;...;NA;…;1;
78;949;165;12;0.511;0;
78;951;33;8;0.939;0;
78;952;26;11;0.401;0;
78;960;260;73;0.761;0;
79;11;517;54;9.613;1;
79;12;...;NA;…;1;
79;13;NA;NA;…;1;
79;14;374;13;8.251;1;
79;15;NA;NA;…;0;
79;16;68;10;4.77;1;
79;21;NA;NA;…;1;
79;22;NA;NA;…;0;
79;24;NA;NA;…;0;
79;101;...;NA;…;0;
79;103;...;NA;…;0;
79;106;NA;NA;…;1;
79;107;94;7;2.226;1;
79;108;NA;NA;…;1;
79;109;NA;NA;…;1;
79;110;20;5;1.241;1;
79;141;...;NA;…;1;
79;161;NA;NA;…;1;
79;162;NA;NA;…;0;
79;172;202;4;10.355;1;
79;181;NA;NA;…;0;
79;221;NA;NA;…;1;
79;222;...;NA;…;0;
79;236;NA;NA;…;0;
79;237;NA;NA;…;1;
79;251;...;NA;…;0;
79;252;NA;NA;…;1;
79;256;20;4;0.507;0;
79;259;47;4;3.682;1;
79;282;NA;NA;…;0;
79;310;...;NA;…;0;
79;322;NA;NA;…;1;
79;331;...;NA;…;0;
79;332;...;NA;…;0;
79;370;...;NA;…;0;
79;382;NA;NA;…;0;
79;383;NA;NA;…;0;
79;411;NA;NA;…;0;
79;412;339;33;3.106;1;
79;422;...;NA;…;0;
79;429;...;NA;…;1;
79;431;29;8;1.868;1;
79;432;47.668;14;0.678;0;
79;433;84;23;2.47;1;
79;439;124;25;3.303;1;
79;451;37;12;0.839;0;
79;452;43;7;1.315;1;
79;453;...;NA;…;0;
79;454;NA;NA;…;1;
79;461;...;NA;…;0;
79;462;103;7;8.608;1;
79;463;11;4;0.207;0;
79;464;...;NA;…;0;
79;465;NA;NA;…;0;
79;466;NA;NA;…;0;
79;467;...;NA;…;1;
79;469;...;NA;…;0;
79;471;166;47;0.977;0;
79;472;82;17;1.911;1;
79;473;NA;NA;…;1;
79;475;36;8;0.908;0;
79;476;...;NA;…;1;
79;477;120;29;1.048;1;
79;478;13;5;1.256;1;
79;479;12;5;0.723;0;
79;493;NA;NA;…;0;
79;494;125;29;1.303;1;
79;522;NA;NA;…;0;
79;551;NA;NA;…;0;
79;552;NA;NA;…;1;
79;561;120;26;1.036;1;
79;562;...;NA;…;0;
79;563;50;19;1.612;1;
79;581;NA;NA;…;0;
79;602;NA;NA;…;0;
79;612;...;NA;…;0;
79;619;NA;NA;…;1;
79;620;...;NA;…;0;
79;662;...;NA;…;0;
79;681;NA;NA;…;0;
79;682;26;5;0.697;0;
79;692;14;5;0.158;0;
79;711;26;4;0.594;0;
79;731;...;NA;…;0;
79;732;...;NA;…;1;
79;742;NA;NA;…;1;
79;749;40;10;2.617;1;
79;772;NA;NA;…;0;
79;791;NA;NA;…;0;
79;801;NA;NA;…;0;
79;802;...;NA;…;0;
79;812;...;NA;…;0;
79;813;19;4;21.febr;1;
79;821;NA;NA;…;0;
79;822;NA;NA;…;1;
79;829;47;5;1.027;1;
79;841;854;23;1.644;1;
79;851;186;11;2.828;1;
79;852;323;10;1.682;1;
79;853;NA;NA;…;0;
79;855;...;NA;…;0;
79;856;NA;NA;…;0;
79;862;37;13;0.687;0;
79;869;...;NA;…;0;
79;873;NA;NA;…;0;
79;879;NA;NA;…;0;
79;881;NA;NA;…;1;
79;889;...;NA;…;0;
79;900;NA;NA;…;0;
79;910;NA;NA;…;0;
79;920;NA;NA;…;0;
79;931;NA;NA;…;0;
79;932;...;NA;…;0;
79;949;...;NA;…;0;
79;952;...;NA;…;1;
79;960;29;10;0.761;0;
80;11;451;26;4.171;1;
80;12;59;9;4.858;1;
80;14;221;8;2.425;1;
80;16;14;5;0.489;0;
80;22;...;NA;…;0;
80;24;...;NA;…;1;
80;32;NA;NA;…;1;
80;103;NA;NA;…;0;
80;104;NA;NA;…;0;
80;106;NA;NA;…;1;
80;107;127;14;1.496;1;
80;108;...;NA;…;0;
80;109;99;4;5.899;1;
80;110;68;8;2.099;1;
80;139;...;NA;…;0;
80;141;...;NA;…;0;
80;151;NA;NA;…;0;
80;161;NA;NA;…;0;
80;162;110;12;2.443;1;
80;172;NA;NA;…;0;
80;181;22;4;0.501;0;
80;202;NA;NA;…;1;
80;222;160;5;1.716;1;
80;231;NA;NA;…;1;
80;234;NA;NA;…;0;
80;236;...;NA;…;0;
80;237;...;NA;…;1;
80;251;65;11;0.803;0;
80;255;NA;NA;…;0;
80;256;NA;9;…;1;
80;257;NA;NA;…;0;
80;259;NA;NA;…;0;
80;265;NA;NA;…;0;
80;267;NA;NA;…;1;
80;273;NA;NA;…;0;
80;281;...;NA;…;0;
80;282;NA;5;…;0;
80;289;...;NA;…;1;
80;291;NA;NA;…;0;
80;292;NA;NA;…;1;
80;293;NA;NA;…;0;
80;301;NA;NA;…;1;
80;310;54;8;1.027;1;
80;323;NA;NA;…;1;
80;325;...;NA;…;0;
80;329;NA;NA;…;0;
80;331;...;NA;…;0;
80;332;NA;NA;…;0;
80;351;NA;NA;…;0;
80;353;NA;NA;…;0;
80;370;NA;NA;…;1;
80;381;NA;NA;…;1;
80;390;NA;NA;…;1;
80;411;12;4;0.644;0;
80;412;362;59;1.65;1;
80;421;77;10;1.36;1;
80;422;57;11;0.974;0;
80;429;NA;NA;…;0;
80;431;NA;4;…;1;
80;432;232;44;1.641;1;
80;433;100;25;1.463;1;
80;439;162;31;2.146;1;
80;451;78;25;0.88;0;
80;452;75;11;1.141;1;
80;453;...;NA;…;0;
80;454;NA;NA;…;1;
80;461;57;17;1.058;1;
80;462;32;8;1.33;1;
80;463;47;11;0.44;0;
80;464;94;13;0.883;0;
80;465;NA;NA;…;0;
80;466;...;NA;…;0;
80;467;77;18;0.884;0;
80;469;38;7;0.424;0;
80;471;359;62;1.051;1;
80;472;120;34;1.391;1;
80;473;54;5;2.665;1;
80;474;10;4;0.572;0;
80;475;70;17;0.878;0;
80;476;26;6;1.109;1;
80;477;188;52;0.817;0;
80;478;59;18;2.836;1;
80;479;65;13;1.949;1;
80;493;8;4;0.069;0;
80;494;145;32;0.752;0;
80;503;...;NA;…;1;
80;504;NA;NA;…;1;
80;522;25;4;0.165;0;
80;532;...;NA;…;1;
80;551;166;12;2.613;1;
80;552;13;6;2.545;1;
80;559;12;4;1.157;1;
80;561;558;108;2.397;1;
80;562;38;4;0.973;0;
80;563;79;28;1.267;1;
80;581;...;NA;…;0;
80;591;NA;NA;…;0;
80;601;NA;NA;…;1;
80;612;NA;NA;…;0;
80;619;...;NA;…;1;
80;620;61;25;0.465;0;
80;631;...;NA;…;0;
80;639;NA;NA;…;0;
80;641;NA;NA;…;0;
80;642;NA;NA;…;0;
80;661;...;NA;…;0;
80;662;17;8;1.116;1;
80;681;42;14;0.725;0;
80;682;29;7;0.387;0;
80;683;27;8;0.688;0;
80;691;...;NA;…;0;
80;692;85;20;0.477;0;
80;701;NA;NA;…;0;
80;702;145;35;1.723;1;
80;711;118;34;1.34;1;
80;712;...;NA;…;0;
80;721;NA;NA;…;0;
80;731;58;5;1.814;1;
80;741;...;NA;…;1;
80;742;...;NA;…;0;
80;743;...;NA;…;1;
80;749;33;10;1.074;1;
80;750;...;NA;…;1;
80;771;...;NA;…;1;
80;772;...;NA;…;1;
80;773;...;NA;…;0;
80;781;NA;NA;…;0;
80;782;...;NA;…;1;
80;783;NA;NA;…;0;
80;791;...;NA;…;0;
80;801;13;6;0.18;0;
80;802;54;4;1.595;1;
80;811;...;NA;…;0;
80;812;...;NA;…;0;
80;813;45;9;2.603;1;
80;821;NA;NA;…;1;
80;823;...;NA;…;0;
80;829;149;17;1.62;1;
80;841;533;24;0.51;0;
80;851;181;9;1.369;1;
80;852;866;26;2.244;1;
80;853;...;NA;…;1;
80;855;104;10;3.135;1;
80;856;43;4;4.939;1;
80;861;...;NA;…;0;
80;862;115;36;1.062;1;
80;869;27;7;0.485;0;
80;871;NA;NA;…;1;
80;873;NA;NA;…;0;
80;879;NA;NA;…;1;
80;889;53;7;0.881;0;
80;900;78;8;2.154;1;
80;910;31;6;0.694;0;
80;920;...;NA;…;1;
80;931;76;12;1.874;1;
80;932;47;10;1.81;1;
80;941;NA;NA;…;0;
80;949;33;6;0.455;0;
80;951;...;NA;…;1;
80;952;13;4;0.893;0;
80;960;129;17;1.684;1;
81;11;362;34;4.778;1;
81;12;14;4;1.645;1;
81;14;122;9;1.911;1;
81;16;27;8;1.345;1;
81;17;NA;NA;…;1;
81;31;NA;NA;…;1;
81;101;49;4;0.9;0;
81;104;NA;NA;…;0;
81;106;NA;NA;…;1;
81;107;324;10;5.447;1;
81;108;...;NA;…;1;
81;110;...;NA;…;0;
81;139;NA;NA;…;0;
81;141;111;6;1.844;1;
81;161;NA;NA;…;0;
81;162;47;7;1.489;1;
81;181;47;5;1.527;1;
81;204;NA;NA;…;0;
81;221;...;NA;…;0;
81;222;...;NA;…;0;
81;234;NA;NA;…;0;
81;236;...;NA;…;1;
81;251;31;5;0.547;0;
81;256;30;4;0.54;0;
81;259;NA;NA;…;0;
81;264;NA;NA;…;0;
81;279;NA;NA;…;0;
81;281;...;NA;…;0;
81;282;NA;NA;…;0;
81;289;29;4;1.54;1;
81;293;NA;NA;…;1;
81;309;NA;NA;…;0;
81;310;49;6;1.33;1;
81;323;NA;NA;…;1;
81;329;NA;NA;…;0;
81;331;13;4;0.492;0;
81;332;NA;NA;…;1;
81;360;NA;NA;…;0;
81;370;...;NA;…;1;
81;383;NA;NA;…;1;
81;411;39;6;2.987;1;
81;412;130;31;0.845;0;
81;422;43;4;1.048;1;
81;429;...;NA;…;0;
81;431;44;9;2.012;1;
81;432;111;32;12.jan;1;
81;433;49;16;1.023;1;
81;439;157;20;2.969;1;
81;451;...;NA;…;0;
81;452;50;14;1.085;1;
81;453;...;NA;…;1;
81;454;NA;NA;…;1;
81;461;...;NA;…;0;
81;462;74;9;4.39;1;
81;463;50;10;0.667;0;
81;464;...;NA;…;0;
81;465;NA;NA;…;0;
81;466;NA;NA;…;0;
81;467;24;9;0.393;0;
81;469;34;6;0.542;0;
81;471;356;49;1.487;1;
81;472;135;31;2.234;1;
81;473;NA;NA;…;0;
81;474;12;4;0.979;0;
81;475;52;14;0.931;0;
81;476;...;NA;…;0;
81;477;96;34;0.595;0;
81;478;8;4;0.549;0;
81;479;40;11;1.712;1;
81;493;21;6;0.257;0;
81;494;135;24;0.999;0;
81;522;31;7;0.291;0;
81;532;...;NA;…;1;
81;551;21;4;0.472;0;
81;552;...;NA;…;1;
81;559;...;NA;…;0;
81;561;188;41;1.153;1;
81;562;NA;NA;…;0;
81;563;32;13;0.732;0;
81;581;NA;NA;…;0;
81;582;NA;NA;…;0;
81;591;...;NA;…;0;
81;602;NA;NA;…;1;
81;612;NA;NA;…;0;
81;620;39;13;0.424;0;
81;631;9;4;0.518;0;
81;641;NA;NA;…;0;
81;661;...;NA;…;0;
81;662;9;4;0.843;0;
81;681;13;5;0.32;0;
81;682;28;6;0.533;0;
81;683;NA;NA;…;0;
81;691;11;5;0.524;0;
81;692;78;24;0.624;0;
81;701;NA;NA;…;0;
81;702;23;8;0.39;0;
81;711;36.265;8;0.588;0;
81;712;NA;NA;…;0;
81;721;NA;6;…;1;
81;731;...;NA;…;0;
81;742;NA;NA;…;0;
81;743;NA;NA;…;0;
81;749;...;NA;…;0;
81;750;NA;NA;…;1;
81;771;NA;NA;…;1;
81;773;NA;NA;…;1;
81;781;NA;NA;…;0;
81;782;NA;NA;…;0;
81;791;NA;NA;…;0;
81;801;22;7;0.435;0;
81;802;15;4;0.632;0;
81;803;...;NA;…;1;
81;811;...;NA;…;1;
81;812;10;4;0.134;0;
81;813;26;4;2.146;1;
81;821;NA;NA;…;0;
81;823;10;4;1.707;1;
81;829;...;NA;…;0;
81;841;464;19;0.634;0;
81;842;NA;NA;…;1;
81;851;203;10;2.191;1;
81;852;866;24;3.202;1;
81;855;15;5;0.645;0;
81;862;97;18;1.279;1;
81;869;...;NA;…;0;
81;871;NA;NA;…;1;
81;872;NA;NA;…;1;
81;873;NA;NA;…;0;
81;881;148;6;5.276;1;
81;889;...;NA;…;0;
81;900;NA;NA;…;0;
81;910;NA;NA;…;0;
81;931;31;7;1.091;1;
81;932;41;6;2.253;1;
81;949;25;6;0.492;0;
81;951;NA;NA;…;0;
81;952;8;4;0.784;0;
81;960;49;19;0.913;0;
82;11;225;15;1.267;1;
82;12;73;6;3.658;1;
82;14;102;10;0.681;0;
82;15;NA;NA;…;1;
82;16;...;NA;…;0;
82;17;...;NA;…;1;
82;21;NA;NA;…;0;
82;22;8;4;0.285;0;
82;24;23;6;1.289;1;
82;32;NA;NA;…;0;
82;81;...;NA;…;1;
82;101;...;NA;…;0;
82;103;NA;NA;…;1;
82;105;NA;NA;…;0;
82;107;116;14;0.832;0;
82;108;NA;NA;…;0;
82;110;51;11;0.958;0;
82;139;NA;NA;…;1;
82;141;...;NA;…;0;
82;143;NA;NA;…;0;
82;161;NA;5;…;1;
82;162;69;10;0.933;0;
82;181;...;NA;…;0;
82;201;NA;NA;…;0;
82;203;...;NA;…;1;
82;205;NA;NA;…;0;
82;221;NA;NA;…;0;
82;222;35;4;0.229;0;
82;237;NA;NA;…;0;
82;239;NA;NA;…;0;
82;241;NA;NA;…;0;
82;251;152;15;1.143;1;
82;255;NA;NA;…;0;
82;256;104;14;0.798;0;
82;257;35;5;27.jan;1;
82;259;331;4;7.849;1;
82;263;NA;NA;…;0;
82;273;2421;5;57.753;1;
82;281;NA;NA;…;1;
82;282;...;NA;…;0;
82;284;NA;NA;…;1;
82;289;302;6;6.839;1;
82;291;NA;NA;…;0;
82;292;NA;NA;…;0;
82;293;4652;8;16.205;1;
82;310;157;18;1.818;1;
82;321;NA;NA;…;1;
82;331;21;6;0.339;0;
82;332;...;NA;…;0;
82;353;...;NA;…;0;
82;381;NA;NA;…;0;
82;382;NA;NA;…;0;
82;411;9;4;0.294;0;
82;412;118;28;0.327;0;
82;421;NA;NA;…;0;
82;422;NA;NA;…;0;
82;429;NA;NA;…;1;
82;431;41;9;0.799;0;
82;432;276;50;1.188;1;
82;433;123;30;1.095;1;
82;439;48;15;0.387;0;
82;451;209;21;1.435;1;
82;452;56;13;0.518;0;
82;453;38;7;0.639;0;
82;454;NA;NA;…;0;
82;461;37;10;0.418;0;
82;462;...;NA;…;0;
82;463;39;9;0.222;0;
82;464;19;5;0.109;0;
82;465;...;NA;…;0;
82;466;NA;NA;…;0;
82;467;103;16;0.72;0;
82;469;18;7;0.122;0;
82;471;378;74;0.674;0;
82;472;108;32;0.762;0;
82;473;38;7;1.141;1;
82;474;NA;NA;…;0;
82;475;55;20;0.42;0;
82;476;11;5;0.286;0;
82;477;163;42;0.431;0;
82;478;9;4;0.263;0;
82;479;23;9;0.42;0;
82;493;75;11;0.392;0;
82;494;344;42;1.085;1;
82;521;NA;NA;…;0;
82;522;...;NA;…;0;
82;532;NA;NA;…;0;
82;551;89;6;0.853;0;
82;552;NA;NA;…;0;
82;561;208;47;0.544;0;
82;562;26;4;0.405;0;
82;563;52;21;0.507;0;
82;581;NA;NA;…;0;
82;591;NA;NA;…;0;
82;592;NA;NA;…;1;
82;601;NA;NA;…;0;
82;602;NA;NA;…;0;
82;611;...;NA;…;0;
82;619;NA;NA;…;0;
82;620;19;9;0.088;0;
82;631;...;NA;…;0;
82;642;NA;NA;…;0;
82;662;21;10;0.839;0;
82;681;...;NA;…;0;
82;682;92;11;0.747;0;
82;683;...;NA;…;0;
82;691;...;NA;…;0;
82;692;40;14;0.137;0;
82;702;39;12;0.282;0;
82;711;NA;9;…;1;
82;712;95;9;3.134;1;
82;731;...;NA;…;0;
82;732;...;NA;…;0;
82;749;31;13;0.614;0;
82;771;NA;NA;…;0;
82;772;...;NA;…;0;
82;773;51;6;26.febr;1;
82;781;...;NA;…;0;
82;783;NA;NA;…;1;
82;791;...;NA;…;0;
82;801;20;9;0.169;0;
82;802;95;5;1.708;1;
82;811;NA;NA;…;0;
82;812;54;11;0.309;0;
82;813;...;NA;…;0;
82;821;NA;NA;…;0;
82;829;42;10;0.278;0;
82;841;515;32;0.3;0;
82;842;NA;NA;…;0;
82;851;209;9;0.962;0;
82;852;945;32;1.49;1;
82;853;...;NA;…;0;
82;855;19;6;0.349;0;
82;861;NA;NA;…;0;
82;862;96;36;0.54;0;
82;869;...;NA;…;0;
82;873;NA;NA;…;0;
82;879;NA;NA;…;0;
82;881;...;NA;…;0;
82;889;...;NA;…;0;
82;900;...;NA;…;0;
82;910;...;NA;…;0;
82;920;10;4;0.557;0;
82;931;18;4;0.27;0;
82;932;24;5;0.562;0;
82;941;NA;NA;…;0;
82;949;184;11;1.545;1;
82;951;...;NA;…;1;
82;952;11;5;0.46;0;
82;960;64;29;0.509;0;
84;11;407;50;6.615;1;
84;12;NA;NA;…;0;
84;14;206;29;3.972;1;
84;15;42;8;4.798;1;
84;16;119;14;7.297;1;
84;17;...;NA;…;1;
84;22;...;NA;…;0;
84;24;8;4;1.294;1;
84;31;...;NA;…;1;
84;32;...;NA;…;1;
84;81;NA;NA;…;0;
84;101;...;NA;…;1;
84;106;NA;NA;…;1;
84;107;112;10;2.318;1;
84;109;...;NA;…;1;
84;110;NA;NA;…;0;
84;139;NA;NA;…;0;
84;141;...;NA;…;0;
84;162;12;4;0.468;0;
84;181;...;NA;…;0;
84;222;NA;NA;…;1;
84;236;NA;NA;…;0;
84;237;NA;NA;…;0;
84;243;NA;NA;…;0;
84;251;76;9;1.651;1;
84;256;NA;NA;…;0;
84;257;16;4;1.676;1;
84;281;NA;NA;…;0;
84;293;NA;NA;…;0;
84;310;NA;NA;…;0;
84;323;NA;NA;…;1;
84;329;NA;NA;…;0;
84;331;16;7;0.745;0;
84;332;NA;NA;…;0;
84;370;NA;NA;…;0;
84;381;NA;NA;…;1;
84;382;...;NA;…;1;
84;383;NA;NA;…;1;
84;411;21;5;1.98;1;
84;412;88;20;0.705;0;
84;421;...;NA;…;0;
84;422;31;7;0.931;0;
84;431;11;4;0.619;0;
84;432;38;12;0.472;0;
84;433;92;26;2.365;1;
84;439;86;16;2.002;1;
84;451;83;20;1.645;1;
84;452;53;9;1.416;1;
84;453;...;NA;…;0;
84;461;...;NA;…;0;
84;462;53;11;3.872;1;
84;463;NA;NA;…;0;
84;464;NA;NA;…;0;
84;466;NA;NA;…;0;
84;467;23;5;0.464;0;
84;469;54;7;06.jan;1;
84;471;179;58;0.921;0;
84;472;87;21;1.772;1;
84;473;NA;NA;…;0;
84;474;11;4;1.105;1;
84;475;108;11;2.38;1;
84;476;10;4;0.749;0;
84;477;135;42;03.jan;1;
84;478;...;NA;…;1;
84;479;9;4;0.474;0;
84;493;60;10;0.904;0;
84;494;290;51;2.642;1;
84;522;NA;NA;…;0;
84;531;...;NA;…;0;
84;532;NA;NA;…;0;
84;552;NA;NA;…;1;
84;561;98;31;0.74;0;
84;562;...;NA;…;0;
84;563;54;23;1.521;1;
84;581;NA;NA;…;0;
84;591;NA;NA;…;0;
84;619;NA;NA;…;1;
84;620;10;4;0.134;0;
84;631;NA;NA;…;0;
84;641;NA;NA;…;0;
84;662;...;NA;…;0;
84;681;...;NA;…;0;
84;682;59;9;1.382;1;
84;683;NA;NA;…;0;
84;691;16;6;0.938;0;
84;692;9;4;0.089;0;
84;702;...;NA;…;0;
84;711;55;10;1.097;1;
84;712;...;NA;…;0;
84;731;...;NA;…;0;
84;742;NA;NA;…;0;
84;749;16;4;0.915;0;
84;750;...;NA;…;1;
84;771;NA;NA;…;0;
84;772;NA;NA;…;0;
84;773;...;NA;…;1;
84;781;NA;NA;…;1;
84;801;...;NA;…;0;
84;802;32;4;1.661;1;
84;812;12;4;0.198;0;
84;821;NA;NA;…;0;
84;829;13;4;0.248;0;
84;841;1104;29;1.857;1;
84;842;NA;NA;…;0;
84;851;329;13;4.372;1;
84;852;480;23;2.185;1;
84;853;NA;NA;…;0;
84;854;NA;NA;…;0;
84;855;NA;4;…;1;
84;862;44;18;0.714;0;
84;869;...;NA;…;0;
84;873;...;NA;…;1;
84;881;NA;NA;…;1;
84;889;...;NA;…;1;
84;910;...;NA;…;0;
84;920;...;NA;…;1;
84;931;NA;NA;…;0;
84;932;NA;NA;…;0;
84;941;NA;NA;…;0;
84;949;58;9;1.406;1;
84;952;...;NA;…;0;
84;960;37;11;0.849;0;
85;11;904;99;0.863;0;
85;12;42;12;0.357;0;
85;13;15;4;0.451;0;
85;14;688;38;0.779;0;
85;15;104;5;0.698;0;
85;16;202;36;0.728;0;
85;17;...;NA;…;0;
85;21;15;5;0.388;0;
85;22;NA;5;…;1;
85;24;23;8;0.219;0;
85;32;...;NA;…;0;
85;81;143;12;1.907;1;
85;89;...;NA;…;1;
85;99;...;NA;…;1;
85;101;485;9;0.644;0;
85;103;NA;NA;…;0;
85;104;NA;NA;…;0;
85;105;NA;NA;…;1;
85;106;83;4;0.832;0;
85;107;1158;51;1.408;1;
85;108;63;13;0.204;0;
85;109;NA;4;…;0;
85;110;122;22;0.389;0;
85;132;NA;NA;…;1;
85;133;NA;NA;…;0;
85;139;146;12;0.325;0;
85;141;457;45;0.549;0;
85;143;...;NA;…;0;
85;152;118;6;0.479;0;
85;161;41;9;0.26;0;
85;162;221;31;0.507;0;
85;172;215;7;0.566;0;
85;181;250;30;0.588;0;
85;182;NA;NA;…;1;
85;201;...;NA;…;0;
85;202;NA;NA;…;1;
85;203;NA;NA;…;0;
85;204;20;5;0.22;0;
85;205;...;NA;…;0;
85;221;47;7;0.152;0;
85;222;2590;57;2.868;1;
85;231;419;9;2.912;1;
85;233;...;NA;…;0;
85;234;...;NA;…;0;
85;235;NA;NA;…;0;
85;236;72;14;0.386;0;
85;237;11;5;0.304;0;
85;239;NA;NA;…;0;
85;241;NA;NA;…;0;
85;244;3960;7;30.536;1;
85;245;NA;NA;…;1;
85;251;998;80;1.273;1;
85;252;NA;NA;…;0;
85;255;...;NA;…;0;
85;256;1464;120;1.907;1;
85;257;446;18;2.745;1;
85;259;211;14;0.849;0;
85;261;375;10;0.81;0;
85;262;347;6;07.jan;1;
85;263;80;10;0.309;0;
85;264;3444;6;23.75;1;
85;265;810;7;8.117;1;
85;266;...;NA;…;0;
85;267;13;5;0.677;0;
85;271;45;6;0.136;0;
85;273;...;NA;…;0;
85;274;NA;NA;…;0;
85;275;NA;NA;…;0;
85;279;76;6;0.606;0;
85;281;2516;5;2.612;1;
85;282;794;24;1.54;1;
85;283;NA;NA;…;0;
85;284;32;6;0.783;0;
85;289;247;13;0.949;0;
85;291;570;6;1.581;1;
85;292;331;13;3.844;1;
85;293;5749;6;3.397;1;
85;301;NA;NA;…;0;
85;302;NA;NA;…;1;
85;303;NA;NA;…;0;
85;309;...;NA;…;0;
85;310;716;99;1.406;1;
85;321;NA;NA;…;1;
85;323;NA;NA;…;1;
85;324;NA;NA;…;0;
85;325;80;10;0.291;0;
85;329;166;6;0.947;0;
85;331;282;46;0.771;0;
85;332;154;20;1.431;1;
85;351;NA;NA;…;0;
85;352;NA;NA;…;0;
85;353;317;5;1.946;1;
85;360;NA;NA;…;1;
85;370;NA;8;…;1;
85;381;103;9;0.367;0;
85;382;447;9;4.277;1;
85;383;63;10;0.908;0;
85;390;...;NA;…;0;
85;411;191;20;1.058;1;
85;412;1852;272;0.871;0;
85;421;668;46;1.218;1;
85;422;550;64;0.97;0;
85;429;152;17;1.152;1;
85;431;297;42;0.982;0;
85;432;1373;277;1.003;1;
85;433;855;198;1.291;1;
85;439;746;123;02.jan;1;
85;451;853;165;0.993;0;
85;452;639;141;1.003;1;
85;453;412;61;1.174;1;
85;454;15;5;0.586;0;
85;461;519;99;0.994;0;
85;462;85;18;0.365;0;
85;463;429;59;0.414;0;
85;464;430;77;0.417;0;
85;465;NA;10;…;1;
85;466;274;36;0.936;0;
85;467;975;107;1.156;1;
85;469;870;74;1.003;1;
85;471;1410;294;0.426;0;
85;472;472;109;0.565;0;
85;473;322;29;1.64;1;
85;474;220;27;1.299;1;
85;475;810;146;1.049;1;
85;476;162;41;0.713;0;
85;477;2427;397;1.088;1;
85;478;174;65;0.864;0;
85;479;368;67;1.139;1;
85;493;2404;39;2.129;1;
85;494;2658;259;1.423;1;
85;503;NA;NA;…;0;
85;521;29;4;0.153;0;
85;522;553;39;0.376;0;
85;532;56;9;0.502;0;
85;551;203;20;0.33;0;
85;552;18;7;0.364;0;
85;559;104;9;1.035;1;
85;561;1742;335;0.773;0;
85;562;397;49;1.049;1;
85;563;511;153;0.846;0;
85;581;214;22;0.73;0;
85;582;47;14;0.33;0;
85;591;NA;5;…;0;
85;601;NA;NA;…;0;
85;602;NA;4;…;0;
85;611;73;11;0.324;0;
85;612;...;NA;…;0;
85;620;663;142;0.522;0;
85;631;71;21;0.296;0;
85;639;29;5;0.721;0;
85;641;...;NA;…;0;
85;649;163;6;0.816;0;
85;661;78;34;0.557;0;
85;662;92;36;0.624;0;
85;663;NA;NA;…;0;
85;681;447;93;0.797;0;
85;682;1281;120;1.763;1;
85;683;148;42;0.39;0;
85;691;268;78;0.923;0;
85;692;820;193;0.475;0;
85;701;96;10;0.817;0;
85;702;475;87;0.583;0;
85;711;969;181;1.136;1;
85;712;226;22;1.265;1;
85;721;93;23;0.201;0;
85;722;...;NA;…;0;
85;731;163;46;0.526;0;
85;732;73;16;0.989;0;
85;741;...;NA;…;0;
85;742;22;5;0.366;0;
85;743;...;NA;…;0;
85;749;222;56;0.746;0;
85;750;27;7;0.556;0;
85;771;94;12;1.322;1;
85;772;34;11;0.72;0;
85;773;929;38;6.983;1;
85;774;NA;NA;…;0;
85;781;NA;10;…;1;
85;782;3367;11;2.455;1;
85;783;355;4;1.523;1;
85;791;99;13;0.626;0;
85;799;...;NA;…;0;
85;801;340;60;0.486;0;
85;802;216;36;0.659;0;
85;803;...;NA;…;0;
85;811;83;4;0.249;0;
85;812;604;85;0.585;0;
85;813;105;27;0.627;0;
85;821;67;13;0.377;0;
85;823;37;7;0.457;0;
85;829;565;64;0.634;0;
85;841;7313;82;0.723;0;
85;842;2668;7;1.296;1;
85;843;...;NA;…;1;
85;851;1121;48;0.875;0;
85;852;2403;71;0.643;0;
85;853;2894;47;1.333;1;
85;854;140;5;0.085;0;
85;855;429;80;1.335;1;
85;856;74;7;0.877;0;
85;861;NA;5;…;1;
85;862;688;219;0.656;0;
85;869;320;33;0.594;0;
85;871;NA;NA;…;0;
85;873;556;8;0.544;0;
85;879;NA;NA;…;1;
85;881;182;8;0.469;0;
85;889;360;25;0.618;0;
85;900;171;13;0.488;0;
85;910;281;8;0.65;0;
85;920;95;14;0.897;0;
85;931;562;50;1.43;1;
85;932;186;22;0.739;0;
85;941;54;8;1.068;1;
85;942;NA;NA;…;0;
85;949;412;45;0.587;0;
85;951;76;17;0.996;0;
85;952;154;46;1.092;1;
85;960;816;179;01.jan;1;
86;11;304;55;2.841;1;
86;12;NA;NA;…;0;
86;13;NA;NA;…;0;
86;14;611;40;6.774;1;
86;15;163;7;10.707;1;
86;16;43;16;1.516;1;
86;17;11;5;4.001;1;
86;21;...;NA;…;1;
86;22;NA;NA;…;0;
86;24;25;7;2.326;1;
86;81;NA;NA;…;1;
86;101;67;7;0.871;0;
86;103;NA;NA;…;0;
86;105;NA;NA;…;0;
86;107;60;7;0.714;0;
86;108;NA;NA;…;1;
86;110;NA;NA;…;0;
86;139;...;NA;…;0;
86;141;82;9;0.964;0;
86;142;NA;NA;…;1;
86;161;55;5;3.416;1;
86;162;191;11;4.285;1;
86;181;...;NA;…;0;
86;221;NA;NA;…;0;
86;222;...;NA;…;0;
86;231;NA;NA;…;0;
86;233;NA;NA;…;1;
86;234;NA;NA;…;0;
86;236;...;NA;…;0;
86;237;...;NA;…;1;
86;245;...;NA;…;1;
86;251;117;9;1.461;1;
86;252;NA;NA;…;0;
86;256;352;12;4.487;1;
86;259;NA;NA;…;0;
86;261;NA;NA;…;0;
86;262;...;NA;…;0;
86;281;NA;NA;…;0;
86;282;NA;NA;…;0;
86;283;NA;NA;…;1;
86;289;NA;NA;…;0;
86;291;NA;NA;…;0;
86;292;NA;NA;…;1;
86;293;...;NA;…;0;
86;310;NA;4;…;1;
86;321;NA;NA;…;0;
86;324;NA;NA;…;1;
86;329;NA;NA;…;1;
86;332;NA;NA;…;0;
86;353;NA;NA;…;1;
86;381;NA;NA;…;0;
86;411;49;5;2.657;1;
86;412;187;34;0.861;0;
86;421;32;4;0.571;0;
86;422;21;5;0.362;0;
86;429;NA;NA;…;0;
86;431;58;8;1.877;1;
86;432;133;32;0.95;0;
86;433;223;51;3.296;1;
86;439;85;22;1.138;1;
86;451;104;14;1.185;1;
86;452;75;21;1.152;1;
86;453;28;11;0.781;0;
86;454;NA;NA;…;0;
86;461;23;6;0.431;0;
86;462;36;8;1.512;1;
86;463;51;11;0.482;0;
86;464;...;NA;…;0;
86;466;NA;NA;…;0;
86;467;174;8;2.018;1;
86;469;...;NA;…;0;
86;471;279;46;0.825;0;
86;472;110;26;1.288;1;
86;473;10;4;0.499;0;
86;474;...;NA;…;0;
86;475;122;24;1.546;1;
86;476;9;4;0.388;0;
86;477;246;72;08.jan;1;
86;478;52;22;2.526;1;
86;479;70;17;2.121;1;
86;493;...;NA;…;0;
86;494;338;74;1.771;1;
86;522;49;11;0.326;0;
86;532;NA;NA;…;0;
86;551;67;6;1.065;1;
86;552;...;NA;…;1;
86;559;NA;NA;…;0;
86;561;331;77;1.437;1;
86;562;...;NA;…;0;
86;563;105;41;1.701;1;
86;581;...;NA;…;0;
86;582;...;NA;…;0;
86;591;NA;NA;…;0;
86;611;...;NA;…;0;
86;620;16;5;0.123;0;
86;631;NA;NA;…;0;
86;641;NA;NA;…;0;
86;661;14;4;0.979;0;
86;662;...;NA;…;0;
86;681;11;5;0.192;0;
86;682;29;13;0.391;0;
86;683;14;4;0.361;0;
86;691;...;NA;…;0;
86;692;48;13;0.272;0;
86;701;NA;NA;…;0;
86;702;31;8;0.372;0;
86;711;100;18;1.147;1;
86;712;...;NA;…;0;
86;721;NA;NA;…;0;
86;731;...;NA;…;0;
86;741;NA;NA;…;0;
86;742;NA;NA;…;0;
86;749;NA;NA;…;0;
86;750;...;NA;…;0;
86;771;NA;NA;…;1;
86;772;NA;NA;…;0;
86;782;NA;NA;…;1;
86;791;NA;NA;…;0;
86;801;51;7;0.714;0;
86;802;14;4;0.418;0;
86;812;...;NA;…;0;
86;813;...;NA;…;0;
86;821;NA;NA;…;0;
86;823;NA;NA;…;1;
86;829;38;8;0.417;0;
86;841;529;61;0.512;0;
86;842;NA;NA;…;0;
86;851;263;18;01.febr;1;
86;852;801;37;2.097;1;
86;853;175;8;0.789;0;
86;855;...;NA;…;0;
86;861;NA;NA;…;0;
86;862;76;27;0.709;0;
86;869;...;NA;…;0;
86;873;173;5;1.655;1;
86;881;...;NA;…;1;
86;889;...;NA;…;1;
86;910;...;NA;…;0;
86;920;NA;NA;…;0;
86;931;...;NA;…;0;
86;932;...;NA;…;0;
86;941;...;NA;…;0;
86;949;...;NA;…;0;
86;951;...;NA;…;1;
86;952;NA;NA;…;1;
86;960;36;16;0.475;0;
87;11;634;108;0.427;0;
87;12;28;9;0.168;0;
87;13;NA;NA;…;0;
87;14;827;44;0.661;0;
87;15;121;15;0.573;0;
87;16;158;31;0.402;0;
87;17;24;6;0.629;0;
87;21;NA;NA;…;0;
87;22;NA;7;…;0;
87;24;42;10;0.282;0;
87;31;NA;NA;…;1;
87;32;NA;NA;…;0;
87;52;NA;NA;…;0;
87;81;40;5;0.376;0;
87;101;389;18;0.365;0;
87;103;90;12;0.249;0;
87;105;NA;5;…;1;
87;106;NA;NA;…;0;
87;107;2283.363;58;1.959;1;
87;108;152;13;0.348;0;
87;109;NA;NA;…;0;
87;110;303;23;0.681;0;
87;131;...;NA;…;0;
87;132;563;9;7.869;1;
87;139;752;28;1.181;1;
87;141;429;60;0.364;0;
87;142;9;4;1.205;1;
87;143;41;7;0.391;0;
87;151;NA;10;…;0;
87;152;...;NA;…;0;
87;161;193;16;0.864;0;
87;162;470;44;0.76;0;
87;172;182;10;0.338;0;
87;181;349;46;0.579;0;
87;182;NA;NA;…;0;
87;201;153;6;0.552;0;
87;203;185;4;3.959;1;
87;204;45;5;0.35;0;
87;221;764;7;1.747;1;
87;222;3744;53;2.926;1;
87;231;118;6;0.579;0;
87;232;...;NA;…;1;
87;234;...;NA;…;0;
87;235;NA;4;…;0;
87;236;NA;15;…;1;
87;237;39;5;0.76;0;
87;241;NA;NA;…;0;
87;243;...;NA;…;0;
87;245;NA;4;…;1;
87;251;733;72;0.66;0;
87;252;92;10;0.621;0;
87;253;NA;NA;…;0;
87;255;45;4;0.428;0;
87;256;1408;105;1.294;1;
87;257;101;7;0.439;0;
87;259;372;12;1.056;1;
87;261;NA;NA;…;1;
87;262;...;NA;…;0;
87;263;101;9;0.275;0;
87;264;NA;NA;…;0;
87;265;29;7;0.205;0;
87;266;20;5;0.323;0;
87;267;13;4;0.478;0;
87;268;NA;NA;…;1;
87;271;907;8;1.927;1;
87;273;NA;NA;…;1;
87;275;NA;NA;…;0;
87;279;117;4;0.658;0;
87;281;343;13;0.251;0;
87;282;270;33;0.369;0;
87;283;31;6;0.194;0;
87;284;174;9;3.004;1;
87;289;661;21;1.791;1;
87;291;NA;NA;…;1;
87;292;NA;7;…;1;
87;293;16278;19;6.786;1;
87;301;NA;NA;…;0;
87;303;NA;NA;…;0;
87;310;880;57;1.219;1;
87;321;...;NA;…;0;
87;322;NA;NA;…;0;
87;323;NA;NA;…;0;
87;324;NA;4;…;1;
87;325;190;24;0.488;0;
87;329;109;21;0.439;0;
87;331;217;59;0.419;0;
87;332;231;31;1.515;1;
87;351;NA;6;…;1;
87;352;NA;NA;…;1;
87;353;846;5;3.664;1;
87;360;NA;NA;…;0;
87;370;67;6;0.413;0;
87;381;NA;15;…;1;
87;382;525;5;3.544;1;
87;383;110;12;1.119;1;
87;411;277;49;1.083;1;
87;412;2197;277;0.729;0;
87;421;900;46;1.158;1;
87;422;506;38;0.63;0;
87;429;159;13;0.85;0;
87;431;467;61;09.jan;1;
87;432;2615;329;1.347;1;
87;433;1214;278;1.293;1;
87;439;906;172;0.874;0;
87;451;1172;155;0.963;0;
87;452;730.742;173;0.809;0;
87;453;396;69;0.796;0;
87;454;36;7;0.992;0;
87;461;427;104;0.577;0;
87;462;322;42;0.975;0;
87;463;880;101;0.6;0;
87;464;993;120;0.679;0;
87;465;289;20;1.319;1;
87;466;447;63;1.077;1;
87;467;1866;137;1.561;1;
87;469;733;103;0.596;0;
87;471;3144;381;0.67;0;
87;472;857;139;0.724;0;
87;473;257;26;0.924;0;
87;474;140;25;0.583;0;
87;475;1030;164;0.941;0;
87;476;322;51;1;1;
87;477;2316;473;0.733;0;
87;478;237;89;0.83;0;
87;479;444;98;0.97;0;
87;493;NA;23;…;0;
87;494;2439;353;0.921;0;
87;504;NA;NA;…;1;
87;511;NA;NA;…;0;
87;521;1123;15;19.ápr;1;
87;522;2047;80;0.982;0;
87;531;NA;NA;…;0;
87;532;74;14;0.468;0;
87;551;474;62;0.543;0;
87;552;21;7;0.299;0;
87;553;...;NA;…;0;
87;559;146;13;1.026;1;
87;561;2512;491;0.786;0;
87;562;442;28;0.824;0;
87;563;742;210;0.867;0;
87;581;988;19;2.376;1;
87;582;122;11;0.605;0;
87;591;61;7;0.344;0;
87;601;...;NA;…;0;
87;602;NA;NA;…;0;
87;611;190;11;0.594;0;
87;612;NA;NA;…;0;
87;619;...;NA;…;0;
87;620;601;148;0.334;0;
87;631;79;26;0.232;0;
87;639;28;12;0.491;0;
87;641;1038;5;0.737;0;
87;649;13;4;0.046;0;
87;653;...;NA;…;0;
87;661;182;31;0.918;0;
87;662;231;55;1.105;1;
87;681;895;153;1.126;1;
87;682;848;148;0.824;0;
87;683;242;52;0.449;0;
87;691;336;105;0.816;0;
87;692;816;254;0.333;0;
87;701;42;9;0.252;0;
87;702;728;126;0.63;0;
87;711;1950;252;1.613;1;
87;712;178;42;0.703;0;
87;721;243;26;0.371;0;
87;722;18;6;0.155;0;
87;731;188;65;0.428;0;
87;732;124;23;1.185;1;
87;741;31;9;0.905;0;
87;742;33;13;0.387;0;
87;743;41;15;0.846;0;
87;749;461;111;1.093;1;
87;750;40;13;0.582;0;
87;771;122;24;21.jan;1;
87;772;42;12;0.628;0;
87;773;99;20;0.525;0;
87;774;NA;NA;…;0;
87;781;232;10;0.616;0;
87;782;737;10;0.379;0;
87;783;23;5;0.07;0;
87;791;37;8;0.165;0;
87;799;...;NA;…;0;
87;801;440;72;0.444;0;
87;802;915;29;1.969;1;
87;803;8;4;0.235;0;
87;811;484;11;1.025;1;
87;812;857;127;0.586;0;
87;813;66;21;0.278;0;
87;821;204;24;0.81;0;
87;822;23;4;0.343;0;
87;823;45;11;0.392;0;
87;829;722.299;145;0.572;0;
87;841;6228;107;0.434;0;
87;842;3881;9;1.33;1;
87;843;...;NA;…;1;
87;851;1527;62;0.841;0;
87;852;4359;110;0.823;0;
87;853;4592;62;1.493;1;
87;854;1228;13;0.528;0;
87;855;488;104;1.071;1;
87;856;66;10;0.552;0;
87;861;NA;NA;…;0;
87;862;1025;296;0.69;0;
87;869;924;34;21.jan;1;
87;872;NA;NA;…;1;
87;873;827;13;0.57;0;
87;879;412;4;0.974;0;
87;881;568;10;1.033;1;
87;889;413;13;0.5;0;
87;900;677;53;1.362;1;
87;910;573;19;0.935;0;
87;920;141;16;0.94;0;
87;931;788;76;1.415;1;
87;932;316;34;0.886;0;
87;941;121;11;1.688;1;
87;942;32;5;0.787;0;
87;949;654;46;0.657;0;
87;951;234;30;2.163;1;
87;952;169;56;0.846;0;
87;960;798;236;0.759;0;
88;11;347;44;3.604;1;
88;12;NA;NA;…;0;
88;13;NA;NA;…;1;
88;14;141;13;1.738;1;
88;15;...;NA;…;1;
88;16;12;4;0.47;0;
88;17;...;NA;…;1;
88;21;11;5;3.095;1;
88;22;...;NA;…;0;
88;24;84;22;8.686;1;
88;81;19;4;2.757;1;
88;99;NA;NA;…;1;
88;101;...;NA;…;0;
88;105;NA;NA;…;1;
88;106;NA;NA;…;0;
88;107;133;10;1.759;1;
88;109;NA;NA;…;1;
88;110;NA;NA;…;0;
88;139;25;4;0.605;0;
88;141;673;9;8.796;1;
88;152;111;6;4.897;1;
88;161;89;5;6.144;1;
88;162;65;11;1.621;1;
88;172;NA;NA;…;0;
88;181;...;NA;…;0;
88;222;NA;NA;…;0;
88;234;NA;NA;…;0;
88;236;...;NA;…;0;
88;237;...;NA;…;1;
88;251;86;7;1.194;1;
88;256;348;12;4.93;1;
88;271;NA;NA;…;0;
88;279;NA;NA;…;1;
88;281;NA;NA;…;0;
88;283;181;4;17.425;1;
88;293;NA;NA;…;1;
88;310;19;5;0.406;0;
88;321;NA;NA;…;1;
88;325;...;NA;…;0;
88;329;NA;NA;…;0;
88;331;NA;NA;…;1;
88;351;NA;NA;…;0;
88;353;NA;NA;…;0;
88;370;NA;NA;…;1;
88;411;41;5;2.471;1;
88;412;227;36;1.162;1;
88;421;57;5;1.131;1;
88;422;...;NA;…;0;
88;429;NA;NA;…;1;
88;431;...;NA;…;0;
88;432;98;28;0.778;0;
88;433;173;23;2.842;1;
88;439;60;18;0.893;0;
88;451;115;18;1.457;1;
88;452;82;20;04.jan;1;
88;453;...;NA;…;0;
88;461;21;4;0.438;0;
88;462;21;5;0.98;0;
88;463;...;NA;…;0;
88;464;...;NA;…;0;
88;466;NA;NA;…;0;
88;467;145;19;1.87;1;
88;469;...;NA;…;0;
88;471;358;59;1.177;1;
88;472;138;27;1.797;1;
88;473;70;5;3.879;1;
88;474;...;NA;…;0;
88;475;93;29;31.jan;1;
88;476;25;11;1.197;1;
88;477;215;58;1.049;1;
88;478;31;11;1.674;1;
88;479;42;12;1.414;1;
88;493;27;5;0.26;0;
88;494;349;53;2.032;1;
88;521;...;NA;…;0;
88;522;40;9;0.296;0;
88;532;...;NA;…;0;
88;551;...;NA;…;0;
88;553;NA;NA;…;1;
88;561;230;51;11.jan;1;
88;562;9;4;0.259;0;
88;563;138;50;2.485;1;
88;611;NA;NA;…;0;
88;612;NA;NA;…;0;
88;619;NA;NA;…;1;
88;620;...;NA;…;0;
88;639;NA;NA;…;1;
88;641;NA;NA;…;0;
88;662;8;4;0.59;0;
88;681;76;12;1.474;1;
88;682;66;7;0.988;0;
88;683;...;NA;…;0;
88;691;...;NA;…;0;
88;692;44;14;0.277;0;
88;701;NA;NA;…;0;
88;702;...;NA;…;0;
88;711;36;8;0.459;0;
88;721;NA;NA;…;0;
88;731;NA;NA;…;0;
88;732;NA;NA;…;0;
88;741;NA;NA;…;1;
88;742;NA;NA;…;0;
88;749;20;6;0.731;0;
88;750;NA;NA;…;0;
88;771;...;NA;…;0;
88;772;11;4;2.535;1;
88;773;NA;NA;…;1;
88;801;14;5;0.218;0;
88;802;13;4;0.431;0;
88;811;NA;NA;…;0;
88;812;32;8;0.337;0;
88;813;...;NA;…;0;
88;821;NA;NA;…;0;
88;829;21;5;0.256;0;
88;841;294;39;0.316;0;
88;842;NA;NA;…;0;
88;851;244;15;2.072;1;
88;852;600;32;1.746;1;
88;853;...;NA;…;0;
88;855;25;5;0.846;0;
88;861;NA;NA;…;1;
88;862;67;27;0.695;0;
88;869;10;4;0.202;0;
88;873;NA;NA;…;0;
88;881;NA;NA;…;1;
88;889;...;NA;…;1;
88;900;...;NA;…;0;
88;910;NA;NA;…;0;
88;931;...;NA;…;0;
88;932;...;NA;…;0;
88;949;14;4;0.217;0;
88;952;NA;NA;…;1;
88;960;73;29;07.jan;1;
89;11;442;87;1.353;1;
89;12;NA;NA;…;1;
89;13;...;NA;…;1;
89;14;477;19;1.733;1;
89;15;20;5;0.43;0;
89;16;106;20;1.224;1;
89;17;16;4;1.907;1;
89;21;NA;NA;…;0;
89;22;NA;NA;…;0;
89;24;54;11;1.646;1;
89;81;100;10;4.277;1;
89;101;117;8;0.498;0;
89;103;NA;NA;…;0;
89;105;NA;NA;…;1;
89;106;NA;NA;…;0;
89;107;445;33;1.735;1;
89;108;313;9;3.254;1;
89;110;29;4;0.296;0;
89;131;NA;NA;…;1;
89;133;...;NA;…;1;
89;139;102;8;0.728;0;
89;141;991;34;3.818;1;
89;142;NA;NA;…;1;
89;143;NA;NA;…;0;
89;151;NA;NA;…;0;
89;152;NA;NA;…;0;
89;161;18;5;0.366;0;
89;162;166;33;22.jan;1;
89;172;...;NA;…;0;
89;181;50;4;0.377;0;
89;201;NA;NA;…;0;
89;221;...;NA;…;1;
89;222;1564;15;5.554;1;
89;232;339;6;43.14;1;
89;233;NA;NA;…;0;
89;236;149;10;2.562;1;
89;237;11;4;0.974;0;
89;239;NA;NA;…;1;
89;243;...;NA;…;1;
89;244;NA;NA;…;1;
89;245;...;NA;…;1;
89;251;403;28;1.649;1;
89;252;NA;5;…;1;
89;255;NA;NA;…;1;
89;256;286;30;1.194;1;
89;257;31;4;0.612;0;
89;265;NA;NA;…;0;
89;266;NA;NA;…;0;
89;271;NA;NA;…;0;
89;273;NA;NA;…;0;
89;275;NA;NA;…;1;
89;279;NA;NA;…;0;
89;281;287;4;0.955;0;
89;282;107;13;0.665;0;
89;283;343;5;9.734;1;
89;284;NA;NA;…;0;
89;289;369;8;4.545;1;
89;293;3503;4;6.637;1;
89;301;NA;NA;…;1;
89;309;NA;NA;…;0;
89;310;151;21;0.951;0;
89;321;NA;NA;…;0;
89;323;...;NA;…;0;
89;325;124;22;1.448;1;
89;329;120;5;2.195;1;
89;331;84;17;0.737;0;
89;332;20;5;0.596;0;
89;351;NA;6;…;1;
89;353;...;NA;…;0;
89;360;NA;NA;…;1;
89;370;...;NA;…;0;
89;383;...;NA;…;0;
89;390;...;NA;…;1;
89;411;93;16;1.652;1;
89;412;706;127;1.065;1;
89;421;69;10;0.403;0;
89;422;76;10;0.43;0;
89;429;...;NA;…;0;
89;431;60;15;0.636;0;
89;432;471;95;1.103;1;
89;433;465;106;2.251;1;
89;439;347;88;1.522;1;
89;451;387;38;1.445;1;
89;452;254;59;1.279;1;
89;453;49;11;0.448;0;
89;454;NA;NA;…;0;
89;461;117;22;0.719;0;
89;462;68;7;0.936;0;
89;463;189;21;0.585;0;
89;464;96;15;0.299;0;
89;465;NA;NA;…;0;
89;466;66;9;0.723;0;
89;467;209;33;0.794;0;
89;469;92;16;0.34;0;
89;471;796;164;0.771;0;
89;472;273;64;1.048;1;
89;473;92;8;1.503;1;
89;474;27;8;0.511;0;
89;475;176;50;0.731;0;
89;476;74;19;1.045;1;
89;477;618;170;0.889;0;
89;478;28;10;0.446;0;
89;479;105;33;1.042;1;
89;493;119;33;0.338;0;
89;494;662;90;1.136;1;
89;521;116;4;1.967;1;
89;522;806;37;1.757;1;
89;531;NA;NA;…;0;
89;532;26;5;0.747;0;
89;551;338;31;1.761;1;
89;552;...;NA;…;0;
89;553;11;5;3.234;1;
89;559;33;8;1.053;1;
89;561;1388;220;1.974;1;
89;562;66;12;0.559;0;
89;563;420;137;2.229;1;
89;581;23;4;0.251;0;
89;582;NA;NA;…;0;
89;602;...;NA;…;0;
89;611;20;4;0.284;0;
89;620;82;26;0.207;0;
89;631;...;NA;…;0;
89;639;NA;NA;…;0;
89;641;...;NA;…;0;
89;649;...;NA;…;0;
89;651;NA;NA;…;0;
89;661;62;13;1.421;1;
89;662;58;21;26.jan;1;
89;681;230;44;1.315;1;
89;682;231;45;02.jan;1;
89;683;57;19;0.481;0;
89;691;105;30;1.159;1;
89;692;169;46;0.314;0;
89;701;...;NA;…;0;
89;702;110;32;0.433;0;
89;711;220;46;0.827;0;
89;712;168;12;3.014;1;
89;721;93;13;0.645;0;
89;731;47;12;0.487;0;
89;732;NA;NA;…;0;
89;741;NA;NA;…;0;
89;742;...;NA;…;0;
89;743;...;NA;…;0;
89;749;105;24;1.131;1;
89;750;15;5;0.991;0;
89;771;...;NA;…;0;
89;772;NA;4;…;1;
89;773;...;NA;…;0;
89;781;...;NA;…;0;
89;782;191;7;0.446;0;
89;783;NA;NA;…;0;
89;791;34;4;0.689;0;
89;801;93;12;0.427;0;
89;802;NA;NA;…;0;
89;811;18;4;0.173;0;
89;812;129;22;0.401;0;
89;813;50;13;0.957;0;
89;821;NA;NA;…;0;
89;822;...;NA;…;0;
89;823;...;NA;…;0;
89;829;155;21;0.558;0;
89;841;791;53;0.251;0;
89;842;NA;NA;…;0;
89;851;471;28;1.179;1;
89;852;1446;45;24.jan;1;
89;853;147;4;0.217;0;
89;854;NA;NA;…;0;
89;855;21;9;0.21;0;
89;856;NA;NA;…;0;
89;861;NA;NA;…;0;
89;862;763;132;2.334;1;
89;869;35;7;0.208;0;
89;873;NA;NA;…;0;
89;879;NA;NA;…;0;
89;881;...;NA;…;0;
89;889;129;4;0.71;0;
89;900;NA;4;…;0;
89;910;...;NA;…;0;
89;920;26;5;0.788;0;
89;931;120;24;0.979;0;
89;932;72;9;0.918;0;
89;949;73;5;0.333;0;
89;951;NA;NA;…;0;
89;952;39;14;0.887;0;
89;960;415;145;1.794;1;
90;11;160;20;2.977;1;
90;12;58;5;9.607;1;
90;14;192;10;4.238;1;
90;15;10;4;1.308;1;
90;16;34;8;2.387;1;
90;17;NA;NA;…;1;
90;21;NA;NA;…;1;
90;22;NA;NA;…;0;
90;24;38;11;7.039;1;
90;32;NA;NA;…;1;
90;101;NA;NA;…;0;
90;103;NA;NA;…;0;
90;105;NA;NA;…;1;
90;107;NA;NA;…;0;
90;108;NA;NA;…;0;
90;110;92;8;5.712;1;
90;131;NA;NA;…;0;
90;139;...;NA;…;0;
90;141;NA;NA;…;0;
90;161;NA;5;…;1;
90;162;72;14;3.216;1;
90;172;NA;NA;…;0;
90;181;NA;NA;…;0;
90;222;...;NA;…;1;
90;237;NA;NA;…;1;
90;241;NA;NA;…;1;
90;251;...;NA;…;0;
90;255;NA;NA;…;0;
90;256;56;7;1.421;1;
90;259;NA;NA;…;1;
90;261;NA;NA;…;0;
90;275;NA;NA;…;0;
90;282;...;NA;…;1;
90;292;NA;NA;…;1;
90;310;24;5;0.918;0;
90;322;NA;NA;…;1;
90;325;NA;NA;…;0;
90;329;NA;NA;…;0;
90;331;15;5;0.8;0;
90;332;...;NA;…;1;
90;370;NA;NA;…;0;
90;411;NA;NA;…;0;
90;412;191;28;1.751;1;
90;421;...;NA;…;0;
90;422;...;NA;…;0;
90;431;58;12;3.738;1;
90;432;349;21;4.966;1;
90;433;68;17;2.001;1;
90;439;82;21;2.186;1;
90;451;49;12;1.112;1;
90;452;92;10;2.814;1;
90;453;NA;NA;…;0;
90;462;...;NA;…;0;
90;463;...;NA;…;0;
90;464;...;NA;…;0;
90;466;NA;NA;…;0;
90;467;19;5;0.439;0;
90;469;NA;NA;…;0;
90;471;80;28;0.471;0;
90;472;46;11;1.073;1;
90;473;41;5;07.ápr;1;
90;475;29;8;0.732;0;
90;477;51;15;0.446;0;
90;478;...;NA;…;0;
90;479;NA;NA;…;0;
90;493;...;NA;…;0;
90;494;551;47;5.747;1;
90;521;...;NA;…;0;
90;522;16;5;0.212;0;
90;532;...;NA;…;1;
90;551;...;NA;…;0;
90;552;...;NA;…;1;
90;553;NA;NA;…;1;
90;561;168;40;1.452;1;
90;562;26;4;1.339;1;
90;563;40;15;29.jan;1;
90;581;NA;NA;…;0;
90;620;10;4;0.153;0;
90;639;NA;NA;…;0;
90;641;NA;NA;…;1;
90;661;NA;NA;…;0;
90;662;...;NA;…;0;
90;681;25;5;0.868;0;
90;682;12;5;0.322;0;
90;683;NA;NA;…;0;
90;692;35;8;0.395;0;
90;701;NA;NA;…;1;
90;702;17;7;0.406;0;
90;711;114;17;2.604;1;
90;712;...;NA;…;1;
90;731;...;NA;…;0;
90;743;NA;NA;…;1;
90;749;18;5;1.179;1;
90;750;...;NA;…;1;
90;771;NA;NA;…;0;
90;782;NA;NA;…;1;
90;783;NA;NA;…;0;
90;801;...;NA;…;0;
90;811;NA;NA;…;0;
90;812;14;4;0.264;0;
90;813;...;NA;…;0;
90;821;...;NA;…;0;
90;823;NA;NA;…;1;
90;829;...;NA;…;0;
90;841;257;30;0.495;0;
90;851;149;10;2.267;1;
90;852;344;18;1.793;1;
90;853;NA;NA;…;1;
90;855;14;5;0.849;0;
90;862;73;18;1.357;1;
90;871;NA;NA;…;1;
90;873;...;NA;…;0;
90;881;NA;NA;…;0;
90;889;NA;NA;…;1;
90;920;NA;NA;…;0;
90;931;...;NA;…;0;
90;932;NA;NA;…;0;
90;949;NA;NA;…;1;
90;952;15;5;2.073;1;
90;960;30;9;0.788;0;
91;11;384;57;0.771;0;
91;12;74;17;1.323;1;
91;13;19;6;1.201;1;
91;14;284;21;0.677;0;
91;15;29;7;0.409;0;
91;16;287;26;2.174;1;
91;17;12;6;0.938;0;
91;21;...;NA;…;0;
91;22;NA;6;…;1;
91;23;NA;NA;…;1;
91;24;82;24;1.639;1;
91;32;NA;NA;…;0;
91;81;46;9;29.jan;1;
91;101;83;6;0.232;0;
91;106;NA;NA;…;0;
91;107;476;41;1.217;1;
91;108;NA;4;…;1;
91;109;NA;NA;…;0;
91;110;NA;20;…;1;
91;131;NA;NA;…;0;
91;139;462;6;2.162;1;
91;141;363;45;0.917;0;
91;142;NA;NA;…;1;
91;143;NA;NA;…;0;
91;161;108;9;1.441;1;
91;162;1503;48;7.245;1;
91;172;NA;NA;…;0;
91;181;59;9;0.292;0;
91;182;...;NA;…;1;
91;201;...;NA;…;0;
91;203;...;NA;…;0;
91;204;NA;NA;…;0;
91;206;NA;NA;…;1;
91;221;244;9;1.663;1;
91;222;720;32;1.677;1;
91;231;401;11;5.859;1;
91;232;...;NA;…;0;
91;233;NA;NA;…;0;
91;234;26;7;0.442;0;
91;236;...;NA;…;0;
91;237;34;7;1.974;1;
91;239;...;NA;…;0;
91;245;NA;NA;…;0;
91;251;196;30;0.526;0;
91;255;NA;NA;…;0;
91;256;219;19;0.6;0;
91;257;746;7;9.654;1;
91;259;688;11;5.819;1;
91;261;NA;NA;…;0;
91;263;NA;NA;…;1;
91;265;NA;NA;…;1;
91;266;...;NA;…;1;
91;267;NA;NA;…;0;
91;271;NA;NA;…;0;
91;273;NA;NA;…;0;
91;274;NA;NA;…;0;
91;275;...;NA;…;0;
91;279;71;4;19.jan;1;
91;281;45;6;0.098;0;
91;282;228;20;0.93;0;
91;284;41;4;2.109;1;
91;289;NA;5;…;1;
91;293;NA;5;…;1;
91;303;NA;NA;…;1;
91;309;NA;NA;…;0;
91;310;792;55;27.márc;1;
91;321;25;7;2.115;1;
91;322;NA;NA;…;1;
91;325;164;32;1.256;1;
91;329;145;12;1.739;1;
91;331;103;12;0.592;0;
91;332;NA;NA;…;0;
91;351;...;NA;…;0;
91;353;NA;NA;…;0;
91;360;...;NA;…;1;
91;370;...;NA;…;1;
91;381;...;NA;…;1;
91;383;...;NA;…;0;
91;411;134;22;1.561;1;
91;412;1235;146;1.222;1;
91;421;172;9;0.66;0;
91;422;122;19;0.452;0;
91;429;...;NA;…;0;
91;431;92;23;0.64;0;
91;432;631;124;0.969;0;
91;433;403;125;28.jan;1;
91;439;289;78;0.831;0;
91;451;305;40;0.747;0;
91;452;474;102;1.565;1;
91;453;149;26;0.893;0;
91;454;18;5;1.479;1;
91;461;90;24;0.363;0;
91;462;39;7;0.352;0;
91;463;178;22;0.361;0;
91;464;300;40;0.612;0;
91;465;NA;NA;…;0;
91;466;52;8;0.373;0;
91;467;266;30;0.663;0;
91;469;75;13;0.182;0;
91;471;729;114;0.463;0;
91;472;553;102;1.392;1;
91;473;84;12;0.9;0;
91;474;71;16;0.882;0;
91;475;701;129;1.909;1;
91;476;91;25;0.842;0;
91;477;1246;318;1.175;1;
91;478;51;21;0.532;0;
91;479;79;30;0.514;0;
91;491;NA;NA;…;1;
91;492;NA;NA;…;1;
91;493;200;20;0.372;0;
91;494;849;126;0.956;0;
91;503;NA;NA;…;0;
91;521;NA;NA;…;0;
91;522;101;27;0.144;0;
91;532;NA;NA;…;0;
91;551;218;31;0.745;0;
91;552;21;8;0.892;0;
91;553;68;7;13.112;1;
91;559;72;11;1.507;1;
91;561;1984;319;1.85;1;
91;562;jan.50;10;0.278;0;
91;563;433.616;139;1.509;1;
91;581;29;8;0.208;0;
91;582;...;NA;…;0;
91;591;38;6;0.638;0;
91;602;23;4;0.587;0;
91;611;33;5;0.308;0;
91;612;...;NA;…;0;
91;620;124;32;0.205;0;
91;631;43;15;0.377;0;
91;639;12;6;0.627;0;
91;641;209;4;0.442;0;
91;661;141;15;2.119;1;
91;662;55;23;0.784;0;
91;681;456;87;1.709;1;
91;682;595;99;1.722;1;
91;683;429;34;2.374;1;
91;691;129;41;0.934;0;
91;692;324;90;0.394;0;
91;701;24;5;0.43;0;
91;702;152;37;0.392;0;
91;711;259;85;0.638;0;
91;712;30;13;0.353;0;
91;721;398;12;1.809;1;
91;731;132;29;0.896;0;
91;732;...;NA;…;0;
91;741;37;8;3.219;1;
91;742;8;4;0.28;0;
91;743;NA;NA;…;0;
91;749;115;26;0.813;0;
91;750;...;NA;…;0;
91;771;78;10;2.306;1;
91;772;18;6;0.802;0;
91;773;34;9;0.537;0;
91;781;NA;NA;…;0;
91;782;29;5;0.044;0;
91;783;NA;NA;…;0;
91;791;39;11;0.518;0;
91;799;NA;NA;…;1;
91;801;32;7;0.096;0;
91;802;59;11;0.378;0;
91;803;...;NA;…;0;
91;811;...;NA;…;0;
91;812;202;30;0.412;0;
91;813;58;14;0.728;0;
91;821;12;6;0.142;0;
91;822;...;NA;…;0;
91;823;9;4;0.234;0;
91;829;606;53;1.43;1;
91;841;915;72;0.19;0;
91;842;NA;NA;…;0;
91;851;625;32;1.026;1;
91;852;1467;59;0.825;0;
91;853;1323;19;1.282;1;
91;854;2678;6;3.431;1;
91;855;136;37;0.89;0;
91;856;45;6;1.122;1;
91;861;1618;5;1.555;1;
91;862;1133;223;2.272;1;
91;869;44;13;0.172;0;
91;872;...;NA;…;1;
91;873;735;10;1.511;1;
91;879;...;NA;…;0;
91;881;237;7;1.285;1;
91;889;458;10;1.652;1;
91;900;NA;6;…;0;
91;910;287;7;1.395;1;
91;920;NA;NA;…;1;
91;931;325;39;1.739;1;
91;932;92;16;0.769;0;
91;941;NA;NA;…;0;
91;942;NA;NA;…;0;
91;949;123;21;0.368;0;
91;951;16;4;0.441;0;
91;952;113;39;1.685;1;
91;960;1473;277;4.175;1;
92;11;96;28;3.285;1;
92;14;40;9;1.624;1;
92;15;NA;NA;…;0;
92;16;28;5;3.615;1;
92;21;...;NA;…;1;
92;24;27;4;9.197;1;
92;101;NA;NA;…;0;
92;103;...;NA;…;1;
92;107;44;4;1.917;1;
92;108;NA;NA;…;0;
92;109;NA;NA;…;0;
92;110;8;4;0.913;0;
92;139;NA;NA;…;1;
92;141;27;6;1.162;1;
92;161;...;NA;…;1;
92;162;NA;NA;…;0;
92;205;NA;NA;…;1;
92;221;NA;NA;…;0;
92;222;NA;NA;…;0;
92;235;NA;NA;…;1;
92;251;38;4;1.738;1;
92;256;40;5;1.867;1;
92;259;...;NA;…;1;
92;282;NA;NA;…;0;
92;293;NA;NA;…;1;
92;310;14;4;0.985;0;
92;331;17;4;1.666;1;
92;332;NA;NA;…;0;
92;383;NA;NA;…;1;
92;411;...;NA;…;1;
92;412;124;24;09.febr;1;
92;421;44;7;2.875;1;
92;422;NA;NA;…;0;
92;431;36;7;4.266;1;
92;432;68;11;1.779;1;
92;433;32;12;1.732;1;
92;439;61;13;2.99;1;
92;451;19;5;0.793;0;
92;452;46;5;2.588;1;
92;453;...;NA;…;0;
92;461;...;NA;…;0;
92;462;NA;NA;…;0;
92;463;...;NA;…;0;
92;464;NA;NA;…;0;
92;466;NA;NA;…;0;
92;467;...;NA;…;0;
92;469;12;4;0.496;0;
92;471;78;28;0.845;0;
92;472;50;8;2.144;1;
92;475;...;NA;…;0;
92;477;53;16;0.852;0;
92;478;NA;NA;…;0;
92;479;...;NA;…;0;
92;493;NA;NA;…;0;
92;494;139;29;2.666;1;
92;521;NA;NA;…;0;
92;522;14;4;0.341;0;
92;551;...;NA;…;0;
92;561;44;17;0.699;0;
92;563;32;14;1.898;1;
92;591;NA;NA;…;0;
92;620;...;NA;…;0;
92;631;NA;NA;…;0;
92;641;NA;NA;…;1;
92;661;...;NA;…;1;
92;681;...;NA;…;0;
92;682;...;NA;…;0;
92;683;NA;NA;…;0;
92;692;...;NA;…;0;
92;702;NA;NA;…;0;
92;711;31;4;1.302;1;
92;712;NA;NA;…;0;
92;721;NA;NA;…;0;
92;731;NA;NA;…;0;
92;749;NA;NA;…;1;
92;750;NA;NA;…;1;
92;771;NA;NA;…;1;
92;801;NA;NA;…;0;
92;812;...;NA;…;0;
92;813;NA;NA;…;1;
92;821;NA;NA;…;1;
92;823;9;4;3.982;1;
92;829;NA;NA;…;0;
92;841;392;27;1.388;1;
92;851;90;6;2.518;1;
92;852;160;12;1.534;1;
92;855;...;NA;…;0;
92;856;NA;NA;…;1;
92;862;40;9;1.367;1;
92;869;...;NA;…;0;
92;873;NA;NA;…;0;
92;881;...;NA;…;0;
92;889;NA;NA;…;1;
92;900;NA;NA;…;0;
92;920;NA;NA;…;0;
92;949;...;NA;…;0;
92;952;...;NA;…;1;
92;960;20;8;0.966;0;
93;11;336;60;3.129;1;
93;12;...;NA;…;0;
93;14;606;53;6.696;1;
93;15;29;11;1.898;1;
93;16;92;19;3.233;1;
93;17;...;NA;…;1;
93;21;...;NA;…;1;
93;24;NA;NA;…;0;
93;31;NA;NA;…;1;
93;32;NA;NA;…;1;
93;101;NA;NA;…;0;
93;103;NA;NA;…;1;
93;105;NA;NA;…;1;
93;107;NA;5;…;1;
93;108;NA;NA;…;0;
93;109;...;NA;…;0;
93;110;...;NA;…;0;
93;141;102;6;1.195;1;
93;143;NA;NA;…;0;
93;152;NA;NA;…;0;
93;162;55;10;23.jan;1;
93;171;NA;NA;…;1;
93;181;NA;NA;…;0;
93;222;...;NA;…;0;
93;236;NA;NA;…;0;
93;237;NA;NA;…;1;
93;251;223;12;2.775;1;
93;253;NA;NA;…;0;
93;255;NA;NA;…;0;
93;256;209;7;2.655;1;
93;261;NA;NA;…;0;
93;263;...;NA;…;0;
93;282;24;4;0.454;0;
93;310;48;6;0.919;0;
93;321;NA;NA;…;0;
93;325;...;NA;…;0;
93;329;9;4;0.501;0;
93;331;NA;NA;…;0;
93;370;NA;NA;…;1;
93;383;NA;NA;…;1;
93;411;...;NA;…;0;
93;412;281;37;1.289;1;
93;421;...;NA;…;0;
93;422;80;11;1.376;1;
93;429;NA;NA;…;1;
93;431;24;6;0.774;0;
93;432;214;46;1.524;1;
93;433;96;27;1.414;1;
93;439;187;45;2.495;1;
93;451;92;5;1.045;1;
93;452;37;8;0.567;0;
93;453;13;5;0.361;0;
93;461;69;17;1.289;1;
93;462;55;7;2.302;1;
93;463;151;6;1.422;1;
93;464;...;NA;…;0;
93;466;NA;NA;…;0;
93;467;49;11;0.566;0;
93;469;NA;NA;…;0;
93;471;345;63;1.017;1;
93;472;130;39;1.517;1;
93;473;...;NA;…;0;
93;474;...;NA;…;0;
93;475;76;22;0.96;0;
93;476;14;5;0.601;0;
93;477;238;61;1.041;1;
93;478;27;12;1.307;1;
93;479;17;8;0.513;0;
93;493;...;NA;…;0;
93;494;364;44;09.jan;1;
93;504;NA;NA;…;1;
93;522;24;6;0.159;0;
93;551;54;4;0.856;0;
93;552;26;4;5.125;1;
93;553;NA;NA;…;1;
93;559;NA;NA;…;0;
93;561;180;51;0.779;0;
93;562;NA;NA;…;0;
93;563;169;57;2.728;1;
93;581;NA;NA;…;0;
93;582;NA;NA;…;0;
93;602;...;NA;…;0;
93;611;NA;NA;…;0;
93;631;...;NA;…;0;
93;639;NA;NA;…;1;
93;641;...;NA;…;0;
93;649;NA;NA;…;0;
93;661;NA;NA;…;0;
93;662;9;4;0.595;0;
93;681;NA;NA;…;0;
93;682;28;11;0.376;0;
93;683;NA;NA;…;0;
93;691;NA;NA;…;0;
93;692;49;20;0.277;0;
93;701;NA;NA;…;0;
93;702;12;6;0.144;0;
93;712;NA;NA;…;1;
93;731;NA;NA;…;0;
93;749;27;6;0.885;0;
93;750;...;NA;…;1;
93;771;NA;NA;…;0;
93;773;NA;NA;…;0;
93;782;...;NA;…;0;
93;801;NA;NA;…;0;
93;802;...;NA;…;0;
93;812;12;4;0.113;0;
93;829;219;20;2.397;1;
93;841;2282;15;02.febr;1;
93;851;251;7;1.911;1;
93;852;863;16;2.251;1;
93;853;NA;NA;…;0;
93;855;39;6;1.184;1;
93;856;...;NA;…;1;
93;862;75;15;0.698;0;
93;869;19;4;0.344;0;
93;873;156;4;1.487;1;
93;879;NA;NA;…;1;
93;881;87;6;2.188;1;
93;889;NA;4;…;1;
93;900;NA;NA;…;0;
93;910;43;5;0.97;0;
93;920;...;NA;…;0;
93;931;70;8;1.738;1;
93;932;NA;NA;…;0;
93;941;NA;NA;…;1;
93;949;156;15;2.167;1;
93;952;11;5;0.761;0;
93;960;102;21;1.341;1;
94;11;770;116;4.289;1;
94;12;...;NA;…;0;
94;14;664;77;4.388;1;
94;15;150;15;5.873;1;
94;16;163;31;3.426;1;
94;17;27;7;5.853;1;
94;21;NA;NA;…;0;
94;24;...;NA;…;0;
94;31;NA;NA;…;1;
94;81;NA;NA;…;1;
94;101;...;NA;…;0;
94;103;NA;NA;…;0;
94;104;...;NA;…;1;
94;105;...;NA;…;1;
94;107;51;7;0.362;0;
94;108;17;4;0.322;0;
94;110;22;4;0.409;0;
94;139;NA;NA;…;1;
94;141;960;16;6.729;1;
94;143;NA;NA;…;1;
94;161;NA;NA;…;0;
94;162;169;8;26.febr;1;
94;201;...;NA;…;0;
94;222;62;5;0.401;0;
94;236;31;4;0.97;0;
94;237;...;NA;…;1;
94;245;32;6;1.132;1;
94;251;150;12;1.117;1;
94;252;NA;NA;…;1;
94;256;104;14;0.79;0;
94;257;54;4;1.939;1;
94;274;NA;NA;…;1;
94;275;NA;NA;…;0;
94;281;NA;NA;…;0;
94;282;...;NA;…;0;
94;293;...;NA;…;0;
94;309;NA;NA;…;1;
94;310;...;NA;…;0;
94;321;...;NA;…;1;
94;329;NA;NA;…;0;
94;331;10;4;0.16;0;
94;351;...;NA;…;0;
94;352;NA;NA;…;0;
94;353;NA;NA;…;1;
94;360;NA;NA;…;0;
94;370;...;NA;…;0;
94;381;NA;NA;…;0;
94;382;NA;NA;…;1;
94;383;NA;NA;…;0;
94;411;...;NA;…;0;
94;412;295;51;0.81;0;
94;421;...;NA;…;0;
94;422;93;8;0.957;0;
94;429;NA;NA;…;1;
94;431;72;14;1.389;1;
94;432;167;27;0.711;0;
94;433;93;29;0.819;0;
94;439;36;13;0.287;0;
94;451;91;15;0.618;0;
94;452;61;16;0.559;0;
94;453;38;8;0.632;0;
94;461;44;12;0.492;0;
94;462;100;12;2.504;1;
94;463;63;10;0.355;0;
94;464;147;10;0.832;0;
94;466;...;NA;…;0;
94;467;60;12;0.415;0;
94;469;...;NA;…;0;
94;471;557;96;0.982;0;
94;472;140;41;0.977;0;
94;473;...;NA;…;0;
94;474;...;NA;…;0;
94;475;110;27;0.831;0;
94;476;27;7;0.693;0;
94;477;413;94;08.jan;1;
94;478;48;11;1.39;1;
94;479;29;10;0.524;0;
94;493;57;7;0.294;0;
94;494;415;51;1.296;1;
94;521;13;4;0.401;0;
94;522;53;8;0.21;0;
94;532;16;5;0.837;0;
94;551;52;5;0.493;0;
94;552;...;NA;…;0;
94;559;11;4;0.639;0;
94;561;282;65;0.73;0;
94;562;94;11;1.449;1;
94;563;180;60;1.738;1;
94;581;...;NA;…;0;
94;582;NA;NA;…;0;
94;602;NA;NA;…;0;
94;611;NA;NA;…;0;
94;620;12;5;0.055;0;
94;631;...;NA;…;0;
94;641;...;NA;…;0;
94;649;NA;NA;…;0;
94;661;...;NA;…;0;
94;662;24;11;0.949;0;
94;681;18;6;0.187;0;
94;682;59;10;0.474;0;
94;683;...;NA;…;0;
94;691;24;7;0.482;0;
94;692;76;28;0.257;0;
94;701;NA;NA;…;0;
94;702;34;15;0.243;0;
94;711;55;12;0.376;0;
94;712;11;4;0.359;0;
94;721;NA;NA;…;0;
94;731;NA;NA;…;0;
94;732;NA;NA;…;0;
94;743;NA;NA;…;0;
94;749;...;NA;…;0;
94;750;NA;NA;…;0;
94;771;14;4;1.148;1;
94;772;...;NA;…;1;
94;773;...;NA;…;0;
94;783;NA;NA;…;0;
94;801;19;6;0.159;0;
94;802;19;7;0.338;0;
94;803;NA;NA;…;1;
94;811;NA;NA;…;0;
94;812;13;4;0.074;0;
94;813;NA;NA;…;0;
94;821;...;NA;…;0;
94;823;NA;NA;…;0;
94;829;51;11;0.334;0;
94;841;4449;55;2.565;1;
94;842;NA;NA;…;0;
94;851;274;15;1.248;1;
94;852;999;39;1.559;1;
94;853;1268;12;3.408;1;
94;855;34;11;0.617;0;
94;861;NA;6;…;1;
94;862;107;32;0.595;0;
94;869;16;8;0.173;0;
94;872;NA;NA;…;1;
94;873;155;6;0.884;0;
94;879;...;NA;…;1;
94;881;41;7;0.617;0;
94;889;252;10;2.522;1;
94;900;NA;NA;…;0;
94;910;62;5;0.836;0;
94;920;...;NA;…;0;
94;931;...;NA;…;0;
94;932;48;8;1.113;1;
94;949;54;9;0.449;0;
94;951;NA;NA;…;0;
94;952;16;5;0.662;0;
94;960;43;18;0.338;0;
95;11;482;109;0.311;0;
95;12;67;15;0.385;0;
95;13;76;10;1.542;1;
95;14;1501;65;1.148;1;
95;15;87;12;0.394;0;
95;16;239;43;0.581;0;
95;17;...;NA;…;0;
95;21;16;6;0.279;0;
95;22;67;7;0.273;0;
95;24;25;8;0.16;0;
95;31;NA;NA;…;0;
95;32;...;NA;…;0;
95;52;NA;NA;…;0;
95;81;58;4;0.522;0;
95;101;1193;16;07.jan;1;
95;103;2556;28;6.777;1;
95;104;NA;NA;…;0;
95;105;NA;5;…;1;
95;106;235;5;1.59;1;
95;107;952;60;0.782;0;
95;108;609;22;1.333;1;
95;109;NA;4;…;0;
95;110;207;21;0.445;0;
95;120;NA;NA;…;1;
95;132;...;NA;…;0;
95;133;NA;NA;…;0;
95;139;133;20;0.2;0;
95;141;1147;123;0.931;0;
95;142;NA;NA;…;1;
95;143;217;6;1.981;1;
95;151;...;NA;…;0;
95;152;122;14;0.334;0;
95;161;66;12;0.283;0;
95;162;203;39;0.314;0;
95;172;4800;17;8.531;1;
95;181;1289;77;2.046;1;
95;182;...;NA;…;0;
95;201;...;NA;…;0;
95;203;NA;NA;…;0;
95;205;...;NA;…;0;
95;211;...;NA;…;0;
95;212;NA;NA;…;1;
95;221;...;NA;…;0;
95;222;1199;57;0.897;0;
95;231;...;NA;…;0;
95;233;NA;NA;…;0;
95;235;NA;NA;…;0;
95;236;126;15;0.456;0;
95;237;31;6;0.578;0;
95;239;NA;NA;…;0;
95;243;318;5;3.264;1;
95;244;NA;NA;…;0;
95;245;NA;NA;…;0;
95;251;493;56;0.425;0;
95;252;73;4;0.472;0;
95;253;NA;NA;…;0;
95;255;...;NA;…;1;
95;256;473;56;0.416;0;
95;257;250;17;1.039;1;
95;259;163;10;0.443;0;
95;261;1974;6;2.88;1;
95;262;...;NA;…;0;
95;263;65;7;0.17;0;
95;264;NA;NA;…;0;
95;265;...;NA;…;0;
95;266;NA;8;…;1;
95;267;NA;NA;…;0;
95;271;72;5;0.146;0;
95;273;NA;NA;…;0;
95;279;...;NA;…;0;
95;281;1842;11;1.291;1;
95;282;320;33;0.419;0;
95;283;281;9;1.679;1;
95;284;30;5;0.496;0;
95;289;284;24;0.737;0;
95;292;NA;NA;…;0;
95;293;48;5;0.019;0;
95;303;NA;NA;…;1;
95;310;321;41;0.426;0;
95;321;30;5;0.815;0;
95;323;24;4;0.457;0;
95;324;27;4;0.207;0;
95;325;739;50;1.817;1;
95;329;57;16;0.22;0;
95;331;866;65;1.599;1;
95;332;136;21;0.854;0;
95;351;1124;7;2.61;1;
95;352;NA;NA;…;0;
95;353;...;NA;…;0;
95;360;782;5;1.084;1;
95;370;161;10;0.95;0;
95;381;219;11;0.527;0;
95;382;NA;NA;…;1;
95;383;13;4;0.127;0;
95;390;NA;5;…;1;
95;411;202;38;0.756;0;
95;412;3106;387;0.987;0;
95;421;807;47;0.994;0;
95;422;793;80;0.944;0;
95;429;78;17;0.399;0;
95;431;205.585;44;0.459;0;
95;432;2490;382;1.228;1;
95;433;873;218;0.89;0;
95;439;829;161;0.766;0;
95;451;1509;215;1.186;1;
95;452;1095.407;185;1.161;1;
95;453;687;121;1.322;1;
95;454;...;NA;…;0;
95;461;650;143;0.841;0;
95;462;345;61;1;1;
95;463;1640;134;1.069;1;
95;464;1042;147;0.682;0;
95;465;125;15;0.546;0;
95;466;485;44;1.118;1;
95;467;2134;172;1.708;1;
95;469;1022;115;0.796;0;
95;471;3223;500;0.658;0;
95;472;970;230;0.784;0;
95;473;242;20;0.832;0;
95;474;206;39;0.821;0;
95;475;1166;224;1.019;1;
95;476;220;57;0.654;0;
95;477;2665;556;0.807;0;
95;478;407;156;1.364;1;
95;479;443;132;0.926;0;
95;491;NA;NA;…;0;
95;492;...;NA;…;0;
95;493;2083;74;1.245;1;
95;494;2828;283;1.022;1;
95;521;118;11;0.421;0;
95;522;904;51;0.415;0;
95;532;46;11;0.278;0;
95;551;572;35;0.628;0;
95;552;31;9;0.423;0;
95;553;...;NA;…;0;
95;559;256;16;1.721;1;
95;561;2574;426;0.771;0;
95;562;397;48;0.708;0;
95;563;717;195;0.801;0;
95;581;963;53;2.216;1;
95;582;98;24;0.465;0;
95;591;31;5;0.167;0;
95;592;...;NA;…;0;
95;601;26;7;1.192;1;
95;602;76;14;0.623;0;
95;611;91;12;0.272;0;
95;612;...;NA;…;0;
95;619;...;NA;…;0;
95;620;1275;192;0.678;0;
95;631;291;50;0.819;0;
95;639;32;6;0.537;0;
95;641;NA;5;…;0;
95;642;NA;NA;…;1;
95;649;NA;NA;…;0;
95;651;...;NA;…;0;
95;653;NA;NA;…;0;
95;661;125;43;0.603;0;
95;662;220;89;1.007;1;
95;663;NA;NA;…;0;
95;681;910;171;1.095;1;
95;682;1250;187;1.162;1;
95;683;563;91;1;1;
95;691;494;161;1.148;1;
95;692;966;274;0.378;0;
95;701;32;5;0.184;0;
95;702;675;172;0.559;0;
95;711;871;208;0.689;0;
95;712;174;41;0.657;0;
95;721;521;69;0.76;0;
95;722;19;5;0.157;0;
95;731;856;57;1.867;1;
95;732;176;35;1.609;1;
95;741;25;9;0.698;0;
95;742;68;19;0.764;0;
95;743;34;12;0.672;0;
95;749;397;114;0.901;0;
95;750;138;17;1.92;1;
95;771;49;13;0.465;0;
95;772;161;18;2.303;1;
95;773;124;25;0.629;0;
95;781;61;9;0.155;0;
95;782;3726;13;1.834;1;
95;783;127;6;0.368;0;
95;791;137;25;0.585;0;
95;799;...;NA;…;1;
95;801;825;101;0.797;0;
95;802;442;36;0.91;0;
95;803;...;NA;…;0;
95;811;521;14;1.055;1;
95;812;1367.341;149;0.895;0;
95;813;164;21;0.661;0;
95;821;108;42;0.41;0;
95;822;...;NA;…;0;
95;823;69;23;0.575;0;
95;829;1389;115;1.052;1;
95;841;7958;35;0.531;0;
95;842;4041;10;1.325;1;
95;843;772;4;2.159;1;
95;851;1562;44;0.823;0;
95;852;5629;96;1.017;1;
95;853;5173;67;1.609;1;
95;854;12338;43;5.075;1;
95;855;446;104;0.937;0;
95;856;169;13;1.353;1;
95;861;6064;27;1.872;1;
95;862;2180;490;1.404;1;
95;869;460;50;0.576;0;
95;871;...;NA;…;0;
95;873;1816;15;1.199;1;
95;879;1053;10;2.383;1;
95;881;682;14;1.187;1;
95;889;997;17;1.155;1;
95;900;649;33;1.249;1;
95;910;673;13;1.051;1;
95;920;218;27;1.39;1;
95;931;682;70;1.172;1;
95;932;235;30;0.631;0;
95;941;81;9;1.082;1;
95;942;...;NA;…;0;
95;949;1659;110;1.595;1;
95;951;100;20;0.884;0;
95;952;202;63;0.967;0;
95;960;970;265;0.883;0;
96;11;419;76;3.746;1;
96;12;NA;NA;…;0;
96;13;NA;NA;…;1;
96;14;518;35;5.494;1;
96;15;95;9;5.97;1;
96;16;174;30;5.869;1;
96;17;...;NA;…;1;
96;21;...;NA;…;1;
96;22;13;6;0.735;0;
96;24;59;7;5.251;1;
96;101;187;10;2.326;1;
96;103;75;6;2.758;1;
96;104;NA;NA;…;0;
96;105;NA;NA;…;0;
96;106;NA;NA;…;1;
96;107;83;11;0.945;0;
96;108;NA;NA;…;0;
96;110;22;9;0.656;0;
96;139;21;6;0.438;0;
96;141;74;8;0.832;0;
96;161;...;NA;…;0;
96;162;65;10;1.395;1;
96;172;NA;NA;…;0;
96;201;NA;NA;…;0;
96;205;NA;NA;…;1;
96;222;43;5;0.446;0;
96;231;...;NA;…;0;
96;235;32;4;17.jún;1;
96;236;...;NA;…;0;
96;251;87;10;1.039;1;
96;255;NA;NA;…;0;
96;256;58;9;0.707;0;
96;257;NA;NA;…;1;
96;259;NA;NA;…;0;
96;265;NA;NA;…;0;
96;271;NA;NA;…;0;
96;281;NA;NA;…;0;
96;282;...;NA;…;0;
96;283;NA;NA;…;0;
96;310;99;7;1.82;1;
96;325;NA;NA;…;1;
96;329;13;5;0.694;0;
96;331;NA;NA;…;0;
96;360;NA;NA;…;0;
96;370;...;NA;…;0;
96;383;NA;NA;…;1;
96;390;NA;NA;…;0;
96;411;...;NA;…;1;
96;412;271;61;1.194;1;
96;421;51;7;0.871;0;
96;422;56;10;0.925;0;
96;429;NA;NA;…;0;
96;431;32;6;0.991;0;
96;432;120;31;0.82;0;
96;433;110;37;1.555;1;
96;439;120;35;1.537;1;
96;451;72;19;0.785;0;
96;452;48;13;0.706;0;
96;453;66;9;1.761;1;
96;461;66;14;1.184;1;
96;462;61;7;2.451;1;
96;463;93;13;0.841;0;
96;464;...;NA;…;0;
96;466;50;7;1.598;1;
96;467;44;10;0.488;0;
96;471;550;105;1.556;1;
96;472;175;52;1.961;1;
96;473;...;NA;…;0;
96;474;...;NA;…;0;
96;475;119;18;1.443;1;
96;476;12;4;0.495;0;
96;477;277;79;1.163;1;
96;478;33;16;1.533;1;
96;479;18;7;0.522;0;
96;493;29;5;0.24;0;
96;494;259;44;1.298;1;
96;521;NA;NA;…;0;
96;522;NA;NA;…;0;
96;532;...;NA;…;0;
96;551;NA;NA;…;0;
96;552;NA;NA;…;1;
96;559;...;NA;…;0;
96;561;160;32;0.664;0;
96;562;44;7;1.089;1;
96;563;84;33;1.302;1;
96;581;NA;NA;…;0;
96;591;NA;NA;…;0;
96;602;NA;NA;…;0;
96;611;...;NA;…;0;
96;619;NA;NA;…;0;
96;620;22;6;0.162;0;
96;631;NA;NA;…;0;
96;641;...;NA;…;1;
96;661;...;NA;…;0;
96;662;15;5;0.952;0;
96;681;91;14;1.519;1;
96;682;45;10;0.58;0;
96;683;13;6;0.32;0;
96;691;NA;NA;…;0;
96;692;24;10;0.13;0;
96;702;45;11;0.517;0;
96;711;...;NA;…;0;
96;712;...;NA;…;0;
96;731;...;NA;…;0;
96;749;36;8;1.133;1;
96;750;...;NA;…;1;
96;772;NA;NA;…;0;
96;773;NA;NA;…;0;
96;782;NA;NA;…;0;
96;801;...;NA;…;0;
96;803;NA;NA;…;0;
96;812;40.815;7;0.37;0;
96;813;...;NA;…;0;
96;821;...;NA;…;0;
96;823;NA;NA;…;0;
96;829;34;7;0.357;0;
96;841;2450;34;2.267;1;
96;851;364;15;2.661;1;
96;852;973;20;2.437;1;
96;853;NA;NA;…;0;
96;855;...;NA;…;0;
96;856;...;NA;…;1;
96;862;57;20;0.509;0;
96;869;...;NA;…;0;
96;873;474;12;4.339;1;
96;881;41;5;0.99;0;
96;889;...;NA;…;0;
96;900;NA;NA;…;0;
96;910;26;5;0.563;0;
96;920;9;4;0.796;0;
96;931;NA;NA;…;0;
96;932;67;7;2.494;1;
96;949;299;12;3.987;1;
96;952;...;NA;…;0;
96;960;50;22;0.631;0;
97;11;282;57;1.819;1;
97;12;76;6;4.364;1;
97;14;712;38;5.448;1;
97;15;NA;10;…;1;
97;16;170;32;4.137;1;
97;17;NA;NA;…;1;
97;21;NA;NA;…;0;
97;22;NA;NA;…;0;
97;24;10;4;0.642;0;
97;101;...;NA;…;1;
97;105;NA;NA;…;1;
97;106;NA;NA;…;0;
97;107;273;16;2.242;1;
97;108;...;NA;…;0;
97;109;NA;NA;…;0;
97;110;18;7;0.387;0;
97;133;NA;NA;…;1;
97;139;...;NA;…;1;
97;141;393;18;3.189;1;
97;152;...;NA;…;1;
97;161;40;4;1.715;1;
97;162;218;20;3.376;1;
97;172;NA;NA;…;0;
97;181;NA;NA;…;0;
97;212;NA;NA;…;1;
97;221;NA;NA;…;0;
97;222;18;4;0.135;0;
97;236;...;NA;…;0;
97;243;NA;NA;…;1;
97;251;265;12;2.284;1;
97;256;276;15;2.428;1;
97;257;...;NA;…;1;
97;259;153;5;4.157;1;
97;264;NA;NA;…;0;
97;279;NA;NA;…;0;
97;281;NA;NA;…;0;
97;282;NA;NA;…;0;
97;284;...;NA;…;0;
97;289;...;NA;…;0;
97;310;286;18;3.794;1;
97;321;NA;NA;…;0;
97;325;NA;NA;…;0;
97;329;...;NA;…;1;
97;331;39;8;0.721;0;
97;332;NA;NA;…;0;
97;351;NA;NA;…;0;
97;360;NA;NA;…;1;
97;370;34;6;2.006;1;
97;381;...;NA;…;0;
97;382;NA;NA;…;1;
97;390;NA;NA;…;1;
97;411;39;8;1.459;1;
97;412;475;64;1.509;1;
97;421;NA;NA;…;0;
97;422;46;12;0.548;0;
97;431;25;5;0.558;0;
97;432;223;40;01.jan;1;
97;433;148;43;1.51;1;
97;439;371;33;3.428;1;
97;451;34;11;0.267;0;
97;452;122;25;1.294;1;
97;453;41;10;0.789;0;
97;454;...;NA;…;1;
97;461;92;19;19.jan;1;
97;462;20;6;0.58;0;
97;463;51;12;0.333;0;
97;464;53;4;0.347;0;
97;465;...;NA;…;0;
97;466;...;NA;…;0;
97;467;164;17;1.313;1;
97;469;76;9;0.592;0;
97;471;565;91;1.153;1;
97;472;185;47;1.496;1;
97;473;...;NA;…;0;
97;474;16;7;0.638;0;
97;475;157;31;1.373;1;
97;476;34;11;1.011;1;
97;477;222;70;0.672;0;
97;478;70;19;2.347;1;
97;479;47;12;0.983;0;
97;493;23;6;0.138;0;
97;494;587;101;2.122;1;
97;522;38;10;0.174;0;
97;532;NA;NA;…;0;
97;553;NA;NA;…;1;
97;561;191;56;0.572;0;
97;562;NA;5;…;1;
97;563;54;23;0.604;0;
97;581;...;NA;…;0;
97;582;NA;NA;…;0;
97;591;NA;NA;…;0;
97;601;NA;NA;…;0;
97;602;...;NA;…;1;
97;611;...;NA;…;0;
97;620;17;6;0.09;0;
97;631;...;NA;…;0;
97;641;NA;NA;…;0;
97;661;12;6;0.579;0;
97;662;38;15;1.739;1;
97;681;44;11;0.53;0;
97;682;51;11;0.474;0;
97;683;12;5;0.213;0;
97;691;28;9;0.651;0;
97;692;147;29;0.575;0;
97;702;30;11;0.249;0;
97;711;70;16;0.554;0;
97;712;...;NA;…;0;
97;721;NA;NA;…;0;
97;731;17;6;0.371;0;
97;732;NA;NA;…;0;
97;741;...;NA;…;1;
97;742;NA;NA;…;0;
97;743;NA;NA;…;0;
97;749;56;10;1.271;1;
97;750;...;NA;…;0;
97;771;...;NA;…;1;
97;781;NA;NA;…;0;
97;791;...;NA;…;0;
97;801;75;7;0.725;0;
97;802;...;NA;…;0;
97;811;NA;NA;…;0;
97;812;127;6;0.831;0;
97;813;NA;NA;…;0;
97;829;122;12;0.925;0;
97;841;1765;8;1.178;1;
97;842;NA;NA;…;0;
97;851;189;5;0.997;0;
97;852;974;24;1.76;1;
97;853;562;7;1.749;1;
97;854;NA;NA;…;0;
97;855;28;7;0.589;0;
97;856;NA;NA;…;0;
97;862;130;33;0.838;0;
97;869;...;NA;…;0;
97;873;...;NA;…;0;
97;879;NA;NA;…;0;
97;881;144;4;2.508;1;
97;889;78;4;0.904;0;
97;900;NA;NA;…;0;
97;910;38;5;0.593;0;
97;920;11;5;0.702;0;
97;931;37;8;0.636;0;
97;932;NA;NA;…;0;
97;942;NA;NA;…;0;
97;949;105;7;01.jan;1;
97;951;...;NA;…;0;
97;952;20;9;0.958;0;
97;960;80;28;0.728;0;
98;11;194;12;3.196;1;
98;12;...;NA;…;0;
98;14;31;8;0.606;0;
98;15;...;NA;…;1;
98;16;12;6;0.746;0;
98;17;NA;NA;…;1;
98;21;...;NA;…;1;
98;22;31;5;3.229;1;
98;24;9;4;1.476;1;
98;101;NA;NA;…;0;
98;103;21;5;1.423;1;
98;107;...;NA;…;1;
98;110;40;4;2.199;1;
98;141;...;NA;…;0;
98;161;25;6;2.738;1;
98;162;...;NA;…;1;
98;201;NA;NA;…;0;
98;222;...;NA;…;0;
98;237;NA;NA;…;1;
98;256;22;5;0.494;0;
98;259;NA;NA;…;0;
98;265;NA;NA;…;1;
98;267;NA;NA;…;1;
98;275;NA;NA;…;1;
98;281;NA;NA;…;0;
98;283;NA;NA;…;1;
98;284;...;NA;…;1;
98;293;NA;NA;…;1;
98;331;...;NA;…;0;
98;381;...;NA;…;0;
98;411;NA;NA;…;0;
98;412;234;39;09.jan;1;
98;421;NA;NA;…;0;
98;422;23;8;0.7;0;
98;429;NA;NA;…;0;
98;431;42;7;2.397;1;
98;432;60;17;0.756;0;
98;433;62;17;1.616;1;
98;439;63;20;1.487;1;
98;451;23;7;0.462;0;
98;452;27;9;0.731;0;
98;453;17;5;0.836;0;
98;461;16;5;0.529;0;
98;462;...;NA;…;0;
98;463;29;6;0.483;0;
98;464;60;7;1.004;1;
98;467;121;7;2.475;1;
98;469;10;4;0.199;0;
98;471;240;48;1.252;1;
98;472;50;20;1.033;1;
98;474;...;NA;…;0;
98;475;31;10;0.693;0;
98;476;...;NA;…;0;
98;477;105;35;0.813;0;
98;478;17;8;1.456;1;
98;479;14;7;0.748;0;
98;494;92;12;0.85;0;
98;521;NA;NA;…;0;
98;522;NA;NA;…;0;
98;551;...;NA;…;0;
98;561;94;20;0.719;0;
98;562;NA;NA;…;0;
98;563;59;17;1.685;1;
98;582;NA;NA;…;0;
98;601;NA;NA;…;1;
98;611;NA;NA;…;0;
98;631;NA;NA;…;0;
98;639;NA;NA;…;1;
98;641;NA;NA;…;0;
98;661;...;NA;…;0;
98;662;...;NA;…;0;
98;681;...;NA;…;1;
98;682;39;4;0.926;0;
98;683;NA;NA;…;0;
98;691;NA;NA;…;0;
98;692;11;4;0.11;0;
98;702;...;NA;…;0;
98;711;81;11;1.639;1;
98;712;NA;NA;…;0;
98;721;...;NA;…;0;
98;722;NA;NA;…;0;
98;731;...;NA;…;0;
98;742;...;NA;…;1;
98;749;...;NA;…;0;
98;771;NA;NA;…;0;
98;772;NA;NA;…;0;
98;781;NA;NA;…;0;
98;801;18;9;0.444;0;
98;802;NA;NA;…;0;
98;813;NA;NA;…;0;
98;821;NA;NA;…;0;
98;823;NA;NA;…;1;
98;829;...;NA;…;0;
98;841;1233;10;2.103;1;
98;851;120;5;1.617;1;
98;852;983;13;4.537;1;
98;853;...;NA;…;0;
98;855;...;NA;…;0;
98;862;27;10;0.444;0;
98;869;NA;NA;…;0;
98;881;96;6;4.272;1;
98;889;149;10;4.412;1;
98;900;...;NA;…;0;
98;910;17;4;0.678;0;
98;920;NA;NA;…;0;
98;931;...;NA;…;0;
98;941;NA;NA;…;1;
98;949;NA;NA;…;0;
98;951;...;NA;…;1;
98;952;11;5;1.346;1;
98;960;58;18;1.349;1;
99;11;341;60;3.343;1;
99;13;NA;NA;…;1;
99;14;437;32;5.082;1;
99;15;59;14;4.065;1;
99;16;98;16;3.624;1;
99;17;NA;NA;…;0;
99;22;NA;NA;…;0;
99;24;NA;NA;…;0;
99;101;...;NA;…;0;
99;103;...;NA;…;1;
99;104;NA;NA;…;1;
99;107;33;7;0.412;0;
99;110;...;NA;…;0;
99;139;...;NA;…;0;
99;141;133;11;1.641;1;
99;161;NA;NA;…;0;
99;162;18;7;0.424;0;
99;172;...;NA;…;1;
99;181;...;NA;…;0;
99;201;NA;NA;…;0;
99;222;52;10;0.591;0;
99;231;...;NA;…;0;
99;233;NA;NA;…;1;
99;236;...;NA;…;1;
99;237;NA;NA;…;0;
99;251;164;14;2.148;1;
99;252;NA;NA;…;1;
99;256;18;6;0.241;0;
99;257;NA;NA;…;0;
99;273;NA;NA;…;1;
99;282;...;NA;…;1;
99;283;NA;NA;…;0;
99;284;NA;NA;…;0;
99;310;47;6;0.947;0;
99;321;NA;NA;…;0;
99;325;...;NA;…;0;
99;329;NA;NA;…;1;
99;331;...;NA;…;0;
99;332;NA;NA;…;0;
99;353;NA;NA;…;1;
99;381;...;NA;…;0;
99;382;NA;NA;…;1;
99;390;NA;NA;…;0;
99;411;NA;NA;…;0;
99;412;386;56;1.864;1;
99;421;...;NA;…;0;
99;422;...;NA;…;1;
99;429;...;NA;…;0;
99;431;125;13;4.244;1;
99;432;150;25;1.124;1;
99;433;65;17;1.008;1;
99;439;84;13;1.179;1;
99;451;...;NA;…;0;
99;452;39;10;0.629;0;
99;453;18;7;0.527;0;
99;461;43;9;0.846;0;
99;462;40;7;1.762;1;
99;463;36;6;0.357;0;
99;464;16;5;0.159;0;
99;466;...;NA;…;0;
99;467;63;7;0.767;0;
99;469;...;NA;…;0;
99;471;496;54;1.539;1;
99;472;215;36;2.642;1;
99;473;21;5;1.098;1;
99;474;8;4;0.485;0;
99;475;97;27;1.289;1;
99;476;...;NA;…;0;
99;477;161;57;0.741;0;
99;478;23;6;1.172;1;
99;479;17;6;0.54;0;
99;493;NA;NA;…;0;
99;494;303;42;1.665;1;
99;521;NA;NA;…;1;
99;522;23;4;0.161;0;
99;532;NA;NA;…;0;
99;551;NA;NA;…;0;
99;552;...;NA;…;1;
99;559;NA;NA;…;0;
99;561;232;49;1.056;1;
99;562;...;NA;…;0;
99;563;65;30;1.105;1;
99;582;NA;NA;…;0;
99;591;NA;NA;…;0;
99;611;...;NA;…;0;
99;612;NA;NA;…;0;
99;619;NA;NA;…;1;
99;620;17;5;0.137;0;
99;631;...;NA;…;0;
99;641;...;NA;…;1;
99;661;NA;NA;…;0;
99;662;...;NA;…;0;
99;681;NA;NA;…;0;
99;682;35;6;0.495;0;
99;683;NA;NA;…;0;
99;691;...;NA;…;0;
99;692;58;18;0.345;0;
99;702;NA;5;…;0;
99;711;13;5;0.156;0;
99;712;...;NA;…;0;
99;731;NA;NA;…;0;
99;742;NA;NA;…;0;
99;743;...;NA;…;1;
99;749;25;9;0.862;0;
99;750;...;NA;…;0;
99;771;NA;NA;…;0;
99;772;NA;NA;…;0;
99;773;NA;NA;…;1;
99;782;NA;NA;…;0;
99;783;NA;NA;…;0;
99;801;...;NA;…;0;
99;802;14;5;0.438;0;
99;812;11;4;0.109;0;
99;813;...;NA;…;1;
99;829;19;4;0.219;0;
99;841;1674;18;1.699;1;
99;842;NA;NA;…;0;
99;851;214;7;1.715;1;
99;852;840;16;2.307;1;
99;853;320;4;1.514;1;
99;855;35;4;1.118;1;
99;856;NA;NA;…;0;
99;861;NA;NA;…;0;
99;862;188;24;1.841;1;
99;869;...;NA;…;0;
99;873;91;4;0.913;0;
99;879;...;NA;…;1;
99;881;...;NA;…;1;
99;889;112;4;1.973;1;
99;900;NA;NA;…;0;
99;910;...;NA;…;0;
99;931;19;6;0.496;0;
99;932;50;5;04.febr;1;
99;949;NA;4;…;1;
99;952;...;NA;…;0;
99;960;60;25;0.83;0;
100;11;624;82;3.091;1;
100;12;...;NA;…;0;
100;13;NA;NA;…;1;
100;14;1728;36;10.155;1;
100;15;215;5;7.486;1;
100;16;234;45;4.373;1;
100;17;NA;NA;…;0;
100;24;NA;NA;…;0;
100;31;NA;NA;…;1;
100;32;NA;NA;…;1;
100;91;43;4;14.87;1;
100;101;257;7;1.771;1;
100;103;NA;NA;…;0;
100;105;NA;NA;…;1;
100;107;106;17;0.669;0;
100;108;NA;NA;…;0;
100;109;NA;NA;…;1;
100;110;12;4;0.198;0;
100;133;NA;NA;…;0;
100;139;...;NA;…;0;
100;141;165;12;1.028;1;
100;142;NA;NA;…;1;
100;143;...;NA;…;1;
100;152;NA;NA;…;0;
100;161;...;NA;…;0;
100;162;41;13;0.488;0;
100;181;NA;NA;…;0;
100;182;NA;NA;…;1;
100;201;...;NA;…;0;
100;211;NA;NA;…;0;
100;221;NA;NA;…;0;
100;222;461;18;2.648;1;
100;231;...;NA;…;0;
100;233;NA;NA;…;1;
100;234;NA;NA;…;0;
100;236;56;7;1.558;1;
100;237;NA;NA;…;0;
100;251;80;12;0.53;0;
100;252;NA;NA;…;0;
100;255;...;NA;…;1;
100;256;18;5;0.122;0;
100;259;NA;NA;…;0;
100;263;NA;NA;…;0;
100;279;NA;NA;…;0;
100;281;27;4;0.145;0;
100;282;15;4;0.151;0;
100;283;...;NA;…;0;
100;284;NA;NA;…;0;
100;310;16;5;0.163;0;
100;321;NA;NA;…;0;
100;325;...;NA;…;0;
100;329;...;NA;…;0;
100;331;87;9;1.235;1;
100;332;60;4;2.893;1;
100;351;...;NA;…;0;
100;352;NA;NA;…;1;
100;360;NA;NA;…;0;
100;370;NA;NA;…;0;
100;381;...;NA;…;1;
100;411;...;NA;…;0;
100;412;614;66;1.498;1;
100;421;64;7;0.605;0;
100;422;75;12;0.686;0;
100;429;...;NA;…;0;
100;431;160;10;2.745;1;
100;432;248;45;0.939;0;
100;433;125;40;0.979;0;
100;439;78;21;0.553;0;
100;451;106;20;0.64;0;
100;452;73;22;0.594;0;
100;453;75;12;1.109;1;
100;454;NA;NA;…;1;
100;461;21;9;0.209;0;
100;462;NA;16;…;1;
100;463;734;17;3.677;1;
100;464;42;8;0.211;0;
100;465;23;5;0.772;0;
100;466;NA;NA;…;0;
100;467;141;15;0.867;0;
100;469;132;14;0.789;0;
100;471;470;94;0.737;0;
100;472;149;40;0.925;0;
100;473;36;4;0.951;0;
100;474;11;5;0.337;0;
100;475;141;27;0.947;0;
100;476;18;7;0.411;0;
100;477;425;122;0.989;0;
100;478;49;20;1.261;1;
100;479;92;21;1.477;1;
100;493;26;7;0.119;0;
100;494;436;65;1.211;1;
100;521;...;NA;…;0;
100;522;...;NA;…;0;
100;551;988;42;8.328;1;
100;552;44;16;4.613;1;
100;559;84;8;4.338;1;
100;561;593;112;1.364;1;
100;562;24;7;0.329;0;
100;563;300;93;2.576;1;
100;581;NA;NA;…;0;
100;582;NA;NA;…;0;
100;591;...;NA;…;0;
100;601;NA;NA;…;0;
100;611;...;NA;…;0;
100;619;NA;NA;…;0;
100;620;33;10;0.135;0;
100;631;16;6;0.346;0;
100;639;...;NA;…;0;
100;661;...;NA;…;0;
100;662;17;8;0.598;0;
100;681;92;19;0.851;0;
100;682;48;17;0.343;0;
100;683;...;NA;…;0;
100;691;29;8;0.518;0;
100;692;111;38;0.333;0;
100;702;70;15;0.445;0;
100;711;65;20;0.395;0;
100;712;50;12;1.451;1;
100;731;12;5;0.201;0;
100;732;NA;NA;…;0;
100;741;NA;NA;…;0;
100;742;...;NA;…;0;
100;749;33;14;0.575;0;
100;750;...;NA;…;1;
100;772;NA;NA;…;0;
100;773;21;8;0.819;0;
100;791;12;4;0.394;0;
100;799;NA;NA;…;0;
100;801;36;9;0.267;0;
100;802;57;5;0.902;0;
100;812;60;20;0.302;0;
100;813;...;NA;…;0;
100;821;...;NA;…;0;
100;823;NA;NA;…;0;
100;829;39;11;0.227;0;
100;841;1256;15;0.644;0;
100;842;NA;NA;…;0;
100;851;298;5;1.207;1;
100;852;1175;24;1.63;1;
100;853;...;NA;…;0;
100;855;35;9;0.565;0;
100;856;NA;NA;…;1;
100;862;183;38;0.905;0;
100;869;50;8;0.481;0;
100;871;NA;NA;…;1;
100;873;220;4;1.116;1;
100;879;NA;NA;…;1;
100;881;...;NA;…;0;
100;889;170;4;1.513;1;
100;900;11;4;0.163;0;
100;910;42;4;0.504;0;
100;920;9;4;0.441;0;
100;931;33;7;0.436;0;
100;932;NA;10;…;1;
100;941;NA;NA;…;0;
100;949;76;6;0.562;0;
100;952;16;4;0.589;0;
100;960;119;48;0.832;0;
101;11;116;30;1.476;1;
101;12;10;4;1.133;1;
101;13;...;NA;…;1;
101;14;89;19;1.343;1;
101;15;50;5;4.471;1;
101;16;13;4;0.624;0;
101;17;...;NA;…;1;
101;21;40;5;13.785;1;
101;22;18;5;1.447;1;
101;24;56;19;7.092;1;
101;101;...;NA;…;1;
101;107;35;5;0.567;0;
101;108;NA;NA;…;0;
101;109;NA;NA;…;0;
101;110;...;NA;…;0;
101;133;NA;NA;…;1;
101;141;116;6;1.857;1;
101;152;221;4;11.942;1;
101;161;57;8;4.819;1;
101;162;235;13;7.178;1;
101;172;NA;NA;…;0;
101;181;NA;NA;…;0;
101;222;NA;NA;…;0;
101;237;NA;NA;…;1;
101;256;NA;NA;…;0;
101;259;NA;NA;…;0;
101;283;NA;NA;…;1;
101;291;NA;NA;…;0;
101;310;67;5;1.753;1;
101;321;NA;NA;…;1;
101;325;NA;NA;…;0;
101;329;NA;NA;…;1;
101;331;NA;NA;…;0;
101;360;NA;NA;…;0;
101;370;NA;NA;…;0;
101;383;NA;NA;…;1;
101;411;56;6;4.133;1;
101;412;245;52;1.536;1;
101;421;53.363;8;1.296;1;
101;422;15;5;0.352;0;
101;429;...;NA;…;1;
101;431;55;12;2.424;1;
101;432;91;20;0.885;0;
101;433;90;24;1.811;1;
101;439;120;18;2.187;1;
101;451;82;16;1.272;1;
101;452;67;6;1.401;1;
101;453;21;8;0.798;0;
101;461;25;5;0.638;0;
101;462;17;5;0.972;0;
101;463;83;8;1.068;1;
101;464;NA;NA;…;0;
101;467;57;12;0.9;0;
101;469;...;NA;…;0;
101;471;375;76;1.51;1;
101;472;106;32;1.69;1;
101;473;74;7;5.023;1;
101;474;...;NA;…;0;
101;475;55;20;0.949;0;
101;476;NA;NA;…;0;
101;477;153;42;0.914;0;
101;478;20;8;1.322;1;
101;479;25;8;1.031;1;
101;493;32;4;0.378;0;
101;494;344;57;2.453;1;
101;522;...;NA;…;0;
101;531;NA;NA;…;0;
101;532;...;NA;…;0;
101;551;NA;NA;…;0;
101;552;NA;NA;…;0;
101;561;70;18;0.414;0;
101;562;23;4;0.81;0;
101;563;72;24;1.588;1;
101;619;NA;NA;…;1;
101;631;NA;NA;…;0;
101;662;NA;NA;…;0;
101;681;17;6;0.404;0;
101;682;18;5;0.33;0;
101;683;NA;NA;…;1;
101;691;NA;NA;…;0;
101;692;35;6;0.27;0;
101;702;37;6;0.605;0;
101;711;19;4;0.297;0;
101;742;...;NA;…;1;
101;749;8;4;0.358;0;
101;771;...;NA;…;1;
101;773;NA;NA;…;0;
101;791;NA;NA;…;0;
101;801;...;NA;…;0;
101;802;NA;NA;…;0;
101;803;NA;NA;…;1;
101;812;16;5;0.207;0;
101;821;NA;NA;…;0;
101;829;27;4;0.404;0;
101;841;1922;20;2.531;1;
101;851;227;11;2.361;1;
101;852;537;13;1.914;1;
101;853;NA;NA;…;0;
101;854;NA;NA;…;0;
101;855;21;6;0.871;0;
101;862;69;15;0.877;0;
101;869;NA;NA;…;0;
101;873;...;NA;…;0;
101;879;NA;NA;…;1;
101;881;25;4;0.859;0;
101;889;172;7;3.932;1;
101;910;18;6;0.554;0;
101;931;NA;NA;…;0;
101;932;...;NA;…;0;
101;949;77;10;1.461;1;
101;951;NA;NA;…;0;
101;960;23;11;0.413;0;
102;11;676;87;5.012;1;
102;12;NA;NA;…;0;
102;14;667;46;5.867;1;
102;15;NA;7;…;1;
102;16;153;30;28.ápr;1;
102;17;...;NA;…;1;
102;21;NA;NA;…;0;
102;24;...;NA;…;0;
102;81;NA;NA;…;1;
102;101;275;4;2.837;1;
102;103;265;5;8.081;1;
102;104;...;NA;…;1;
102;107;203;15;1.917;1;
102;108;...;NA;…;1;
102;109;NA;NA;…;1;
102;110;20;7;0.495;0;
102;141;333;23;3.107;1;
102;151;NA;NA;…;0;
102;161;NA;NA;…;1;
102;162;34;9;0.605;0;
102;172;...;NA;…;0;
102;181;...;NA;…;0;
102;201;NA;NA;…;1;
102;204;...;NA;…;1;
102;205;NA;NA;…;1;
102;222;...;NA;…;0;
102;237;...;NA;…;1;
102;251;54;5;0.535;0;
102;252;NA;NA;…;1;
102;255;NA;NA;…;0;
102;256;122;14;1.234;1;
102;257;NA;NA;…;1;
102;259;55;5;1.718;1;
102;271;NA;NA;…;0;
102;281;...;NA;…;0;
102;282;...;NA;…;0;
102;310;NA;NA;…;0;
102;329;NA;NA;…;0;
102;331;14;5;0.297;0;
102;332;NA;NA;…;1;
102;353;...;NA;…;1;
102;360;NA;NA;…;0;
102;370;...;NA;…;1;
102;381;NA;NA;…;0;
102;383;NA;NA;…;1;
102;390;NA;NA;…;1;
102;411;...;NA;…;0;
102;412;283;43;1.034;1;
102;421;124;11;1.756;1;
102;422;11;4;0.151;0;
102;429;NA;NA;…;1;
102;431;109;15;2.799;1;
102;432;204;33;1.157;1;
102;433;95;27;1.114;1;
102;439;56;12;0.595;0;
102;451;14;4;0.127;0;
102;452;49;13;0.597;0;
102;453;20;6;0.443;0;
102;454;NA;NA;…;0;
102;461;16;5;0.238;0;
102;462;81;12;2.699;1;
102;463;13;6;0.097;0;
102;464;36;5;0.271;0;
102;466;...;NA;…;0;
102;467;51;9;0.469;0;
102;469;46;4;0.412;0;
102;471;422;100;0.99;0;
102;472;102;28;0.948;0;
102;473;8;4;0.316;0;
102;474;9;4;0.413;0;
102;475;59;18;0.593;0;
102;476;21;7;0.718;0;
102;477;250;71;0.871;0;
102;478;43;19;1.657;1;
102;479;26;11;0.625;0;
102;493;NA;NA;…;0;
102;494;266;41;1.106;1;
102;522;...;NA;…;0;
102;531;NA;NA;…;0;
102;532;...;NA;…;0;
102;551;NA;NA;…;0;
102;552;41;7;6.434;1;
102;553;...;NA;…;1;
102;559;NA;NA;…;0;
102;561;161;46;0.554;0;
102;562;19;5;0.39;0;
102;563;171;56;2.198;1;
102;581;NA;NA;…;0;
102;591;...;NA;…;0;
102;620;9;4;0.055;0;
102;631;NA;NA;…;0;
102;641;...;NA;…;0;
102;661;12;4;0.666;0;
102;662;15;7;0.789;0;
102;681;11;4;0.152;0;
102;682;30;10;0.321;0;
102;683;NA;NA;…;0;
102;691;34;8;0.909;0;
102;692;77;16;0.346;0;
102;702;21;8;0.2;0;
102;711;65;14;0.592;0;
102;712;17;4;0.739;0;
102;721;NA;NA;…;0;
102;731;...;NA;…;0;
102;741;...;NA;…;1;
102;742;NA;NA;…;0;
102;749;24;7;0.626;0;
102;771;NA;NA;…;0;
102;781;NA;NA;…;0;
102;782;NA;NA;…;0;
102;802;...;NA;…;0;
102;812;...;NA;…;0;
102;821;...;NA;…;0;
102;823;...;NA;…;0;
102;829;57;7;0.497;0;
102;841;3455;30;2.652;1;
102;842;NA;NA;…;0;
102;851;319;13;1.934;1;
102;852;827;16;1.718;1;
102;853;...;NA;…;0;
102;854;NA;NA;…;0;
102;855;...;NA;…;0;
102;856;...;NA;…;0;
102;862;186;35;1.378;1;
102;869;NA;NA;…;0;
102;873;223;6;1.693;1;
102;879;NA;NA;…;0;
102;881;125;5;2.503;1;
102;889;142;7;1.892;1;
102;900;...;NA;…;0;
102;910;54;8;0.969;0;
102;920;19;6;1.394;1;
102;931;...;NA;…;0;
102;932;31;7;0.957;0;
102;949;74;6;0.818;0;
102;952;NA;NA;…;0;
102;960;46;18;0.481;0;
103;11;...;NA;…;0;
103;14;NA;4;…;1;
103;16;23;4;3.252;1;
103;17;NA;NA;…;1;
103;22;...;NA;…;0;
103;32;NA;NA;…;1;
103;101;NA;NA;…;0;
103;107;...;NA;…;1;
103;108;NA;NA;…;1;
103;110;...;NA;…;0;
103;161;...;NA;…;1;
103;162;43;6;3.869;1;
103;222;NA;NA;…;0;
103;251;NA;NA;…;1;
103;256;NA;NA;…;1;
103;282;NA;NA;…;0;
103;324;NA;NA;…;1;
103;329;NA;NA;…;0;
103;332;NA;NA;…;1;
103;383;NA;NA;…;1;
103;411;...;NA;…;1;
103;412;122;20;2.253;1;
103;421;NA;NA;…;0;
103;431;...;NA;…;1;
103;432;32;7;0.917;0;
103;433;...;NA;…;0;
103;439;21;6;1.127;1;
103;451;8;4;0.366;0;
103;452;...;NA;…;0;
103;453;...;NA;…;0;
103;461;...;NA;…;0;
103;462;NA;NA;…;0;
103;464;...;NA;…;0;
103;465;NA;NA;…;0;
103;467;11;4;0.512;0;
103;469;NA;NA;…;0;
103;471;69;23;0.819;0;
103;472;23;5;08.jan;1;
103;474;NA;NA;…;0;
103;476;...;NA;…;0;
103;477;35;8;0.616;0;
103;478;...;NA;…;0;
103;479;NA;NA;…;0;
103;494;88;13;1.849;1;
103;522;NA;NA;…;0;
103;531;NA;NA;…;0;
103;532;NA;NA;…;1;
103;551;47;6;2.998;1;
103;552;...;NA;…;1;
103;559;...;NA;…;1;
103;561;93;26;1.619;1;
103;562;NA;NA;…;0;
103;563;24;11;1.559;1;
103;641;NA;NA;…;1;
103;662;...;NA;…;1;
103;681;20;4;1.399;1;
103;682;47;4;2.539;1;
103;683;NA;NA;…;1;
103;692;...;NA;…;0;
103;701;NA;NA;…;0;
103;711;...;NA;…;0;
103;749;NA;NA;…;0;
103;772;NA;NA;…;1;
103;773;NA;NA;…;0;
103;783;NA;NA;…;1;
103;801;...;NA;…;1;
103;802;NA;NA;…;0;
103;812;...;NA;…;0;
103;841;433;17;1.68;1;
103;842;NA;NA;…;0;
103;851;48;5;1.471;1;
103;852;290;13;3.045;1;
103;855;NA;NA;…;0;
103;856;NA;NA;…;0;
103;862;10;4;0.374;0;
103;873;...;NA;…;1;
103;879;NA;NA;…;1;
103;889;67;4;4.512;1;
103;900;...;NA;…;0;
103;910;NA;NA;…;0;
103;920;NA;NA;…;0;
103;932;14;4;2.184;1;
103;949;NA;NA;…;1;
103;952;NA;NA;…;1;
103;960;12;4;0.635;0;
104;11;222;31;0.407;0;
104;12;191;44;3.119;1;
104;13;NA;NA;…;0;
104;14;93;19;0.202;0;
104;15;...;NA;…;0;
104;16;177;24;1.225;1;
104;17;...;NA;…;0;
104;21;NA;NA;…;0;
104;22;NA;6;…;1;
104;23;NA;NA;…;1;
104;24;11;4;0.201;0;
104;81;97;6;2.486;1;
104;101;478;17;22.jan;1;
104;103;...;NA;…;0;
104;104;NA;NA;…;0;
104;105;NA;NA;…;1;
104;106;50;4;0.962;0;
104;107;966;27;2.257;1;
104;108;87;5;0.542;0;
104;109;...;NA;…;0;
104;110;511;64;3.128;1;
104;132;NA;NA;…;0;
104;133;NA;NA;…;1;
104;139;...;NA;…;0;
104;141;446;20;1.029;1;
104;143;NA;NA;…;0;
104;151;NA;NA;…;0;
104;152;60;4;0.467;0;
104;161;71;5;0.866;0;
104;162;114;19;0.502;0;
104;172;NA;6;…;1;
104;181;195;32;0.881;0;
104;201;NA;NA;…;0;
104;204;NA;NA;…;0;
104;212;NA;NA;…;0;
104;222;99;10;0.211;0;
104;231;...;NA;…;0;
104;233;...;NA;…;1;
104;234;NA;NA;…;0;
104;235;...;NA;…;0;
104;236;72;8;0.742;0;
104;237;11;5;0.583;0;
104;241;NA;NA;…;1;
104;244;NA;NA;…;0;
104;245;...;NA;…;0;
104;251;378;22;0.927;0;
104;252;NA;NA;…;1;
104;255;NA;6;…;1;
104;256;550;34;1.376;1;
104;257;NA;4;…;0;
104;259;114;7;0.881;0;
104;261;NA;4;…;0;
104;262;...;NA;…;0;
104;263;NA;NA;…;0;
104;266;...;NA;…;1;
104;267;NA;NA;…;0;
104;271;953;5;5.514;1;
104;272;NA;NA;…;1;
104;275;NA;NA;…;0;
104;281;NA;6;…;1;
104;282;332;18;1.237;1;
104;283;...;NA;…;0;
104;284;...;NA;…;1;
104;289;173;7;1.277;1;
104;293;2428;7;2.756;1;
104;303;NA;NA;…;1;
104;310;327;27;1.234;1;
104;321;12;5;0.928;0;
104;324;NA;NA;…;0;
104;325;449;14;3.142;1;
104;329;18;4;0.197;0;
104;331;54;15;0.284;0;
104;332;75;8;1.339;1;
104;351;NA;NA;…;0;
104;353;NA;NA;…;1;
104;360;NA;NA;…;1;
104;370;...;NA;…;0;
104;381;163;6;1.115;1;
104;382;...;NA;…;0;
104;383;NA;NA;…;1;
104;411;274;15;2.916;1;
104;412;1155;141;1.044;1;
104;421;219;26;0.767;0;
104;422;422;29;1.43;1;
104;429;116;6;1.689;1;
104;431;82;16;0.521;0;
104;432;603;123;0.846;0;
104;433;323;87;0.937;0;
104;439;331;48;0.87;0;
104;451;512.123;86;1.146;1;
104;452;322;73;0.971;0;
104;453;124;24;0.679;0;
104;454;...;NA;…;0;
104;461;217;32;0.799;0;
104;462;15;6;0.124;0;
104;463;530;53;0.983;0;
104;464;277;34;0.516;0;
104;466;154;18;01.jan;1;
104;467;500;56;1.139;1;
104;469;238;28;0.527;0;
104;471;1076;191;0.625;0;
104;472;450;104;1.035;1;
104;473;95;15;0.93;0;
104;474;55;16;0.624;0;
104;475;359;80;0.893;0;
104;476;59;20;0.499;0;
104;477;850;217;0.732;0;
104;478;82;33;0.782;0;
104;479;137;39;0.815;0;
104;493;NA;15;…;1;
104;494;731;87;0.752;0;
104;521;...;NA;…;1;
104;522;419;12;0.547;0;
104;532;36;5;0.62;0;
104;551;584;37;1.823;1;
104;552;43;14;1.669;1;
104;559;58;11;1.109;1;
104;561;1233;236;1.051;1;
104;562;240;21;1.219;1;
104;563;422;122;1.342;1;
104;581;21;5;0.138;0;
104;582;16;4;0.216;0;
104;591;32;7;0.491;0;
104;601;NA;NA;…;1;
104;602;...;NA;…;0;
104;611;...;NA;…;0;
104;619;NA;NA;…;0;
104;620;157;51;0.237;0;
104;631;37;13;0.296;0;
104;639;16;8;0.764;0;
104;641;NA;NA;…;0;
104;649;24;4;0.231;0;
104;661;26;11;0.357;0;
104;662;41;18;0.534;0;
104;663;NA;NA;…;0;
104;681;218;44;0.747;0;
104;682;402;75;1.063;1;
104;683;58;13;0.293;0;
104;691;175;57;1.157;1;
104;692;361;111;0.402;0;
104;701;...;NA;…;0;
104;702;176;47;0.415;0;
104;711;373;71;0.84;0;
104;712;26;7;0.279;0;
104;721;83;6;0.345;0;
104;722;NA;NA;…;0;
104;731;77;21;0.478;0;
104;732;15;7;0.39;0;
104;741;NA;NA;…;0;
104;742;16;5;0.511;0;
104;743;NA;NA;…;0;
104;749;157;39;1.014;1;
104;750;21;7;0.831;0;
104;771;22;4;0.594;0;
104;772;20;8;0.814;0;
104;773;85;10;1.227;1;
104;774;NA;NA;…;0;
104;781;156;7;1.128;1;
104;782;44;4;0.062;0;
104;783;...;NA;…;0;
104;791;65;11;0.789;0;
104;799;16;4;2.172;1;
104;801;80;16;0.22;0;
104;802;119;21;0.697;0;
104;803;NA;NA;…;0;
104;811;...;NA;…;0;
104;812;146;32;0.272;0;
104;813;9;4;0.103;0;
104;821;57;5;0.616;0;
104;822;NA;NA;…;1;
104;823;24;6;0.569;0;
104;829;198;38;0.427;0;
104;841;4848;69;0.921;0;
104;842;2002;7;1.868;1;
104;843;...;NA;…;1;
104;851;789;31;1.183;1;
104;852;1836;52;0.943;0;
104;853;1932;30;1.71;1;
104;854;1840;19;2.154;1;
104;855;180;51;1.076;1;
104;856;79;8;08.jan;1;
104;861;4038;9;3.546;1;
104;862;585;142;1.072;1;
104;869;690;28;2.46;1;
104;873;814;14;1.529;1;
104;879;NA;NA;…;1;
104;881;...;NA;…;0;
104;889;266;9;0.877;0;
104;900;211;21;1.156;1;
104;910;250;8;11.jan;1;
104;920;46;11;0.835;0;
104;931;389;35;1.902;1;
104;932;188;23;1.436;1;
104;941;26;10;0.988;0;
104;942;121;6;8.108;1;
104;949;483;41;1.322;1;
104;951;40;6;1.007;1;
104;952;97;28;1.321;1;
104;960;264;95;0.684;0;
105;11;285;49;2.611;1;
105;12;...;NA;…;0;
105;13;NA;NA;…;1;
105;14;84;12;0.913;0;
105;15;NA;NA;…;1;
105;16;98;11;3.388;1;
105;17;...;NA;…;1;
105;21;...;NA;…;1;
105;24;NA;NA;…;0;
105;81;...;NA;…;1;
105;101;202;9;2.576;1;
105;103;NA;NA;…;0;
105;105;NA;NA;…;1;
105;107;161;13;1.879;1;
105;108;35;4;1.089;1;
105;109;NA;NA;…;0;
105;110;...;NA;…;0;
105;139;NA;NA;…;0;
105;141;69;8;0.796;0;
105;143;NA;NA;…;1;
105;152;NA;NA;…;0;
105;161;28;4;1.705;1;
105;162;38;6;0.836;0;
105;172;NA;NA;…;1;
105;181;...;NA;…;0;
105;222;219;7;2.327;1;
105;235;NA;NA;…;1;
105;236;58;5;2.985;1;
105;251;...;NA;…;0;
105;256;639;8;7.985;1;
105;257;...;NA;…;1;
105;259;NA;NA;…;0;
105;262;...;NA;…;0;
105;265;NA;NA;…;0;
105;275;NA;NA;…;1;
105;282;NA;NA;…;0;
105;283;NA;NA;…;0;
105;284;NA;NA;…;1;
105;289;NA;NA;…;0;
105;301;NA;NA;…;1;
105;310;91;5;1.715;1;
105;321;NA;NA;…;0;
105;323;NA;NA;…;1;
105;324;...;NA;…;1;
105;325;NA;NA;…;1;
105;329;NA;NA;…;0;
105;331;...;NA;…;0;
105;332;...;NA;…;0;
105;360;NA;NA;…;0;
105;370;NA;NA;…;0;
105;381;...;NA;…;0;
105;411;15;4;0.797;0;
105;412;382;53;1.725;1;
105;421;172;22;01.márc;1;
105;422;NA;NA;…;0;
105;429;NA;NA;…;0;
105;431;33;7;1.047;1;
105;432;104;22;0.729;0;
105;433;80;24;1.159;1;
105;439;75;16;0.984;0;
105;451;87;16;0.972;0;
105;452;57;15;0.859;0;
105;453;59;5;1.614;1;
105;454;NA;NA;…;0;
105;461;106;6;1.948;1;
105;462;40;11;1.647;1;
105;463;52;7;0.482;0;
105;464;...;NA;…;0;
105;465;NA;NA;…;0;
105;466;...;NA;…;0;
105;467;54;5;0.614;0;
105;469;22;4;0.243;0;
105;471;654;62;1.897;1;
105;472;102;34;1.171;1;
105;473;87;8;4.253;1;
105;474;NA;NA;…;0;
105;475;108;16;1.342;1;
105;476;22;8;0.929;0;
105;477;169;41;0.727;0;
105;478;27;10;1.286;1;
105;479;47;10;1.396;1;
105;493;NA;NA;…;0;
105;494;204;37;1.048;1;
105;503;NA;NA;…;1;
105;522;19;5;0.124;0;
105;532;...;NA;…;1;
105;551;...;NA;…;0;
105;552;...;NA;…;0;
105;559;NA;NA;…;0;
105;561;269;61;1.145;1;
105;562;20;4;0.507;0;
105;563;126;54;2.001;1;
105;581;NA;NA;…;0;
105;591;...;NA;…;0;
105;611;NA;NA;…;0;
105;620;NA;NA;…;0;
105;631;NA;NA;…;0;
105;641;NA;NA;…;0;
105;661;...;NA;…;0;
105;662;11;4;0.715;0;
105;681;12;4;0.205;0;
105;682;16;7;0.211;0;
105;683;NA;NA;…;0;
105;691;24;6;0.793;0;
105;692;26;12;0.144;0;
105;702;22;8;0.259;0;
105;711;27;6;0.304;0;
105;712;NA;NA;…;0;
105;721;NA;4;…;1;
105;731;...;NA;…;0;
105;732;NA;NA;…;0;
105;741;NA;NA;…;0;
105;749;10;4;0.322;0;
105;772;NA;NA;…;0;
105;781;NA;NA;…;1;
105;782;NA;NA;…;0;
105;791;NA;NA;…;0;
105;801;39;9;0.535;0;
105;802;75;8;2.195;1;
105;811;NA;NA;…;0;
105;812;43;5;0.4;0;
105;813;...;NA;…;0;
105;823;...;NA;…;1;
105;829;NA;NA;…;0;
105;841;1697;41;1.609;1;
105;851;384;14;2.877;1;
105;852;863;25;2.215;1;
105;853;182;4;0.805;0;
105;855;...;NA;…;0;
105;862;134;22;1.226;1;
105;869;105;8;1.87;1;
105;872;NA;NA;…;1;
105;873;84;4;0.788;0;
105;881;43;7;1.064;1;
105;889;NA;NA;…;0;
105;900;NA;NA;…;0;
105;910;60;6;1.331;1;
105;932;17;4;0.648;0;
105;942;NA;NA;…;1;
105;949;NA;NA;…;0;
105;952;...;NA;…;1;
105;960;61;22;0.789;0;
106;11;235;37;0.825;0;
106;12;91;30;2.843;1;
106;13;19;4;2.099;1;
106;14;105;14;0.437;0;
106;15;24;4;0.592;0;
106;16;70;20;0.927;0;
106;17;NA;NA;…;0;
106;21;NA;NA;…;0;
106;22;31;6;0.688;0;
106;24;29;9;1.013;1;
106;32;NA;NA;…;0;
106;99;NA;NA;…;1;
106;101;124;8;0.606;0;
106;103;229;4;3.305;1;
106;107;399;22;1.783;1;
106;108;60;6;0.715;0;
106;110;267;36;3.127;1;
106;133;NA;NA;…;0;
106;139;...;NA;…;0;
106;141;301;27;1.329;1;
106;151;NA;NA;…;0;
106;152;68;6;1.014;1;
106;161;103;7;2.402;1;
106;162;92;20;0.775;0;
106;172;NA;NA;…;0;
106;181;10;4;0.086;0;
106;202;NA;NA;…;1;
106;212;NA;NA;…;0;
106;221;NA;NA;…;1;
106;222;69;9;0.281;0;
106;231;NA;NA;…;0;
106;236;12;4;0.237;0;
106;237;...;NA;…;0;
106;241;NA;NA;…;0;
106;245;NA;NA;…;0;
106;251;202;27;0.947;0;
106;252;...;NA;…;0;
106;253;NA;NA;…;1;
106;255;NA;NA;…;0;
106;256;288;32;1.379;1;
106;257;NA;NA;…;0;
106;259;340;6;5.027;1;
106;261;...;NA;…;0;
106;263;NA;NA;…;0;
106;265;...;NA;…;1;
106;266;...;NA;…;1;
106;271;580;14;6.42;1;
106;273;NA;NA;…;1;
106;274;NA;NA;…;1;
106;281;NA;NA;…;0;
106;282;292;16;2.081;1;
106;283;NA;NA;…;1;
106;284;NA;NA;…;0;
106;289;118;7;1.666;1;
106;292;...;NA;…;1;
106;310;171;22;1.234;1;
106;321;...;NA;…;1;
106;322;NA;NA;…;1;
106;325;99;12;1.325;1;
106;329;9;4;0.189;0;
106;331;277;22;2.785;1;
106;332;36;8;23.jan;1;
106;351;NA;NA;…;1;
106;353;NA;NA;…;1;
106;360;...;NA;…;0;
106;370;13;4;0.417;0;
106;381;...;NA;…;0;
106;383;NA;NA;…;1;
106;411;30;5;0.611;0;
106;412;636;112;01.jan;1;
106;421;66;9;0.442;0;
106;422;183;18;1.186;1;
106;429;NA;NA;…;1;
106;431;163;22;1.981;1;
106;432;382;83;1.025;1;
106;433;164;53;0.91;0;
106;439;332;57;1.669;1;
106;451;205;36;0.877;0;
106;452;188;35;1.085;1;
106;453;205;19;2.148;1;
106;454;...;NA;…;1;
106;461;178;24;1.253;1;
106;462;10;4;0.158;0;
106;463;335;43;1.189;1;
106;464;66;15;0.235;0;
106;465;NA;NA;…;0;
106;466;68;6;0.853;0;
106;467;101;17;0.44;0;
106;469;85;15;0.36;0;
106;471;1071;141;19.jan;1;
106;472;341;73;05.jan;1;
106;473;47;10;0.88;0;
106;474;37;12;0.803;0;
106;475;225;51;1.071;1;
106;476;63;19;1.019;1;
106;477;543;165;0.895;0;
106;478;73;26;1.332;1;
106;479;79;26;0.899;0;
106;492;NA;NA;…;0;
106;493;NA;11;…;1;
106;494;803;73;1.58;1;
106;521;NA;NA;…;0;
106;522;39;12;0.097;0;
106;532;48;7;1.581;1;
106;551;267;19;1.595;1;
106;552;31;7;2.303;1;
106;553;NA;NA;…;1;
106;559;...;NA;…;1;
106;561;702;165;1.144;1;
106;562;43;8;0.418;0;
106;563;184;69;1.119;1;
106;581;...;NA;…;0;
106;582;...;NA;…;0;
106;602;...;NA;…;1;
106;611;NA;NA;…;0;
106;620;36;14;0.104;0;
106;631;26;10;0.398;0;
106;639;...;NA;…;0;
106;641;175;5;0.647;0;
106;661;42;6;1.103;1;
106;662;33;15;0.822;0;
106;681;63;13;0.413;0;
106;682;190;32;0.961;0;
106;683;73;13;0.706;0;
106;691;90;21;1.139;1;
106;692;190;61;0.404;0;
106;701;553;5;17.303;1;
106;702;104;29;0.469;0;
106;711;221;43;0.952;0;
106;712;146;16;3.002;1;
106;721;30;5;0.238;0;
106;722;8;4;0.359;0;
106;731;43;13;0.51;0;
106;732;12;5;0.597;0;
106;742;...;NA;…;0;
106;743;NA;NA;…;0;
106;749;52;21;0.642;0;
106;750;...;NA;…;0;
106;771;...;NA;…;0;
106;772;...;NA;…;0;
106;773;50;5;1.381;1;
106;781;NA;NA;…;0;
106;782;NA;NA;…;0;
106;783;NA;NA;…;0;
106;791;14;6;0.325;0;
106;801;54;20;0.284;0;
106;802;23;7;0.258;0;
106;811;30;4;0.331;0;
106;812;258;19;0.919;0;
106;813;29;8;0.637;0;
106;821;16;5;0.331;0;
106;823;NA;NA;…;0;
106;829;87;18;0.359;0;
106;841;1657;59;0.602;0;
106;842;NA;NA;…;0;
106;851;513;30;1.472;1;
106;852;1879;66;1.847;1;
106;853;844;16;1.429;1;
106;854;437;6;0.979;0;
106;855;263;28;3.008;1;
106;856;NA;NA;…;0;
106;861;801;6;1.346;1;
106;862;435;94;1.525;1;
106;869;40;6;0.273;0;
106;873;662;13;2.379;1;
106;879;NA;NA;…;0;
106;881;72;6;0.682;0;
106;889;178;6;1.123;1;
106;900;NA;4;…;0;
106;910;70;5;0.595;0;
106;920;25;7;0.868;0;
106;931;161;19;1.506;1;
106;932;94;15;1.373;1;
106;941;NA;NA;…;0;
106;942;...;NA;…;1;
106;949;47;14;0.246;0;
106;951;10;4;0.481;0;
106;952;50;19;1.303;1;
106;960;235;85;1.164;1;
107;11;302;41;1.192;1;
107;12;53;12;1.862;1;
107;14;54;9;0.253;0;
107;15;NA;NA;…;1;
107;16;70;15;1.042;1;
107;17;NA;NA;…;0;
107;24;NA;NA;…;0;
107;101;98;4;0.538;0;
107;103;105;6;1.704;1;
107;105;NA;NA;…;0;
107;107;138;23;0.693;0;
107;108;122;4;1.635;1;
107;110;NA;NA;…;0;
107;132;NA;NA;…;0;
107;139;50;7;0.46;0;
107;141;204;13;1.013;1;
107;142;NA;NA;…;1;
107;143;97;5;5.419;1;
107;151;NA;NA;…;0;
107;152;NA;NA;…;0;
107;161;...;NA;…;0;
107;162;49;11;0.464;0;
107;181;13;4;0.126;0;
107;204;NA;NA;…;0;
107;221;NA;NA;…;0;
107;222;539;11;2.467;1;
107;235;...;NA;…;0;
107;236;NA;NA;…;1;
107;237;...;NA;…;0;
107;241;NA;NA;…;0;
107;244;...;NA;…;1;
107;245;417;8;10.451;1;
107;251;323;23;1.703;1;
107;252;NA;NA;…;0;
107;255;...;NA;…;1;
107;256;61;12;0.328;0;
107;257;NA;NA;…;1;
107;259;57;9;0.947;0;
107;261;NA;4;…;1;
107;262;NA;NA;…;0;
107;263;...;NA;…;0;
107;264;NA;NA;…;0;
107;265;NA;NA;…;0;
107;266;NA;NA;…;0;
107;267;NA;NA;…;1;
107;271;...;NA;…;0;
107;273;NA;NA;…;1;
107;279;NA;NA;…;0;
107;282;...;NA;…;0;
107;283;NA;NA;…;1;
107;289;...;NA;…;0;
107;292;NA;NA;…;1;
107;293;NA;NA;…;1;
107;301;NA;NA;…;1;
107;310;89;5;0.722;0;
107;329;21;4;0.495;0;
107;331;50;9;0.565;0;
107;332;NA;NA;…;0;
107;351;NA;NA;…;0;
107;370;46;6;1.661;1;
107;381;115;5;1.692;1;
107;382;NA;NA;…;0;
107;383;53;6;3.157;1;
107;390;NA;NA;…;0;
107;411;17;5;0.389;0;
107;412;511;94;0.993;0;
107;421;37;5;0.279;0;
107;422;84;17;0.612;0;
107;429;44;4;1.378;1;
107;431;118;25;1.613;1;
107;432;244;54;0.736;0;
107;433;118;39;0.736;0;
107;439;132;28;0.746;0;
107;451;251;33;1.208;1;
107;452;152;31;0.986;0;
107;453;39;13;0.459;0;
107;454;...;NA;…;1;
107;461;52;10;0.412;0;
107;462;45;5;0.798;0;
107;463;164;23;0.654;0;
107;464;71;9;0.285;0;
107;466;...;NA;…;0;
107;467;91;17;0.446;0;
107;469;76;10;0.362;0;
107;471;673;117;0.841;0;
107;472;257;54;1.271;1;
107;473;55;5;1.158;1;
107;474;27;9;0.659;0;
107;475;162;45;0.867;0;
107;476;26;10;0.473;0;
107;477;490;102;0.908;0;
107;478;67;27;1.374;1;
107;479;42;14;0.537;0;
107;493;359;12;1.314;1;
107;494;999;59;2.209;1;
107;521;NA;NA;…;1;
107;522;49;11;0.138;0;
107;532;NA;NA;…;0;
107;551;66;5;0.443;0;
107;559;NA;NA;…;0;
107;561;281;96;0.515;0;
107;562;93;9;1.016;1;
107;563;141;52;0.964;0;
107;581;22;4;0.31;0;
107;582;...;NA;…;0;
107;591;NA;NA;…;0;
107;620;62;16;0.202;0;
107;631;...;NA;…;0;
107;641;NA;NA;…;0;
107;642;NA;NA;…;0;
107;649;NA;NA;…;0;
107;661;23;10;0.679;0;
107;662;19;7;0.532;0;
107;681;138;12;1.016;1;
107;682;61;17;0.347;0;
107;683;14;7;0.152;0;
107;691;30;10;0.427;0;
107;692;90;33;0.215;0;
107;702;51;18;0.259;0;
107;711;38;12;0.184;0;
107;712;14;4;0.324;0;
107;731;54;6;0.721;0;
107;732;...;NA;…;0;
107;743;NA;NA;…;0;
107;749;24;8;0.333;0;
107;750;...;NA;…;0;
107;771;30;4;1.743;1;
107;772;NA;NA;…;0;
107;773;47;6;1.46;1;
107;781;91;7;1.415;1;
107;782;65;4;0.196;0;
107;791;...;NA;…;0;
107;801;NA;8;…;1;
107;802;105;14;1.323;1;
107;812;60;9;0.24;0;
107;813;...;NA;…;0;
107;821;NA;NA;…;0;
107;823;NA;NA;…;0;
107;829;219;14;1.015;1;
107;841;913;34;0.373;0;
107;842;NA;NA;…;0;
107;851;281;19;0.906;0;
107;852;1479;42;1.635;1;
107;853;682;12;1.298;1;
107;855;68;18;0.874;0;
107;856;...;NA;…;0;
107;861;1566;6;2.958;1;
107;862;147;44;0.579;0;
107;869;...;NA;…;0;
107;873;267;8;1.079;1;
107;881;155;8;1.652;1;
107;889;162;6;1.149;1;
107;900;19;7;0.224;0;
107;910;100;11;0.955;0;
107;920;NA;NA;…;0;
107;931;NA;5;…;1;
107;932;115;12;1.889;1;
107;942;NA;NA;…;1;
107;949;...;NA;…;0;
107;951;15;5;0.812;0;
107;952;21;9;0.615;0;
107;960;104;34;0.579;0;
108;11;346;67;3.464;1;
108;12;50;10;4.457;1;
108;13;20;4;6.304;1;
108;14;231;25;2.744;1;
108;15;...;NA;…;0;
108;16;99;21;3.74;1;
108;17;NA;NA;…;0;
108;21;NA;NA;…;1;
108;24;18;4;1.794;1;
108;31;NA;NA;…;1;
108;32;NA;NA;…;1;
108;81;...;NA;…;1;
108;101;112;7;1.561;1;
108;105;NA;NA;…;0;
108;107;211;19;2.691;1;
108;108;NA;NA;…;0;
108;110;...;NA;…;0;
108;139;58;4;1.353;1;
108;141;NA;4;…;1;
108;152;NA;NA;…;1;
108;161;NA;NA;…;0;
108;162;41;8;0.986;0;
108;181;...;NA;…;0;
108;201;NA;NA;…;0;
108;222;13;4;0.151;0;
108;237;...;NA;…;1;
108;251;353;8;4.723;1;
108;252;NA;NA;…;0;
108;256;67;8;0.915;0;
108;257;NA;NA;…;0;
108;259;...;NA;…;0;
108;266;NA;NA;…;0;
108;281;NA;NA;…;0;
108;282;NA;NA;…;0;
108;284;NA;NA;…;0;
108;289;NA;NA;…;1;
108;291;...;NA;…;0;
108;292;NA;NA;…;1;
108;310;NA;NA;…;1;
108;321;NA;NA;…;0;
108;331;18;7;0.516;0;
108;370;...;NA;…;0;
108;381;NA;NA;…;0;
108;383;...;NA;…;1;
108;411;...;NA;…;0;
108;412;361;69;1.781;1;
108;421;37;14;0.707;0;
108;422;59;9;1.091;1;
108;429;NA;NA;…;0;
108;431;107;17;3.711;1;
108;432;148;28;1.133;1;
108;433;jan.57;20;0.903;0;
108;439;95;22;1.363;1;
108;451;15;6;0.183;0;
108;452;38;12;0.626;0;
108;453;22;4;0.658;0;
108;461;35;10;0.703;0;
108;462;...;NA;…;0;
108;463;11;4;0.111;0;
108;464;...;NA;…;0;
108;467;54;4;0.671;0;
108;469;NA;NA;…;0;
108;471;239;53;0.757;0;
108;472;107;30;1.343;1;
108;473;50;6;2.671;1;
108;474;NA;NA;…;1;
108;475;80;23;1.086;1;
108;476;12;5;0.554;0;
108;477;178;55;0.837;0;
108;478;34;16;1.769;1;
108;479;16;4;0.519;0;
108;493;40;4;0.371;0;
108;494;249;36;1.398;1;
108;521;NA;NA;…;1;
108;522;...;NA;…;0;
108;532;NA;NA;…;1;
108;551;...;NA;…;0;
108;561;123;44;0.572;0;
108;562;NA;NA;…;0;
108;563;121;48;01.febr;1;
108;581;NA;NA;…;0;
108;582;NA;NA;…;0;
108;591;25;4;2.093;1;
108;611;...;NA;…;0;
108;620;10;5;0.083;0;
108;631;...;NA;…;0;
108;639;NA;NA;…;0;
108;641;...;NA;…;0;
108;661;NA;NA;…;0;
108;662;13;6;0.924;0;
108;681;15;4;0.28;0;
108;682;34;8;0.491;0;
108;691;15;5;0.542;0;
108;692;34;14;0.206;0;
108;701;NA;NA;…;0;
108;702;18;4;0.232;0;
108;711;32;6;0.393;0;
108;712;...;NA;…;0;
108;731;...;NA;…;0;
108;732;...;NA;…;0;
108;742;NA;NA;…;0;
108;749;NA;NA;…;0;
108;750;NA;NA;…;0;
108;771;...;NA;…;1;
108;772;NA;NA;…;0;
108;773;NA;NA;…;1;
108;781;...;NA;…;1;
108;782;NA;NA;…;0;
108;791;...;NA;…;1;
108;801;30;8;0.45;0;
108;802;16;4;0.512;0;
108;811;NA;NA;…;0;
108;812;23;6;0.234;0;
108;823;...;NA;…;1;
108;829;88;4;1.035;1;
108;841;2692;38;2.79;1;
108;842;NA;NA;…;0;
108;851;268;20;2.194;1;
108;852;909;36;2.55;1;
108;853;...;NA;…;1;
108;855;...;NA;…;0;
108;856;...;NA;…;1;
108;862;80;28;0.8;0;
108;869;NA;NA;…;1;
108;873;NA;NA;…;0;
108;881;...;NA;…;0;
108;889;55;4;0.99;0;
108;900;NA;NA;…;0;
108;910;...;NA;…;0;
108;920;9;4;0.892;0;
108;931;...;NA;…;0;
108;932;...;NA;…;0;
108;941;NA;NA;…;1;
108;949;32;5;0.478;0;
108;960;36;11;0.509;0;
109;11;42;6;0.625;0;
109;12;NA;NA;…;0;
109;14;96;12;1.695;1;
109;16;16;4;0.898;0;
109;17;35;5;20.274;1;
109;21;11;4;4.435;1;
109;22;...;NA;…;0;
109;24;121;38;17.928;1;
109;72;...;NA;…;1;
109;81;NA;NA;…;1;
109;89;NA;NA;…;1;
109;101;NA;NA;…;0;
109;103;...;NA;…;0;
109;107;172;11;26.márc;1;
109;109;NA;NA;…;0;
109;110;...;NA;…;0;
109;139;NA;NA;…;1;
109;141;NA;NA;…;0;
109;143;NA;NA;…;1;
109;152;...;NA;…;1;
109;161;55;6;5.44;1;
109;162;79;11;2.823;1;
109;172;...;NA;…;0;
109;181;NA;NA;…;0;
109;201;...;NA;…;0;
109;204;NA;NA;…;1;
109;212;NA;NA;…;1;
109;222;NA;NA;…;0;
109;231;21;6;2.275;1;
109;233;NA;NA;…;1;
109;236;NA;NA;…;0;
109;237;NA;NA;…;0;
109;239;78;4;22.796;1;
109;251;...;NA;…;0;
109;254;NA;NA;…;1;
109;255;...;NA;…;1;
109;256;170;17;3.451;1;
109;259;NA;9;…;1;
109;265;NA;NA;…;1;
109;282;...;NA;…;0;
109;289;NA;NA;…;0;
109;310;NA;NA;…;1;
109;321;...;NA;…;1;
109;325;NA;NA;…;0;
109;331;...;NA;…;0;
109;370;NA;NA;…;0;
109;381;NA;NA;…;1;
109;411;NA;NA;…;0;
109;412;150;32;01.jan;1;
109;421;120;10;3.411;1;
109;422;18;4;0.495;0;
109;431;22;7;1.134;1;
109;432;85;17;0.967;0;
109;433;50;18;1.177;1;
109;439;22;6;0.469;0;
109;451;13;5;0.236;0;
109;452;35;9;0.856;0;
109;453;...;NA;…;0;
109;461;26;7;0.776;0;
109;463;...;NA;…;0;
109;464;NA;NA;…;0;
109;467;15;5;0.277;0;
109;469;...;NA;…;0;
109;471;221;55;1.041;1;
109;472;99;17;1.847;1;
109;473;NA;NA;…;0;
109;474;NA;NA;…;0;
109;475;41;11;0.827;0;
109;476;18;5;1.235;1;
109;477;106;27;0.741;0;
109;478;21;10;1.624;1;
109;479;8;4;0.386;0;
109;493;...;NA;…;0;
109;494;72;18;0.601;0;
109;521;NA;NA;…;0;
109;522;NA;NA;…;0;
109;532;NA;NA;…;0;
109;551;93;4;2.355;1;
109;552;11;5;3.465;1;
109;553;...;NA;…;1;
109;559;...;NA;…;1;
109;561;117;39;0.809;0;
109;562;29;8;1.195;1;
109;563;80;33;2.064;1;
109;582;NA;NA;…;0;
109;612;NA;NA;…;0;
109;620;NA;NA;…;0;
109;631;NA;NA;…;0;
109;639;...;NA;…;1;
109;641;...;NA;…;0;
109;661;...;NA;…;0;
109;662;...;NA;…;1;
109;681;...;NA;…;0;
109;682;10;4;0.215;0;
109;683;10;5;0.41;0;
109;692;13;4;0.117;0;
109;701;...;NA;…;1;
109;702;10;4;0.191;0;
109;711;26;4;0.475;0;
109;721;NA;NA;…;0;
109;731;NA;NA;…;0;
109;749;...;NA;…;0;
109;773;NA;NA;…;0;
109;801;15;5;0.335;0;
109;802;...;NA;…;0;
109;812;31;6;0.468;0;
109;821;NA;NA;…;0;
109;823;NA;NA;…;0;
109;829;14;4;0.245;0;
109;841;1184;39;1.824;1;
109;851;132;16;1.606;1;
109;852;264;20;1.101;1;
109;853;NA;NA;…;0;
109;855;9;4;0.437;0;
109;861;NA;NA;…;0;
109;862;88;15;1.308;1;
109;869;21;4;0.608;0;
109;873;207;6;3.154;1;
109;881;...;NA;…;0;
109;889;...;NA;…;1;
109;910;NA;NA;…;0;
109;920;NA;NA;…;1;
109;931;...;NA;…;0;
109;932;32;5;1.983;1;
109;949;19;4;0.422;0;
109;952;...;NA;…;0;
109;960;31;11;0.651;0;
110;11;62;17;0.143;0;
110;12;NA;NA;…;0;
110;14;121;19;0.331;0;
110;15;...;NA;…;0;
110;16;57;14;0.496;0;
110;17;...;NA;…;0;
110;21;19;5;1.187;1;
110;22;...;NA;…;0;
110;24;61;19;1.401;1;
110;52;NA;4;…;1;
110;81;79;4;2.546;1;
110;101;...;NA;…;0;
110;103;...;NA;…;0;
110;105;NA;NA;…;0;
110;106;NA;NA;…;1;
110;107;469;37;1.378;1;
110;108;158;10;1.238;1;
110;110;131;14;1.008;1;
110;133;NA;NA;…;1;
110;139;25;6;0.134;0;
110;141;153;21;0.444;0;
110;143;...;NA;…;0;
110;151;...;NA;…;0;
110;152;NA;NA;…;0;
110;161;32;6;0.491;0;
110;162;284;42;1.573;1;
110;171;NA;NA;…;0;
110;172;869;14;5.526;1;
110;181;100;11;0.568;0;
110;182;NA;NA;…;1;
110;201;35;4;0.432;0;
110;203;NA;NA;…;0;
110;204;NA;NA;…;0;
110;206;NA;NA;…;1;
110;212;NA;NA;…;0;
110;221;NA;NA;…;0;
110;222;370;34;0.99;0;
110;231;48;4;0.806;0;
110;234;...;NA;…;0;
110;235;701;5;34.871;1;
110;236;705;14;9.134;1;
110;237;56;16;3.735;1;
110;239;NA;NA;…;1;
110;245;NA;NA;…;0;
110;251;677;43;2.087;1;
110;252;80;6;1.85;1;
110;254;NA;NA;…;1;
110;256;577;48;1.815;1;
110;257;180;12;2.676;1;
110;259;178;14;1.73;1;
110;261;547;12;2.856;1;
110;263;NA;NA;…;0;
110;266;99;6;5.468;1;
110;267;NA;NA;…;0;
110;271;NA;5;…;1;
110;273;NA;NA;…;1;
110;275;140;4;1.641;1;
110;279;...;NA;…;0;
110;281;91;5;0.228;0;
110;282;298;10;1.396;1;
110;283;31;4;0.663;0;
110;284;59;6;3.487;1;
110;289;107;6;0.993;0;
110;291;NA;NA;…;1;
110;292;NA;NA;…;1;
110;293;1703;10;2.431;1;
110;301;NA;NA;…;0;
110;303;NA;NA;…;0;
110;309;...;NA;…;1;
110;310;120;28;0.569;0;
110;321;...;NA;…;0;
110;325;67;10;0.59;0;
110;329;18;4;0.248;0;
110;331;109;20;0.72;0;
110;332;97;12;2.178;1;
110;351;...;NA;…;0;
110;353;68;6;1.008;1;
110;360;...;NA;…;0;
110;370;26;6;0.549;0;
110;381;133;4;1.144;1;
110;382;135;5;12.márc;1;
110;383;57;6;1.985;1;
110;390;NA;NA;…;0;
110;411;130;16;1.74;1;
110;412;980;157;1.114;1;
110;421;330;30;1.454;1;
110;422;132;24;0.562;0;
110;429;55;12;1.007;1;
110;431;230;40;1.838;1;
110;432;677;163;1.194;1;
110;433;401;117;1.463;1;
110;439;551;109;1.821;1;
110;451;207;45;0.582;0;
110;452;263;56;0.997;0;
110;453;275;20;1.894;1;
110;454;...;NA;…;1;
110;461;154;31;0.713;0;
110;462;...;NA;…;0;
110;463;255;27;0.595;0;
110;464;233;30;0.546;0;
110;465;43;6;0.672;0;
110;466;59;8;0.487;0;
110;467;244;40;0.699;0;
110;469;226;33;0.629;0;
110;471;863;161;0.63;0;
110;472;427;103;1.235;1;
110;473;31;8;0.381;0;
110;474;127;22;1.811;1;
110;475;455;96;1.423;1;
110;476;59;16;0.627;0;
110;477;1128;234;1.222;1;
110;478;50;16;0.599;0;
110;479;149;46;1.114;1;
110;493;245;24;0.524;0;
110;494;992;121;1.283;1;
110;503;NA;NA;…;0;
110;521;49;5;0.626;0;
110;522;448;21;0.736;0;
110;531;...;NA;…;0;
110;532;...;NA;…;0;
110;551;129;17;0.506;0;
110;552;...;NA;…;0;
110;553;...;NA;…;0;
110;559;36;5;0.866;0;
110;561;853;204;0.914;0;
110;562;141;19;0.9;0;
110;563;396;139;1.584;1;
110;581;69;10;0.568;0;
110;582;14;6;0.238;0;
110;591;18;6;0.347;0;
110;602;...;NA;…;0;
110;611;53;6;0.567;0;
110;612;...;NA;…;0;
110;619;NA;NA;…;0;
110;620;170;48;0.323;0;
110;631;NA;12;…;1;
110;639;...;NA;…;0;
110;641;NA;NA;…;0;
110;661;67;14;1.156;1;
110;662;40;18;0.655;0;
110;681;171;40;0.736;0;
110;682;238;51;0.791;0;
110;683;106;25;0.674;0;
110;691;88;28;0.732;0;
110;692;222;73;0.311;0;
110;701;16;4;0.329;0;
110;702;158;26;0.468;0;
110;711;187;49;0.53;0;
110;712;98;14;1.325;1;
110;721;28;6;0.146;0;
110;722;NA;NA;…;0;
110;731;41;13;0.32;0;
110;732;11;4;0.36;0;
110;741;...;NA;…;1;
110;742;...;NA;…;0;
110;743;...;NA;…;0;
110;749;102;23;0.828;0;
110;750;28;5;1.394;1;
110;771;16;4;0.543;0;
110;772;15;4;0.768;0;
110;773;...;NA;…;0;
110;781;143;8;03.jan;1;
110;782;501;8;0.882;0;
110;791;19;4;0.29;0;
110;799;NA;NA;…;0;
110;801;100;18;0.346;0;
110;802;124;24;0.914;0;
110;811;33;4;0.239;0;
110;812;182;22;0.426;0;
110;813;117;14;1.688;1;
110;821;10;5;0.136;0;
110;822;...;NA;…;0;
110;823;NA;NA;…;0;
110;829;132;25;0.358;0;
110;841;1796;63;0.429;0;
110;842;176;5;0.206;0;
110;843;...;NA;…;0;
110;851;750;45;1.414;1;
110;852;2649;105;1.712;1;
110;853;968;23;1.077;1;
110;854;NA;5;…;0;
110;855;137;25;03.jan;1;
110;856;60;7;1.719;1;
110;861;864;5;0.954;0;
110;862;452;105;1.041;1;
110;869;133;12;0.596;0;
110;871;NA;NA;…;1;
110;872;NA;NA;…;1;
110;873;452;13;1.067;1;
110;879;...;NA;…;1;
110;881;190;17;1.184;1;
110;889;157;10;0.651;0;
110;900;40;9;0.275;0;
110;910;178;19;0.994;0;
110;920;...;NA;…;0;
110;931;140;22;0.861;0;
110;932;124;20;1.191;1;
110;949;149;16;0.513;0;
110;951;...;NA;…;0;
110;952;48;19;0.822;0;
110;960;344;103;12.jan;1;
110;970;NA;NA;…;1;
111;11;231;36;3.311;1;
111;12;...;NA;…;0;
111;13;...;NA;…;1;
111;14;158;16;2.687;1;
111;15;...;NA;…;0;
111;16;44;8;2.379;1;
111;17;...;NA;…;1;
111;21;...;NA;…;1;
111;22;...;NA;…;0;
111;24;39;8;5.565;1;
111;31;NA;NA;…;1;
111;101;...;NA;…;0;
111;106;...;NA;…;1;
111;107;166;8;03.márc;1;
111;108;NA;NA;…;0;
111;109;...;NA;…;1;
111;110;NA;NA;…;1;
111;141;NA;NA;…;0;
111;152;NA;NA;…;0;
111;161;...;NA;…;0;
111;162;32;4;1.101;1;
111;172;NA;NA;…;0;
111;221;NA;NA;…;0;
111;222;NA;NA;…;0;
111;234;...;NA;…;0;
111;235;NA;NA;…;1;
111;237;NA;NA;…;1;
111;251;27;6;0.517;0;
111;256;87;11;1.701;1;
111;257;27;6;2.494;1;
111;259;...;NA;…;1;
111;271;NA;NA;…;1;
111;273;NA;NA;…;1;
111;274;NA;NA;…;1;
111;282;...;NA;…;0;
111;283;...;NA;…;1;
111;284;NA;NA;…;1;
111;291;NA;NA;…;0;
111;293;...;NA;…;1;
111;310;69;5;2.034;1;
111;329;NA;NA;…;0;
111;331;...;NA;…;0;
111;352;NA;NA;…;0;
111;381;NA;NA;…;0;
111;383;NA;NA;…;0;
111;390;NA;NA;…;1;
111;411;...;NA;…;0;
111;412;70;17;0.494;0;
111;429;NA;NA;…;0;
111;431;20;4;0.993;0;
111;432;77;20;0.844;0;
111;433;33;13;0.748;0;
111;439;38;12;0.78;0;
111;451;96;13;1.678;1;
111;452;49;10;1.155;1;
111;453;...;NA;…;0;
111;461;47;7;1.351;1;
111;462;75;5;4.831;1;
111;463;94;6;1.362;1;
111;464;NA;NA;…;0;
111;466;NA;NA;…;0;
111;467;...;NA;…;0;
111;469;30;4;0.519;0;
111;471;190;31;0.862;0;
111;472;47;17;0.844;0;
111;473;NA;NA;…;0;
111;475;87;10;1.691;1;
111;476;...;NA;…;0;
111;477;78;28;0.525;0;
111;478;...;NA;…;0;
111;479;25;7;1.161;1;
111;493;55;5;0.731;0;
111;494;136;23;1.093;1;
111;522;29;6;0.296;0;
111;551;NA;NA;…;0;
111;552;...;NA;…;1;
111;561;93;22;0.619;0;
111;562;29;9;15.jan;1;
111;563;56;22;1.391;1;
111;582;NA;NA;…;0;
111;611;NA;NA;…;0;
111;620;...;NA;…;0;
111;639;NA;NA;…;0;
111;641;NA;NA;…;0;
111;649;NA;NA;…;0;
111;661;...;NA;…;0;
111;662;...;NA;…;1;
111;681;...;NA;…;1;
111;682;15;4;0.31;0;
111;683;NA;NA;…;0;
111;692;28;9;0.243;0;
111;701;...;NA;…;1;
111;702;NA;NA;…;0;
111;711;49;7;0.862;0;
111;721;NA;NA;…;0;
111;722;NA;NA;…;0;
111;731;NA;NA;…;0;
111;741;NA;NA;…;1;
111;742;NA;NA;…;0;
111;749;27;4;1.362;1;
111;750;NA;NA;…;0;
111;771;NA;NA;…;0;
111;781;NA;NA;…;0;
111;782;NA;NA;…;0;
111;791;...;NA;…;1;
111;801;11;4;0.236;0;
111;812;...;NA;…;0;
111;813;54;4;4.84;1;
111;829;91;5;1.533;1;
111;841;783;39;1.162;1;
111;851;284;15;3.328;1;
111;852;801;37;3.216;1;
111;853;...;NA;…;0;
111;855;9;4;0.42;0;
111;861;NA;NA;…;0;
111;862;53;22;0.759;0;
111;869;15;4;0.418;0;
111;873;...;NA;…;1;
111;881;43;4;1.664;1;
111;889;NA;NA;…;1;
111;910;...;NA;…;0;
111;931;19;4;0.726;0;
111;932;...;NA;…;0;
111;949;NA;NA;…;0;
111;952;...;NA;…;0;
111;960;58;12;1.173;1;
112;11;359;42;1.595;1;
112;13;NA;NA;…;0;
112;14;2827;48;14.906;1;
112;15;14;5;0.437;0;
112;16;213;24;3.572;1;
112;17;...;NA;…;0;
112;32;NA;NA;…;1;
112;81;...;NA;…;0;
112;101;336;10;2.078;1;
112;103;NA;NA;…;0;
112;104;37;4;25.máj;1;
112;105;NA;NA;…;0;
112;106;1090;6;50.833;1;
112;107;365;12;2.066;1;
112;108;NA;NA;…;0;
112;109;611;4;17.493;1;
112;110;13;4;0.193;0;
112;131;...;NA;…;1;
112;132;NA;NA;…;1;
112;133;NA;NA;…;1;
112;139;NA;NA;…;1;
112;141;...;NA;…;0;
112;151;NA;NA;…;0;
112;152;NA;NA;…;0;
112;161;49;4;1.447;1;
112;162;34;4;0.363;0;
112;172;640;4;7.842;1;
112;181;214;8;2.341;1;
112;192;NA;NA;…;1;
112;201;NA;NA;…;1;
112;204;...;NA;…;0;
112;205;NA;NA;…;1;
112;211;NA;NA;…;1;
112;221;NA;NA;…;0;
112;222;645;11;3.325;1;
112;236;31;5;0.774;0;
112;237;...;NA;…;0;
112;244;NA;NA;…;1;
112;245;NA;NA;…;0;
112;251;49;5;0.291;0;
112;252;NA;NA;…;0;
112;255;NA;NA;…;0;
112;256;110;14;0.667;0;
112;257;...;NA;…;0;
112;259;NA;NA;…;1;
112;261;NA;NA;…;0;
112;262;NA;NA;…;1;
112;273;NA;NA;…;0;
112;282;105;8;0.948;0;
112;283;...;NA;…;0;
112;284;NA;NA;…;0;
112;289;NA;NA;…;0;
112;291;NA;NA;…;0;
112;293;NA;5;…;0;
112;302;NA;NA;…;0;
112;310;34;8;0.311;0;
112;321;NA;NA;…;0;
112;325;NA;NA;…;0;
112;331;21;5;0.267;0;
112;332;...;NA;…;0;
112;351;NA;NA;…;0;
112;353;...;NA;…;0;
112;360;NA;NA;…;0;
112;370;NA;NA;…;1;
112;381;NA;NA;…;0;
112;382;...;NA;…;1;
112;383;...;NA;…;0;
112;411;39;6;1.006;1;
112;412;353;58;0.773;0;
112;421;...;NA;…;0;
112;422;22;5;0.181;0;
112;429;37;5;1.306;1;
112;431;23;6;0.354;0;
112;432;313;66;1.064;1;
112;433;93;30;0.654;0;
112;439;72;17;0.458;0;
112;451;112;15;0.607;0;
112;452;190;27;1.388;1;
112;453;43;11;0.571;0;
112;454;26;5;4.728;1;
112;461;281;14;2.505;1;
112;462;114;13;2.277;1;
112;463;131;15;0.589;0;
112;464;97;13;0.438;0;
112;465;NA;NA;…;0;
112;466;NA;10;…;1;
112;467;456;15;2.516;1;
112;469;180;16;0.966;0;
112;471;292;74;0.411;0;
112;472;257;40;1.432;1;
112;473;39;4;0.925;0;
112;474;24;6;0.66;0;
112;475;138;33;0.832;0;
112;476;18;7;0.369;0;
112;477;249;74;0.52;0;
112;478;13;5;0.3;0;
112;479;27;12;0.389;0;
112;493;170;9;0.701;0;
112;494;727;80;1.811;1;
112;521;79;6;1.944;1;
112;522;108;15;0.342;0;
112;532;...;NA;…;1;
112;551;53;10;0.401;0;
112;552;NA;NA;…;0;
112;559;29;4;1.344;1;
112;561;454;91;0.937;0;
112;562;...;NA;…;0;
112;563;161;53;24.jan;1;
112;581;NA;NA;…;0;
112;591;NA;NA;…;0;
112;602;NA;NA;…;0;
112;611;...;NA;…;0;
112;612;NA;NA;…;0;
112;620;60;16;0.22;0;
112;631;...;NA;…;0;
112;641;...;NA;…;1;
112;649;NA;NA;…;0;
112;661;100;13;3.326;1;
112;662;...;NA;…;0;
112;681;43;14;0.357;0;
112;682;123;25;0.788;0;
112;683;47;9;0.576;0;
112;691;46;14;0.737;0;
112;692;126;32;0.34;0;
112;701;NA;NA;…;0;
112;702;77;15;0.44;0;
112;711;167;23;0.911;0;
112;712;66;7;1.719;1;
112;721;...;NA;…;0;
112;722;NA;NA;…;0;
112;731;NA;NA;…;0;
112;732;...;NA;…;0;
112;741;NA;NA;…;0;
112;742;NA;NA;…;0;
112;749;36;13;0.563;0;
112;750;21;6;2.014;1;
112;771;30;5;1.963;1;
112;772;...;NA;…;0;
112;773;NA;NA;…;0;
112;781;143;5;2.504;1;
112;782;...;NA;…;0;
112;783;NA;NA;…;0;
112;791;...;NA;…;0;
112;801;154;11;1.026;1;
112;802;91;10;1.292;1;
112;803;...;NA;…;1;
112;811;NA;NA;…;0;
112;812;209;21;0.943;0;
112;813;142;12;3.947;1;
112;821;15;5;0.393;0;
112;823;NA;NA;…;0;
112;829;604;20;3.155;1;
112;841;559;21;0.257;0;
112;842;NA;NA;…;0;
112;851;273;15;0.992;0;
112;852;665;22;0.828;0;
112;853;268;13;0.575;0;
112;855;57;12;0.826;0;
112;856;NA;NA;…;0;
112;861;NA;NA;…;0;
112;862;132;32;0.586;0;
112;869;39;5;0.337;0;
112;873;164;5;0.746;0;
112;881;129;7;1.548;1;
112;889;122;6;0.974;0;
112;900;NA;NA;…;0;
112;910;75;7;0.807;0;
112;920;12;5;0.528;0;
112;931;76;10;0.9;0;
112;932;100;8;1.85;1;
112;949;56;8;0.371;0;
112;951;...;NA;…;0;
112;952;20;5;0.66;0;
112;960;85;22;0.533;0;
113;11;88;19;0.747;0;
113;12;NA;NA;…;0;
113;14;45;6;0.453;0;
113;15;...;NA;…;0;
113;16;37;6;1.185;1;
113;17;NA;NA;…;0;
113;21;NA;NA;…;0;
113;22;...;NA;…;0;
113;24;13;5;1.099;1;
113;52;NA;NA;…;1;
113;101;NA;NA;…;0;
113;103;NA;NA;…;0;
113;107;119;6;1.286;1;
113;108;...;NA;…;0;
113;110;25;5;0.708;0;
113;141;30;5;0.32;0;
113;151;...;NA;…;1;
113;152;NA;NA;…;1;
113;161;...;NA;…;0;
113;162;...;NA;…;0;
113;172;NA;NA;…;0;
113;181;...;NA;…;0;
113;182;NA;NA;…;1;
113;203;...;NA;…;1;
113;222;261;7;2.57;1;
113;236;NA;NA;…;0;
113;237;...;NA;…;1;
113;243;NA;NA;…;0;
113;245;NA;NA;…;0;
113;251;154;21;1.747;1;
113;256;190;16;02.febr;1;
113;257;...;NA;…;1;
113;259;NA;NA;…;1;
113;275;NA;NA;…;0;
113;281;NA;NA;…;1;
113;282;NA;5;…;1;
113;289;NA;NA;…;0;
113;293;NA;NA;…;1;
113;310;34;7;0.594;0;
113;325;NA;NA;…;0;
113;329;...;NA;…;1;
113;331;64;11;1.556;1;
113;332;...;NA;…;0;
113;351;NA;NA;…;1;
113;352;NA;NA;…;0;
113;353;...;NA;…;1;
113;381;...;NA;…;1;
113;382;NA;NA;…;1;
113;411;...;NA;…;0;
113;412;269;54;1.125;1;
113;421;NA;NA;…;0;
113;422;53;8;0.831;0;
113;429;NA;NA;…;0;
113;431;50;12;1.47;1;
113;432;126;35;0.818;0;
113;433;197;37;2.644;1;
113;439;68;16;0.827;0;
113;451;98;8;1.014;1;
113;452;99;18;1.382;1;
113;453;...;NA;…;0;
113;461;58;5;0.988;0;
113;462;...;NA;…;0;
113;463;35;5;0.3;0;
113;465;...;NA;…;0;
113;466;...;NA;…;0;
113;467;108;11;1.138;1;
113;469;73;7;0.748;0;
113;471;145;48;0.39;0;
113;472;158;29;1.681;1;
113;473;NA;NA;…;0;
113;474;NA;NA;…;0;
113;475;70;14;0.806;0;
113;476;16;4;0.626;0;
113;477;223;51;0.889;0;
113;478;8;4;0.353;0;
113;479;24;9;0.66;0;
113;493;32;4;0.252;0;
113;494;310;44;1.475;1;
113;522;30;6;0.181;0;
113;559;NA;NA;…;1;
113;561;158;38;0.623;0;
113;562;49;7;1.151;1;
113;563;77;21;1.133;1;
113;611;...;NA;…;0;
113;620;36;10;0.252;0;
113;631;NA;NA;…;0;
113;641;NA;NA;…;0;
113;661;9;4;0.572;0;
113;662;...;NA;…;0;
113;681;...;NA;…;0;
113;682;16;4;0.196;0;
113;683;...;NA;…;0;
113;691;...;NA;…;0;
113;692;48;15;0.247;0;
113;701;NA;NA;…;0;
113;702;34;7;0.371;0;
113;711;46;14;0.479;0;
113;712;NA;NA;…;0;
113;731;9;4;0.258;0;
113;732;NA;NA;…;0;
113;742;NA;NA;…;0;
113;743;NA;NA;…;0;
113;749;NA;NA;…;0;
113;771;...;NA;…;0;
113;772;NA;NA;…;0;
113;773;...;NA;…;1;
113;781;...;NA;…;1;
113;782;NA;NA;…;0;
113;783;NA;NA;…;0;
113;801;35;10;0.445;0;
113;802;13;5;0.352;0;
113;803;NA;NA;…;1;
113;812;184;12;1.585;1;
113;813;59;8;3.132;1;
113;821;NA;NA;…;0;
113;822;NA;NA;…;0;
113;829;21;9;0.209;0;
113;841;377;14;0.331;0;
113;851;219;8;1.52;1;
113;852;1011;32;2.404;1;
113;853;143;4;0.586;0;
113;855;...;NA;…;0;
113;856;NA;NA;…;1;
113;861;NA;NA;…;0;
113;862;193;22;1.636;1;
113;869;...;NA;…;0;
113;873;...;NA;…;0;
113;879;...;NA;…;1;
113;881;86;4;1.972;1;
113;900;NA;NA;…;0;
113;910;...;NA;…;0;
113;920;NA;NA;…;0;
113;931;58;7;1.312;1;
113;932;27;4;0.954;0;
113;949;NA;NA;…;0;
113;951;...;NA;…;0;
113;952;46;6;09.febr;1;
113;960;34;15;0.407;0;
114;11;116;24;0.617;0;
114;12;25;8;1.184;1;
114;13;...;NA;…;1;
114;14;231;18;1.458;1;
114;16;45;13;0.904;0;
114;17;...;NA;…;1;
114;21;NA;NA;…;0;
114;22;NA;NA;…;0;
114;24;18;6;0.954;0;
114;31;...;NA;…;1;
114;32;23;5;6.887;1;
114;81;NA;NA;…;1;
114;101;NA;NA;…;0;
114;103;NA;NA;…;0;
114;107;154;19;1.044;1;
114;108;30;4;0.542;0;
114;110;127;11;2.255;1;
114;139;38;5;0.471;0;
114;141;143;25;0.958;0;
114;151;...;NA;…;0;
114;152;167;6;3.775;1;
114;161;NA;NA;…;0;
114;162;58;10;0.741;0;
114;172;104;5;1.526;1;
114;181;30;7;0.393;0;
114;201;NA;NA;…;0;
114;203;NA;NA;…;1;
114;204;...;NA;…;1;
114;205;87;4;16.005;1;
114;222;197;13;1.216;1;
114;233;NA;NA;…;1;
114;234;NA;NA;…;0;
114;236;...;NA;…;0;
114;237;21;6;3.232;1;
114;242;NA;NA;…;1;
114;243;NA;NA;…;1;
114;244;NA;NA;…;0;
114;245;NA;NA;…;0;
114;251;197;33;1.401;1;
114;252;NA;NA;…;0;
114;255;NA;NA;…;1;
114;256;665;14;4.827;1;
114;257;...;NA;…;0;
114;259;NA;NA;…;0;
114;263;...;NA;…;0;
114;271;...;NA;…;1;
114;273;NA;NA;…;1;
114;275;NA;NA;…;0;
114;281;...;NA;…;0;
114;282;NA;13;…;1;
114;283;...;NA;…;0;
114;293;...;NA;…;0;
114;302;NA;NA;…;1;
114;309;NA;NA;…;0;
114;310;125;21;1.368;1;
114;321;...;NA;…;1;
114;323;...;NA;…;1;
114;324;NA;NA;…;0;
114;325;26;5;0.528;0;
114;329;NA;NA;…;0;
114;331;19;5;0.29;0;
114;332;64;4;3.315;1;
114;370;...;NA;…;0;
114;381;...;NA;…;1;
114;382;NA;NA;…;1;
114;390;NA;NA;…;0;
114;411;109;10;3.365;1;
114;412;523;93;1.371;1;
114;421;174;13;1.768;1;
114;422;225;20;2.211;1;
114;429;43;9;1.817;1;
114;431;197;20;3.631;1;
114;432;402;82;1.636;1;
114;433;190;44;1.599;1;
114;439;246;46;1.875;1;
114;451;196;41;1.272;1;
114;452;159;30;1.391;1;
114;453;25;7;0.397;0;
114;454;NA;NA;…;1;
114;461;151;28;1.612;1;
114;462;62;11;1.483;1;
114;463;552;17;2.971;1;
114;464;158;17;0.854;0;
114;465;NA;NA;…;0;
114;466;46;8;0.875;0;
114;467;153;29;1.011;1;
114;469;102;15;0.655;0;
114;471;365;76;0.615;0;
114;472;228;34;1.521;1;
114;473;33;5;0.937;0;
114;474;42;9;1.382;1;
114;475;155;41;1.118;1;
114;476;32;11;0.785;0;
114;477;769;103;1.922;1;
114;478;23;8;0.636;0;
114;479;82;26;1.415;1;
114;493;75;9;0.37;0;
114;494;1290;115;3.848;1;
114;503;...;NA;…;1;
114;504;NA;NA;…;1;
114;521;19;4;0.56;0;
114;522;101;16;0.383;0;
114;551;164;13;1.485;1;
114;552;...;NA;…;0;
114;553;NA;NA;…;1;
114;559;NA;NA;…;1;
114;561;608;118;1.503;1;
114;562;15;4;0.221;0;
114;563;131;37;1.209;1;
114;581;...;NA;…;0;
114;582;NA;NA;…;0;
114;591;...;NA;…;0;
114;611;NA;NA;…;0;
114;619;NA;NA;…;0;
114;620;73;23;0.32;0;
114;631;...;NA;…;0;
114;639;NA;NA;…;0;
114;641;NA;NA;…;0;
114;649;NA;NA;…;0;
114;661;...;NA;…;0;
114;662;24;11;0.906;0;
114;681;47;12;0.467;0;
114;682;118;29;0.905;0;
114;683;18;6;0.264;0;
114;691;48;16;0.921;0;
114;692;114;42;0.368;0;
114;701;...;NA;…;1;
114;702;107;25;0.732;0;
114;711;148;37;0.967;0;
114;712;8;4;0.249;0;
114;721;9;4;0.108;0;
114;731;23;9;0.414;0;
114;732;20;4;1.509;1;
114;741;...;NA;…;1;
114;742;8;4;0.742;0;
114;743;28;4;4.565;1;
114;749;54;12;1.011;1;
114;750;23;4;2.641;1;
114;771;...;NA;…;1;
114;772;23;4;2.715;1;
114;773;11;4;0.461;0;
114;781;NA;NA;…;0;
114;782;NA;NA;…;0;
114;791;32;5;1.128;1;
114;801;62;20;0.494;0;
114;802;89;6;1.513;1;
114;803;NA;NA;…;1;
114;812;14;7;0.076;0;
114;813;73;14;2.43;1;
114;821;10;5;0.313;0;
114;823;11;4;0.757;0;
114;829;152;21;0.951;0;
114;841;572;26;0.315;0;
114;842;NA;NA;…;0;
114;851;290;21;1.262;1;
114;852;950;26;1.416;1;
114;853;508;8;1.304;1;
114;855;114;24;1.977;1;
114;856;NA;NA;…;1;
114;861;NA;NA;…;0;
114;862;171;51;0.909;0;
114;869;54;8;0.559;0;
114;873;NA;4;…;0;
114;881;...;NA;…;0;
114;889;146;6;1.396;1;
114;900;NA;NA;…;0;
114;910;NA;NA;…;0;
114;920;18;5;0.948;0;
114;931;126;10;1.787;1;
114;932;39;7;0.864;0;
114;949;146;21;1.159;1;
114;951;...;NA;…;0;
114;952;26;11;1.028;1;
114;960;141;38;1.059;1;
115;11;166;23;0.256;0;
115;12;...;NA;…;0;
115;14;149;16;0.273;0;
115;15;NA;NA;…;0;
115;16;99;13;0.577;0;
115;17;NA;NA;…;1;
115;21;...;NA;…;0;
115;22;NA;8;…;1;
115;24;27;8;0.415;0;
115;52;NA;NA;…;1;
115;81;34;4;0.733;0;
115;99;...;NA;…;1;
115;101;465;16;0.999;0;
115;103;NA;NA;…;0;
115;104;NA;NA;…;0;
115;105;NA;NA;…;0;
115;106;NA;NA;…;1;
115;107;656;16;29.jan;1;
115;108;55;6;0.288;0;
115;109;153;4;1.522;1;
115;110;27;4;0.139;0;
115;132;NA;NA;…;0;
115;133;NA;NA;…;0;
115;139;272;16;0.979;0;
115;141;182;27;0.354;0;
115;143;NA;NA;…;0;
115;151;...;NA;…;0;
115;152;104;4;0.682;0;
115;161;28;5;0.287;0;
115;162;199;26;0.738;0;
115;172;435;11;1.851;1;
115;181;132;13;0.502;0;
115;182;NA;NA;…;1;
115;201;...;NA;…;1;
115;202;NA;NA;…;0;
115;203;NA;NA;…;0;
115;204;47;5;0.837;0;
115;205;...;NA;…;1;
115;221;NA;NA;…;1;
115;222;658;40;1.178;1;
115;231;NA;4;…;1;
115;234;NA;NA;…;0;
115;236;14;4;0.121;0;
115;237;22;4;0.982;0;
115;241;NA;NA;…;0;
115;243;NA;NA;…;0;
115;244;NA;NA;…;1;
115;245;...;NA;…;0;
115;251;1092;101;2.253;1;
115;252;136;7;2.104;1;
115;255;NA;NA;…;0;
115;256;798;105;1.68;1;
115;257;139;16;1.383;1;
115;259;382;12;2.484;1;
115;261;NA;5;…;1;
115;263;NA;NA;…;1;
115;265;...;NA;…;0;
115;266;NA;NA;…;0;
115;271;...;NA;…;0;
115;273;NA;NA;…;1;
115;274;...;NA;…;0;
115;275;NA;NA;…;0;
115;279;NA;NA;…;0;
115;281;NA;7;…;1;
115;282;218;23;0.683;0;
115;283;...;NA;…;0;
115;284;NA;NA;…;0;
115;289;559;11;3.472;1;
115;291;NA;NA;…;0;
115;292;81;5;1.521;1;
115;293;989;6;0.945;0;
115;303;NA;NA;…;1;
115;309;NA;NA;…;1;
115;310;169;29;0.537;0;
115;321;...;NA;…;0;
115;322;NA;NA;…;0;
115;324;30;5;0.55;0;
115;325;NA;12;…;1;
115;329;39;8;0.36;0;
115;331;223;33;0.986;0;
115;332;83;12;1.247;1;
115;351;NA;NA;…;1;
115;353;...;NA;…;1;
115;360;NA;NA;…;1;
115;370;...;NA;…;0;
115;381;208;5;1.198;1;
115;382;...;NA;…;0;
115;383;48;6;1.119;1;
115;411;139;20;1.245;1;
115;412;1574;206;1.197;1;
115;421;213;37;0.628;0;
115;422;377;43;1.075;1;
115;429;74;13;0.907;0;
115;431;378;76;2.021;1;
115;432;1137;210;1.342;1;
115;433;489;92;1.194;1;
115;439;404;78;0.893;0;
115;451;613;109;1.154;1;
115;452;467;82;1.185;1;
115;453;97;25;0.447;0;
115;454;22;5;1.39;1;
115;461;222;42;0.688;0;
115;462;72;13;0.5;0;
115;463;398;59;0.621;0;
115;464;317;48;0.497;0;
115;465;108;7;13.jan;1;
115;466;272;25;1.502;1;
115;467;413;64;0.791;0;
115;469;327;44;0.61;0;
115;471;890;213;0.435;0;
115;472;284;58;0.55;0;
115;473;106;10;0.873;0;
115;474;116;28;1.107;1;
115;475;404;78;0.846;0;
115;476;100;22;0.712;0;
115;477;960;199;0.696;0;
115;478;58;22;0.465;0;
115;479;202;48;1.011;1;
115;493;2511;38;3.595;1;
115;494;1642;178;1.421;1;
115;521;58;5;0.496;0;
115;522;487;31;0.535;0;
115;532;43;9;0.623;0;
115;551;128;11;0.336;0;
115;552;NA;NA;…;1;
115;553;...;NA;…;0;
115;559;35;6;0.563;0;
115;561;971;170;0.696;0;
115;562;169;19;0.722;0;
115;563;278;93;0.744;0;
115;581;94;15;0.518;0;
115;582;20;4;0.227;0;
115;591;26;9;0.336;0;
115;592;...;NA;…;0;
115;601;NA;NA;…;1;
115;602;18;5;0.353;0;
115;611;56;7;0.401;0;
115;612;NA;NA;…;0;
115;620;270;57;0.344;0;
115;631;53;14;0.357;0;
115;639;25;5;1.005;1;
115;641;NA;NA;…;0;
115;642;NA;NA;…;0;
115;649;...;NA;…;0;
115;653;NA;NA;…;0;
115;661;48;14;0.555;0;
115;662;98;27;1.074;1;
115;681;257;63;0.741;0;
115;682;385;64;0.857;0;
115;683;250;27;1.064;1;
115;691;141;33;0.785;0;
115;692;315;103;0.295;0;
115;701;...;NA;…;0;
115;702;894;145;1.773;1;
115;711;375;77;0.711;0;
115;712;63;20;0.57;0;
115;721;41;7;0.143;0;
115;722;...;NA;…;0;
115;731;238;42;1.243;1;
115;732;33;10;0.723;0;
115;741;10;4;0.669;0;
115;742;23;8;0.619;0;
115;743;NA;NA;…;0;
115;749;183;47;0.994;0;
115;750;...;NA;…;0;
115;771;...;NA;…;0;
115;772;21;5;0.719;0;
115;773;60;8;0.729;0;
115;781;342;23;2.081;1;
115;782;876;30;1.033;1;
115;783;NA;6;…;1;
115;791;21;5;0.215;0;
115;799;NA;NA;…;0;
115;801;1361;75;3.148;1;
115;802;209;23;1.031;1;
115;803;18;5;1.212;1;
115;811;43;4;0.209;0;
115;812;431;61;0.675;0;
115;813;113;13;1.091;1;
115;821;NA;5;…;0;
115;822;...;NA;…;0;
115;823;15;6;0.299;0;
115;829;219;54;0.397;0;
115;841;3466;43;0.554;0;
115;842;1881;7;1.477;1;
115;843;595;4;3.986;1;
115;851;755;32;0.953;0;
115;852;2540;69;1.099;1;
115;853;1578;16;1.176;1;
115;854;NA;NA;…;0;
115;855;142;34;0.714;0;
115;856;52;5;0.997;0;
115;861;NA;4;…;0;
115;862;289;102;0.446;0;
115;869;176;8;0.528;0;
115;872;NA;NA;…;1;
115;873;406;6;0.642;0;
115;879;NA;NA;…;1;
115;881;206;10;0.859;0;
115;889;268;10;0.743;0;
115;900;136;19;0.627;0;
115;910;85;5;0.318;0;
115;920;190;15;2.902;1;
115;931;179;24;0.737;0;
115;932;99;14;0.636;0;
115;941;20;6;0.639;0;
115;942;NA;NA;…;1;
115;949;329;27;0.758;0;
115;951;28;5;0.593;0;
115;952;75;17;0.86;0;
115;960;370;96;0.806;0;
116;11;429;39;2.717;1;
116;12;25;6;1.41;1;
116;14;168;12;1.262;1;
116;15;50;8;2.226;1;
116;16;63;12;1.505;1;
116;17;29;8;7.149;1;
116;21;NA;NA;…;1;
116;22;NA;NA;…;1;
116;24;20;7;1.261;1;
116;81;NA;NA;…;1;
116;101;NA;NA;…;0;
116;103;204;5;5.314;1;
116;105;...;NA;…;0;
116;107;149;19;1.202;1;
116;108;35;4;0.753;0;
116;109;NA;NA;…;1;
116;110;19;7;0.402;0;
116;139;NA;NA;…;1;
116;141;263;15;2.096;1;
116;143;NA;NA;…;0;
116;151;NA;NA;…;0;
116;152;NA;NA;…;1;
116;161;55;7;2.315;1;
116;162;89;11;1.353;1;
116;172;32;8;0.559;0;
116;181;54;9;0.842;0;
116;182;NA;NA;…;1;
116;201;NA;NA;…;0;
116;222;NA;NA;…;0;
116;237;NA;NA;…;0;
116;244;NA;NA;…;1;
116;245;NA;NA;…;0;
116;251;371;13;14.márc;1;
116;252;NA;NA;…;0;
116;256;53;8;0.458;0;
116;257;NA;NA;…;0;
116;259;NA;4;…;1;
116;261;21;4;0.301;0;
116;262;NA;NA;…;0;
116;265;NA;NA;…;0;
116;271;NA;NA;…;1;
116;274;...;NA;…;1;
116;279;NA;NA;…;0;
116;282;NA;NA;…;1;
116;284;...;NA;…;1;
116;289;NA;NA;…;1;
116;293;NA;NA;…;1;
116;310;108;7;1.407;1;
116;321;NA;NA;…;0;
116;325;...;NA;…;0;
116;329;NA;NA;…;0;
116;331;29;10;0.526;0;
116;332;NA;NA;…;0;
116;353;NA;NA;…;0;
116;370;...;NA;…;0;
116;383;...;NA;…;1;
116;411;NA;NA;…;0;
116;412;283;57;0.883;0;
116;421;...;NA;…;0;
116;422;115;11;1.345;1;
116;431;65;13;1.426;1;
116;432;166;37;0.804;0;
116;433;70;22;0.701;0;
116;439;135;34;1.225;1;
116;451;96;15;0.742;0;
116;452;67;9;0.698;0;
116;453;21;9;0.397;0;
116;454;NA;NA;…;0;
116;461;12;4;0.152;0;
116;462;10;4;0.285;0;
116;463;86;11;0.551;0;
116;464;...;NA;…;0;
116;467;95;13;0.747;0;
116;469;34;7;0.26;0;
116;471;303;45;0.607;0;
116;472;199;46;1.58;1;
116;473;...;NA;…;0;
116;474;26;5;1.018;1;
116;475;89;23;0.764;0;
116;476;NA;NA;…;0;
116;477;550;75;1.636;1;
116;478;31;11;1.021;1;
116;479;51;11;1.047;1;
116;493;24;6;0.141;0;
116;494;169;34;0.6;0;
116;522;...;NA;…;0;
116;532;NA;NA;…;0;
116;551;41;5;0.442;0;
116;552;...;NA;…;1;
116;559;...;NA;…;1;
116;561;250;53;0.735;0;
116;562;47;8;0.824;0;
116;563;119;45;1.307;1;
116;581;14;4;0.317;0;
116;582;...;NA;…;0;
116;591;...;NA;…;0;
116;601;NA;NA;…;1;
116;602;13;4;1.047;1;
116;611;NA;NA;…;0;
116;620;12;6;0.063;0;
116;631;NA;NA;…;0;
116;641;...;NA;…;0;
116;649;NA;NA;…;0;
116;661;10;5;0.474;0;
116;662;12;6;0.539;0;
116;681;49;8;0.579;0;
116;682;91;7;0.831;0;
116;683;...;NA;…;0;
116;691;48;9;1.096;1;
116;692;43;17;0.165;0;
116;702;44;12;0.358;0;
116;711;78;18;0.607;0;
116;712;NA;NA;…;0;
116;721;NA;NA;…;0;
116;731;16;6;0.343;0;
116;732;NA;NA;…;1;
116;742;NA;NA;…;0;
116;743;NA;NA;…;0;
116;749;33;10;0.736;0;
116;771;NA;NA;…;0;
116;772;...;NA;…;0;
116;773;...;NA;…;0;
116;782;NA;NA;…;0;
116;801;...;NA;…;0;
116;802;59;8;1.194;1;
116;812;34;8;0.219;0;
116;813;17;4;0.673;0;
116;821;...;NA;…;0;
116;823;NA;NA;…;0;
116;829;18;6;0.134;0;
116;841;1317;54;0.863;0;
116;842;1062;5;3.421;1;
116;851;270;26;1.398;1;
116;852;1035;48;1.836;1;
116;853;491;8;1.501;1;
116;855;42;8;0.867;0;
116;856;NA;NA;…;0;
116;861;NA;NA;…;1;
116;862;118;37;0.747;0;
116;871;NA;NA;…;1;
116;873;...;NA;…;1;
116;881;57;6;0.975;0;
116;889;57;5;0.649;0;
116;900;...;NA;…;0;
116;910;49;4;0.751;0;
116;920;...;NA;…;0;
116;931;68;9;1.148;1;
116;932;28;4;0.738;0;
116;949;35;10;0.331;0;
116;952;47;8;2.211;1;
116;960;64;18;0.572;0;
117;14;67;8;1.056;1;
117;15;NA;NA;…;0;
117;16;36;6;1.804;1;
117;22;NA;NA;…;0;
117;24;22;7;2.909;1;
117;52;NA;NA;…;1;
117;101;...;NA;…;0;
117;103;NA;NA;…;0;
117;106;NA;NA;…;1;
117;107;51;7;0.863;0;
117;108;NA;NA;…;0;
117;110;...;NA;…;0;
117;139;NA;NA;…;0;
117;141;69;11;1.153;1;
117;161;...;NA;…;0;
117;162;...;NA;…;0;
117;172;...;NA;…;0;
117;201;NA;NA;…;0;
117;212;...;NA;…;1;
117;222;91;6;1.402;1;
117;231;NA;NA;…;0;
117;233;NA;NA;…;0;
117;239;NA;NA;…;1;
117;243;NA;NA;…;1;
117;251;439;25;7.792;1;
117;252;NA;NA;…;1;
117;256;111;14;2.011;1;
117;259;52;6;2.91;1;
117;271;NA;NA;…;0;
117;273;NA;NA;…;0;
117;282;NA;4;…;1;
117;289;NA;NA;…;0;
117;324;...;NA;…;1;
117;325;NA;NA;…;0;
117;329;NA;NA;…;0;
117;331;...;NA;…;0;
117;370;NA;NA;…;1;
117;381;NA;NA;…;1;
117;383;52;4;10.427;1;
117;411;...;NA;…;0;
117;412;265;30;1.734;1;
117;421;NA;NA;…;0;
117;422;30;8;0.736;0;
117;429;74;5;7.804;1;
117;431;67;10;3.082;1;
117;432;96;19;0.975;0;
117;433;41;7;0.861;0;
117;439;49;10;0.932;0;
117;451;43;6;0.697;0;
117;452;24;9;0.524;0;
117;453;10;4;0.397;0;
117;461;...;NA;…;0;
117;462;NA;NA;…;0;
117;463;NA;NA;…;0;
117;464;44;4;0.594;0;
117;466;NA;NA;…;0;
117;467;42;9;0.692;0;
117;469;35;4;0.561;0;
117;471;283;62;19.jan;1;
117;472;79;23;1.315;1;
117;473;...;NA;…;1;
117;474;...;NA;…;0;
117;475;33;9;0.594;0;
117;476;...;NA;…;0;
117;477;82;25;0.512;0;
117;478;36;16;2.485;1;
117;479;14;4;0.603;0;
117;493;NA;NA;…;0;
117;494;58;15;0.432;0;
117;522;...;NA;…;0;
117;532;...;NA;…;0;
117;551;NA;NA;…;0;
117;552;...;NA;…;1;
117;561;71;22;0.438;0;
117;562;NA;NA;…;0;
117;563;89;17;2.049;1;
117;581;NA;NA;…;0;
117;620;17;5;0.186;0;
117;631;NA;NA;…;0;
117;661;NA;NA;…;0;
117;662;19;7;1.791;1;
117;681;18;6;0.446;0;
117;682;30;5;0.574;0;
117;683;...;NA;…;0;
117;692;17;6;0.137;0;
117;701;NA;NA;…;0;
117;702;25;4;0.427;0;
117;711;57;7;0.93;0;
117;712;NA;NA;…;0;
117;721;...;NA;…;1;
117;732;13;4;2.449;1;
117;741;NA;NA;…;1;
117;743;NA;NA;…;0;
117;749;18;5;0.841;0;
117;750;NA;NA;…;1;
117;771;NA;NA;…;0;
117;773;...;NA;…;1;
117;781;NA;NA;…;1;
117;782;...;NA;…;0;
117;799;NA;NA;…;1;
117;801;43;5;0.856;0;
117;802;...;NA;…;0;
117;812;52;5;0.701;0;
117;813;...;NA;…;1;
117;821;21;4;1.643;1;
117;829;30;7;0.468;0;
117;841;1311;20;1.803;1;
117;851;282;11;3.063;1;
117;852;739;19;2.75;1;
117;853;...;NA;…;0;
117;854;NA;NA;…;0;
117;856;NA;NA;…;0;
117;862;67;17;0.889;0;
117;869;NA;NA;…;1;
117;873;300;5;08.ápr;1;
117;881;53;6;1.901;1;
117;889;...;NA;…;1;
117;900;...;NA;…;0;
117;910;NA;NA;…;0;
117;931;34;4;1.204;1;
117;932;55;7;3.041;1;
117;949;92;4;1.823;1;
117;951;...;NA;…;0;
117;952;...;NA;…;0;
117;960;50;15;0.937;0;
118;11;250;25;2.479;1;
118;12;12;4;1.059;1;
118;14;65;12;0.765;0;
118;15;41;5;2.858;1;
118;16;22;5;0.823;0;
118;17;...;NA;…;1;
118;22;...;NA;…;0;
118;24;30;8;2.962;1;
118;105;...;NA;…;1;
118;106;NA;NA;…;0;
118;107;190;17;2.399;1;
118;108;NA;NA;…;0;
118;109;NA;NA;…;1;
118;110;...;NA;…;0;
118;139;...;NA;…;0;
118;141;159;7;1.984;1;
118;151;...;NA;…;1;
118;161;37;4;2.438;1;
118;162;100;18;2.381;1;
118;172;NA;NA;…;0;
118;181;13;6;0.317;0;
118;204;NA;NA;…;0;
118;212;NA;NA;…;0;
118;221;NA;NA;…;1;
118;222;NA;NA;…;0;
118;234;NA;NA;…;0;
118;236;NA;NA;…;0;
118;244;NA;NA;…;0;
118;245;...;NA;…;1;
118;251;123;14;1.63;1;
118;254;NA;NA;…;1;
118;256;114;8;1.542;1;
118;259;NA;NA;…;1;
118;267;NA;NA;…;1;
118;274;NA;NA;…;1;
118;282;43;7;0.866;0;
118;284;NA;NA;…;1;
118;289;...;NA;…;0;
118;310;NA;NA;…;0;
118;322;NA;NA;…;1;
118;325;...;NA;…;0;
118;329;NA;NA;…;0;
118;331;27;4;0.767;0;
118;332;NA;NA;…;1;
118;370;...;NA;…;0;
118;381;22;5;0.814;0;
118;383;NA;NA;…;1;
118;390;NA;NA;…;0;
118;411;...;NA;…;0;
118;412;335;64;1.637;1;
118;422;67;10;1.227;1;
118;429;...;NA;…;0;
118;431;104;18;3.572;1;
118;432;184;46;1.395;1;
118;433;98;31;1.537;1;
118;439;134;31;1.903;1;
118;451;71;10;0.859;0;
118;452;23;9;0.375;0;
118;453;15;6;0.444;0;
118;461;50;9;0.995;0;
118;462;...;NA;…;0;
118;463;226;13;2.266;1;
118;464;30;7;0.302;0;
118;465;NA;NA;…;0;
118;467;39;7;0.48;0;
118;469;32;6;0.383;0;
118;471;297;70;0.932;0;
118;472;75;12;0.932;0;
118;473;NA;NA;…;0;
118;474;...;NA;…;0;
118;475;96;22;1.291;1;
118;476;16;7;0.732;0;
118;477;159;49;0.74;0;
118;478;...;NA;…;0;
118;479;77;7;2.475;1;
118;493;56;4;0.515;0;
118;494;598;59;3.324;1;
118;522;42;10;0.297;0;
118;531;NA;NA;…;0;
118;532;...;NA;…;0;
118;551;...;NA;…;0;
118;561;152;40;0.7;0;
118;563;94;31;1.616;1;
118;581;NA;NA;…;0;
118;591;...;NA;…;0;
118;611;NA;NA;…;0;
118;612;NA;NA;…;0;
118;619;...;NA;…;1;
118;620;21;9;0.172;0;
118;631;...;NA;…;0;
118;639;NA;NA;…;0;
118;641;NA;NA;…;0;
118;661;13;6;0.965;0;
118;662;13;6;0.915;0;
118;663;NA;NA;…;1;
118;681;62;14;1.148;1;
118;682;NA;14;…;1;
118;691;15;4;0.536;0;
118;692;51;13;0.307;0;
118;701;NA;NA;…;0;
118;702;21;7;0.268;0;
118;711;116;22;1.412;1;
118;712;19;4;1.104;1;
118;721;22;6;0.494;0;
118;731;...;NA;…;0;
118;741;8;4;3.437;1;
118;743;NA;NA;…;0;
118;749;...;NA;…;0;
118;771;...;NA;…;1;
118;773;...;NA;…;1;
118;782;...;NA;…;0;
118;783;NA;NA;…;0;
118;791;NA;NA;…;0;
118;801;43;5;0.639;0;
118;802;...;NA;…;0;
118;811;NA;NA;…;1;
118;812;21;4;0.211;0;
118;813;28;4;1.737;1;
118;821;...;NA;…;1;
118;823;...;NA;…;0;
118;829;117;7;1.363;1;
118;841;1122;52;1.152;1;
118;842;...;NA;…;0;
118;851;198;20;1.605;1;
118;852;876;35;2.433;1;
118;853;207;5;0.99;0;
118;855;41;4;1.325;1;
118;856;NA;NA;…;0;
118;861;NA;NA;…;1;
118;862;63;22;0.624;0;
118;869;20;6;0.385;0;
118;873;NA;NA;…;0;
118;881;...;NA;…;1;
118;889;12;4;0.214;0;
118;900;...;NA;…;0;
118;910;35;4;0.84;0;
118;920;NA;NA;…;0;
118;931;16;5;0.423;0;
118;932;...;NA;…;0;
118;941;NA;NA;…;1;
118;942;...;NA;…;1;
118;949;...;NA;…;0;
118;952;NA;NA;…;1;
118;960;33;12;0.462;0;
119;11;97;15;1.318;1;
119;12;17;8;2.056;1;
119;14;20;5;0.322;0;
119;15;19;4;1.814;1;
119;16;8;4;0.41;0;
119;17;8;4;23.ápr;1;
119;21;14;4;5.152;1;
119;22;17;4;1.46;1;
119;24;26;8;3.516;1;
119;81;NA;NA;…;1;
119;101;...;NA;…;0;
119;103;NA;NA;…;1;
119;105;NA;NA;…;0;
119;107;105;6;1.817;1;
119;110;...;NA;…;0;
119;139;NA;NA;…;0;
119;141;...;NA;…;0;
119;152;NA;NA;…;1;
119;161;30;5;2.709;1;
119;162;23;8;0.75;0;
119;172;NA;NA;…;0;
119;181;48;10;1.605;1;
119;201;NA;NA;…;0;
119;203;NA;NA;…;1;
119;204;NA;NA;…;1;
119;205;NA;NA;…;1;
119;222;...;NA;…;1;
119;233;NA;NA;…;1;
119;236;NA;NA;…;0;
119;239;NA;NA;…;1;
119;244;NA;NA;…;1;
119;245;NA;NA;…;1;
119;251;...;NA;…;0;
119;255;NA;NA;…;1;
119;256;31;4;0.574;0;
119;257;NA;NA;…;0;
119;259;NA;NA;…;1;
119;261;...;NA;…;0;
119;281;NA;NA;…;0;
119;282;NA;NA;…;1;
119;284;NA;NA;…;1;
119;289;...;NA;…;1;
119;292;NA;NA;…;1;
119;309;NA;NA;…;1;
119;310;NA;7;…;1;
119;322;NA;NA;…;1;
119;323;NA;4;…;1;
119;325;NA;NA;…;0;
119;329;NA;NA;…;1;
119;331;...;NA;…;0;
119;411;NA;NA;…;0;
119;412;191;44;1.278;1;
119;421;NA;NA;…;0;
119;422;...;NA;…;0;
119;431;15;5;0.706;0;
119;432;146;31;1.517;1;
119;433;75;25;1.611;1;
119;439;43;15;0.837;0;
119;451;17;7;0.282;0;
119;452;20;7;0.447;0;
119;453;...;NA;…;0;
119;461;46;4;1.254;1;
119;462;NA;NA;…;0;
119;463;40;5;0.55;0;
119;466;...;NA;…;0;
119;467;8;4;0.135;0;
119;469;20;5;0.328;0;
119;471;200;51;0.86;0;
119;472;88;25;1.498;1;
119;474;NA;NA;…;0;
119;475;33;10;0.608;0;
119;476;24;4;1.503;1;
119;477;140;32;0.893;0;
119;478;NA;NA;…;0;
119;479;39;11;1.717;1;
119;493;35;5;0.441;0;
119;494;114;24;0.868;0;
119;522;...;NA;…;0;
119;531;NA;NA;…;0;
119;532;...;NA;…;0;
119;551;31;5;0.717;0;
119;552;NA;NA;…;0;
119;553;NA;NA;…;1;
119;561;99;27;0.625;0;
119;562;...;NA;…;0;
119;563;99;38;2.331;1;
119;591;NA;NA;…;0;
119;611;NA;NA;…;0;
119;620;22;7;0.246;0;
119;641;NA;NA;…;0;
119;661;...;NA;…;0;
119;662;9;4;0.868;0;
119;681;36;9;0.913;0;
119;682;44;6;0.862;0;
119;683;...;NA;…;0;
119;692;23;10;0.189;0;
119;702;12;6;0.209;0;
119;711;132;17;2.202;1;
119;712;NA;NA;…;0;
119;721;15;4;0.461;0;
119;731;NA;NA;…;0;
119;732;NA;NA;…;1;
119;749;17;4;0.813;0;
119;773;...;NA;…;0;
119;781;NA;NA;…;0;
119;782;NA;NA;…;0;
119;791;...;NA;…;1;
119;801;39;11;0.794;0;
119;802;NA;NA;…;0;
119;811;...;NA;…;0;
119;812;14;6;0.193;0;
119;813;...;NA;…;1;
119;823;NA;NA;…;1;
119;829;19;7;0.303;0;
119;841;996;55;1.401;1;
119;842;NA;NA;…;0;
119;851;169;20;1.877;1;
119;852;427;27;1.625;1;
119;855;18;5;0.797;0;
119;862;86;21;1.167;1;
119;873;NA;NA;…;1;
119;881;NA;NA;…;1;
119;889;...;NA;…;1;
119;900;13;5;0.527;0;
119;910;...;NA;…;0;
119;931;...;NA;…;0;
119;932;46;6;2.601;1;
119;949;47;6;0.952;0;
119;952;NA;NA;…;0;
119;960;37;11;0.709;0;
120;11;43;9;0.141;0;
120;12;NA;NA;…;0;
120;13;NA;NA;…;0;
120;14;86;13;0.335;0;
120;15;NA;NA;…;0;
120;16;53;10;0.657;0;
120;17;...;NA;…;0;
120;21;...;NA;…;0;
120;22;...;NA;…;0;
120;24;39;14;1.276;1;
120;81;NA;NA;…;0;
120;89;NA;NA;…;1;
120;101;NA;NA;…;0;
120;103;18;5;0.243;0;
120;105;NA;NA;…;0;
120;107;482;22;2.017;1;
120;108;NA;NA;…;0;
120;110;47;10;0.515;0;
120;133;NA;NA;…;0;
120;139;NA;NA;…;0;
120;141;211;13;0.872;0;
120;143;...;NA;…;0;
120;152;116;4;1.619;1;
120;161;128;10;2.795;1;
120;162;81;15;0.639;0;
120;172;70;5;0.634;0;
120;181;186;19;1.504;1;
120;201;NA;NA;…;0;
120;204;NA;NA;…;0;
120;222;54;7;0.206;0;
120;231;NA;9;…;1;
120;236;...;NA;…;0;
120;237;...;NA;…;0;
120;241;...;NA;…;0;
120;243;...;NA;…;1;
120;245;NA;NA;…;0;
120;251;208;19;0.913;0;
120;252;...;NA;…;1;
120;255;NA;NA;…;0;
120;256;287;27;1.286;1;
120;257;NA;NA;…;1;
120;259;17;5;0.235;0;
120;261;...;NA;…;0;
120;263;NA;4;…;1;
120;264;NA;NA;…;0;
120;266;...;NA;…;0;
120;271;...;NA;…;1;
120;273;NA;NA;…;0;
120;275;...;NA;…;1;
120;282;111;8;0.741;0;
120;289;28;4;0.37;0;
120;292;NA;NA;…;0;
120;293;NA;NA;…;0;
120;310;NA;9;…;1;
120;325;10;4;0.125;0;
120;329;NA;NA;…;1;
120;331;50;9;0.471;0;
120;332;8;4;0.256;0;
120;353;...;NA;…;1;
120;370;NA;NA;…;0;
120;381;NA;NA;…;1;
120;382;NA;NA;…;0;
120;411;23;4;0.438;0;
120;412;477;91;0.772;0;
120;421;109;13;0.684;0;
120;422;267;21;1.62;1;
120;429;17;5;0.443;0;
120;431;128;31;1.457;1;
120;432;371;67;0.932;0;
120;433;144;36;0.748;0;
120;439;219;38;1.031;1;
120;451;205;37;0.821;0;
120;452;115;27;0.621;0;
120;453;42;13;0.412;0;
120;461;93;19;0.613;0;
120;462;NA;NA;…;0;
120;463;NA;19;…;1;
120;464;50;12;0.167;0;
120;465;...;NA;…;0;
120;466;26;6;0.305;0;
120;467;133;28;0.542;0;
120;469;208;21;0.825;0;
120;471;724;112;0.753;0;
120;472;189;46;0.778;0;
120;473;29;4;0.508;0;
120;474;25;4;0.508;0;
120;475;135;37;0.601;0;
120;476;63;13;0.954;0;
120;477;456;120;0.704;0;
120;478;53;20;0.905;0;
120;479;34;15;0.362;0;
120;493;NA;12;…;1;
120;494;193;40;0.355;0;
120;522;272;10;0.636;0;
120;531;NA;NA;…;0;
120;532;81;11;2.498;1;
120;551;74;7;0.414;0;
120;552;23;6;1.599;1;
120;559;NA;NA;…;0;
120;561;351;86;0.536;0;
120;562;50;15;0.455;0;
120;563;245;81;1.395;1;
120;581;60;5;0.704;0;
120;582;...;NA;…;0;
120;591;30;4;0.824;0;
120;601;...;NA;…;1;
120;602;NA;NA;…;0;
120;611;NA;NA;…;1;
120;612;...;NA;…;0;
120;619;NA;NA;…;0;
120;620;48;18;0.13;0;
120;631;...;NA;…;0;
120;639;...;NA;…;0;
120;641;...;NA;…;0;
120;642;NA;NA;…;0;
120;649;...;NA;…;0;
120;661;40;15;0.983;0;
120;662;54;16;1.259;1;
120;663;NA;NA;…;0;
120;681;42;10;0.258;0;
120;682;96;24;0.455;0;
120;683;NA;14;…;1;
120;691;72;21;0.853;0;
120;692;176;47;0.351;0;
120;701;NA;NA;…;0;
120;702;89;17;0.376;0;
120;711;225;45;0.908;0;
120;712;...;NA;…;0;
120;721;...;NA;…;0;
120;731;48;13;0.533;0;
120;732;...;NA;…;0;
120;742;NA;NA;…;0;
120;743;...;NA;…;0;
120;749;87;26;1.006;1;
120;750;NA;NA;…;1;
120;771;NA;NA;…;0;
120;772;NA;NA;…;0;
120;773;NA;NA;…;0;
120;781;NA;5;…;1;
120;782;NA;NA;…;0;
120;783;...;NA;…;0;
120;791;NA;NA;…;0;
120;801;113;18;0.556;0;
120;802;54;6;0.567;0;
120;811;NA;NA;…;1;
120;812;27;9;0.09;0;
120;813;NA;4;…;1;
120;821;12;6;0.232;0;
120;823;...;NA;…;0;
120;829;123;22;0.475;0;
120;841;4089;76;1.391;1;
120;842;1644;4;2.747;1;
120;843;...;NA;…;1;
120;851;417;28;12.jan;1;
120;852;1805;45;1.661;1;
120;853;1339;20;2.123;1;
120;854;NA;NA;…;0;
120;855;143;17;1.531;1;
120;856;26;5;1.061;1;
120;861;NA;NA;…;1;
120;862;186;67;0.61;0;
120;869;159;10;1.015;1;
120;879;NA;NA;…;1;
120;881;NA;NA;…;0;
120;889;...;NA;…;1;
120;900;NA;5;…;0;
120;910;78;4;0.621;0;
120;931;75;6;0.657;0;
120;932;54;7;0.739;0;
120;941;19;7;1.293;1;
120;942;...;NA;…;1;
120;949;87;14;0.426;0;
120;951;17;5;0.766;0;
120;952;35;11;0.854;0;
120;960;156;46;0.723;0;
120;990;NA;NA;…;1;
121;11;62;19;1.069;1;
121;12;NA;NA;…;0;
121;14;84;15;1.718;1;
121;15;NA;4;…;1;
121;16;29;8;1.887;1;
121;17;...;NA;…;1;
121;21;...;NA;…;1;
121;22;...;NA;…;1;
121;24;14;6;2.403;1;
121;81;NA;NA;…;1;
121;103;NA;NA;…;0;
121;107;50;8;1.098;1;
121;109;NA;NA;…;0;
121;110;NA;NA;…;0;
121;139;...;NA;…;0;
121;141;...;NA;…;0;
121;162;20;5;0.828;0;
121;172;NA;NA;…;0;
121;181;...;NA;…;0;
121;222;80;5;06.jan;1;
121;236;...;NA;…;0;
121;237;NA;NA;…;1;
121;243;NA;NA;…;1;
121;244;...;NA;…;1;
121;251;103;12;2.373;1;
121;255;NA;NA;…;0;
121;256;...;NA;…;0;
121;257;NA;NA;…;0;
121;259;...;NA;…;1;
121;262;NA;NA;…;0;
121;264;...;NA;…;1;
121;281;NA;NA;…;0;
121;282;...;NA;…;0;
121;284;NA;NA;…;0;
121;289;NA;NA;…;1;
121;310;...;NA;…;1;
121;329;NA;NA;…;1;
121;381;NA;NA;…;0;
121;382;NA;NA;…;1;
121;383;NA;NA;…;1;
121;411;NA;NA;…;1;
121;412;282;52;2.396;1;
121;421;45;8;1.482;1;
121;422;35;7;1.115;1;
121;431;77;18;4.599;1;
121;432;95;26;1.253;1;
121;433;40;8;1.091;1;
121;439;80;13;1.976;1;
121;451;58;11;22.jan;1;
121;452;NA;NA;…;0;
121;453;...;NA;…;0;
121;461;...;NA;…;0;
121;462;...;NA;…;0;
121;463;18;5;0.314;0;
121;464;...;NA;…;0;
121;465;NA;NA;…;0;
121;466;17;4;1.048;1;
121;467;48;6;1.027;1;
121;471;178;28;0.972;0;
121;472;81;24;1.751;1;
121;473;NA;NA;…;0;
121;475;36;6;0.842;0;
121;476;NA;NA;…;0;
121;477;101;27;0.818;0;
121;478;9;4;0.807;0;
121;479;12;5;0.671;0;
121;493;...;NA;…;0;
121;494;96;28;0.928;0;
121;521;NA;NA;…;0;
121;522;...;NA;…;0;
121;531;NA;NA;…;0;
121;532;...;NA;…;1;
121;551;NA;NA;…;0;
121;552;...;NA;…;1;
121;561;96;19;0.769;0;
121;562;55;9;2.625;1;
121;563;42;18;1.256;1;
121;619;NA;NA;…;1;
121;620;...;NA;…;0;
121;641;NA;NA;…;0;
121;642;NA;NA;…;1;
121;661;NA;NA;…;0;
121;681;...;NA;…;0;
121;682;...;NA;…;0;
121;683;NA;NA;…;0;
121;691;...;NA;…;0;
121;692;9;4;0.094;0;
121;701;NA;NA;…;1;
121;702;NA;NA;…;0;
121;711;39;6;0.826;0;
121;712;NA;NA;…;0;
121;731;NA;NA;…;0;
121;750;NA;NA;…;1;
121;781;NA;NA;…;0;
121;791;NA;NA;…;0;
121;801;NA;NA;…;0;
121;802;NA;NA;…;0;
121;812;NA;5;…;1;
121;813;...;NA;…;0;
121;829;...;NA;…;0;
121;841;1370;37;2.445;1;
121;851;148;14;2.087;1;
121;852;543;17;2.623;1;
121;853;181;4;1.506;1;
121;855;NA;NA;…;0;
121;856;NA;NA;…;1;
121;861;NA;NA;…;0;
121;862;72;16;24.jan;1;
121;869;NA;NA;…;0;
121;872;NA;NA;…;1;
121;873;...;NA;…;0;
121;881;30;4;1.397;1;
121;889;NA;NA;…;1;
121;910;...;NA;…;0;
121;931;NA;NA;…;0;
121;932;54;5;3.876;1;
121;949;NA;NA;…;0;
121;952;NA;NA;…;1;
121;960;29;10;0.706;0;
122;11;303;37;2.794;1;
122;12;NA;NA;…;0;
122;14;218;7;2.385;1;
122;16;26;8;0.905;0;
122;17;NA;NA;…;1;
122;21;NA;NA;…;0;
122;22;NA;NA;…;0;
122;24;11;4;01.jan;1;
122;101;NA;NA;…;0;
122;103;26;6;0.986;0;
122;106;NA;NA;…;0;
122;107;240;23;2.818;1;
122;108;...;NA;…;0;
122;110;9;4;0.277;0;
122;139;NA;NA;…;0;
122;141;42;9;0.487;0;
122;161;...;NA;…;1;
122;162;88;17;1.948;1;
122;172;...;NA;…;0;
122;181;...;NA;…;0;
122;221;NA;NA;…;0;
122;222;74;5;0.791;0;
122;231;NA;NA;…;0;
122;233;NA;NA;…;0;
122;234;NA;NA;…;0;
122;236;NA;NA;…;1;
122;237;NA;NA;…;0;
122;241;NA;NA;…;0;
122;243;NA;NA;…;0;
122;245;NA;NA;…;1;
122;251;144;15;1.774;1;
122;252;NA;NA;…;0;
122;255;...;NA;…;0;
122;256;213;20;2.679;1;
122;257;...;NA;…;1;
122;259;33;5;1.282;1;
122;262;NA;NA;…;0;
122;271;NA;4;…;1;
122;274;NA;NA;…;0;
122;282;32;4;0.599;0;
122;283;NA;NA;…;1;
122;289;...;NA;…;0;
122;293;NA;NA;…;1;
122;310;81;13;1.536;1;
122;321;...;NA;…;1;
122;322;NA;NA;…;1;
122;324;NA;NA;…;0;
122;329;NA;NA;…;0;
122;331;34;8;0.898;0;
122;360;NA;NA;…;1;
122;370;NA;NA;…;0;
122;381;NA;NA;…;0;
122;382;NA;NA;…;0;
122;383;...;NA;…;1;
122;411;37;4;1.979;1;
122;412;446;98;2.026;1;
122;421;...;NA;…;0;
122;422;64;14;09.jan;1;
122;429;...;NA;…;1;
122;431;72;20;03.febr;1;
122;432;287;70;2.024;1;
122;433;268;65;3.908;1;
122;439;125;29;1.651;1;
122;451;77;11;0.866;0;
122;452;127;33;1.925;1;
122;453;29;10;0.798;0;
122;461;72;12;1.332;1;
122;462;42;5;1.741;1;
122;463;74;17;0.69;0;
122;464;28;6;0.262;0;
122;465;NA;NA;…;0;
122;466;49;4;1.616;1;
122;467;44;7;0.504;0;
122;469;72;10;0.802;0;
122;471;916;76;2.674;1;
122;472;206.075;56;2.382;1;
122;473;14;4;0.689;0;
122;474;...;NA;…;0;
122;475;108;31;1.35;1;
122;476;33;14;1.403;1;
122;477;359;86;1.555;1;
122;478;66;23;3.163;1;
122;479;41;11;1.226;1;
122;493;18;6;0.154;0;
122;494;320;51;1.654;1;
122;521;NA;NA;…;0;
122;522;31;6;0.204;0;
122;532;NA;NA;…;1;
122;551;NA;NA;…;0;
122;561;239;59;1.024;1;
122;562;47;7;02.jan;1;
122;563;123;40;1.966;1;
122;581;...;NA;…;0;
122;591;NA;NA;…;0;
122;602;NA;NA;…;0;
122;611;NA;NA;…;0;
122;620;25;10;0.19;0;
122;631;...;NA;…;0;
122;639;NA;NA;…;1;
122;641;NA;NA;…;0;
122;661;...;NA;…;0;
122;662;11;4;0.72;0;
122;681;61;14;05.jan;1;
122;682;56;15;0.744;0;
122;683;35;9;0.89;0;
122;691;...;NA;…;0;
122;692;73;24;0.408;0;
122;701;...;NA;…;0;
122;702;24;8;0.284;0;
122;711;80;16;0.906;0;
122;712;33;7;1.783;1;
122;721;...;NA;…;0;
122;731;...;NA;…;0;
122;732;10;4;1.308;1;
122;742;...;NA;…;1;
122;749;48;6;1.558;1;
122;750;NA;NA;…;0;
122;771;NA;NA;…;0;
122;772;...;NA;…;1;
122;773;...;NA;…;0;
122;781;NA;NA;…;0;
122;782;120;5;0.845;0;
122;801;130;11;1.796;1;
122;802;91;10;2.68;1;
122;811;NA;NA;…;0;
122;812;101;11;0.945;0;
122;813;35;7;2.018;1;
122;821;NA;NA;…;0;
122;829;33;11;0.358;0;
122;841;706;24;0.674;0;
122;851;234;11;1.764;1;
122;852;339;10;0.876;0;
122;853;...;NA;…;0;
122;855;...;NA;…;0;
122;856;NA;NA;…;1;
122;862;142;29;1.308;1;
122;869;25;5;0.448;0;
122;872;...;NA;…;1;
122;873;NA;NA;…;0;
122;879;NA;NA;…;1;
122;889;...;NA;…;0;
122;900;NA;NA;…;0;
122;910;22;5;0.491;0;
122;920;...;NA;…;0;
122;931;23;7;0.565;0;
122;932;...;NA;…;0;
122;949;68;8;0.935;0;
122;951;...;NA;…;0;
122;952;...;NA;…;0;
122;960;78;26;1.015;1;
123;11;163;23;0.184;0;
123;12;...;NA;…;0;
123;13;30;4;1.064;1;
123;14;92;14;0.123;0;
123;15;NA;NA;…;0;
123;16;231;20;0.982;0;
123;21;NA;NA;…;0;
123;22;...;NA;…;0;
123;24;31;7;0.348;0;
123;32;NA;NA;…;0;
123;101;247;6;0.387;0;
123;103;137;6;0.635;0;
123;105;NA;5;…;0;
123;106;NA;NA;…;0;
123;107;294;22;0.422;0;
123;108;239;11;0.915;0;
123;109;NA;4;…;1;
123;110;134;15;0.504;0;
123;133;NA;NA;…;1;
123;139;73;8;0.192;0;
123;141;212;24;0.301;0;
123;142;NA;NA;…;0;
123;143;...;NA;…;0;
123;151;...;NA;…;0;
123;152;NA;NA;…;0;
123;161;22;4;0.165;0;
123;162;111;25;0.3;0;
123;172;402;8;1.249;1;
123;181;433;46;1.201;1;
123;182;...;NA;…;1;
123;201;...;NA;…;0;
123;204;42;6;0.546;0;
123;205;31;4;1.208;1;
123;212;21;4;0.078;0;
123;221;19;4;0.073;0;
123;222;292;28;0.382;0;
123;231;NA;NA;…;0;
123;233;NA;NA;…;0;
123;234;...;NA;…;0;
123;235;NA;NA;…;0;
123;236;...;NA;…;0;
123;237;78;11;2.542;1;
123;239;NA;NA;…;0;
123;241;NA;NA;…;0;
123;243;NA;NA;…;0;
123;245;NA;NA;…;0;
123;251;405;28;0.61;0;
123;252;NA;NA;…;0;
123;255;NA;NA;…;0;
123;256;439;24;0.675;0;
123;257;27;4;0.196;0;
123;259;66;9;0.313;0;
123;261;45;6;0.115;0;
123;262;12;4;0.069;0;
123;263;54;9;0.246;0;
123;264;NA;NA;…;1;
123;265;92;13;1.088;1;
123;266;NA;NA;…;0;
123;267;...;NA;…;0;
123;271;84;6;0.299;0;
123;274;NA;NA;…;0;
123;275;NA;NA;…;0;
123;279;...;NA;…;1;
123;281;45;9;0.055;0;
123;282;286;18;0.654;0;
123;283;NA;NA;…;0;
123;289;108;9;0.49;0;
123;292;NA;NA;…;0;
123;293;NA;NA;…;0;
123;301;...;NA;…;0;
123;303;NA;NA;…;0;
123;309;NA;NA;…;0;
123;310;462;43;1.071;1;
123;321;37;11;1.757;1;
123;323;...;NA;…;0;
123;324;NA;NA;…;0;
123;325;302;19;1.298;1;
123;329;128;5;0.862;0;
123;331;462;26;1.491;1;
123;332;41;10;0.45;0;
123;351;NA;4;…;0;
123;352;13;4;0.124;0;
123;353;NA;4;…;1;
123;360;...;NA;…;0;
123;370;NA;NA;…;0;
123;381;235;13;0.988;0;
123;382;NA;5;…;1;
123;383;21;4;0.357;0;
123;390;...;NA;…;0;
123;411;235;28;1.536;1;
123;412;1436;182;0.797;0;
123;421;382;32;0.822;0;
123;422;338;36;0.703;0;
123;429;200;16;1.789;1;
123;431;155;22;0.605;0;
123;432;826;142;0.712;0;
123;433;398;83;0.709;0;
123;439;434;75;0.701;0;
123;451;1061;78;1.458;1;
123;452;510;103;0.945;0;
123;453;590;36;1.985;1;
123;454;25;8;1.153;1;
123;461;976;84;2.206;1;
123;462;119;16;0.603;0;
123;463;4049;71;4.614;1;
123;464;1437;121;1.645;1;
123;465;335;26;2.557;1;
123;466;922;66;3.715;1;
123;467;1876;107;2.624;1;
123;469;3716;121;5.056;1;
123;471;27756;131;9.901;1;
123;472;540.299;101;0.763;0;
123;473;261;12;1.569;1;
123;474;174;21;1.212;1;
123;475;533;84;0.814;0;
123;476;185;16;0.961;0;
123;477;1551;213;0.821;0;
123;478;45;15;0.264;0;
123;479;247;55;0.902;0;
123;493;594;20;0.621;0;
123;494;1411;79;0.891;0;
123;503;NA;NA;…;0;
123;511;...;NA;…;0;
123;521;418;15;2.608;1;
123;522;2326;47;1.866;1;
123;531;NA;NA;…;0;
123;532;70;13;0.74;0;
123;551;NA;26;…;1;
123;552;15;7;0.358;0;
123;559;...;NA;…;0;
123;561;1511.916;214;0.791;0;
123;562;154;17;0.48;0;
123;563;199;56;0.389;0;
123;581;146;31;0.587;0;
123;582;96;15;0.796;0;
123;591;74;23;0.697;0;
123;592;...;NA;…;0;
123;601;NA;4;…;1;
123;602;NA;4;…;1;
123;611;1352;19;7.072;1;
123;612;NA;NA;…;1;
123;619;...;NA;…;0;
123;620;1002;169;0.931;0;
123;631;281;24;1.382;1;
123;639;51;9;1.496;1;
123;641;...;NA;…;0;
123;642;51;7;0.944;0;
123;649;34;6;0.201;0;
123;651;NA;NA;…;0;
123;661;46;15;0.388;0;
123;662;72;27;0.576;0;
123;663;NA;NA;…;0;
123;681;396;93;0.833;0;
123;682;980;84;1.592;1;
123;683;143;38;0.444;0;
123;691;105;19;0.427;0;
123;692;556;133;0.38;0;
123;701;69;9;0.693;0;
123;702;800;145;1.158;1;
123;711;879.466;177;1.217;1;
123;712;72;13;0.475;0;
123;721;274;25;0.699;0;
123;722;30;7;0.432;0;
123;731;293;49;1.117;1;
123;732;52;11;0.831;0;
123;741;61;15;2.978;1;
123;742;21;8;0.412;0;
123;743;38;14;1.312;1;
123;749;150;43;0.595;0;
123;750;41;11;0.997;0;
123;771;71;10;1.178;1;
123;772;53.416;7;1.335;1;
123;773;41;8;0.364;0;
123;774;NA;NA;…;1;
123;781;NA;5;…;0;
123;782;148;5;0.127;0;
123;783;1160;4;5.873;1;
123;791;15;5;0.112;0;
123;801;108;20;0.182;0;
123;802;243;27;0.875;0;
123;803;NA;NA;…;0;
123;811;230;18;0.814;0;
123;812;441;59;0.504;0;
123;813;93;22;0.655;0;
123;821;72;22;0.478;0;
123;823;66;15;0.962;0;
123;829;516.573;67;0.684;0;
123;841;1163;27;0.136;0;
123;842;NA;NA;…;0;
123;851;738;27;0.68;0;
123;852;967;23;0.305;0;
123;853;480;15;0.261;0;
123;854;51;9;0.037;0;
123;855;168;45;0.617;0;
123;856;45;7;0.63;0;
123;861;...;NA;…;0;
123;862;628;157;0.707;0;
123;869;183;19;0.401;0;
123;873;181;7;0.209;0;
123;881;NA;NA;…;0;
123;889;394;29;0.798;0;
123;900;143;39;0.481;0;
123;910;90;11;0.246;0;
123;920;21;7;0.234;0;
123;931;282;48;0.847;0;
123;932;42;8;0.197;0;
123;941;...;NA;…;0;
123;949;281;26;0.472;0;
123;951;37;11;0.572;0;
123;952;275;20;2.301;1;
123;960;469;96;0.746;0;
124;11;456;76;1.379;1;
124;12;184;23;4.955;1;
124;13;NA;7;…;1;
124;14;557;39;1.999;1;
124;15;236;10;5.018;1;
124;16;108;30;1.233;1;
124;17;...;NA;…;0;
124;21;...;NA;…;1;
124;22;29;6;0.554;0;
124;24;92;18;2.77;1;
124;91;NA;NA;…;1;
124;101;265;11;1.115;1;
124;103;NA;NA;…;1;
124;105;NA;NA;…;1;
124;106;...;NA;…;0;
124;107;557;36;2.146;1;
124;108;53;7;0.544;0;
124;109;70;4;1.364;1;
124;110;259;18;2.614;1;
124;139;118;4;0.832;0;
124;141;328;37;1.248;1;
124;143;...;NA;…;0;
124;151;NA;NA;…;0;
124;152;49;4;0.63;0;
124;161;94;14;1.89;1;
124;162;459;39;3.333;1;
124;172;...;NA;…;0;
124;181;27;9;0.201;0;
124;201;NA;NA;…;0;
124;202;NA;NA;…;0;
124;204;NA;NA;…;0;
124;221;52;4;0.534;0;
124;222;158;17;0.554;0;
124;236;...;NA;…;0;
124;237;...;NA;…;0;
124;241;NA;NA;…;0;
124;242;NA;NA;…;1;
124;245;NA;NA;…;1;
124;251;72;13;0.291;0;
124;252;...;NA;…;0;
124;255;...;NA;…;1;
124;256;1067;52;4.402;1;
124;257;25;4;0.487;0;
124;259;86;6;1.096;1;
124;261;NA;5;…;1;
124;262;...;NA;…;0;
124;263;NA;NA;…;0;
124;264;NA;NA;…;0;
124;265;NA;NA;…;0;
124;266;NA;NA;…;0;
124;267;...;NA;…;1;
124;271;NA;4;…;1;
124;279;173;4;4.37;1;
124;281;NA;NA;…;0;
124;282;74;8;0.455;0;
124;283;...;NA;…;1;
124;289;128;4;1.558;1;
124;292;...;NA;…;0;
124;293;157;6;0.294;0;
124;310;58;8;0.361;0;
124;321;13;4;1.657;1;
124;324;NA;NA;…;0;
124;325;37;5;0.427;0;
124;329;...;NA;…;0;
124;331;49;7;0.425;0;
124;332;NA;NA;…;0;
124;351;NA;NA;…;0;
124;353;...;NA;…;0;
124;360;159;4;1.034;1;
124;370;34;4;0.941;0;
124;381;NA;5;…;0;
124;383;65;6;2.968;1;
124;411;82;11;1.439;1;
124;412;802;126;1.195;1;
124;421;368;52;2.126;1;
124;422;347;32;1.938;1;
124;429;12;4;0.288;0;
124;431;197;35;2.064;1;
124;432;530;102;1.226;1;
124;433;320.167;87;1.532;1;
124;439;228;49;0.988;0;
124;451;488.786;94;1.803;1;
124;452;208;58;1.034;1;
124;453;220;28;1.987;1;
124;454;...;NA;…;0;
124;461;95;24;0.576;0;
124;462;94;22;1.278;1;
124;463;466;55;1.426;1;
124;464;172;25;0.528;0;
124;465;NA;NA;…;0;
124;466;44;9;0.476;0;
124;467;498;50;1.87;1;
124;469;136;18;0.497;0;
124;471;940;182;0.9;0;
124;472;392;97;1.486;1;
124;473;86;13;1.388;1;
124;474;79;17;1.478;1;
124;475;548;71;2.248;1;
124;476;85;21;1.185;1;
124;477;816;213;1.159;1;
124;478;84;32;1.321;1;
124;479;98;29;0.961;0;
124;492;NA;NA;…;1;
124;493;69;21;0.194;0;
124;494;846;122;1.434;1;
124;503;NA;NA;…;0;
124;504;NA;NA;…;0;
124;521;62;8;1.039;1;
124;522;87;14;0.187;0;
124;532;...;NA;…;0;
124;551;23;5;0.118;0;
124;552;12;4;0.768;0;
124;559;NA;NA;…;0;
124;561;702;158;0.986;0;
124;562;420;17;3.516;1;
124;563;270;90;1.416;1;
124;581;9;4;0.097;0;
124;582;11;4;0.245;0;
124;591;10;4;0.253;0;
124;592;...;NA;…;1;
124;601;NA;NA;…;1;
124;602;NA;NA;…;0;
124;611;NA;NA;…;0;
124;612;...;NA;…;0;
124;620;80;19;0.199;0;
124;631;22;7;0.29;0;
124;639;...;NA;…;1;
124;641;...;NA;…;0;
124;642;NA;NA;…;1;
124;649;...;NA;…;0;
124;661;40;14;0.905;0;
124;662;40;18;0.859;0;
124;681;162;34;0.915;0;
124;682;170;35;0.741;0;
124;683;44;10;0.367;0;
124;691;48;9;0.524;0;
124;692;224;64;0.411;0;
124;701;67;6;1.807;1;
124;702;73;20;0.284;0;
124;711;202;38;0.75;0;
124;712;13;6;0.23;0;
124;721;NA;NA;…;0;
124;731;40;11;0.409;0;
124;732;NA;NA;…;0;
124;742;...;NA;…;0;
124;743;...;NA;…;0;
124;749;124;17;1.32;1;
124;750;22;7;1.436;1;
124;771;62;8;2.762;1;
124;772;43;9;2.886;1;
124;773;40;9;0.952;0;
124;781;250;7;2.98;1;
124;782;167;5;0.386;0;
124;791;...;NA;…;0;
124;801;350;30;1.586;1;
124;802;140;23;1.353;1;
124;803;...;NA;…;1;
124;811;218;5;2.072;1;
124;812;206;31;0.632;0;
124;813;122;12;2.308;1;
124;821;19;8;0.339;0;
124;823;...;NA;…;0;
124;829;394;29;1.401;1;
124;841;1235;27;0.387;0;
124;842;NA;NA;…;0;
124;851;508;19;1.256;1;
124;852;1415;22;1.199;1;
124;853;951;16;1.388;1;
124;854;NA;NA;…;0;
124;855;53;20;0.522;0;
124;856;NA;NA;…;0;
124;861;1850;4;2.679;1;
124;862;470;96;1.42;1;
124;869;31;10;0.182;0;
124;872;NA;NA;…;1;
124;873;446;10;1.381;1;
124;881;NA;NA;…;0;
124;889;113;7;0.614;0;
124;900;10;5;0.09;0;
124;910;95;8;0.696;0;
124;920;14;6;0.419;0;
124;931;113;17;0.911;0;
124;932;18;7;0.227;0;
124;941;...;NA;…;0;
124;942;NA;NA;…;1;
124;949;112;17;0.505;0;
124;952;74;23;1.662;1;
124;960;257;69;1.097;1;
125;11;254;51;0.776;0;
125;12;...;NA;…;1;
125;13;NA;NA;…;0;
125;14;455;38;1.65;1;
125;15;48;8;1.031;1;
125;16;109;26;1.257;1;
125;17;14;4;1.665;1;
125;21;NA;NA;…;0;
125;22;NA;NA;…;0;
125;24;80;20;2.434;1;
125;81;105;7;4.482;1;
125;91;NA;NA;…;1;
125;101;628;24;2.67;1;
125;103;80;6;1.005;1;
125;105;75;4;0.961;0;
125;106;...;NA;…;0;
125;107;143;15;0.557;0;
125;108;327;7;3.393;1;
125;109;410;10;8.071;1;
125;110;23;8;0.235;0;
125;132;NA;NA;…;0;
125;133;NA;NA;…;0;
125;139;108;6;0.769;0;
125;141;46;8;0.177;0;
125;142;NA;NA;…;1;
125;161;78;10;1.584;1;
125;162;141;14;1.034;1;
125;172;NA;NA;…;0;
125;181;240;18;1.805;1;
125;201;...;NA;…;0;
125;203;NA;NA;…;1;
125;204;NA;NA;…;1;
125;211;NA;NA;…;1;
125;221;45;4;0.467;0;
125;222;914;39;3.239;1;
125;234;...;NA;…;0;
125;236;38;5;0.652;0;
125;237;25;6;2.209;1;
125;239;NA;NA;…;0;
125;243;NA;NA;…;1;
125;245;...;NA;…;0;
125;251;323;26;1.319;1;
125;252;...;NA;…;1;
125;255;NA;NA;…;1;
125;256;254;23;1.059;1;
125;257;...;NA;…;1;
125;259;73;6;0.94;0;
125;261;NA;NA;…;0;
125;262;NA;NA;…;0;
125;263;NA;NA;…;0;
125;264;NA;NA;…;0;
125;265;...;NA;…;0;
125;272;NA;NA;…;1;
125;275;...;NA;…;1;
125;279;NA;NA;…;0;
125;281;...;NA;…;0;
125;282;...;NA;…;0;
125;283;NA;NA;…;0;
125;284;...;NA;…;1;
125;289;...;NA;…;0;
125;291;NA;NA;…;0;
125;292;NA;NA;…;1;
125;293;39;4;0.074;0;
125;302;NA;NA;…;1;
125;303;...;NA;…;1;
125;310;458;11;2.878;1;
125;325;...;NA;…;0;
125;329;47;10;0.858;0;
125;331;100;13;0.875;0;
125;332;106;7;3.153;1;
125;360;NA;5;…;1;
125;370;26;5;0.727;0;
125;381;53;4;0.604;0;
125;382;26;4;0.796;0;
125;383;...;NA;…;0;
125;411;32;6;0.567;0;
125;412;708;129;1.066;1;
125;421;138;24;0.805;0;
125;422;102;20;0.576;0;
125;429;57;5;1.383;1;
125;431;164;28;1.736;1;
125;432;616;92;1.439;1;
125;433;308;57;1.488;1;
125;439;625;76;2.736;1;
125;451;452;79;1.684;1;
125;452;162;34;0.814;0;
125;453;149;26;1.359;1;
125;454;...;NA;…;1;
125;461;288;40;1.765;1;
125;462;328;19;4.505;1;
125;463;338;52;1.045;1;
125;464;367;17;1.139;1;
125;465;NA;NA;…;0;
125;466;89;11;0.972;0;
125;467;169;30;0.641;0;
125;469;215;29;0.793;0;
125;471;620.916;132;0.601;0;
125;472;321;69;1.229;1;
125;473;198;17;3.228;1;
125;474;35;12;0.661;0;
125;475;310;47;1.285;1;
125;476;38;12;0.535;0;
125;477;345.571;98;0.496;0;
125;478;38;9;0.604;0;
125;479;85;25;0.842;0;
125;493;205;40;0.581;0;
125;494;2961;325;5.072;1;
125;504;NA;NA;…;1;
125;521;67;12;1.134;1;
125;522;451;28;0.981;0;
125;532;43;7;1.233;1;
125;551;168;9;0.874;0;
125;552;...;NA;…;0;
125;559;NA;NA;…;0;
125;561;540;101;0.766;0;
125;562;74.348;14;0.629;0;
125;563;149;49;0.789;0;
125;581;72;8;0.785;0;
125;582;...;NA;…;0;
125;591;24;9;0.613;0;
125;601;NA;NA;…;1;
125;611;27;4;0.383;0;
125;612;19;4;0.314;0;
125;619;NA;NA;…;1;
125;620;178;34;0.448;0;
125;631;36;12;0.48;0;
125;639;...;NA;…;0;
125;641;NA;NA;…;0;
125;642;...;NA;…;0;
125;649;...;NA;…;0;
125;661;56;11;1.281;1;
125;662;68;13;1.475;1;
125;681;192;44;1.095;1;
125;682;206;29;0.907;0;
125;683;116;22;0.977;0;
125;691;50;9;0.551;0;
125;692;180;44;0.334;0;
125;701;60;7;1.635;1;
125;702;308;54;1.209;1;
125;711;211;35;0.792;0;
125;712;28;8;0.501;0;
125;721;35;6;0.242;0;
125;722;NA;NA;…;0;
125;731;266;24;2.749;1;
125;732;...;NA;…;1;
125;741;NA;NA;…;0;
125;742;NA;NA;…;0;
125;743;...;NA;…;0;
125;749;262;24;2.817;1;
125;750;...;NA;…;0;
125;771;29;9;1.305;1;
125;772;14;5;0.949;0;
125;773;85;12;2.045;1;
125;781;109;8;1.312;1;
125;782;2547;39;5.942;1;
125;783;677;7;9.295;1;
125;791;...;NA;…;0;
125;799;...;NA;…;1;
125;801;333;45;1.525;1;
125;802;65;12;0.634;0;
125;803;NA;NA;…;1;
125;811;360;11;3.457;1;
125;812;1486;39;4.609;1;
125;813;19;5;0.363;0;
125;821;24;7;0.432;0;
125;822;...;NA;…;1;
125;823;63;9;2.49;1;
125;829;284;33;02.jan;1;
125;841;690;29;0.218;0;
125;842;NA;NA;…;0;
125;851;278;13;0.695;0;
125;852;346;11;0.296;0;
125;853;352;6;0.519;0;
125;855;77;16;0.767;0;
125;856;...;NA;…;0;
125;861;NA;NA;…;0;
125;862;292;53;0.891;0;
125;869;44;10;0.261;0;
125;873;...;NA;…;0;
125;881;NA;NA;…;0;
125;889;94;5;0.516;0;
125;900;31;12;0.283;0;
125;910;26;5;0.192;0;
125;920;28;9;0.847;0;
125;931;69;15;0.562;0;
125;932;18;6;0.229;0;
125;949;31;4;0.141;0;
125;951;100;7;4.192;1;
125;952;56;13;1.271;1;
125;960;149;50;0.643;0;
126;11;43;10;0.108;0;
126;12;...;NA;…;1;
126;13;NA;NA;…;0;
126;14;181;17;0.538;0;
126;15;NA;NA;…;0;
126;16;23;10;0.217;0;
126;81;21;5;0.735;0;
126;99;NA;NA;…;1;
126;101;100;10;0.349;0;
126;103;NA;NA;…;0;
126;105;NA;NA;…;0;
126;106;...;NA;…;1;
126;107;350;28;1.117;1;
126;108;1133;7;9.638;1;
126;109;...;NA;…;0;
126;110;314;14;2.625;1;
126;139;101;8;0.59;0;
126;141;101;19;0.318;0;
126;142;NA;NA;…;1;
126;143;37;5;1.312;1;
126;151;18;4;0.381;0;
126;152;...;NA;…;0;
126;161;80;7;1.332;1;
126;162;171;27;1.028;1;
126;171;NA;NA;…;0;
126;172;70;7;0.483;0;
126;181;163;29;1.005;1;
126;182;NA;NA;…;0;
126;201;NA;NA;…;0;
126;203;...;NA;…;0;
126;204;26;4;0.751;0;
126;205;34;4;2.944;1;
126;206;NA;NA;…;1;
126;212;...;NA;…;0;
126;221;NA;NA;…;0;
126;222;322;28;0.936;0;
126;231;...;NA;…;0;
126;234;NA;NA;…;0;
126;236;244;12;3.433;1;
126;237;...;NA;…;0;
126;239;NA;NA;…;0;
126;245;13;4;0.207;0;
126;251;795;34;2.661;1;
126;252;NA;NA;…;0;
126;255;NA;NA;…;0;
126;256;328;27;1.121;1;
126;257;17;5;0.274;0;
126;259;45;5;0.475;0;
126;261;10;4;0.057;0;
126;262;NA;NA;…;0;
126;263;308;9;3.124;1;
126;264;NA;NA;…;0;
126;265;...;NA;…;0;
126;267;...;NA;…;0;
126;271;NA;NA;…;0;
126;272;NA;NA;…;1;
126;274;NA;NA;…;1;
126;275;NA;NA;…;0;
126;279;NA;4;…;1;
126;281;23;4;0.063;0;
126;282;80;8;0.407;0;
126;289;34;5;0.343;0;
126;291;NA;NA;…;0;
126;292;NA;NA;…;1;
126;293;125;5;0.194;0;
126;301;NA;NA;…;1;
126;302;NA;NA;…;0;
126;309;...;NA;…;0;
126;310;105;20;0.541;0;
126;321;NA;NA;…;1;
126;322;NA;NA;…;1;
126;324;NA;NA;…;1;
126;325;52;8;0.497;0;
126;329;59;10;0.883;0;
126;331;506;23;3.631;1;
126;332;28;9;0.683;0;
126;351;NA;NA;…;0;
126;353;NA;NA;…;1;
126;370;49;13;1.123;1;
126;381;84;8;0.785;0;
126;382;...;NA;…;0;
126;383;...;NA;…;0;
126;390;NA;NA;…;0;
126;411;132;18;1.919;1;
126;412;954;123;1.178;1;
126;421;166;18;0.794;0;
126;422;260;37;1.203;1;
126;429;...;NA;…;0;
126;431;130;22;1.128;1;
126;432;820;155;1.571;1;
126;433;332.996;75;1.319;1;
126;439;391;77;1.403;1;
126;451;388;85;1.185;1;
126;452;406;89;1.672;1;
126;453;340;19;2.543;1;
126;454;17;5;1.743;1;
126;461;355;57;1.784;1;
126;462;48;13;0.54;0;
126;463;501;52;1.269;1;
126;464;1766;57;4.493;1;
126;465;43;9;0.73;0;
126;466;272;22;2.437;1;
126;467;682;52;2.121;1;
126;469;423;48;28.jan;1;
126;471;1020;150;0.809;0;
126;472;480;105;1.507;1;
126;473;70;13;0.936;0;
126;474;70;20;1.084;1;
126;475;454;74;1.542;1;
126;476;78;22;0.901;0;
126;477;1340;185;1.577;1;
126;478;73;27;0.95;0;
126;479;181;52;1.47;1;
126;493;85;24;0.197;0;
126;494;824.602;112;1.158;1;
126;503;NA;NA;…;1;
126;511;NA;NA;…;0;
126;521;135;5;1.873;1;
126;522;140;21;0.25;0;
126;531;NA;NA;…;0;
126;532;63;14;1.481;1;
126;551;21;4;0.09;0;
126;552;NA;NA;…;0;
126;553;NA;NA;…;1;
126;559;19;5;0.496;0;
126;561;1174.038;203;1.366;1;
126;562;276;21;1.914;1;
126;563;216;66;0.938;0;
126;581;106;15;0.948;0;
126;582;20;8;0.369;0;
126;591;116;23;2.43;1;
126;592;NA;NA;…;0;
126;602;...;NA;…;0;
126;611;19;4;0.221;0;
126;619;NA;NA;…;0;
126;620;285;88;0.589;0;
126;631;NA;21;…;1;
126;639;13;4;0.848;0;
126;642;...;NA;…;0;
126;661;46;13;0.862;0;
126;662;48;17;0.853;0;
126;681;421;106;1.969;1;
126;682;248;50;0.896;0;
126;683;130;36;0.898;0;
126;691;74;17;0.668;0;
126;692;376;121;0.571;0;
126;701;23;8;0.514;0;
126;702;620;96;1.995;1;
126;711;303;76;0.932;0;
126;712;146;19;2.143;1;
126;721;138;10;0.783;0;
126;731;161;37;1.364;1;
126;732;...;NA;…;0;
126;741;23;10;2.497;1;
126;742;33;11;1.44;1;
126;743;12;6;0.921;0;
126;749;226;45;1.992;1;
126;750;49;8;2.649;1;
126;771;38;7;1.402;1;
126;772;8;4;0.445;0;
126;773;52;14;1.025;1;
126;774;...;NA;…;1;
126;781;38;7;0.375;0;
126;782;2404;11;4.598;1;
126;783;NA;NA;…;0;
126;791;58;9;0.962;0;
126;799;NA;NA;…;0;
126;801;536;24;2.012;1;
126;802;196;21;1.568;1;
126;803;...;NA;…;1;
126;811;157;7;1.236;1;
126;812;1133;57;2.881;1;
126;813;41;12;0.642;0;
126;821;71;20;1.048;1;
126;822;NA;NA;…;0;
126;823;42;8;1.361;1;
126;829;1787;61;5.261;1;
126;841;879;12;0.228;0;
126;851;663;21;1.358;1;
126;852;1175;22;0.825;0;
126;853;211;7;0.255;0;
126;854;20;5;0.032;0;
126;855;172;47;1.404;1;
126;856;23;4;0.715;0;
126;861;28;4;0.034;0;
126;862;460;113;1.151;1;
126;869;81;17;0.394;0;
126;873;...;NA;…;0;
126;879;...;NA;…;1;
126;881;NA;NA;…;0;
126;889;192;16;0.864;0;
126;900;109;20;0.815;0;
126;910;...;NA;…;0;
126;920;62;14;1.537;1;
126;931;163;27;1.088;1;
126;932;70;15;0.73;0;
126;949;131;13;0.49;0;
126;951;42;10;1.444;1;
126;952;32;14;0.595;0;
126;960;367.097;117;1.298;1;
127;11;68;20;0.13;0;
127;12;55;9;0.938;0;
127;13;17;4;1.025;1;
127;14;106;13;0.241;0;
127;15;...;NA;…;0;
127;16;53;17;0.383;0;
127;22;...;NA;…;0;
127;24;NA;NA;…;0;
127;31;NA;NA;…;1;
127;32;...;NA;…;1;
127;81;111;5;2.97;1;
127;99;NA;NA;…;1;
127;101;137;7;0.365;0;
127;103;...;NA;…;0;
127;105;434;5;3.486;1;
127;106;...;NA;…;0;
127;107;432;24;1.054;1;
127;108;130;13;0.845;0;
127;110;53;13;0.339;0;
127;133;...;NA;…;0;
127;139;86;9;0.384;0;
127;141;207.138;37;0.499;0;
127;143;40;8;1.085;1;
127;151;78;7;1.263;1;
127;152;...;NA;…;0;
127;161;42;6;0.535;0;
127;162;166;24;0.763;0;
127;172;52;6;0.275;0;
127;181;187;33;0.882;0;
127;182;22;4;4.387;1;
127;201;41;7;0.42;0;
127;203;173;4;10.524;1;
127;204;192;7;4.241;1;
127;205;26;6;1.721;1;
127;211;NA;NA;…;1;
127;212;NA;NA;…;0;
127;221;NA;NA;…;0;
127;222;266;23;0.591;0;
127;231;28;6;0.39;0;
127;233;NA;NA;…;1;
127;234;...;NA;…;0;
127;236;34;6;0.366;0;
127;237;...;NA;…;0;
127;239;NA;NA;…;0;
127;243;NA;NA;…;0;
127;244;NA;NA;…;0;
127;245;NA;NA;…;0;
127;251;588;50;1.505;1;
127;252;...;NA;…;0;
127;255;NA;NA;…;0;
127;256;454;46;1.186;1;
127;257;89;8;1.099;1;
127;259;103;9;0.831;0;
127;261;164;9;0.711;0;
127;262;...;NA;…;0;
127;263;27;5;0.209;0;
127;265;113;10;2.271;1;
127;266;NA;NA;…;0;
127;267;36;4;3.761;1;
127;271;56;7;0.338;0;
127;272;NA;NA;…;1;
127;273;NA;NA;…;0;
127;274;...;NA;…;0;
127;275;...;NA;…;0;
127;279;38;7;0.608;0;
127;281;1020;10;2.124;1;
127;282;485;26;1.886;1;
127;283;NA;NA;…;0;
127;284;55;6;2.699;1;
127;289;52;8;0.401;0;
127;291;NA;NA;…;0;
127;293;896;6;1.062;1;
127;301;NA;NA;…;0;
127;302;NA;NA;…;0;
127;303;NA;NA;…;0;
127;310;201;34;0.792;0;
127;321;...;NA;…;0;
127;323;NA;NA;…;0;
127;324;39;6;0.887;0;
127;325;77;12;0.563;0;
127;329;38;7;0.435;0;
127;331;1063;43;5.832;1;
127;332;262;23;4.885;1;
127;351;83;4;0.573;0;
127;353;...;NA;…;1;
127;360;NA;NA;…;1;
127;370;134;15;2.348;1;
127;381;129;11;0.921;0;
127;382;62;4;19.jan;1;
127;383;110;5;3.181;1;
127;390;NA;NA;…;1;
127;411;213;38;2.367;1;
127;412;2009;317;1.896;1;
127;421;379;25;1.386;1;
127;422;650;50;2.299;1;
127;429;94;8;1.429;1;
127;431;249;42;1.652;1;
127;432;1222;262;1.79;1;
127;433;661;146;2.002;1;
127;439;539;116;1.479;1;
127;451;770;116;1.799;1;
127;452;656;145;2.066;1;
127;453;415;55;2.373;1;
127;454;74;9;5.799;1;
127;461;411;75;1.579;1;
127;462;94;11;0.809;0;
127;463;637;75;1.234;1;
127;464;950;86;1.848;1;
127;465;96;24;1.246;1;
127;466;366;42;2.507;1;
127;467;777;98;1.847;1;
127;469;714;95;1.651;1;
127;471;1002.154;221;0.608;0;
127;472;608;147;1.46;1;
127;473;152;17;1.553;1;
127;474;172;24;2.037;1;
127;475;550;119;1.428;1;
127;476;256;31;2.261;1;
127;477;3367;246;3.029;1;
127;478;95;34;0.946;0;
127;479;306;58;09.jan;1;
127;493;106;31;0.188;0;
127;494;1451;216;1.558;1;
127;504;...;NA;…;1;
127;511;NA;NA;…;0;
127;521;92;12;0.976;0;
127;522;744;54;1.015;1;
127;531;NA;NA;…;0;
127;532;59;9;1.061;1;
127;551;38;9;0.124;0;
127;552;21;5;0.851;0;
127;553;NA;NA;…;0;
127;559;...;NA;…;0;
127;561;1075;212;0.956;0;
127;562;189;24;1.002;1;
127;563;274;89;0.91;0;
127;581;120;17;0.821;0;
127;582;175;25;2.466;1;
127;591;82;19;1.313;1;
127;592;...;NA;…;0;
127;601;...;NA;…;0;
127;602;23;4;0.56;0;
127;611;24;8;0.213;0;
127;612;NA;NA;…;1;
127;620;1150;110;1.816;1;
127;631;33;15;0.276;0;
127;639;23;10;1.147;1;
127;641;NA;NA;…;0;
127;642;NA;NA;…;1;
127;649;19;4;0.191;0;
127;661;28;11;0.401;0;
127;662;76;31;1.033;1;
127;681;599;100;2.142;1;
127;682;359;75;0.991;0;
127;683;169;39;0.892;0;
127;691;49;20;0.338;0;
127;692;455;150;0.528;0;
127;701;27;4;0.461;0;
127;702;463;120;1.139;1;
127;711;794;162;1.867;1;
127;712;130;30;1.459;1;
127;721;147;17;0.637;0;
127;722;...;NA;…;0;
127;731;153;42;0.991;0;
127;732;18;5;0.489;0;
127;741;19;7;1.577;1;
127;742;24;8;0.801;0;
127;743;18;8;1.056;1;
127;749;360;48;2.426;1;
127;750;55;12;2.273;1;
127;771;54;12;1.523;1;
127;772;51;16;2.167;1;
127;773;186;30;2.804;1;
127;774;NA;NA;…;0;
127;781;252;11;1.902;1;
127;782;NA;NA;…;0;
127;783;...;NA;…;0;
127;791;38;10;0.482;0;
127;799;NA;NA;…;0;
127;801;152;25;0.436;0;
127;802;371;42;27.febr;1;
127;803;...;NA;…;0;
127;811;29;9;0.175;0;
127;812;685;69;1.332;1;
127;813;186;36;2.228;1;
127;821;42;20;0.474;0;
127;823;36;7;0.892;0;
127;829;555;75;1.249;1;
127;841;937;20;0.186;0;
127;842;NA;NA;…;0;
127;851;828;27;1.297;1;
127;852;3207;58;1.721;1;
127;853;472;8;0.436;0;
127;854;...;NA;…;0;
127;855;195;64;1.217;1;
127;856;82;7;1.95;1;
127;861;NA;5;…;0;
127;862;734;135;1.404;1;
127;869;134;26;0.499;0;
127;873;237;4;0.465;0;
127;879;NA;NA;…;0;
127;881;NA;NA;…;0;
127;889;168;18;0.578;0;
127;900;152;40;0.869;0;
127;910;135;12;0.626;0;
127;920;33;10;0.625;0;
127;931;213;41;1.087;1;
127;932;142;14;1.132;1;
127;941;...;NA;…;0;
127;942;NA;NA;…;0;
127;949;123;17;0.351;0;
127;951;49;16;1.288;1;
127;952;126;43;1.792;1;
127;960;507;150;1.371;1;
128;11;164;31;0.26;0;
128;12;13;4;0.184;0;
128;13;44;5;02.febr;1;
128;14;192;26;0.362;0;
128;15;...;NA;…;0;
128;16;227;18;1.36;1;
128;17;...;NA;…;0;
128;21;12;4;0.516;0;
128;22;...;NA;…;0;
128;24;38;13;0.601;0;
128;31;NA;NA;…;0;
128;32;...;NA;…;0;
128;81;NA;NA;…;0;
128;101;221;7;0.488;0;
128;103;20;5;0.131;0;
128;105;43;6;0.286;0;
128;106;...;NA;…;0;
128;107;423.5;43;0.857;0;
128;108;306;17;1.65;1;
128;109;21;5;0.215;0;
128;110;45;7;0.238;0;
128;120;NA;NA;…;0;
128;131;NA;NA;…;0;
128;132;NA;NA;…;0;
128;139;90;17;0.333;0;
128;141;594;52;1.187;1;
128;143;82;10;1.844;1;
128;151;NA;NA;…;0;
128;152;...;NA;…;0;
128;161;117;13;1.235;1;
128;162;222;38;0.846;0;
128;171;NA;NA;…;0;
128;172;NA;13;…;1;
128;181;178;40;0.696;0;
128;182;NA;NA;…;0;
128;201;...;NA;…;0;
128;203;NA;NA;…;1;
128;204;...;NA;…;1;
128;205;133;4;7.301;1;
128;211;NA;NA;…;1;
128;212;1100;6;5.749;1;
128;221;50;4;0.269;0;
128;222;588;36;1.083;1;
128;231;...;NA;…;0;
128;233;NA;NA;…;0;
128;234;NA;NA;…;0;
128;236;20;5;0.178;0;
128;237;...;NA;…;0;
128;239;NA;NA;…;0;
128;244;...;NA;…;0;
128;245;131;7;1.321;1;
128;251;367;39;0.779;0;
128;252;24;4;0.382;0;
128;253;NA;NA;…;0;
128;255;524;7;11.738;1;
128;256;667;59;1.445;1;
128;257;85;16;0.87;0;
128;259;277;20;1.853;1;
128;261;138;5;0.496;0;
128;262;NA;NA;…;0;
128;263;203;10;1.305;1;
128;264;NA;NA;…;0;
128;265;521;6;8.683;1;
128;266;...;NA;…;0;
128;267;...;NA;…;0;
128;271;36;4;0.18;0;
128;272;NA;NA;…;1;
128;273;...;NA;…;0;
128;274;...;NA;…;0;
128;275;...;NA;…;0;
128;279;...;NA;…;0;
128;281;NA;NA;…;0;
128;282;228;32;0.735;0;
128;283;NA;NA;…;0;
128;284;34;4;1.383;1;
128;289;118;15;0.754;0;
128;291;NA;NA;…;0;
128;292;260;5;5.021;1;
128;293;6707;12;6.591;1;
128;301;24;4;3.328;1;
128;310;182;41;0.594;0;
128;321;13;6;0.87;0;
128;322;NA;NA;…;1;
128;323;24;6;1.127;1;
128;324;NA;NA;…;0;
128;325;30;9;0.182;0;
128;329;45;8;0.427;0;
128;331;244;40;11.jan;1;
128;332;31;7;0.479;0;
128;351;...;NA;…;0;
128;353;...;NA;…;0;
128;360;40;4;0.137;0;
128;370;36;8;0.523;0;
128;381;66;11;0.391;0;
128;382;609;7;9.69;1;
128;383;40;6;0.959;0;
128;390;...;NA;…;1;
128;411;111;23;1.023;1;
128;412;1336.113;251;1.045;1;
128;421;281;27;0.852;0;
128;422;641;47;1.88;1;
128;429;116;10;1.462;1;
128;431;180;37;0.99;0;
128;432;1101;200;1.337;1;
128;433;654;163;1.642;1;
128;439;576;105;31.jan;1;
128;451;713;139;1.381;1;
128;452;586.196;139;1.531;1;
128;453;233;59;1.105;1;
128;454;19;7;1.235;1;
128;461;342;78;09.jan;1;
128;462;143;20;1.021;1;
128;463;2150;75;3.453;1;
128;464;1329;74;2.144;1;
128;465;83;14;0.893;0;
128;466;346;41;1.965;1;
128;467;575;91;1.133;1;
128;469;564;75;1.081;1;
128;471;1312;244;0.66;0;
128;472;747;199;1.487;1;
128;473;153;19;1.296;1;
128;474;133;27;1.306;1;
128;475;548;141;18.jan;1;
128;476;109;36;0.798;0;
128;477;1224.628;288;0.913;0;
128;478;111;42;0.916;0;
128;479;257;80;1.323;1;
128;493;227;47;0.334;0;
128;494;1196;177;1.065;1;
128;521;51;8;0.448;0;
128;522;232;34;0.262;0;
128;532;88;14;1.312;1;
128;551;92;11;0.249;0;
128;559;...;NA;…;0;
128;561;1400;282;1.033;1;
128;562;702.646;33;3.089;1;
128;563;274;97;0.754;0;
128;581;95;20;0.539;0;
128;582;48;13;0.561;0;
128;591;79;19;1.049;1;
128;592;13;4;1.946;1;
128;602;...;NA;…;0;
128;611;32;9;0.236;0;
128;612;NA;NA;…;0;
128;619;NA;NA;…;1;
128;620;464;131;0.607;0;
128;631;100;23;0.693;0;
128;639;14;4;0.579;0;
128;641;...;NA;…;0;
128;649;NA;NA;…;0;
128;661;59;19;0.701;0;
128;662;78;33;0.879;0;
128;681;361;90;07.jan;1;
128;682;223;58;0.51;0;
128;683;154;38;0.674;0;
128;691;98;24;0.561;0;
128;692;822;185;0.792;0;
128;701;29;5;0.411;0;
128;702;417;129;0.851;0;
128;711;580;152;1.131;1;
128;712;174;26;1.619;1;
128;721;1052;21;3.782;1;
128;722;11;5;0.223;0;
128;731;159;38;0.854;0;
128;732;32;7;0.721;0;
128;741;...;NA;…;0;
128;742;17;7;0.47;0;
128;743;25;11;1.216;1;
128;749;241;44;1.347;1;
128;750;80;19;2.742;1;
128;771;35;9;0.819;0;
128;772;30;11;1.057;1;
128;773;168;24;01.febr;1;
128;781;NA;NA;…;0;
128;782;...;NA;…;0;
128;783;NA;NA;…;0;
128;791;65;13;0.683;0;
128;799;NA;NA;…;0;
128;801;368;32;0.876;0;
128;802;165;24;0.837;0;
128;803;NA;NA;…;1;
128;811;95;9;0.474;0;
128;812;782;98;1.261;1;
128;813;252;36;2.503;1;
128;821;39;19;0.365;0;
128;822;...;NA;…;0;
128;823;33;11;0.678;0;
128;829;325;77;0.607;0;
128;841;1891;42;0.311;0;
128;842;NA;NA;…;0;
128;851;992;35;1.288;1;
128;852;2137;52;0.951;0;
128;853;530;19;0.406;0;
128;854;3124;7;3.165;1;
128;855;252;73;1.304;1;
128;856;121;6;2.386;1;
128;861;NA;4;…;0;
128;862;659;158;1.045;1;
128;869;186;21;0.574;0;
128;873;866;20;1.408;1;
128;881;73;5;0.313;0;
128;889;307;31;0.876;0;
128;900;128;37;0.607;0;
128;910;251;19;0.965;0;
128;920;...;NA;…;0;
128;931;196;38;0.83;0;
128;932;106;17;0.701;0;
128;941;NA;NA;…;0;
128;942;NA;NA;…;1;
128;949;994;30;2.355;1;
128;951;50;15;1.089;1;
128;952;104;40;1.227;1;
128;960;613;188;1.374;1;
129;11;160;29;0.879;0;
129;14;162;12;1.056;1;
129;15;NA;NA;…;0;
129;16;43;7;0.892;0;
129;17;NA;NA;…;0;
129;21;NA;NA;…;0;
129;22;NA;NA;…;0;
129;24;...;NA;…;0;
129;31;NA;NA;…;0;
129;81;19;5;1.459;1;
129;101;...;NA;…;0;
129;103;NA;NA;…;1;
129;104;NA;NA;…;0;
129;105;NA;NA;…;0;
129;106;NA;NA;…;0;
129;107;153;15;1.071;1;
129;108;...;NA;…;0;
129;109;NA;NA;…;0;
129;110;...;NA;…;0;
129;131;NA;NA;…;0;
129;139;53;7;0.679;0;
129;141;58;14;0.401;0;
129;143;NA;NA;…;0;
129;151;NA;NA;…;0;
129;152;...;NA;…;1;
129;161;NA;NA;…;1;
129;162;68;13;0.897;0;
129;172;...;NA;…;0;
129;181;51;9;0.69;0;
129;201;NA;NA;…;0;
129;205;NA;NA;…;0;
129;212;NA;NA;…;1;
129;221;46;6;0.858;0;
129;222;358;21;2.282;1;
129;231;...;NA;…;0;
129;235;NA;NA;…;0;
129;236;NA;NA;…;1;
129;237;...;NA;…;1;
129;239;NA;NA;…;1;
129;245;NA;NA;…;0;
129;251;81;14;0.595;0;
129;252;NA;NA;…;0;
129;255;...;NA;…;1;
129;256;63;13;0.472;0;
129;257;...;NA;…;1;
129;259;89;7;2.061;1;
129;265;NA;NA;…;0;
129;266;NA;NA;…;0;
129;271;NA;NA;…;0;
129;274;NA;NA;…;1;
129;279;...;NA;…;1;
129;281;NA;NA;…;0;
129;282;223;12;2.489;1;
129;283;NA;NA;…;0;
129;284;NA;NA;…;0;
129;289;34;4;0.752;0;
129;292;NA;NA;…;0;
129;310;21;9;0.237;0;
129;321;...;NA;…;1;
129;323;38;4;6.174;1;
129;324;...;NA;…;1;
129;325;NA;NA;…;1;
129;329;NA;NA;…;0;
129;331;22;8;0.346;0;
129;332;41;5;2.194;1;
129;351;NA;NA;…;0;
129;360;443;4;5.235;1;
129;370;33;4;1.66;1;
129;381;206;8;4.222;1;
129;382;...;NA;…;1;
129;383;...;NA;…;0;
129;411;40;7;1.276;1;
129;412;505;94;1.368;1;
129;421;147;19;1.543;1;
129;422;84;19;0.853;0;
129;429;...;NA;…;0;
129;431;55;11;1.047;1;
129;432;418;97;1.757;1;
129;433;161;51;1.399;1;
129;439;178;36;1.401;1;
129;451;257;53;1.723;1;
129;452;241;54;2.178;1;
129;453;77;17;1.263;1;
129;454;...;NA;…;0;
129;461;53;13;0.584;0;
129;462;...;NA;…;0;
129;463;643;43;3.574;1;
129;464;156;23;0.871;0;
129;465;...;NA;…;1;
129;466;47;5;0.924;0;
129;467;110;22;0.75;0;
129;469;141;21;0.936;0;
129;471;NA;85;…;1;
129;472;185;50;1.274;1;
129;473;25;5;0.733;0;
129;474;...;NA;…;0;
129;475;177;44;1.319;1;
129;476;90;15;2.281;1;
129;477;252;76;0.651;0;
129;478;69;23;1.971;1;
129;479;150;17;2.673;1;
129;493;44;12;0.224;0;
129;494;861;121;2.653;1;
129;521;110;9;3.348;1;
129;522;681;24;2.665;1;
129;532;NA;6;…;1;
129;551;...;NA;…;0;
129;559;NA;NA;…;0;
129;561;241;58;0.615;0;
129;562;115;8;1.75;1;
129;563;118;39;1.124;1;
129;581;19;4;0.373;0;
129;582;10;4;0.404;0;
129;591;...;NA;…;0;
129;611;...;NA;…;0;
129;612;NA;NA;…;0;
129;619;NA;NA;…;0;
129;620;72;21;0.326;0;
129;631;...;NA;…;0;
129;639;...;NA;…;1;
129;641;NA;NA;…;0;
129;649;...;NA;…;0;
129;661;12;4;0.494;0;
129;662;12;6;0.468;0;
129;681;133;26;1.365;1;
129;682;103;22;0.816;0;
129;683;60;11;0.909;0;
129;691;...;NA;…;0;
129;692;136;44;0.453;0;
129;702;71;17;0.501;0;
129;711;77;21;0.52;0;
129;712;22;6;0.709;0;
129;721;NA;NA;…;0;
129;731;26;8;0.483;0;
129;741;...;NA;…;1;
129;742;NA;NA;…;0;
129;749;28;6;0.542;0;
129;750;20;6;2.372;1;
129;772;NA;NA;…;0;
129;773;51;7;2.207;1;
129;782;NA;NA;…;0;
129;783;NA;NA;…;0;
129;801;32.789;7;0.27;0;
129;802;74;9;1.299;1;
129;803;...;NA;…;1;
129;811;NA;NA;…;0;
129;812;186;27;1.038;1;
129;813;NA;4;…;1;
129;821;...;NA;…;0;
129;823;15;4;1.066;1;
129;829;146;22;0.943;0;
129;841;245;11;0.139;0;
129;851;251;8;1.128;1;
129;852;567;11;0.873;0;
129;853;...;NA;…;0;
129;855;25;10;0.448;0;
129;856;NA;NA;…;0;
129;862;82;28;0.45;0;
129;869;16;5;0.171;0;
129;872;...;NA;…;1;
129;873;NA;NA;…;0;
129;879;NA;NA;…;0;
129;881;...;NA;…;0;
129;889;74;5;0.731;0;
129;900;...;NA;…;0;
129;910;...;NA;…;0;
129;920;10;4;0.544;0;
129;931;26;5;0.381;0;
129;932;52;9;19.jan;1;
129;949;...;NA;…;0;
129;951;15;6;1.131;1;
129;952;24;8;0.98;0;
129;960;108;35;0.838;0;
130;11;165;34;0.958;0;
130;12;45;7;2.325;1;
130;14;168;11;1.157;1;
130;15;...;NA;…;0;
130;16;44;12;0.964;0;
130;17;...;NA;…;0;
130;22;14;6;0.514;0;
130;24;14;5;0.809;0;
130;32;NA;NA;…;1;
130;81;...;NA;…;1;
130;101;260;14;01.febr;1;
130;103;...;NA;…;0;
130;106;33;4;01.febr;1;
130;107;389;34;2.875;1;
130;108;39;8;0.769;0;
130;109;273;5;10.207;1;
130;110;111;8;15.febr;1;
130;139;17;4;0.23;0;
130;141;74;20;0.54;0;
130;151;NA;NA;…;0;
130;161;28;4;08.jan;1;
130;162;217;19;3.024;1;
130;171;NA;NA;…;0;
130;172;73;4;1.168;1;
130;181;27;8;0.386;0;
130;182;...;NA;…;1;
130;201;NA;NA;…;0;
130;204;19;4;1.272;1;
130;205;...;NA;…;1;
130;222;67;10;0.451;0;
130;233;NA;NA;…;0;
130;236;...;NA;…;0;
130;237;...;NA;…;1;
130;241;NA;NA;…;0;
130;245;NA;NA;…;0;
130;251;232;18;1.799;1;
130;252;...;NA;…;1;
130;255;NA;NA;…;0;
130;256;183;26;1.449;1;
130;257;16;4;0.599;0;
130;259;84;5;2.054;1;
130;261;...;NA;…;0;
130;264;NA;NA;…;0;
130;265;...;NA;…;1;
130;266;...;NA;…;1;
130;267;NA;NA;…;1;
130;271;NA;NA;…;0;
130;281;NA;NA;…;0;
130;282;56;9;0.66;0;
130;283;NA;NA;…;0;
130;284;NA;NA;…;1;
130;289;40;4;0.934;0;
130;293;105;4;0.377;0;
130;309;NA;NA;…;1;
130;310;234;17;2.793;1;
130;321;NA;NA;…;1;
130;329;NA;NA;…;1;
130;331;58;11;0.964;0;
130;332;NA;NA;…;0;
130;351;NA;NA;…;0;
130;360;...;NA;…;0;
130;370;NA;NA;…;0;
130;381;75;7;1.623;1;
130;382;NA;NA;…;1;
130;383;NA;NA;…;0;
130;411;61;13;2.054;1;
130;412;549.865;121;1.572;1;
130;421;117;9;1.297;1;
130;422;179;22;1.919;1;
130;429;...;NA;…;0;
130;431;34;8;0.684;0;
130;432;480;99;13.febr;1;
130;433;256;67;2.35;1;
130;439;278;56;2.311;1;
130;451;201;43;1.423;1;
130;452;188;42;1.794;1;
130;453;60;19;04.jan;1;
130;454;NA;NA;…;0;
130;461;80;27;0.931;0;
130;462;25;10;0.652;0;
130;463;168;30;0.986;0;
130;464;153;17;0.902;0;
130;465;...;NA;…;0;
130;466;41;7;0.851;0;
130;467;147;29;1.059;1;
130;469;107;14;0.75;0;
130;471;608;146;1.117;1;
130;472;510;101;3.71;1;
130;473;NA;NA;…;0;
130;474;52;10;1.866;1;
130;475;167;52;1.314;1;
130;476;38;13;1.017;1;
130;477;464;139;1.265;1;
130;478;52;22;1.569;1;
130;479;95;31;1.787;1;
130;493;58;18;0.312;0;
130;494;703;110;2.287;1;
130;511;NA;NA;…;0;
130;521;64;4;2.057;1;
130;522;222;14;0.917;0;
130;532;43;8;2.343;1;
130;551;36;5;0.356;0;
130;552;...;NA;…;1;
130;553;NA;NA;…;1;
130;559;...;NA;…;0;
130;561;498;111;1.343;1;
130;562;23;8;0.37;0;
130;563;192;63;1.932;1;
130;581;...;NA;…;0;
130;582;...;NA;…;0;
130;591;...;NA;…;0;
130;592;NA;NA;…;1;
130;601;NA;NA;…;1;
130;611;...;NA;…;0;
130;612;NA;NA;…;0;
130;619;NA;NA;…;0;
130;620;95;30;0.455;0;
130;631;20;8;0.506;0;
130;639;...;NA;…;0;
130;641;NA;NA;…;1;
130;649;NA;NA;…;0;
130;661;25;6;1.086;1;
130;662;40;16;1.648;1;
130;681;184;42;1.994;1;
130;682;69;21;0.577;0;
130;683;58;16;0.928;0;
130;691;65;17;1.36;1;
130;692;173;55;0.609;0;
130;701;NA;NA;…;0;
130;702;82;25;0.611;0;
130;711;128;28;0.912;0;
130;712;40;5;1.36;1;
130;721;...;NA;…;0;
130;731;56;10;1.099;1;
130;732;...;NA;…;0;
130;742;...;NA;…;0;
130;743;...;NA;…;0;
130;749;76;14;1.552;1;
130;750;...;NA;…;0;
130;771;...;NA;…;1;
130;772;22;8;2.833;1;
130;773;...;NA;…;0;
130;781;50;6;1.144;1;
130;782;145;4;0.643;0;
130;791;NA;NA;…;0;
130;801;210;24;1.826;1;
130;802;60;15;1.112;1;
130;811;...;NA;…;0;
130;812;258;36;1.52;1;
130;813;40;6;1.452;1;
130;821;12;5;0.41;0;
130;823;...;NA;…;0;
130;829;193;37;1.316;1;
130;841;986;33;0.592;0;
130;842;NA;NA;…;0;
130;851;457;20;2.169;1;
130;852;863;21;1.403;1;
130;853;161;4;0.451;0;
130;854;...;NA;…;0;
130;855;49;18;0.927;0;
130;861;NA;NA;…;0;
130;862;240;49;1.391;1;
130;869;47;7;0.53;0;
130;873;185;4;1.099;1;
130;879;NA;NA;…;1;
130;881;NA;NA;…;0;
130;889;151;10;1.575;1;
130;900;22;5;0.381;0;
130;910;...;NA;…;0;
130;920;19;7;1.091;1;
130;931;70;12;1.083;1;
130;932;48;8;16.jan;1;
130;949;58;10;0.502;0;
130;951;21;5;1.672;1;
130;952;66;9;2.845;1;
130;960;175;59;1.434;1;
130;982;NA;NA;…;1;
131;11;351;67;1.969;1;
131;12;32;4;1.598;1;
131;14;78;13;0.519;0;
131;16;186;17;3.936;1;
131;21;NA;NA;…;1;
131;22;...;NA;…;0;
131;24;16;6;0.893;0;
131;32;NA;NA;…;0;
131;101;219;10;1.709;1;
131;103;...;NA;…;0;
131;106;57;4;3.355;1;
131;107;326;29;2.329;1;
131;108;14;4;0.267;0;
131;109;...;NA;…;0;
131;110;55;14;1.029;1;
131;133;NA;NA;…;1;
131;139;91;7;1.189;1;
131;141;105;21;0.741;0;
131;143;19;5;1.509;1;
131;161;28;7;1.044;1;
131;162;143;28;1.926;1;
131;172;NA;NA;…;0;
131;181;...;NA;…;0;
131;192;NA;NA;…;0;
131;204;NA;NA;…;1;
131;205;NA;NA;…;1;
131;222;262;17;1.704;1;
131;231;NA;NA;…;0;
131;234;NA;NA;…;0;
131;235;NA;NA;…;0;
131;236;...;NA;…;0;
131;237;15;7;2.433;1;
131;245;...;NA;…;1;
131;251;179;22;1.342;1;
131;252;NA;NA;…;0;
131;255;...;NA;…;1;
131;256;537;22;4.108;1;
131;257;...;NA;…;1;
131;259;34;4;0.803;0;
131;261;NA;NA;…;0;
131;264;NA;NA;…;1;
131;266;NA;NA;…;1;
131;267;NA;NA;…;1;
131;271;NA;NA;…;0;
131;272;NA;NA;…;1;
131;274;...;NA;…;1;
131;279;66;4;3.091;1;
131;281;NA;NA;…;0;
131;282;...;NA;…;0;
131;289;16;4;0.361;0;
131;292;NA;NA;…;1;
131;293;...;NA;…;1;
131;302;NA;NA;…;0;
131;309;NA;NA;…;0;
131;310;43;11;0.496;0;
131;321;...;NA;…;0;
131;325;NA;NA;…;0;
131;329;NA;NA;…;0;
131;331;39;12;0.627;0;
131;332;NA;NA;…;0;
131;360;...;NA;…;0;
131;370;NA;NA;…;1;
131;381;NA;NA;…;0;
131;383;...;NA;…;1;
131;390;NA;NA;…;1;
131;411;36;5;1.172;1;
131;412;818;120;2.261;1;
131;421;153;19;1.639;1;
131;422;83;16;0.86;0;
131;429;NA;6;…;1;
131;431;112;23;2.176;1;
131;432;487;117;2.089;1;
131;433;260.7;63;2.312;1;
131;439;203;46;1.631;1;
131;451;345;55;2.36;1;
131;452;108;28;0.996;0;
131;453;52;11;0.871;0;
131;461;53;13;0.596;0;
131;462;38;10;0.958;0;
131;463;122;13;0.692;0;
131;464;78;15;0.444;0;
131;465;NA;NA;…;0;
131;466;101;6;2.026;1;
131;467;166;29;1.156;1;
131;469;75;18;0.508;0;
131;471;858;135;1.523;1;
131;472;495.271;108;3.482;1;
131;473;76;9;2.274;1;
131;474;9;4;0.312;0;
131;475;276;57;2.099;1;
131;476;23;8;0.595;0;
131;477;478;130;1.259;1;
131;478;46;18;1.341;1;
131;479;67;13;1.218;1;
131;493;62;12;0.323;0;
131;494;793;141;2.493;1;
131;521;40;4;1.242;1;
131;522;140;25;0.559;0;
131;532;65;7;3.422;1;
131;551;...;NA;…;0;
131;552;...;NA;…;0;
131;559;NA;NA;…;0;
131;561;388;90;1.011;1;
131;562;65;10;1.009;1;
131;563;164;67;1.595;1;
131;581;NA;NA;…;0;
131;582;...;NA;…;0;
131;591;19;5;0.891;0;
131;602;NA;NA;…;0;
131;611;NA;NA;…;0;
131;620;45;14;0.208;0;
131;631;...;NA;…;0;
131;639;NA;NA;…;0;
131;641;NA;NA;…;0;
131;642;NA;NA;…;0;
131;649;NA;NA;…;0;
131;661;16;6;0.672;0;
131;662;...;NA;…;0;
131;681;75;14;0.785;0;
131;682;109;19;0.881;0;
131;683;21;7;0.325;0;
131;691;80;12;1.618;1;
131;692;115;36;0.391;0;
131;702;111;22;0.8;0;
131;711;73;22;0.503;0;
131;712;24;5;0.789;0;
131;721;NA;NA;…;1;
131;731;61;7;1.157;1;
131;732;NA;NA;…;0;
131;741;NA;NA;…;0;
131;742;...;NA;…;0;
131;743;...;NA;…;0;
131;749;20;8;0.395;0;
131;750;...;NA;…;1;
131;771;13;5;1.074;1;
131;772;...;NA;…;1;
131;773;70;6;3.091;1;
131;781;...;NA;…;1;
131;782;64;4;0.274;0;
131;801;155;30;1.303;1;
131;802;133;18;2.383;1;
131;811;...;NA;…;0;
131;812;120;24;0.683;0;
131;813;49;13;1.719;1;
131;821;NA;NA;…;0;
131;822;...;NA;…;0;
131;823;...;NA;…;1;
131;829;91;13;0.6;0;
131;841;1413;35;0.82;0;
131;842;NA;NA;…;0;
131;851;343;13;1.573;1;
131;852;902;18;1.417;1;
131;853;...;NA;…;0;
131;855;17;8;0.311;0;
131;856;NA;NA;…;0;
131;861;NA;NA;…;0;
131;862;198;50;1.109;1;
131;869;18;6;0.196;0;
131;872;...;NA;…;1;
131;873;275;7;1.579;1;
131;879;NA;NA;…;0;
131;881;NA;NA;…;0;
131;889;179;11;1.804;1;
131;900;8;4;0.134;0;
131;910;33;7;0.448;0;
131;920;...;NA;…;0;
131;931;62;12;0.927;0;
131;932;115;11;2.685;1;
131;949;73;4;0.611;0;
131;951;12;4;0.923;0;
131;952;10;5;0.417;0;
131;960;97;31;0.768;0;
132;11;155;38;1.961;1;
132;12;29;8;3.267;1;
132;14;152;15;2.282;1;
132;15;NA;NA;…;0;
132;16;34;13;1.623;1;
132;21;17;7;5.827;1;
132;22;17;5;1.36;1;
132;24;27;11;3.401;1;
132;101;31;5;0.546;0;
132;103;NA;4;…;1;
132;105;...;NA;…;0;
132;107;105;12;1.692;1;
132;108;25;5;1.074;1;
132;110;23;8;0.971;0;
132;152;NA;NA;…;0;
132;161;29;5;2.439;1;
132;162;94;8;2.855;1;
132;172;...;NA;…;0;
132;181;74;5;2.305;1;
132;204;...;NA;…;1;
132;205;NA;NA;…;1;
132;221;...;NA;…;1;
132;222;14;4;0.205;0;
132;234;NA;NA;…;0;
132;236;...;NA;…;0;
132;237;NA;NA;…;0;
132;251;NA;NA;…;0;
132;252;NA;NA;…;1;
132;256;63;11;1.087;1;
132;259;NA;NA;…;1;
132;261;...;NA;…;1;
132;267;NA;NA;…;1;
132;271;NA;NA;…;0;
132;282;67;5;1.721;1;
132;284;NA;NA;…;0;
132;289;63;4;3.207;1;
132;309;NA;NA;…;0;
132;310;25;5;0.651;0;
132;323;NA;NA;…;1;
132;325;NA;NA;…;0;
132;329;NA;NA;…;0;
132;331;34;10;1.232;1;
132;332;...;NA;…;0;
132;360;NA;NA;…;0;
132;381;NA;NA;…;1;
132;383;NA;NA;…;0;
132;411;...;NA;…;0;
132;412;179;38;1.116;1;
132;421;NA;NA;…;0;
132;422;36;4;0.841;0;
132;429;NA;NA;…;0;
132;431;15;4;0.657;0;
132;432;107;27;1.035;1;
132;433;75;26;1.501;1;
132;439;33;11;0.598;0;
132;451;39;12;0.602;0;
132;452;57;17;1.186;1;
132;453;50;5;1.889;1;
132;454;NA;NA;…;1;
132;461;25;7;0.635;0;
132;462;NA;NA;…;0;
132;463;164;12;2.099;1;
132;464;92;7;1.182;1;
132;466;...;NA;…;0;
132;467;25;8;0.393;0;
132;469;59;5;0.901;0;
132;471;245;55;0.981;0;
132;472;126;36;1.998;1;
132;473;NA;NA;…;0;
132;474;20;5;1.565;1;
132;475;68;15;1.167;1;
132;476;15;4;0.875;0;
132;477;162;44;0.963;0;
132;478;NA;5;…;1;
132;479;81;15;3.322;1;
132;493;...;NA;…;0;
132;494;313;46;22.febr;1;
132;521;9;4;0.631;0;
132;522;11;4;0.099;0;
132;561;135;29;0.793;0;
132;562;NA;NA;…;0;
132;563;108;36;2.369;1;
132;581;29;7;31.jan;1;
132;582;NA;NA;…;0;
132;591;...;NA;…;0;
132;611;NA;NA;…;0;
132;620;28;8;0.292;0;
132;631;NA;NA;…;0;
132;641;NA;NA;…;0;
132;653;NA;NA;…;1;
132;661;...;NA;…;0;
132;662;10;5;0.898;0;
132;681;...;NA;…;0;
132;682;36;11;0.657;0;
132;683;...;NA;…;0;
132;691;33;11;1.506;1;
132;692;49;19;0.376;0;
132;701;NA;NA;…;0;
132;702;18;7;0.293;0;
132;711;19;7;0.295;0;
132;712;NA;NA;…;0;
132;721;NA;NA;…;0;
132;731;8;4;0.342;0;
132;732;NA;NA;…;0;
132;742;...;NA;…;1;
132;749;8;4;0.356;0;
132;750;NA;NA;…;0;
132;771;...;NA;…;1;
132;772;...;NA;…;1;
132;773;...;NA;…;0;
132;782;NA;NA;…;0;
132;791;...;NA;…;0;
132;801;NA;NA;…;0;
132;802;17;4;0.687;0;
132;812;29;7;0.372;0;
132;813;46;4;3.64;1;
132;821;...;NA;…;0;
132;829;21;6;0.312;0;
132;841;371;9;0.486;0;
132;842;NA;NA;…;0;
132;851;245;8;2.535;1;
132;852;427;8;1.514;1;
132;853;489;7;2.986;1;
132;854;NA;NA;…;0;
132;855;NA;NA;…;0;
132;861;NA;NA;…;1;
132;862;58;21;0.733;0;
132;869;38;4;0.935;0;
132;873;NA;NA;…;1;
132;889;NA;NA;…;1;
132;910;NA;NA;…;0;
132;931;41;7;1.383;1;
132;932;NA;NA;…;0;
132;941;NA;NA;…;1;
132;949;39;6;0.736;0;
132;952;9;4;0.846;0;
132;960;167;29;2.983;1;
133;11;40;6;0.183;0;
133;12;28;6;1.138;1;
133;14;15;5;0.081;0;
133;16;68;7;1.171;1;
133;21;NA;NA;…;0;
133;24;19;4;0.863;0;
133;51;NA;NA;…;1;
133;81;83;6;5.291;1;
133;101;...;NA;…;0;
133;103;9;4;0.169;0;
133;107;457;19;2.656;1;
133;108;NA;8;…;1;
133;110;52;12;0.792;0;
133;132;NA;NA;…;1;
133;133;NA;NA;…;1;
133;139;...;NA;…;0;
133;141;56;10;0.322;0;
133;142;NA;NA;…;1;
133;143;NA;NA;…;0;
133;151;15;5;0.579;0;
133;152;...;NA;…;0;
133;161;96;6;2.912;1;
133;162;207;27;2.268;1;
133;171;NA;NA;…;1;
133;172;45;4;0.566;0;
133;181;58;14;0.652;0;
133;201;NA;NA;…;0;
133;203;NA;NA;…;0;
133;204;28;5;1.474;1;
133;205;NA;NA;…;0;
133;212;NA;NA;…;1;
133;221;...;NA;…;0;
133;222;908;17;4.806;1;
133;231;25;4;0.83;0;
133;233;NA;NA;…;0;
133;234;NA;NA;…;0;
133;235;NA;NA;…;0;
133;236;NA;10;…;1;
133;237;56;14;7.39;1;
133;243;NA;NA;…;0;
133;244;NA;NA;…;0;
133;251;101;12;0.616;0;
133;253;NA;NA;…;1;
133;256;210;23;1.307;1;
133;257;306;10;9.001;1;
133;259;109;11;2.096;1;
133;261;50;5;0.516;0;
133;263;33;6;0.61;0;
133;265;NA;NA;…;0;
133;266;17;4;1.858;1;
133;271;NA;NA;…;0;
133;273;NA;NA;…;0;
133;274;NA;NA;…;1;
133;279;NA;NA;…;0;
133;282;59;10;0.547;0;
133;289;119;7;2.185;1;
133;292;NA;NA;…;0;
133;293;814;8;2.299;1;
133;302;NA;NA;…;0;
133;310;199;31;1.868;1;
133;321;...;NA;…;0;
133;325;63;6;1.097;1;
133;329;108;6;2.944;1;
133;331;22;9;0.288;0;
133;332;...;NA;…;0;
133;351;...;NA;…;0;
133;353;NA;NA;…;0;
133;370;...;NA;…;0;
133;381;...;NA;…;0;
133;382;NA;NA;…;0;
133;383;NA;NA;…;1;
133;411;37;13;0.98;0;
133;412;638;124;1.435;1;
133;421;94;7;0.819;0;
133;422;141;19;1.188;1;
133;429;57;6;2.065;1;
133;431;93;22;1.47;1;
133;432;472;106;1.647;1;
133;433;587;84;4.236;1;
133;439;344;58;2.249;1;
133;451;300;45;1.67;1;
133;452;350;86;2.626;1;
133;453;74;14;1.008;1;
133;454;10;4;1.867;1;
133;461;162;26;1.483;1;
133;462;214;8;4.389;1;
133;463;71;17;0.328;0;
133;464;371;31;1.72;1;
133;465;...;NA;…;0;
133;466;49;10;0.8;0;
133;467;571;40;3.235;1;
133;469;293;30;1.615;1;
133;471;573;94;0.828;0;
133;472;934;93;5.343;1;
133;473;55;8;1.339;1;
133;474;118;14;3.33;1;
133;475;271;49;1.677;1;
133;476;145;16;3.051;1;
133;477;687;138;1.472;1;
133;478;31;9;0.735;0;
133;479;76;20;1.124;1;
133;493;186;19;0.787;0;
133;494;484;82;1.238;1;
133;503;NA;NA;…;1;
133;521;NA;NA;…;0;
133;522;453;13;1.472;1;
133;532;66;9;2.827;1;
133;551;37;5;0.287;0;
133;552;NA;NA;…;0;
133;559;...;NA;…;0;
133;561;571;105;21.jan;1;
133;562;87;12;1.099;1;
133;563;89;31;0.704;0;
133;581;22;6;0.358;0;
133;582;33;5;1.108;1;
133;591;54;14;2.061;1;
133;592;...;NA;…;1;
133;602;NA;NA;…;0;
133;612;...;NA;…;0;
133;620;277;69;1.042;1;
133;631;78;16;1.553;1;
133;639;...;NA;…;0;
133;641;NA;NA;…;0;
133;642;...;NA;…;1;
133;649;NA;NA;…;0;
133;661;10;4;0.342;0;
133;662;25;11;0.81;0;
133;681;118;27;1.005;1;
133;682;174;34;1.145;1;
133;683;39;12;0.491;0;
133;691;28;10;0.461;0;
133;692;228;76;0.631;0;
133;701;10;4;0.407;0;
133;702;188;53;1.102;1;
133;711;345;67;1.933;1;
133;712;55;13;1.471;1;
133;721;25;4;0.258;0;
133;722;22;4;1.283;1;
133;731;34;11;0.525;0;
133;732;14;5;0.906;0;
133;741;10;4;1.977;1;
133;742;...;NA;…;0;
133;743;24;11;3.356;1;
133;749;58;11;0.931;0;
133;750;25;8;2.462;1;
133;771;NA;NA;…;1;
133;772;34;8;3.442;1;
133;773;27;7;0.97;0;
133;774;NA;NA;…;1;
133;781;...;NA;…;0;
133;782;...;NA;…;0;
133;791;24;7;0.725;0;
133;799;...;NA;…;1;
133;801;...;NA;…;0;
133;802;128;12;1.866;1;
133;811;23;4;0.33;0;
133;812;158;30;0.732;0;
133;813;114;19;3.254;1;
133;821;53;9;1.425;1;
133;823;47;11;2.774;1;
133;829;101;24;0.542;0;
133;841;453;24;0.214;0;
133;851;382;19;1.425;1;
133;852;458;15;0.586;0;
133;853;248;5;0.546;0;
133;854;14;4;0.041;0;
133;855;279;26;15.ápr;1;
133;856;...;NA;…;0;
133;861;NA;NA;…;0;
133;862;299;77;1.363;1;
133;869;21;7;0.186;0;
133;873;250;5;1.168;1;
133;881;133;4;1.639;1;
133;889;109;20;0.894;0;
133;900;62;19;0.845;0;
133;910;...;NA;…;0;
133;920;15;6;0.677;0;
133;931;80;14;0.973;0;
133;932;47;9;0.893;0;
133;949;175;13;1.191;1;
133;951;15;4;0.939;0;
133;952;41;15;1.39;1;
133;960;249;74;1.604;1;
134;11;646;60;5.338;1;
134;12;116;14;8.534;1;
134;14;212;14;2.078;1;
134;15;30;5;1.743;1;
134;16;...;NA;…;0;
134;17;NA;NA;…;0;
134;21;NA;NA;…;0;
134;22;...;NA;…;0;
134;24;NA;NA;…;0;
134;31;NA;NA;…;1;
134;81;76;5;8.773;1;
134;101;...;NA;…;0;
134;103;...;NA;…;1;
134;105;...;NA;…;0;
134;106;...;NA;…;1;
134;107;123;15;1.294;1;
134;108;165;7;4.63;1;
134;109;...;NA;…;1;
134;110;23;7;0.634;0;
134;132;NA;NA;…;1;
134;133;NA;NA;…;1;
134;139;...;NA;…;0;
134;141;72;12;0.749;0;
134;143;NA;NA;…;1;
134;152;NA;NA;…;0;
134;161;59;5;24.márc;1;
134;162;166;21;3.293;1;
134;172;67;4;1.526;1;
134;181;14;4;0.285;0;
134;201;NA;NA;…;0;
134;203;...;NA;…;1;
134;204;NA;NA;…;1;
134;205;NA;NA;…;1;
134;221;...;NA;…;1;
134;222;130;17;1.246;1;
134;236;119;8;5.523;1;
134;237;NA;NA;…;0;
134;239;NA;NA;…;1;
134;241;NA;NA;…;0;
134;245;...;NA;…;1;
134;251;117;13;1.292;1;
134;252;28;4;2.319;1;
134;255;...;NA;…;1;
134;256;178;21;2.006;1;
134;257;45;10;2.397;1;
134;259;84;7;2.924;1;
134;271;...;NA;…;1;
134;274;NA;NA;…;0;
134;281;38;4;0.341;0;
134;282;...;NA;…;0;
134;284;NA;NA;…;1;
134;289;NA;NA;…;1;
134;291;NA;NA;…;0;
134;292;NA;NA;…;0;
134;293;68;4;0.348;0;
134;301;NA;NA;…;1;
134;310;...;NA;…;0;
134;323;...;NA;…;1;
134;325;NA;NA;…;0;
134;329;...;NA;…;0;
134;331;136;11;22.márc;1;
134;332;19;5;1.528;1;
134;360;52;4;0.924;0;
134;370;19;5;1.437;1;
134;381;NA;4;…;1;
134;383;NA;NA;…;0;
134;411;18;4;0.863;0;
134;412;353;68;1.437;1;
134;421;106;11;1.673;1;
134;422;53;9;0.809;0;
134;431;48;13;1.374;1;
134;432;303;66;1.915;1;
134;433;156;40;2.039;1;
134;439;200;31;2.367;1;
134;451;179;33;1.804;1;
134;452;176;38;2.391;1;
134;453;63;15;1.554;1;
134;454;NA;NA;…;0;
134;461;46;10;0.763;0;
134;462;24;4;0.891;0;
134;463;123;16;1.028;1;
134;464;82;10;0.688;0;
134;465;NA;NA;…;0;
134;466;...;NA;…;0;
134;467;55;13;0.564;0;
134;469;16;8;0.16;0;
134;471;398;77;1.041;1;
134;472;102;31;1.056;1;
134;473;...;NA;…;0;
134;474;...;NA;…;0;
134;475;166;42;1.86;1;
134;476;31;12;1.181;1;
134;477;257;65;0.997;0;
134;478;19;6;0.816;0;
134;479;41;16;1.098;1;
134;493;17;4;0.13;0;
134;494;692;118;3.205;1;
134;503;NA;NA;…;1;
134;511;NA;NA;…;1;
134;522;15;5;0.088;0;
134;532;13;4;1.008;1;
134;551;61;5;0.858;0;
134;552;...;NA;…;0;
134;561;358;73;1.374;1;
134;562;45;7;1.029;1;
134;563;113;35;1.619;1;
134;581;NA;NA;…;0;
134;582;...;NA;…;0;
134;592;NA;NA;…;1;
134;602;NA;NA;…;0;
134;612;NA;NA;…;0;
134;620;17;6;0.116;0;
134;631;...;NA;…;0;
134;642;NA;NA;…;0;
134;661;...;NA;…;0;
134;662;27;10;1.584;1;
134;681;74;17;1.142;1;
134;682;87;13;1.036;1;
134;683;41;7;0.934;0;
134;691;33;8;0.983;0;
134;692;104;31;0.521;0;
134;701;NA;NA;…;0;
134;702;44;16;0.467;0;
134;711;73.029;18;0.741;0;
134;712;29;9;1.404;1;
134;721;...;NA;…;0;
134;731;27;7;0.755;0;
134;732;NA;NA;…;0;
134;741;NA;NA;…;0;
134;743;NA;NA;…;0;
134;749;24;7;0.698;0;
134;750;...;NA;…;0;
134;771;NA;NA;…;0;
134;772;NA;NA;…;1;
134;773;19;4;1.236;1;
134;781;NA;NA;…;0;
134;782;...;NA;…;0;
134;783;NA;NA;…;0;
134;791;...;NA;…;0;
134;801;308;11;3.814;1;
134;802;178;9;4.698;1;
134;803;NA;NA;…;0;
134;811;32;4;0.831;0;
134;812;93;15;0.78;0;
134;813;38;7;1.964;1;
134;821;...;NA;…;0;
134;829;83;18;0.806;0;
134;841;1001;33;0.856;0;
134;842;NA;NA;…;0;
134;851;256;10;1.73;1;
134;852;475;8;01.jan;1;
134;853;84;4;0.335;0;
134;854;NA;NA;…;0;
134;855;25;8;0.673;0;
134;856;NA;NA;…;1;
134;862;105;31;0.867;0;
134;869;9;4;0.145;0;
134;872;NA;NA;…;0;
134;873;...;NA;…;0;
134;889;...;NA;…;0;
134;900;20;7;0.493;0;
134;910;36;5;0.72;0;
134;920;18;5;1.472;1;
134;931;35;10;0.771;0;
134;932;42;7;1.445;1;
134;949;112;9;1.381;1;
134;951;NA;NA;…;0;
134;952;8;4;0.491;0;
134;960;62;23;0.723;0;
135;11;76;18;0.247;0;
135;12;NA;NA;…;0;
135;13;NA;NA;…;1;
135;14;44;8;0.17;0;
135;15;NA;NA;…;0;
135;16;71;14;0.872;0;
135;17;NA;NA;…;1;
135;21;21;6;1.852;1;
135;22;NA;4;…;1;
135;24;56;9;1.815;1;
135;32;NA;NA;…;0;
135;81;29;4;1.319;1;
135;101;52;4;0.236;0;
135;102;NA;NA;…;1;
135;103;...;NA;…;0;
135;107;223;23;0.924;0;
135;108;116;10;1.282;1;
135;110;85;12;0.923;0;
135;132;NA;NA;…;0;
135;133;...;NA;…;1;
135;139;85;12;0.645;0;
135;141;116.972;30;0.479;0;
135;142;NA;NA;…;1;
135;143;...;NA;…;0;
135;151;...;NA;…;0;
135;152;NA;NA;…;0;
135;161;37;5;0.8;0;
135;162;170;38;1.328;1;
135;171;...;NA;…;0;
135;172;87;7;0.781;0;
135;181;177;34;1.418;1;
135;182;NA;NA;…;0;
135;192;NA;NA;…;0;
135;201;15;4;0.261;0;
135;203;57;6;5.892;1;
135;204;NA;NA;…;0;
135;205;...;NA;…;1;
135;212;...;NA;…;0;
135;221;20;4;0.221;0;
135;222;232;23;0.876;0;
135;231;12;5;0.284;0;
135;232;...;NA;…;0;
135;234;21;7;0.579;0;
135;236;186;10;04.márc;1;
135;237;45;10;4.235;1;
135;245;...;NA;…;0;
135;251;353;32;1.535;1;
135;253;NA;NA;…;0;
135;255;...;NA;…;0;
135;256;148;21;0.657;0;
135;257;71;8;1.489;1;
135;259;62;5;0.85;0;
135;261;NA;NA;…;0;
135;262;...;NA;…;0;
135;263;57;7;0.751;0;
135;264;19;4;0.447;0;
135;265;71;8;2.425;1;
135;266;24;5;1.87;1;
135;267;...;NA;…;0;
135;271;NA;4;…;0;
135;273;NA;NA;…;0;
135;274;...;NA;…;0;
135;275;...;NA;…;0;
135;279;...;NA;…;0;
135;281;50;4;0.177;0;
135;282;84;14;0.555;0;
135;284;...;NA;…;0;
135;289;46;7;0.602;0;
135;291;NA;NA;…;0;
135;293;...;NA;…;0;
135;301;NA;NA;…;0;
135;302;NA;NA;…;0;
135;309;NA;NA;…;0;
135;310;181.44;27;1.215;1;
135;321;14;6;1.92;1;
135;323;...;NA;…;0;
135;324;...;NA;…;0;
135;325;42;7;0.521;0;
135;329;32;12;0.622;0;
135;331;121;19;1.128;1;
135;332;202;6;04.jún;1;
135;351;NA;NA;…;0;
135;353;NA;NA;…;0;
135;360;NA;NA;…;0;
135;370;NA;NA;…;0;
135;381;9;4;0.109;0;
135;382;...;NA;…;0;
135;383;...;NA;…;0;
135;390;NA;NA;…;1;
135;411;108;19;2.039;1;
135;412;706;124;1.132;1;
135;421;194;16;1.206;1;
135;422;324;43;1.948;1;
135;429;NA;10;…;1;
135;431;127;37;1.432;1;
135;432;666;154;1.658;1;
135;433;477;112;2.455;1;
135;439;301;53;1.403;1;
135;451;575;57;2.282;1;
135;452;377;93;2.017;1;
135;453;161;28;1.564;1;
135;454;65;5;8.657;1;
135;461;223;49;1.456;1;
135;462;20;9;0.293;0;
135;463;261;43;0.859;0;
135;464;588;66;1.944;1;
135;465;36;9;0.794;0;
135;466;117;19;1.362;1;
135;467;325;57;1.313;1;
135;469;434;54;1.706;1;
135;471;666;161;0.686;0;
135;472;457;102;1.864;1;
135;473;83;10;1.441;1;
135;474;30;10;0.604;0;
135;475;344;69;1.518;1;
135;476;86;26;1.291;1;
135;477;809;202;1.237;1;
135;478;53;20;0.897;0;
135;479;112;43;1.182;1;
135;493;82;18;0.248;0;
135;494;394;92;0.719;0;
135;503;35;4;8.942;1;
135;504;...;NA;…;1;
135;511;NA;NA;…;1;
135;521;21;4;0.379;0;
135;522;160;29;0.371;0;
135;532;35;6;1.069;1;
135;551;673;32;3.728;1;
135;552;14;5;0.964;0;
135;559;27;5;0.916;0;
135;561;1357;268;2.052;1;
135;562;120;24;1.081;1;
135;563;179;57;01.jan;1;
135;581;99;26;15.jan;1;
135;582;75;8;1.796;1;
135;591;64;20;1.742;1;
135;592;...;NA;…;1;
135;601;...;NA;…;0;
135;602;23;8;0.952;0;
135;611;NA;NA;…;0;
135;612;...;NA;…;0;
135;619;...;NA;…;1;
135;620;367;104;0.985;0;
135;631;39;16;0.554;0;
135;639;15;4;1.271;1;
135;641;NA;NA;…;0;
135;642;NA;NA;…;0;
135;649;16;6;0.273;0;
135;661;9;4;0.219;0;
135;662;46;20;1.063;1;
135;663;NA;NA;…;0;
135;681;332;63;2.017;1;
135;682;294;57;1.379;1;
135;683;72;26;0.646;0;
135;691;65;21;0.763;0;
135;692;427;112;0.843;0;
135;701;26;7;0.754;0;
135;702;346;109;1.447;1;
135;711;505;127;2.018;1;
135;712;172;12;28.márc;1;
135;721;365;26;2.689;1;
135;722;NA;NA;…;1;
135;731;174;27;1.915;1;
135;732;32;7;1.477;1;
135;741;17;7;2.397;1;
135;742;14;6;0.794;0;
135;743;14;7;1.396;1;
135;749;107;28;1.226;1;
135;750;37;10;2.599;1;
135;771;...;NA;…;0;
135;772;26;6;1.877;1;
135;773;65;11;1.665;1;
135;774;NA;NA;…;1;
135;781;...;NA;…;0;
135;782;103;5;0.256;0;
135;783;NA;NA;…;1;
135;791;117;14;2.522;1;
135;799;20;4;4.817;1;
135;801;125;22;0.61;0;
135;802;42;13;0.437;0;
135;803;...;NA;…;0;
135;811;98;9;1.002;1;
135;812;236;39;0.78;0;
135;813;88;24;1.791;1;
135;821;76;10;1.457;1;
135;822;67;5;4.83;1;
135;823;38;8;1.599;1;
135;829;405;54;1.549;1;
135;841;839;32;0.283;0;
135;842;...;NA;…;0;
135;851;597;28;1.589;1;
135;852;1398;34;1.275;1;
135;853;471;11;0.74;0;
135;854;NA;NA;…;0;
135;855;116;41;23.jan;1;
135;856;NA;6;…;1;
135;861;1078;5;1.68;1;
135;862;431;116;1.401;1;
135;869;169;24;1.069;1;
135;873;...;NA;…;0;
135;881;130;6;1.143;1;
135;889;188;21;01.jan;1;
135;900;164;54;1.594;1;
135;910;327;11;2.577;1;
135;920;NA;5;…;1;
135;931;251;46;2.178;1;
135;932;144;13;1.951;1;
135;941;...;NA;…;0;
135;949;139;27;0.675;0;
135;951;20;6;0.893;0;
135;952;120;27;2.901;1;
135;960;415;79;1.907;1;
136;11;148;34;0.285;0;
136;12;33;5;0.565;0;
136;13;NA;NA;…;1;
136;14;72;12;0.164;0;
136;15;9;4;0.122;0;
136;16;83;17;0.602;0;
136;24;NA;NA;…;0;
136;31;NA;NA;…;1;
136;32;...;NA;…;0;
136;81;51;8;1.37;1;
136;101;344;11;0.92;0;
136;103;52;6;0.411;0;
136;104;NA;NA;…;1;
136;106;NA;NA;…;1;
136;107;688;43;1.685;1;
136;108;242;11;1.58;1;
136;109;NA;NA;…;0;
136;110;NA;11;…;1;
136;131;NA;NA;…;0;
136;139;127;18;0.569;0;
136;141;107;20;0.259;0;
136;142;NA;NA;…;0;
136;143;NA;NA;…;1;
136;151;...;NA;…;0;
136;152;NA;NA;…;0;
136;161;38;6;0.486;0;
136;162;180;32;0.831;0;
136;171;...;NA;…;1;
136;172;1038;11;5.502;1;
136;181;182;18;0.861;0;
136;182;...;NA;…;1;
136;201;61;7;0.628;0;
136;202;NA;NA;…;0;
136;203;...;NA;…;1;
136;204;NA;NA;…;0;
136;205;...;NA;…;0;
136;212;NA;NA;…;0;
136;221;211;9;1.377;1;
136;222;921;40;2.054;1;
136;231;NA;NA;…;0;
136;234;NA;NA;…;1;
136;236;387;17;4.179;1;
136;237;22;9;1.223;1;
136;239;...;NA;…;0;
136;243;NA;NA;…;0;
136;244;NA;NA;…;0;
136;245;18;7;0.22;0;
136;251;716;46;1.84;1;
136;252;...;NA;…;0;
136;255;NA;NA;…;1;
136;256;458;43;1.201;1;
136;257;136;12;1.685;1;
136;259;39;7;0.316;0;
136;261;NA;4;…;0;
136;262;...;NA;…;0;
136;263;NA;NA;…;0;
136;264;NA;NA;…;0;
136;265;NA;NA;…;1;
136;266;28;4;1.289;1;
136;267;NA;NA;…;0;
136;271;NA;6;…;1;
136;273;NA;NA;…;1;
136;274;...;NA;…;0;
136;275;NA;NA;…;0;
136;279;...;NA;…;0;
136;281;97;6;0.203;0;
136;282;913;14;3.565;1;
136;284;115;10;5.666;1;
136;289;83;16;0.642;0;
136;291;...;NA;…;0;
136;292;NA;NA;…;1;
136;293;511;8;0.608;0;
136;303;NA;NA;…;1;
136;310;183;40;0.724;0;
136;321;...;NA;…;0;
136;322;...;NA;…;1;
136;323;NA;NA;…;0;
136;324;NA;NA;…;0;
136;325;75;6;0.55;0;
136;329;94;18;08.jan;1;
136;331;159;28;0.876;0;
136;332;155;11;2.901;1;
136;351;...;NA;…;0;
136;352;NA;NA;…;0;
136;360;39;5;0.161;0;
136;370;65;7;1.143;1;
136;381;133;10;0.954;0;
136;382;NA;5;…;1;
136;383;16;4;0.464;0;
136;390;NA;NA;…;0;
136;411;210;38;2.343;1;
136;412;1156;199;1.095;1;
136;421;544;46;1.997;1;
136;422;438;44;1.555;1;
136;429;56;15;0.855;0;
136;431;155;30;1.032;1;
136;432;1122;196;1.65;1;
136;433;515;128;1.566;1;
136;439;489;88;1.347;1;
136;451;1042;135;2.443;1;
136;452;578;141;1.827;1;
136;453;358;64;2.055;1;
136;454;30;5;2.36;1;
136;461;520;49;2.006;1;
136;462;146;25;1.262;1;
136;463;711;72;1.383;1;
136;464;751;71;1.467;1;
136;465;75;7;0.977;0;
136;466;564;37;3.878;1;
136;467;1383;97;3.301;1;
136;469;643;66;1.493;1;
136;471;966.145;204;0.588;0;
136;472;878;162;2.116;1;
136;473;152;19;1.559;1;
136;474;149;26;1.771;1;
136;475;512.079;106;1.335;1;
136;476;96;27;0.851;0;
136;477;1096;262;0.99;0;
136;478;139;44;1.389;1;
136;479;143;49;0.891;0;
136;493;333;35;0.594;0;
136;494;2260;223;2.436;1;
136;503;NA;NA;…;0;
136;521;422;12;4.493;1;
136;522;1445;62;1.978;1;
136;532;39;10;0.704;0;
136;551;36;8;0.118;0;
136;552;...;NA;…;0;
136;553;22;4;4.062;1;
136;559;NA;NA;…;0;
136;561;1140;253;1.018;1;
136;562;150;23;0.798;0;
136;563;338;103;1.127;1;
136;581;49;15;0.336;0;
136;582;36;8;0.509;0;
136;591;37;9;0.595;0;
136;601;...;NA;…;0;
136;611;66;5;0.589;0;
136;613;NA;NA;…;1;
136;619;NA;NA;…;0;
136;620;324;88;0.514;0;
136;631;91;24;0.763;0;
136;641;...;NA;…;0;
136;642;...;NA;…;0;
136;649;NA;NA;…;0;
136;661;65;24;0.935;0;
136;662;60;27;0.819;0;
136;681;539;128;1.935;1;
136;682;345;67;0.956;0;
136;683;244;36;1.293;1;
136;691;73;20;0.506;0;
136;692;346;117;0.403;0;
136;701;76;6;1.303;1;
136;702;226;50;0.558;0;
136;711;394;82;0.93;0;
136;712;46.551;10;0.524;0;
136;721;54;9;0.235;0;
136;722;NA;NA;…;0;
136;731;120;31;0.78;0;
136;732;NA;NA;…;0;
136;741;13;5;1.083;1;
136;742;17;7;0.569;0;
136;743;17;4;1.001;1;
136;749;146;47;0.988;0;
136;750;44;10;1.826;1;
136;771;137;10;3.879;1;
136;772;32;9;1.365;1;
136;773;94;12;1.423;1;
136;781;31;4;0.235;0;
136;782;264;5;0.388;0;
136;783;NA;NA;…;0;
136;791;11;4;0.14;0;
136;799;NA;NA;…;1;
136;801;823.743;37;2.373;1;
136;802;202;30;1.241;1;
136;811;86;7;0.52;0;
136;812;461.409;69;0.9;0;
136;813;107;17;1.287;1;
136;821;21;9;0.238;0;
136;823;55;12;1.368;1;
136;829;1381;71;12.márc;1;
136;841;1039;25;0.207;0;
136;842;616;4;0.602;0;
136;851;949;27;1.492;1;
136;852;1181;29;0.636;0;
136;853;474;8;0.44;0;
136;854;...;NA;…;0;
136;855;112;39;0.702;0;
136;856;...;NA;…;0;
136;861;...;NA;…;0;
136;862;443;107;0.851;0;
136;869;44;13;0.164;0;
136;873;243;7;0.478;0;
136;881;...;NA;…;0;
136;889;289;20;0.998;0;
136;900;80;21;0.459;0;
136;910;98;7;0.456;0;
136;920;46;10;0.875;0;
136;931;207;35;1.061;1;
136;932;47;13;0.376;0;
136;941;NA;NA;…;0;
136;949;147;17;0.422;0;
136;951;21;8;0.554;0;
136;952;63;24;0.9;0;
136;960;495;149;1.343;1;
137;11;89;8;1.029;1;
137;12;34;9;3.498;1;
137;14;54;10;0.74;0;
137;15;...;NA;…;0;
137;16;14;4;0.61;0;
137;17;...;NA;…;1;
137;21;...;NA;…;1;
137;22;13;5;0.95;0;
137;24;16;7;1.841;1;
137;101;NA;NA;…;0;
137;102;NA;NA;…;1;
137;103;...;NA;…;0;
137;104;NA;NA;…;1;
137;107;100;9;1.472;1;
137;108;36;4;1.413;1;
137;110;NA;NA;…;1;
137;141;104;7;1.512;1;
137;143;NA;NA;…;0;
137;152;NA;NA;…;0;
137;161;NA;NA;…;1;
137;162;NA;5;…;1;
137;172;NA;NA;…;0;
137;181;15;6;0.427;0;
137;222;85;7;1.139;1;
137;236;NA;NA;…;1;
137;237;NA;NA;…;1;
137;239;NA;NA;…;1;
137;251;41;5;0.633;0;
137;252;NA;NA;…;0;
137;256;51;5;0.804;0;
137;257;35;5;2.607;1;
137;261;NA;NA;…;0;
137;263;...;NA;…;0;
137;265;NA;NA;…;0;
137;266;NA;NA;…;0;
137;271;55;4;2.005;1;
137;281;NA;NA;…;0;
137;289;...;NA;…;0;
137;293;NA;NA;…;1;
137;302;...;NA;…;1;
137;310;39;5;0.927;0;
137;321;NA;NA;…;0;
137;325;...;NA;…;0;
137;329;NA;NA;…;0;
137;331;31;8;1.026;1;
137;332;NA;NA;…;0;
137;352;NA;NA;…;0;
137;370;...;NA;…;0;
137;381;38;4;1.638;1;
137;390;NA;NA;…;1;
137;411;48;7;3.218;1;
137;412;243;35;1.384;1;
137;421;42;4;0.927;0;
137;422;...;NA;…;0;
137;431;59;9;2.362;1;
137;432;173;29;1.529;1;
137;433;51;16;0.932;0;
137;439;114;19;1.887;1;
137;451;63;12;0.888;0;
137;452;120;13;28.febr;1;
137;453;44;8;1.518;1;
137;454;NA;NA;…;1;
137;461;69;15;06.jan;1;
137;462;...;NA;…;0;
137;463;121;10;1.414;1;
137;464;21;6;0.247;0;
137;466;...;NA;…;0;
137;467;28;7;0.402;0;
137;469;NA;7;…;1;
137;471;218;49;0.797;0;
137;472;188;36;2.723;1;
137;473;33;4;2.035;1;
137;474;15;5;1.072;1;
137;475;84;18;1.316;1;
137;476;10;5;0.533;0;
137;477;104;35;0.564;0;
137;478;15;6;0.901;0;
137;479;53;14;1.986;1;
137;493;35;6;0.375;0;
137;494;323.078;45;2.093;1;
137;503;NA;NA;…;1;
137;521;NA;NA;…;0;
137;522;71;5;0.584;0;
137;531;NA;NA;…;0;
137;532;...;NA;…;1;
137;551;38;8;0.747;0;
137;552;40;10;9.784;1;
137;559;...;NA;…;1;
137;561;261;61;1.401;1;
137;562;...;NA;…;1;
137;563;81;28;1.623;1;
137;581;NA;NA;…;0;
137;582;NA;NA;…;0;
137;611;NA;NA;…;0;
137;612;NA;NA;…;0;
137;619;NA;NA;…;1;
137;620;93;19;0.886;0;
137;631;...;NA;…;0;
137;639;NA;NA;…;0;
137;641;NA;NA;…;0;
137;649;NA;NA;…;0;
137;661;...;NA;…;0;
137;662;32;8;2.625;1;
137;681;29;7;0.626;0;
137;682;43;7;0.716;0;
137;683;96;7;3.058;1;
137;691;8;4;0.333;0;
137;692;32;13;0.224;0;
137;701;NA;NA;…;0;
137;702;49;17;0.728;0;
137;711;43;12;0.61;0;
137;712;NA;NA;…;0;
137;721;...;NA;…;0;
137;722;...;NA;…;1;
137;731;36;9;1.407;1;
137;732;...;NA;…;1;
137;742;...;NA;…;0;
137;743;11;5;3.895;1;
137;749;NA;4;…;1;
137;750;...;NA;…;0;
137;771;...;NA;…;0;
137;773;...;NA;…;1;
137;782;94;5;0.829;0;
137;791;NA;NA;…;0;
137;801;220;14;3.81;1;
137;802;17;6;0.628;0;
137;811;27;4;0.98;0;
137;812;56;7;0.657;0;
137;813;NA;NA;…;1;
137;821;10;4;0.681;0;
137;823;...;NA;…;0;
137;829;87;11;1.182;1;
137;841;788;36;0.943;0;
137;842;NA;NA;…;1;
137;851;230;16;2.173;1;
137;852;149;7;0.482;0;
137;853;NA;NA;…;0;
137;854;NA;NA;…;0;
137;855;11;5;0.414;0;
137;856;NA;NA;…;0;
137;862;100;26;1.154;1;
137;873;318;6;3.763;1;
137;881;...;NA;…;0;
137;889;43;6;0.893;0;
137;900;14;6;0.483;0;
137;910;...;NA;…;0;
137;920;NA;NA;…;0;
137;931;...;NA;…;0;
137;932;24;4;1.155;1;
137;949;42;8;0.724;0;
137;951;NA;NA;…;0;
137;952;...;NA;…;1;
137;960;109;14;1.778;1;
138;11;118;18;0.33;0;
138;12;NA;NA;…;0;
138;14;27;7;0.09;0;
138;15;30;4;0.59;0;
138;16;89;15;0.94;0;
138;17;...;NA;…;0;
138;21;NA;NA;…;0;
138;22;12;4;0.212;0;
138;24;26;8;0.724;0;
138;31;NA;NA;…;0;
138;61;NA;NA;…;1;
138;81;83;7;3.245;1;
138;101;81;7;0.315;0;
138;103;NA;NA;…;1;
138;105;NA;4;…;1;
138;106;NA;NA;…;0;
138;107;258;25;0.919;0;
138;108;55;6;0.523;0;
138;110;17;6;0.159;0;
138;133;...;NA;…;0;
138;139;90;6;0.587;0;
138;141;130;15;0.458;0;
138;142;NA;NA;…;1;
138;143;NA;NA;…;0;
138;151;NA;NA;…;0;
138;152;...;NA;…;0;
138;161;32;5;0.595;0;
138;162;207;26;1.391;1;
138;172;NA;5;…;1;
138;181;207;23;1.426;1;
138;182;...;NA;…;1;
138;201;NA;NA;…;0;
138;202;NA;NA;…;0;
138;205;...;NA;…;0;
138;212;NA;NA;…;0;
138;221;NA;5;…;1;
138;222;238;17;0.772;0;
138;231;NA;NA;…;0;
138;235;NA;NA;…;1;
138;236;103;6;1.619;1;
138;237;13;5;1.052;1;
138;242;NA;NA;…;1;
138;245;NA;7;…;1;
138;251;265;22;0.991;0;
138;252;...;NA;…;0;
138;255;NA;NA;…;0;
138;256;134;16;0.511;0;
138;257;...;NA;…;0;
138;259;86;8;1.014;1;
138;261;71;4;0.45;0;
138;262;6366;4;91.377;1;
138;263;NA;NA;…;0;
138;265;NA;NA;…;0;
138;266;NA;NA;…;1;
138;271;76;4;0.671;0;
138;273;NA;NA;…;0;
138;274;NA;NA;…;0;
138;279;...;NA;…;0;
138;281;NA;NA;…;0;
138;282;48;7;0.273;0;
138;283;NA;NA;…;0;
138;289;16;4;0.18;0;
138;291;NA;NA;…;0;
138;301;NA;NA;…;1;
138;303;NA;NA;…;1;
138;310;64;13;0.368;0;
138;321;...;NA;…;0;
138;322;NA;NA;…;1;
138;323;NA;NA;…;0;
138;324;...;NA;…;0;
138;325;91;6;0.971;0;
138;329;NA;NA;…;0;
138;331;59;6;0.473;0;
138;332;NA;NA;…;1;
138;352;NA;NA;…;0;
138;353;132;4;2.375;1;
138;360;NA;NA;…;1;
138;370;...;NA;…;1;
138;381;38;4;0.397;0;
138;382;NA;NA;…;0;
138;383;40;8;1.69;1;
138;411;54;12;0.877;0;
138;412;667;143;0.92;0;
138;421;87;14;0.465;0;
138;422;118;20;0.61;0;
138;429;NA;NA;…;1;
138;431;146;20;1.415;1;
138;432;759;139;1.624;1;
138;433;288;61;1.275;1;
138;439;273.218;67;1.095;1;
138;451;437;73;1.491;1;
138;452;242;52;1.113;1;
138;453;85;23;0.71;0;
138;454;...;NA;…;1;
138;461;256;37;1.437;1;
138;462;39;6;0.491;0;
138;463;228;38;0.645;0;
138;464;144;34;0.409;0;
138;465;...;NA;…;0;
138;466;121;8;1.211;1;
138;467;223;41;0.775;0;
138;469;320;38;1.081;1;
138;471;756;120;0.67;0;
138;472;497;88;1.743;1;
138;473;86;9;1.284;1;
138;474;67;15;1.159;1;
138;475;285;65;1.081;1;
138;476;68;23;0.877;0;
138;477;543;153;0.714;0;
138;478;51;22;0.742;0;
138;479;195;39;1.769;1;
138;493;53;16;0.138;0;
138;494;1054;132;1.653;1;
138;521;...;NA;…;0;
138;522;77;13;0.153;0;
138;532;11;4;0.289;0;
138;551;85;11;0.405;0;
138;552;21;4;1.244;1;
138;559;NA;NA;…;1;
138;561;702;134;0.912;0;
138;562;73;13;0.565;0;
138;563;200;72;0.97;0;
138;581;36;7;0.36;0;
138;582;30;11;0.618;0;
138;591;16;5;0.374;0;
138;592;NA;NA;…;0;
138;602;...;NA;…;0;
138;611;36;5;0.468;0;
138;612;NA;NA;…;0;
138;619;NA;NA;…;0;
138;620;326;48;0.752;0;
138;631;50;12;0.61;0;
138;639;...;NA;…;0;
138;661;40;11;0.838;0;
138;662;38;17;0.755;0;
138;681;160;36;0.836;0;
138;682;153;31;0.617;0;
138;683;60;20;0.463;0;
138;691;91;19;0.918;0;
138;692;273;81;0.463;0;
138;701;NA;NA;…;1;
138;702;137;37;0.493;0;
138;711;295;51;1.014;1;
138;712;38;10;0.623;0;
138;721;138;9;0.874;0;
138;722;...;NA;…;0;
138;731;249;20;2.357;1;
138;732;NA;NA;…;0;
138;741;...;NA;…;0;
138;742;...;NA;…;0;
138;743;9;4;0.772;0;
138;749;54;17;0.532;0;
138;750;25;9;1.51;1;
138;771;...;NA;…;0;
138;772;11;4;0.683;0;
138;773;31;6;0.683;0;
138;781;19;4;0.21;0;
138;782;776;8;1.658;1;
138;783;...;NA;…;1;
138;791;48;8;0.889;0;
138;799;...;NA;…;1;
138;801;197;19;0.826;0;
138;802;247;15;2.208;1;
138;803;NA;NA;…;0;
138;811;133;9;1.169;1;
138;812;481;40;1.366;1;
138;813;19;5;0.333;0;
138;821;25;9;0.412;0;
138;822;NA;NA;…;1;
138;823;49;8;1.773;1;
138;829;248;35;0.816;0;
138;841;1531;44;0.443;0;
138;842;...;NA;…;0;
138;851;416;22;0.952;0;
138;852;1135;17;0.89;0;
138;853;1350;17;1.823;1;
138;854;NA;NA;…;0;
138;855;122;28;1.113;1;
138;856;NA;NA;…;0;
138;861;NA;4;…;0;
138;862;196;67;0.548;0;
138;869;62;14;0.337;0;
138;873;235;5;0.673;0;
138;881;NA;NA;…;1;
138;889;144;8;0.724;0;
138;900;62;8;0.518;0;
138;910;49;5;0.332;0;
138;920;15;4;0.415;0;
138;931;162;23;1.208;1;
138;932;61;5;0.711;0;
138;941;NA;NA;…;0;
138;942;NA;NA;…;1;
138;949;446;13;1.862;1;
138;951;18;7;0.691;0;
138;952;56;15;1.164;1;
138;960;579;63;2.287;1;
139;11;51;10;0.231;0;
139;12;NA;NA;…;0;
139;14;29;6;0.156;0;
139;15;NA;NA;…;0;
139;16;NA;NA;…;0;
139;24;NA;NA;…;0;
139;101;85;8;0.535;0;
139;103;529;75;9.838;1;
139;107;281;26;1.618;1;
139;108;NA;9;…;1;
139;110;36;4;0.543;0;
139;139;86;11;0.906;0;
139;141;118;23;0.671;0;
139;143;67;6;29.ápr;1;
139;151;NA;NA;…;0;
139;152;NA;NA;…;0;
139;161;...;NA;…;0;
139;162;80;10;0.868;0;
139;172;...;NA;…;0;
139;181;66;9;0.735;0;
139;192;NA;NA;…;0;
139;201;NA;NA;…;0;
139;203;NA;NA;…;0;
139;212;NA;NA;…;0;
139;221;...;NA;…;0;
139;222;486;17;2.549;1;
139;231;...;NA;…;0;
139;235;NA;NA;…;0;
139;236;17;4;0.432;0;
139;237;NA;NA;…;1;
139;239;NA;NA;…;1;
139;245;110;7;16.márc;1;
139;251;94;19;0.568;0;
139;252;...;NA;…;1;
139;256;204;28;1.258;1;
139;257;...;NA;…;0;
139;259;45;7;0.857;0;
139;261;...;NA;…;0;
139;262;...;NA;…;0;
139;263;NA;NA;…;0;
139;267;NA;NA;…;0;
139;271;NA;NA;…;0;
139;279;44;4;1.661;1;
139;281;NA;NA;…;0;
139;282;177;21;1.625;1;
139;283;NA;NA;…;0;
139;284;...;NA;…;1;
139;289;56;6;1.019;1;
139;293;...;NA;…;0;
139;310;61;12;0.567;0;
139;321;17;7;3.239;1;
139;323;...;NA;…;1;
139;324;NA;NA;…;0;
139;325;NA;NA;…;1;
139;329;...;NA;…;0;
139;331;121;17;1.567;1;
139;332;12;5;0.528;0;
139;351;NA;NA;…;0;
139;360;NA;NA;…;0;
139;370;...;NA;…;0;
139;381;71;8;1.197;1;
139;383;NA;NA;…;0;
139;411;97;17;2.545;1;
139;412;481;74;1.072;1;
139;421;333;9;2.876;1;
139;422;89;20;0.743;0;
139;429;...;NA;…;0;
139;431;78;14;1.222;1;
139;432;375;69;1.297;1;
139;433;263;71;1.881;1;
139;439;198;39;1.283;1;
139;451;264;55;1.456;1;
139;452;192;47;1.427;1;
139;453;144;20;1.944;1;
139;454;...;NA;…;0;
139;461;172;26;1.56;1;
139;462;30;7;0.61;0;
139;463;268;32;1.226;1;
139;464;190;32;0.873;0;
139;465;NA;NA;…;0;
139;466;93;12;1.504;1;
139;467;224;30;1.257;1;
139;469;191;17;1.043;1;
139;471;698;111;0.999;0;
139;472;320;73;1.814;1;
139;473;50;6;1.206;1;
139;475;371;59;2.275;1;
139;476;48;14;1.001;1;
139;477;NA;101;…;1;
139;478;85;24;1.998;1;
139;479;132;31;1.935;1;
139;492;NA;NA;…;0;
139;493;141;19;0.591;0;
139;494;1365;110;3.46;1;
139;511;NA;NA;…;1;
139;512;64;5;106.287;1;
139;521;861;15;21.56;1;
139;522;1179;58;3.796;1;
139;531;NA;NA;…;0;
139;532;122;7;5.178;1;
139;551;54;8;0.416;0;
139;559;...;NA;…;0;
139;561;474;96;0.996;0;
139;562;134;11;1.677;1;
139;563;106;40;0.831;0;
139;581;17;5;0.274;0;
139;582;NA;NA;…;0;
139;591;39;11;1.475;1;
139;602;NA;NA;…;0;
139;611;16;4;0.336;0;
139;619;NA;NA;…;0;
139;620;97;28;0.362;0;
139;631;32;9;0.631;0;
139;661;30;6;1.015;1;
139;662;25;11;0.802;0;
139;681;163;39;1.376;1;
139;682;175;28;1.141;1;
139;683;30;9;0.374;0;
139;691;21;7;0.342;0;
139;692;158;46;0.433;0;
139;701;NA;NA;…;0;
139;702;446;32;2.591;1;
139;711;102;19;0.566;0;
139;712;51;5;1.351;1;
139;721;NA;NA;…;0;
139;731;38;13;0.581;0;
139;741;...;NA;…;0;
139;743;19;5;2.632;1;
139;749;62;11;0.987;0;
139;750;13;4;1.269;1;
139;771;207;11;13.784;1;
139;772;NA;NA;…;1;
139;773;NA;NA;…;0;
139;782;171;6;0.59;0;
139;783;NA;NA;…;0;
139;791;34;6;1.018;1;
139;799;NA;NA;…;1;
139;801;882;19;5.976;1;
139;802;119;21;1.719;1;
139;803;...;NA;…;1;
139;811;27;5;0.384;0;
139;812;148;24;0.679;0;
139;813;32;4;0.905;0;
139;821;15;4;0.4;0;
139;822;...;NA;…;1;
139;823;26;4;1.52;1;
139;829;140;25;0.744;0;
139;841;616;13;0.288;0;
139;842;NA;NA;…;0;
139;851;263;12;0.972;0;
139;852;674;13;0.854;0;
139;853;...;NA;…;0;
139;855;44;13;0.648;0;
139;861;NA;NA;…;0;
139;862;271;35;1.224;1;
139;869;...;NA;…;0;
139;873;NA;NA;…;0;
139;879;NA;NA;…;0;
139;881;NA;5;…;1;
139;889;52;4;0.423;0;
139;900;38;11;0.513;0;
139;910;...;NA;…;0;
139;920;18;7;0.805;0;
139;931;28;7;0.338;0;
139;932;16;5;0.301;0;
139;941;NA;NA;…;0;
139;949;NA;NA;…;0;
139;951;...;NA;…;0;
139;952;53;15;1.78;1;
139;960;328;70;2.094;1;
140;11;316;37;4.006;1;
140;14;320;18;4.813;1;
140;15;NA;NA;…;1;
140;16;...;NA;…;0;
140;21;20;8;6.868;1;
140;22;...;NA;…;0;
140;24;82;24;10.349;1;
140;31;NA;NA;…;1;
140;89;NA;NA;…;1;
140;101;27;4;0.476;0;
140;105;NA;NA;…;1;
140;106;NA;NA;…;0;
140;107;47;7;0.759;0;
140;109;NA;NA;…;1;
140;110;...;NA;…;0;
140;141;NA;NA;…;1;
140;151;NA;NA;…;0;
140;161;77;11;6.487;1;
140;162;183;13;5.57;1;
140;181;...;NA;…;0;
140;201;NA;NA;…;0;
140;202;NA;NA;…;1;
140;222;NA;NA;…;0;
140;231;NA;NA;…;1;
140;236;NA;NA;…;1;
140;237;NA;NA;…;1;
140;251;125;11;2.118;1;
140;252;NA;NA;…;1;
140;256;12;4;0.207;0;
140;259;NA;NA;…;1;
140;271;NA;NA;…;1;
140;281;NA;NA;…;0;
140;282;NA;NA;…;1;
140;292;NA;NA;…;1;
140;302;NA;NA;…;1;
140;310;...;NA;…;0;
140;324;NA;NA;…;0;
140;331;...;NA;…;0;
140;332;NA;NA;…;0;
140;412;172;31;1.074;1;
140;421;...;NA;…;0;
140;422;147;10;3.442;1;
140;431;19;7;0.834;0;
140;432;51;14;0.494;0;
140;433;45;13;0.902;0;
140;439;51;9;0.926;0;
140;451;77;9;19.jan;1;
140;452;42;10;0.875;0;
140;453;...;NA;…;0;
140;461;75;12;1.907;1;
140;462;NA;NA;…;0;
140;463;...;NA;…;0;
140;467;62;9;0.976;0;
140;469;...;NA;…;0;
140;471;449;44;1.802;1;
140;472;44;14;0.699;0;
140;473;...;NA;…;1;
140;474;...;NA;…;0;
140;475;166;18;2.854;1;
140;476;...;NA;…;0;
140;477;156;50;0.929;0;
140;478;11;4;0.725;0;
140;479;16;7;0.658;0;
140;493;NA;NA;…;0;
140;494;261;19;1.855;1;
140;521;NA;NA;…;0;
140;522;NA;NA;…;0;
140;532;...;NA;…;0;
140;551;...;NA;…;0;
140;552;NA;NA;…;1;
140;559;...;NA;…;0;
140;561;172;43;1.013;1;
140;562;...;NA;…;0;
140;563;76;29;1.67;1;
140;591;NA;NA;…;0;
140;602;NA;NA;…;0;
140;620;NA;NA;…;0;
140;641;NA;NA;…;0;
140;642;NA;NA;…;0;
140;661;...;NA;…;0;
140;662;11;5;0.99;0;
140;681;39;4;0.923;0;
140;682;20;6;0.365;0;
140;683;NA;NA;…;0;
140;691;16;5;0.731;0;
140;692;18;7;0.138;0;
140;702;10;5;0.163;0;
140;711;27;8;0.42;0;
140;712;...;NA;…;0;
140;722;NA;NA;…;0;
140;731;...;NA;…;0;
140;743;NA;NA;…;1;
140;749;21;7;0.937;0;
140;772;NA;NA;…;0;
140;773;NA;NA;…;0;
140;791;NA;NA;…;0;
140;801;...;NA;…;0;
140;803;NA;NA;…;1;
140;812;NA;NA;…;0;
140;813;...;NA;…;0;
140;829;...;NA;…;0;
140;841;1421;46;1.865;1;
140;842;NA;NA;…;0;
140;851;297;4;3.078;1;
140;852;730;22;2.592;1;
140;853;280;6;1.713;1;
140;855;12;6;0.496;0;
140;856;NA;NA;…;0;
140;862;112;20;1.418;1;
140;869;...;NA;…;0;
140;873;268;4;3.479;1;
140;881;NA;NA;…;1;
140;889;233;4;5.308;1;
140;900;NA;NA;…;0;
140;910;32;4;0.982;0;
140;931;NA;NA;…;0;
140;932;NA;NA;…;1;
140;949;...;NA;…;0;
140;960;23;7;0.412;0;
141;11;177;24;3.405;1;
141;12;26;7;4.453;1;
141;13;16;7;9.69;1;
141;14;37;4;0.844;0;
141;15;NA;NA;…;1;
141;16;23;6;1.669;1;
141;21;15;6;7.817;1;
141;22;NA;NA;…;1;
141;23;NA;NA;…;1;
141;24;76;18;14.556;1;
141;32;NA;NA;…;1;
141;101;NA;NA;…;1;
141;103;13;4;1.029;1;
141;105;NA;NA;…;0;
141;107;...;NA;…;0;
141;110;...;NA;…;0;
141;139;NA;NA;…;0;
141;141;NA;5;…;1;
141;161;NA;5;…;1;
141;162;NA;NA;…;1;
141;181;...;NA;…;0;
141;221;NA;NA;…;0;
141;222;NA;4;…;1;
141;236;NA;NA;…;1;
141;237;...;NA;…;1;
141;251;NA;NA;…;0;
141;256;28;6;0.735;0;
141;271;NA;NA;…;1;
141;279;NA;NA;…;1;
141;289;NA;NA;…;1;
141;310;NA;NA;…;0;
141;411;...;NA;…;0;
141;412;36;10;0.341;0;
141;421;NA;NA;…;1;
141;422;NA;NA;…;0;
141;431;NA;NA;…;0;
141;432;56;9;0.824;0;
141;433;29;9;0.882;0;
141;439;20;6;0.551;0;
141;451;NA;NA;…;0;
141;452;...;NA;…;0;
141;453;NA;NA;…;0;
141;454;NA;NA;…;1;
141;461;NA;NA;…;0;
141;462;...;NA;…;0;
141;463;...;NA;…;0;
141;464;NA;NA;…;0;
141;466;...;NA;…;0;
141;467;...;NA;…;0;
141;469;NA;NA;…;0;
141;471;131;39;0.798;0;
141;472;44;12;1.061;1;
141;473;16;4;1.642;1;
141;475;14;7;0.365;0;
141;476;22;5;1.951;1;
141;477;84;29;0.759;0;
141;478;...;NA;…;0;
141;479;21;6;31.jan;1;
141;493;NA;NA;…;0;
141;494;86;15;0.927;0;
141;552;NA;NA;…;0;
141;553;NA;NA;…;1;
141;561;93;27;0.831;0;
141;562;NA;NA;…;0;
141;563;44;19;1.467;1;
141;591;NA;NA;…;0;
141;602;NA;NA;…;0;
141;619;NA;NA;…;1;
141;620;...;NA;…;0;
141;641;NA;NA;…;0;
141;662;NA;NA;…;0;
141;682;NA;NA;…;0;
141;683;NA;NA;…;0;
141;692;26;9;0.303;0;
141;701;NA;NA;…;1;
141;702;NA;NA;…;0;
141;711;...;NA;…;0;
141;721;NA;NA;…;0;
141;741;NA;NA;…;1;
141;749;NA;NA;…;0;
141;771;NA;NA;…;0;
141;772;NA;NA;…;0;
141;791;NA;NA;…;0;
141;801;44;5;1.268;1;
141;802;...;NA;…;0;
141;812;...;NA;…;0;
141;813;NA;NA;…;1;
141;829;60;5;1.357;1;
141;841;1193;33;2.376;1;
141;851;124;16;1.95;1;
141;852;406;17;2.188;1;
141;853;...;NA;…;1;
141;855;...;NA;…;0;
141;862;88;18;1.691;1;
141;871;NA;NA;…;1;
141;872;NA;NA;…;1;
141;873;NA;NA;…;0;
141;881;NA;NA;…;1;
141;889;30;5;1.037;1;
141;900;NA;NA;…;0;
141;910;...;NA;…;0;
141;931;68;6;3.487;1;
141;932;...;NA;…;0;
141;949;...;NA;…;0;
141;960;17;8;0.462;0;
142;11;350;32;2.733;1;
142;12;93;19;6.465;1;
142;14;69;10;0.639;0;
142;15;NA;NA;…;1;
142;16;128;23;3.771;1;
142;17;16;5;4.863;1;
142;21;...;NA;…;1;
142;22;NA;NA;…;0;
142;24;58;18;4.509;1;
142;32;...;NA;…;1;
142;101;147;4;1.597;1;
142;103;NA;NA;…;1;
142;106;NA;NA;…;1;
142;107;151;13;1.502;1;
142;108;...;NA;…;0;
142;110;158;23;4.117;1;
142;132;NA;NA;…;1;
142;139;NA;NA;…;0;
142;141;112;10;1.101;1;
142;143;NA;NA;…;0;
142;161;43;6;2.232;1;
142;162;50;8;0.937;0;
142;181;NA;NA;…;0;
142;204;...;NA;…;1;
142;205;NA;NA;…;1;
142;222;56;5;0.507;0;
142;234;...;NA;…;0;
142;236;25;6;1.097;1;
142;237;NA;NA;…;0;
142;251;68;11;0.71;0;
142;256;74;7;0.788;0;
142;257;NA;NA;…;0;
142;259;...;NA;…;0;
142;261;507;5;8.961;1;
142;266;NA;NA;…;0;
142;281;NA;NA;…;0;
142;282;...;NA;…;0;
142;283;NA;NA;…;1;
142;289;NA;NA;…;0;
142;292;NA;NA;…;0;
142;301;...;NA;…;1;
142;309;NA;NA;…;0;
142;310;16;5;0.257;0;
142;321;NA;NA;…;0;
142;323;...;NA;…;1;
142;325;8;4;0.238;0;
142;329;NA;NA;…;0;
142;331;NA;NA;…;0;
142;332;NA;NA;…;0;
142;370;NA;NA;…;0;
142;381;NA;NA;…;1;
142;383;NA;NA;…;0;
142;411;17;4;0.77;0;
142;412;377;63;1.451;1;
142;421;122;14;1.819;1;
142;422;33;9;0.476;0;
142;429;...;NA;…;1;
142;431;80;11;2.164;1;
142;432;161;33;0.961;0;
142;433;116;32;1.433;1;
142;439;82;26;0.917;0;
142;451;116;18;1.105;1;
142;452;113;22;1.451;1;
142;453;25;6;0.583;0;
142;454;NA;NA;…;1;
142;461;52;12;0.815;0;
142;462;...;NA;…;0;
142;463;682;27;5.386;1;
142;464;71;14;0.563;0;
142;466;...;NA;…;0;
142;467;43;12;0.417;0;
142;469;57;15;0.537;0;
142;471;436;84;1.078;1;
142;472;131;41;1.282;1;
142;473;59;7;2.458;1;
142;474;27;7;1.304;1;
142;475;157;31;1.662;1;
142;476;33;12;1.188;1;
142;477;303;86;1.111;1;
142;478;24;7;0.974;0;
142;479;43;13;1.089;1;
142;493;...;NA;…;0;
142;494;160;34;0.7;0;
142;521;NA;NA;…;0;
142;522;12;4;0.067;0;
142;531;NA;NA;…;0;
142;532;12;4;0.88;0;
142;551;101;19;1.342;1;
142;552;68;20;11.239;1;
142;553;NA;NA;…;1;
142;559;210;17;17.098;1;
142;561;1151;257;4.175;1;
142;562;53;7;1.146;1;
142;563;130;43;1.76;1;
142;581;23;6;0.641;0;
142;582;...;NA;…;0;
142;602;...;NA;…;0;
142;611;NA;NA;…;0;
142;620;40;9;0.257;0;
142;631;...;NA;…;0;
142;641;...;NA;…;0;
142;661;...;NA;…;0;
142;662;18;9;0.998;0;
142;681;83;17;21.jan;1;
142;682;91;15;1.024;1;
142;683;22;9;0.474;0;
142;691;54;7;1.52;1;
142;692;87;23;0.412;0;
142;701;NA;NA;…;0;
142;702;19;8;0.191;0;
142;711;56;18;0.537;0;
142;712;NA;NA;…;0;
142;731;28;6;0.74;0;
142;742;NA;NA;…;0;
142;749;38;8;1.044;1;
142;750;...;NA;…;0;
142;771;...;NA;…;0;
142;772;24;8;4.158;1;
142;773;NA;NA;…;0;
142;781;...;NA;…;0;
142;791;...;NA;…;0;
142;801;11;5;0.129;0;
142;802;53;8;1.322;1;
142;811;18;4;0.442;0;
142;812;22;5;0.174;0;
142;813;90;12;4.396;1;
142;823;...;NA;…;1;
142;829;41;10;0.376;0;
142;841;1563;50;1.263;1;
142;851;201;15;1.283;1;
142;852;1107;31;2.422;1;
142;853;136;4;0.512;0;
142;855;23;6;0.585;0;
142;856;NA;NA;…;1;
142;862;134;30;1.045;1;
142;869;13;4;0.197;0;
142;879;...;NA;…;1;
142;881;57;4;1.202;1;
142;889;111;5;1.558;1;
142;900;14;5;0.326;0;
142;910;45;6;0.851;0;
142;920;NA;NA;…;0;
142;931;39;9;0.812;0;
142;932;46;13;1.495;1;
142;941;NA;NA;…;0;
142;942;NA;NA;…;1;
142;949;63;13;0.734;0;
142;951;...;NA;…;0;
142;952;11;5;0.638;0;
142;960;128;43;1.411;1;
143;11;1017;149;1.624;1;
143;12;42;10;0.597;0;
143;13;NA;NA;…;0;
143;14;501;47;0.949;0;
143;15;139;13;1.56;1;
143;16;199;44;1.199;1;
143;17;45;12;2.797;1;
143;21;66;10;2.855;1;
143;22;623;21;6.289;1;
143;24;214;66;3.402;1;
143;31;...;NA;…;0;
143;32;NA;NA;…;1;
143;101;1812;22;4.027;1;
143;102;NA;NA;…;1;
143;103;NA;NA;…;0;
143;104;NA;NA;…;0;
143;105;...;NA;…;0;
143;106;NA;NA;…;0;
143;107;1097;42;2.231;1;
143;108;565;6;3.064;1;
143;109;66;5;0.679;0;
143;110;82;14;0.437;0;
143;132;NA;NA;…;0;
143;133;NA;NA;…;0;
143;139;16;6;0.06;0;
143;141;635;35;1.276;1;
143;161;108;16;1.146;1;
143;162;234;29;0.897;0;
143;172;NA;NA;…;0;
143;181;124;32;0.487;0;
143;182;NA;NA;…;0;
143;201;...;NA;…;0;
143;203;NA;NA;…;0;
143;204;...;NA;…;0;
143;212;...;NA;…;0;
143;222;496;13;0.919;0;
143;232;NA;NA;…;0;
143;233;...;NA;…;1;
143;234;52;7;0.704;0;
143;235;NA;NA;…;0;
143;236;...;NA;…;0;
143;237;24;6;1.108;1;
143;239;NA;NA;…;0;
143;245;NA;NA;…;0;
143;251;586;33;1.251;1;
143;252;NA;NA;…;0;
143;255;NA;NA;…;0;
143;256;331;37;0.721;0;
143;257;138;12;1.42;1;
143;259;259;5;1.742;1;
143;261;NA;NA;…;0;
143;262;NA;NA;…;0;
143;263;NA;NA;…;0;
143;264;NA;NA;…;0;
143;265;...;NA;…;0;
143;266;...;NA;…;0;
143;267;NA;NA;…;0;
143;271;679;6;3.42;1;
143;272;NA;NA;…;1;
143;275;NA;NA;…;1;
143;279;...;NA;…;0;
143;281;NA;NA;…;0;
143;282;452;25;1.466;1;
143;283;...;NA;…;0;
143;289;NA;5;…;1;
143;293;...;NA;…;0;
143;301;NA;NA;…;0;
143;303;...;NA;…;0;
143;309;NA;NA;…;0;
143;310;201;24;0.66;0;
143;321;...;NA;…;0;
143;323;...;NA;…;0;
143;324;NA;NA;…;0;
143;325;100;8;0.609;0;
143;329;...;NA;…;0;
143;331;146;20;0.668;0;
143;332;27;6;0.42;0;
143;351;NA;NA;…;0;
143;352;NA;NA;…;0;
143;353;...;NA;…;1;
143;360;237;4;0.814;0;
143;370;14;4;0.205;0;
143;381;NA;4;…;0;
143;382;NA;NA;…;0;
143;383;31;7;0.747;0;
143;390;NA;NA;…;0;
143;411;56;9;0.519;0;
143;412;1685;214;1.326;1;
143;421;208;11;0.634;0;
143;422;411;45;1.212;1;
143;429;86;5;09.jan;1;
143;431;90;14;0.498;0;
143;432;666;104;0.813;0;
143;433;388;93;0.98;0;
143;439;178;47;0.407;0;
143;451;424;68;0.826;0;
143;452;649;72;1.704;1;
143;453;143;29;0.682;0;
143;454;...;NA;…;1;
143;461;279;59;0.894;0;
143;462;383;28;2.749;1;
143;463;649;53;1.048;1;
143;464;375;44;0.608;0;
143;465;...;NA;…;0;
143;466;53;11;0.303;0;
143;467;209;41;0.414;0;
143;469;239;29;0.461;0;
143;471;1355;230;0.685;0;
143;472;365;92;0.731;0;
143;473;145;17;1.235;1;
143;474;89;21;0.879;0;
143;475;427;76;0.925;0;
143;476;108;24;0.795;0;
143;477;901;263;0.676;0;
143;478;77;33;0.639;0;
143;479;146;41;0.756;0;
143;493;2871;32;4.252;1;
143;494;536;107;0.48;0;
143;511;...;NA;…;1;
143;521;49;11;0.433;0;
143;522;382;20;0.434;0;
143;531;...;NA;…;0;
143;532;52;12;0.779;0;
143;551;126.334;22;0.343;0;
143;552;32;9;1.082;1;
143;559;121;8;2.015;1;
143;561;1370;300;1.016;1;
143;562;154;32;0.681;0;
143;563;275;99;0.761;0;
143;581;75;10;0.428;0;
143;582;28;8;0.329;0;
143;591;11;5;0.147;0;
143;601;...;NA;…;0;
143;602;59;8;1.199;1;
143;611;47;9;0.348;0;
143;620;185;45;0.244;0;
143;631;85;13;0.592;0;
143;639;...;NA;…;0;
143;641;198;4;0.333;0;
143;642;NA;NA;…;0;
143;649;NA;NA;…;0;
143;651;NA;NA;…;0;
143;661;41;17;0.49;0;
143;662;117;44;1.326;1;
143;681;191;43;0.569;0;
143;682;583;45;1.342;1;
143;683;105;32;0.462;0;
143;691;163;42;0.939;0;
143;692;328;103;0.318;0;
143;701;10;4;0.142;0;
143;702;292;59;0.599;0;
143;711;383;76;0.751;0;
143;712;12;6;0.112;0;
143;721;49;8;0.177;0;
143;722;...;NA;…;0;
143;731;51;19;0.275;0;
143;732;16;7;0.362;0;
143;742;13;5;0.362;0;
143;743;23;11;1.125;1;
143;749;129;45;0.725;0;
143;750;60;6;2.068;1;
143;771;19;6;0.447;0;
143;772;11;5;0.39;0;
143;773;21;7;0.264;0;
143;781;44;5;0.277;0;
143;782;...;NA;…;0;
143;783;NA;NA;…;0;
143;791;39;7;0.412;0;
143;801;186;30;0.445;0;
143;802;157;22;0.801;0;
143;803;NA;NA;…;0;
143;811;152;5;0.763;0;
143;812;198;40;0.321;0;
143;813;25;10;0.25;0;
143;821;49;15;0.461;0;
143;822;NA;NA;…;0;
143;823;42;10;0.867;0;
143;829;266;44;0.499;0;
143;841;7666;170;1.267;1;
143;842;2680;8;2.177;1;
143;843;...;NA;…;1;
143;851;856;46;1.118;1;
143;852;4142;113;1.853;1;
143;853;1802;24;1.389;1;
143;854;1450;4;1.478;1;
143;855;174;45;0.906;0;
143;856;NA;NA;…;0;
143;861;2845;18;2.175;1;
143;862;450;161;0.718;0;
143;869;814;21;2.527;1;
143;871;NA;NA;…;0;
143;873;585;12;0.957;0;
143;879;...;NA;…;1;
143;881;291;12;1.255;1;
143;889;544;15;1.561;1;
143;900;319;14;1.521;1;
143;910;453;11;1.752;1;
143;920;...;NA;…;0;
143;931;243;38;1.034;1;
143;932;208;14;1.383;1;
143;941;54;9;1.786;1;
143;942;NA;NA;…;1;
143;949;549;47;1.308;1;
143;951;68;15;1.49;1;
143;952;52;16;0.617;0;
143;960;342;92;0.771;0;
144;11;555;53;4.154;1;
144;12;33;6;2.199;1;
144;14;52;14;0.462;0;
144;15;...;NA;…;0;
144;16;19;7;0.537;0;
144;17;...;NA;…;1;
144;21;...;NA;…;1;
144;22;...;NA;…;0;
144;24;66;25;4.918;1;
144;32;NA;NA;…;1;
144;101;...;NA;…;0;
144;103;...;NA;…;0;
144;105;NA;NA;…;1;
144;106;NA;NA;…;0;
144;107;126;13;1.201;1;
144;110;109;11;2.723;1;
144;139;...;NA;…;0;
144;141;139;11;1.309;1;
144;151;NA;NA;…;1;
144;161;80;12;3.98;1;
144;162;61;11;1.096;1;
144;181;12;4;0.221;0;
144;203;NA;NA;…;1;
144;204;NA;NA;…;0;
144;222;105;8;0.912;0;
144;233;NA;NA;…;1;
144;236;NA;NA;…;0;
144;237;NA;NA;…;0;
144;251;98;7;0.98;0;
144;252;NA;NA;…;0;
144;255;NA;NA;…;0;
144;256;43;4;0.439;0;
144;259;NA;NA;…;1;
144;262;NA;NA;…;0;
144;266;NA;NA;…;1;
144;271;NA;NA;…;1;
144;273;NA;NA;…;1;
144;281;NA;NA;…;1;
144;282;26;4;0.395;0;
144;289;NA;NA;…;0;
144;293;NA;NA;…;0;
144;310;39;5;0.6;0;
144;321;...;NA;…;1;
144;325;...;NA;…;0;
144;329;NA;NA;…;0;
144;331;...;NA;…;0;
144;381;...;NA;…;1;
144;383;NA;NA;…;1;
144;411;NA;NA;…;0;
144;412;168;41;0.62;0;
144;421;55;6;0.786;0;
144;422;53;6;0.733;0;
144;429;...;NA;…;0;
144;431;38;6;0.985;0;
144;432;44;14;0.252;0;
144;433;77;21;0.911;0;
144;439;65;14;0.697;0;
144;451;62;9;0.566;0;
144;452;44;11;0.541;0;
144;453;24;6;0.536;0;
144;454;...;NA;…;1;
144;461;80;10;1.201;1;
144;462;...;NA;…;0;
144;463;64;6;0.484;0;
144;464;82;6;0.623;0;
144;466;NA;NA;…;0;
144;467;38;7;0.353;0;
144;469;68;5;0.615;0;
144;471;293;82;0.694;0;
144;472;64;18;0.6;0;
144;473;52;6;2.077;1;
144;474;...;NA;…;0;
144;475;108;19;1.096;1;
144;476;12;4;0.414;0;
144;477;181;57;0.636;0;
144;478;56;19;2.179;1;
144;479;36;13;0.874;0;
144;493;...;NA;…;0;
144;494;230;37;0.965;0;
144;521;NA;NA;…;0;
144;522;...;NA;…;0;
144;531;NA;NA;…;0;
144;532;17;4;1.194;1;
144;551;63;10;0.802;0;
144;552;45;6;7.129;1;
144;553;NA;NA;…;1;
144;559;14;6;1.093;1;
144;561;532;124;1.85;1;
144;562;34;5;0.704;0;
144;563;109;38;1.414;1;
144;581;NA;NA;…;0;
144;602;...;NA;…;0;
144;612;NA;NA;…;0;
144;620;...;NA;…;0;
144;631;NA;NA;…;0;
144;641;...;NA;…;0;
144;661;14;6;0.784;0;
144;662;25;7;1.328;1;
144;681;31;6;0.433;0;
144;682;47;9;0.507;0;
144;683;...;NA;…;0;
144;691;22;6;0.594;0;
144;692;30;9;0.136;0;
144;701;NA;NA;…;1;
144;702;27;9;0.26;0;
144;711;92;19;0.845;0;
144;721;NA;NA;…;0;
144;722;NA;NA;…;0;
144;731;...;NA;…;0;
144;732;NA;NA;…;0;
144;742;...;NA;…;0;
144;743;NA;NA;…;0;
144;749;47;6;1.238;1;
144;772;...;NA;…;0;
144;781;NA;NA;…;0;
144;791;NA;NA;…;0;
144;801;20;5;0.224;0;
144;802;...;NA;…;0;
144;811;NA;NA;…;1;
144;812;61;8;0.463;0;
144;813;NA;NA;…;0;
144;823;NA;NA;…;0;
144;829;28;4;0.246;0;
144;841;1672;69;1.295;1;
144;842;NA;NA;…;0;
144;851;299;17;1.83;1;
144;852;674;26;1.413;1;
144;853;378;4;1.365;1;
144;855;36;8;0.878;0;
144;856;NA;NA;…;1;
144;861;NA;NA;…;1;
144;862;94;32;0.703;0;
144;869;...;NA;…;0;
144;873;264;4;2.023;1;
144;879;NA;NA;…;1;
144;881;160;4;3.234;1;
144;889;...;NA;…;0;
144;900;NA;NA;…;0;
144;910;39;6;0.707;0;
144;920;NA;NA;…;0;
144;931;22;7;0.439;0;
144;932;41;5;1.278;1;
144;949;102;7;1.139;1;
144;952;...;NA;…;0;
144;960;78;25;0.824;0;
145;11;144;31;1.34;1;
145;12;12;5;0.994;0;
145;14;109;10;1.203;1;
145;15;118;6;7.716;1;
145;16;21;8;0.737;0;
145;17;NA;NA;…;1;
145;21;57;9;14.364;1;
145;22;NA;NA;…;1;
145;24;96;34;8.891;1;
145;32;NA;NA;…;1;
145;103;NA;NA;…;1;
145;107;237;11;2.808;1;
145;109;...;NA;…;0;
145;110;22;8;0.683;0;
145;131;NA;NA;…;1;
145;141;NA;NA;…;0;
145;143;NA;NA;…;0;
145;161;57;7;3.524;1;
145;162;61;12;1.362;1;
145;172;NA;NA;…;0;
145;181;NA;NA;…;0;
145;204;NA;NA;…;0;
145;222;NA;NA;…;0;
145;231;NA;NA;…;0;
145;236;NA;NA;…;0;
145;237;NA;NA;…;1;
145;241;NA;NA;…;0;
145;251;389;7;4.836;1;
145;256;351;7;4.453;1;
145;282;...;NA;…;0;
145;310;...;NA;…;0;
145;323;NA;NA;…;1;
145;329;NA;NA;…;0;
145;370;NA;NA;…;0;
145;411;NA;NA;…;1;
145;412;219;23;1.004;1;
145;421;...;NA;…;0;
145;422;97;5;1.667;1;
145;429;NA;NA;…;1;
145;431;25;4;0.806;0;
145;432;53;15;0.377;0;
145;433;17;7;0.25;0;
145;439;31;10;0.413;0;
145;451;59;13;0.669;0;
145;452;53;15;0.811;0;
145;453;NA;NA;…;0;
145;461;23;7;0.429;0;
145;462;43;8;1.798;1;
145;463;61;12;0.574;0;
145;464;27;7;0.255;0;
145;467;47;11;0.543;0;
145;469;NA;NA;…;0;
145;471;332;45;0.978;0;
145;472;49;20;0.571;0;
145;473;...;NA;…;0;
145;474;NA;NA;…;1;
145;475;60;18;0.757;0;
145;476;13;6;0.558;0;
145;477;178;54;0.778;0;
145;478;16;4;0.774;0;
145;479;13;6;0.392;0;
145;493;...;NA;…;0;
145;494;201;50;1.048;1;
145;521;NA;NA;…;0;
145;522;44;5;0.291;0;
145;532;49;7;4.279;1;
145;551;47;5;0.744;0;
145;552;NA;NA;…;0;
145;553;NA;NA;…;1;
145;559;...;NA;…;1;
145;561;132;38;0.57;0;
145;562;NA;5;…;1;
145;563;104;34;1.677;1;
145;581;NA;NA;…;0;
145;591;NA;NA;…;0;
145;611;NA;NA;…;0;
145;612;NA;NA;…;0;
145;620;...;NA;…;0;
145;631;NA;NA;…;0;
145;642;NA;NA;…;1;
145;661;NA;NA;…;0;
145;662;14;5;0.924;0;
145;681;...;NA;…;0;
145;682;...;NA;…;0;
145;683;NA;NA;…;0;
145;691;30;8;1.006;1;
145;692;32;10;0.181;0;
145;701;NA;NA;…;1;
145;702;25;5;0.299;0;
145;711;58;8;0.662;0;
145;712;15;5;0.818;0;
145;732;NA;NA;…;0;
145;749;23;5;0.753;0;
145;750;NA;NA;…;0;
145;771;...;NA;…;0;
145;773;NA;NA;…;0;
145;782;NA;NA;…;1;
145;783;NA;NA;…;1;
145;801;47;6;0.655;0;
145;802;68;7;2.021;1;
145;811;NA;NA;…;0;
145;812;37;5;0.349;0;
145;813;NA;NA;…;0;
145;829;...;NA;…;0;
145;841;1449;39;1.395;1;
145;842;NA;NA;…;0;
145;851;177;19;1.346;1;
145;852;1065;27;2.775;1;
145;853;154;4;0.691;0;
145;854;NA;NA;…;0;
145;855;...;NA;…;0;
145;861;...;NA;…;1;
145;862;76;27;0.706;0;
145;873;NA;NA;…;1;
145;881;145;5;3.643;1;
145;889;NA;NA;…;1;
145;900;NA;NA;…;1;
145;910;...;NA;…;0;
145;931;NA;NA;…;0;
145;932;86;4;3.33;1;
145;949;NA;NA;…;0;
145;952;...;NA;…;0;
145;960;19;9;0.249;0;
146;11;417;31;1.566;1;
146;12;65;6;2.173;1;
146;13;35;5;4.137;1;
146;14;42;11;0.187;0;
146;15;NA;NA;…;0;
146;16;130;18;1.842;1;
146;17;...;NA;…;0;
146;21;NA;NA;…;0;
146;22;NA;NA;…;0;
146;24;35;13;1.308;1;
146;31;NA;NA;…;0;
146;32;NA;NA;…;1;
146;91;NA;NA;…;1;
146;99;NA;NA;…;1;
146;101;NA;NA;…;0;
146;102;NA;NA;…;1;
146;103;NA;NA;…;0;
146;105;NA;NA;…;0;
146;107;321;18;1.535;1;
146;108;...;NA;…;0;
146;110;215;19;2.694;1;
146;139;66;10;0.578;0;
146;141;NA;10;…;1;
146;143;NA;NA;…;0;
146;152;NA;NA;…;0;
146;161;NA;NA;…;0;
146;162;84;14;0.757;0;
146;181;26;6;0.24;0;
146;201;NA;NA;…;0;
146;204;NA;NA;…;0;
146;205;NA;NA;…;0;
146;221;NA;NA;…;0;
146;222;273;9;1.189;1;
146;231;NA;NA;…;0;
146;233;NA;NA;…;0;
146;236;43;4;0.907;0;
146;237;NA;NA;…;1;
146;243;NA;NA;…;0;
146;251;50;8;0.251;0;
146;256;191;12;0.978;0;
146;257;...;NA;…;1;
146;259;NA;NA;…;1;
146;263;NA;NA;…;0;
146;265;NA;NA;…;0;
146;282;25;5;0.191;0;
146;289;...;NA;…;0;
146;291;NA;NA;…;0;
146;293;NA;NA;…;0;
146;301;NA;NA;…;0;
146;309;NA;NA;…;0;
146;310;101;9;0.78;0;
146;321;NA;NA;…;0;
146;325;14;4;0.201;0;
146;329;...;NA;…;0;
146;331;15;5;0.161;0;
146;332;NA;NA;…;0;
146;353;NA;NA;…;0;
146;360;NA;NA;…;1;
146;370;NA;4;…;1;
146;381;22;5;0.308;0;
146;382;NA;NA;…;1;
146;383;40;5;2.268;1;
146;390;...;NA;…;1;
146;411;38;10;0.828;0;
146;412;801;118;1.482;1;
146;421;133;21;0.954;0;
146;422;852;33;5.909;1;
146;429;50;4;1.491;1;
146;431;48;15;0.624;0;
146;432;332;80;0.953;0;
146;433;158;53;0.938;0;
146;439;337;56;1.813;1;
146;451;303;50;1.388;1;
146;452;212;54;1.309;1;
146;453;55;13;0.617;0;
146;454;8;4;1.229;1;
146;461;149;27;1.122;1;
146;462;34;4;0.574;0;
146;463;410;30;1.557;1;
146;464;86;15;0.328;0;
146;466;11;4;0.148;0;
146;467;206;23;0.96;0;
146;469;141;20;0.639;0;
146;471;548;101;0.651;0;
146;472;272;61;28.jan;1;
146;473;101;11;2.023;1;
146;474;33;7;0.766;0;
146;475;367;81;1.869;1;
146;476;83;23;1.437;1;
146;477;484;140;0.854;0;
146;478;70;25;1.366;1;
146;479;138;28;1.68;1;
146;493;65;18;0.226;0;
146;494;168;41;0.354;0;
146;495;NA;NA;…;1;
146;503;NA;NA;…;1;
146;504;NA;NA;…;1;
146;511;...;NA;…;1;
146;521;NA;NA;…;0;
146;522;47;8;0.126;0;
146;532;NA;NA;…;0;
146;551;1425;68;9.106;1;
146;552;80;18;6.358;1;
146;553;NA;NA;…;0;
146;559;73;17;2.858;1;
146;561;1922;404;3.352;1;
146;562;78;16;0.811;0;
146;563;337;92;2.194;1;
146;581;...;NA;…;0;
146;591;11;4;0.345;0;
146;601;NA;NA;…;0;
146;602;...;NA;…;0;
146;611;NA;NA;…;0;
146;619;...;NA;…;1;
146;620;88;25;0.272;0;
146;631;27;11;0.442;0;
146;639;...;NA;…;0;
146;641;NA;NA;…;0;
146;649;NA;NA;…;0;
146;661;14;6;0.393;0;
146;662;47;20;1.253;1;
146;681;137;28;0.96;0;
146;682;305;43;1.651;1;
146;683;58;21;0.6;0;
146;691;67;24;0.907;0;
146;692;201;55;0.458;0;
146;701;NA;NA;…;0;
146;702;92;24;0.444;0;
146;711;286;56;1.319;1;
146;712;16;4;0.352;0;
146;721;9;4;0.077;0;
146;731;55;10;0.699;0;
146;742;43;12;2.813;1;
146;743;NA;NA;…;0;
146;749;62;15;0.819;0;
146;750;NA;NA;…;0;
146;771;NA;NA;…;1;
146;772;18;8;05.jan;1;
146;773;26;7;0.769;0;
146;781;NA;NA;…;0;
146;791;58;13;1.442;1;
146;799;8;4;2.223;1;
146;801;150;15;0.844;0;
146;802;35;9;0.42;0;
146;811;17;7;0.201;0;
146;812;144;31;0.549;0;
146;813;90;23;2.114;1;
146;821;...;NA;…;0;
146;823;24;7;1.165;1;
146;829;134;27;0.591;0;
146;841;1497;57;0.582;0;
146;842;NA;NA;…;0;
146;851;550;22;1.689;1;
146;852;1336;29;1.405;1;
146;853;1019;9;1.846;1;
146;855;112;25;1.371;1;
146;856;NA;NA;…;0;
146;861;NA;NA;…;1;
146;862;197;69;0.739;0;
146;869;12;6;0.088;0;
146;873;149;5;0.573;0;
146;881;NA;NA;…;0;
146;889;82;4;0.553;0;
146;900;49;8;0.549;0;
146;910;89;9;0.809;0;
146;920;33;6;1.226;1;
146;931;153;14;1.532;1;
146;932;122;21;1.907;1;
146;941;NA;NA;…;0;
146;942;NA;NA;…;1;
146;949;93;9;0.521;0;
146;951;...;NA;…;0;
146;952;64;21;1.785;1;
146;960;209;65;1.108;1;
147;11;318;29;2.868;1;
147;12;NA;NA;…;0;
147;14;50;10;0.535;0;
147;15;10;4;0.634;0;
147;16;17;4;0.578;0;
147;17;...;NA;…;1;
147;21;NA;NA;…;0;
147;24;20;4;1.796;1;
147;101;NA;NA;…;0;
147;107;...;NA;…;0;
147;108;NA;NA;…;0;
147;109;...;NA;…;1;
147;110;...;NA;…;0;
147;139;NA;NA;…;0;
147;152;NA;NA;…;0;
147;161;...;NA;…;1;
147;162;...;NA;…;0;
147;181;NA;NA;…;0;
147;201;NA;NA;…;0;
147;221;NA;NA;…;1;
147;236;NA;NA;…;0;
147;237;NA;NA;…;1;
147;251;...;NA;…;1;
147;256;27;5;0.332;0;
147;259;...;NA;…;0;
147;261;NA;NA;…;1;
147;263;NA;NA;…;1;
147;273;NA;NA;…;1;
147;275;NA;NA;…;0;
147;282;...;NA;…;0;
147;310;...;NA;…;0;
147;329;NA;NA;…;0;
147;331;...;NA;…;0;
147;332;NA;NA;…;0;
147;370;NA;NA;…;0;
147;381;NA;NA;…;0;
147;411;...;NA;…;0;
147;412;93;12;0.413;0;
147;421;NA;NA;…;0;
147;422;NA;NA;…;0;
147;429;NA;NA;…;0;
147;431;26;4;0.812;0;
147;432;49;16;0.338;0;
147;433;25;8;0.357;0;
147;439;26;8;0.336;0;
147;451;14;4;0.154;0;
147;452;17;4;0.252;0;
147;453;NA;NA;…;0;
147;461;...;NA;…;0;
147;462;...;NA;…;0;
147;463;NA;NA;…;0;
147;464;NA;NA;…;0;
147;466;NA;NA;…;0;
147;467;NA;NA;…;0;
147;469;NA;NA;…;0;
147;471;262;25;0.748;0;
147;472;40;9;0.452;0;
147;474;NA;NA;…;0;
147;475;33;10;0.404;0;
147;477;92;30;0.39;0;
147;478;...;NA;…;0;
147;479;11;4;0.322;0;
147;494;85;11;0.43;0;
147;522;NA;NA;…;0;
147;532;NA;NA;…;0;
147;551;NA;NA;…;0;
147;552;NA;NA;…;0;
147;553;NA;NA;…;1;
147;559;NA;NA;…;0;
147;561;60;20;0.251;0;
147;562;NA;NA;…;0;
147;563;39;13;0.61;0;
147;591;NA;NA;…;0;
147;620;...;NA;…;0;
147;631;...;NA;…;0;
147;681;NA;NA;…;0;
147;682;NA;NA;…;0;
147;692;...;NA;…;0;
147;701;...;NA;…;0;
147;702;13;4;0.151;0;
147;711;37;6;0.41;0;
147;721;NA;NA;…;0;
147;741;NA;NA;…;1;
147;749;14;5;0.444;0;
147;772;NA;NA;…;0;
147;773;NA;NA;…;0;
147;801;NA;NA;…;0;
147;802;...;NA;…;0;
147;812;NA;NA;…;0;
147;813;NA;NA;…;0;
147;821;NA;NA;…;0;
147;841;755;40;0.705;0;
147;851;240;16;1.77;1;
147;852;168;11;0.424;0;
147;853;NA;NA;…;0;
147;855;NA;NA;…;0;
147;862;99;10;0.892;0;
147;869;NA;NA;…;0;
147;872;NA;NA;…;1;
147;879;NA;NA;…;1;
147;889;...;NA;…;0;
147;900;NA;NA;…;0;
147;910;NA;NA;…;0;
147;920;NA;NA;…;0;
147;931;NA;NA;…;0;
147;932;NA;NA;…;0;
147;941;...;NA;…;1;
147;949;82;5;1.103;1;
147;960;28;4;0.356;0;
148;11;203;31;2.622;1;
148;12;...;NA;…;0;
148;14;190;16;2.912;1;
148;16;25;4;1.219;1;
148;17;NA;NA;…;1;
148;21;NA;NA;…;1;
148;22;...;NA;…;1;
148;24;25;5;3.215;1;
148;101;NA;NA;…;1;
148;103;46;5;2.444;1;
148;107;...;NA;…;1;
148;110;NA;NA;…;0;
148;139;NA;NA;…;0;
148;141;156;4;2.536;1;
148;152;NA;NA;…;1;
148;161;163;16;13.995;1;
148;162;...;NA;…;0;
148;221;NA;NA;…;1;
148;222;NA;NA;…;0;
148;251;...;NA;…;0;
148;256;37;6;0.652;0;
148;259;NA;NA;…;0;
148;283;NA;NA;…;0;
148;292;NA;NA;…;1;
148;331;NA;NA;…;0;
148;351;NA;NA;…;0;
148;360;NA;NA;…;0;
148;381;NA;NA;…;0;
148;411;NA;NA;…;0;
148;412;144;31;0.917;0;
148;421;NA;NA;…;1;
148;422;22;6;0.525;0;
148;429;NA;NA;…;0;
148;431;35;9;1.566;1;
148;432;56;12;0.553;0;
148;433;37;10;0.756;0;
148;439;26;9;0.481;0;
148;451;32;9;0.504;0;
148;452;15;5;0.319;0;
148;453;17;4;0.656;0;
148;461;...;NA;…;0;
148;462;...;NA;…;0;
148;463;61;6;0.797;0;
148;466;NA;NA;…;1;
148;467;118;14;1.892;1;
148;469;22;4;0.343;0;
148;471;203;42;0.83;0;
148;472;32;10;0.518;0;
148;473;...;NA;…;0;
148;475;NA;NA;…;0;
148;476;NA;NA;…;0;
148;477;74;23;0.449;0;
148;479;12;4;0.503;0;
148;493;NA;NA;…;0;
148;494;207;31;1.499;1;
148;522;NA;NA;…;0;
148;531;NA;NA;…;0;
148;532;8;4;0.97;0;
148;552;NA;NA;…;0;
148;561;68;20;0.408;0;
148;562;...;NA;…;0;
148;563;77;25;1.724;1;
148;591;NA;NA;…;0;
148;620;NA;NA;…;0;
148;631;NA;NA;…;0;
148;661;...;NA;…;0;
148;662;...;NA;…;0;
148;681;18;5;0.434;0;
148;682;42;6;0.782;0;
148;683;...;NA;…;0;
148;692;10;4;0.078;0;
148;702;9;4;0.149;0;
148;711;...;NA;…;0;
148;731;NA;NA;…;0;
148;749;...;NA;…;0;
148;771;NA;NA;…;0;
148;773;NA;NA;…;0;
148;781;NA;NA;…;1;
148;783;NA;NA;…;1;
148;801;24;4;0.465;0;
148;802;...;NA;…;0;
148;812;...;NA;…;0;
148;813;NA;NA;…;1;
148;821;...;NA;…;0;
148;829;...;NA;…;0;
148;841;2403;27;3.213;1;
148;851;131;12;1.384;1;
148;852;452;16;1.636;1;
148;853;526;4;3.279;1;
148;855;13;4;0.547;0;
148;856;...;NA;…;0;
148;862;64;7;0.826;0;
148;869;20;4;0.502;0;
148;871;NA;NA;…;1;
148;873;121;4;06.jan;1;
148;879;NA;NA;…;1;
148;881;NA;NA;…;0;
148;889;63;5;1.462;1;
148;900;NA;NA;…;0;
148;910;NA;NA;…;0;
148;920;NA;NA;…;0;
148;931;NA;NA;…;0;
148;932;NA;NA;…;1;
148;949;NA;5;…;1;
148;951;NA;NA;…;0;
148;952;NA;NA;…;0;
148;960;19;8;0.346;0;
149;11;99;27;1.977;1;
149;12;111;24;19.729;1;
149;14;79;9;1.871;1;
149;16;14;6;1.055;1;
149;22;NA;NA;…;0;
149;31;NA;NA;…;1;
149;103;NA;NA;…;1;
149;105;NA;NA;…;1;
149;107;44;4;1.119;1;
149;108;NA;NA;…;0;
149;110;NA;NA;…;0;
149;152;697;6;59.107;1;
149;161;...;NA;…;1;
149;162;...;NA;…;0;
149;221;NA;NA;…;0;
149;222;NA;NA;…;0;
149;236;NA;NA;…;0;
149;284;NA;NA;…;1;
149;331;...;NA;…;0;
149;332;NA;NA;…;0;
149;370;...;NA;…;1;
149;412;76;16;0.748;0;
149;422;...;NA;…;0;
149;431;33;11;2.282;1;
149;432;27;9;0.412;0;
149;433;...;NA;…;0;
149;439;...;NA;…;0;
149;452;27;4;0.886;0;
149;453;...;NA;…;0;
149;461;...;NA;…;0;
149;462;13;4;1.167;1;
149;463;148;11;2.988;1;
149;464;...;NA;…;0;
149;466;NA;NA;…;0;
149;467;14;4;0.347;0;
149;471;150;25;0.948;0;
149;472;31;8;0.776;0;
149;473;NA;NA;…;0;
149;474;NA;NA;…;0;
149;475;23;7;0.623;0;
149;476;...;NA;…;0;
149;477;110;19;1.031;1;
149;478;NA;NA;…;0;
149;479;...;NA;…;0;
149;493;NA;NA;…;0;
149;494;36;13;0.403;0;
149;522;...;NA;…;0;
149;532;NA;NA;…;0;
149;551;...;NA;…;0;
149;561;19;8;0.176;0;
149;562;...;NA;…;1;
149;563;48;16;1.661;1;
149;581;NA;NA;…;0;
149;620;...;NA;…;0;
149;641;NA;NA;…;0;
149;661;NA;NA;…;0;
149;662;...;NA;…;0;
149;681;NA;NA;…;0;
149;682;NA;NA;…;0;
149;691;NA;NA;…;0;
149;692;24;7;0.291;0;
149;702;NA;NA;…;0;
149;711;NA;NA;…;0;
149;749;NA;NA;…;0;
149;801;...;NA;…;0;
149;802;NA;NA;…;0;
149;812;NA;NA;…;0;
149;813;NA;NA;…;0;
149;829;...;NA;…;0;
149;841;1816;27;3.753;1;
149;851;186;7;3.036;1;
149;852;134;6;0.749;0;
149;853;NA;NA;…;0;
149;855;...;NA;…;0;
149;862;46;8;0.917;0;
149;881;NA;NA;…;1;
149;889;NA;NA;…;1;
149;931;...;NA;…;0;
149;932;NA;NA;…;0;
149;949;71;5;2.114;1;
149;960;12;4;0.338;0;
150;11;272;60;2.059;1;
150;12;189;37;12.737;1;
150;14;366;25;3.287;1;
150;15;45;4;2.394;1;
150;16;75;20;2.142;1;
150;17;8;4;2.357;1;
150;21;...;NA;…;1;
150;22;NA;NA;…;0;
150;24;...;NA;…;0;
150;81;...;NA;…;0;
150;101;...;NA;…;0;
150;103;137;10;4.265;1;
150;106;NA;NA;…;0;
150;107;112;9;08.jan;1;
150;108;NA;NA;…;0;
150;110;93;10;2.349;1;
150;139;NA;NA;…;0;
150;141;127;7;21.jan;1;
150;143;NA;NA;…;1;
150;152;NA;NA;…;1;
150;161;26;6;1.308;1;
150;162;87;10;1.581;1;
150;181;...;NA;…;0;
150;233;NA;NA;…;0;
150;236;NA;NA;…;0;
150;251;48;4;0.486;0;
150;256;91;10;0.94;0;
150;257;NA;NA;…;1;
150;259;NA;NA;…;0;
150;267;...;NA;…;1;
150;275;NA;NA;…;1;
150;281;NA;NA;…;0;
150;282;...;NA;…;0;
150;291;NA;NA;…;0;
150;292;NA;NA;…;0;
150;310;25;4;0.389;0;
150;321;NA;NA;…;0;
150;322;NA;NA;…;1;
150;325;NA;NA;…;0;
150;329;10;4;0.452;0;
150;360;...;NA;…;0;
150;370;...;NA;…;0;
150;411;...;NA;…;0;
150;412;294;46;1.097;1;
150;421;20;5;0.289;0;
150;422;126;14;1.762;1;
150;429;NA;NA;…;1;
150;431;86;16;2.255;1;
150;432;55;17;0.318;0;
150;433;61;11;0.73;0;
150;439;17;5;0.184;0;
150;451;36;8;0.332;0;
150;452;46;11;0.573;0;
150;453;18;6;0.407;0;
150;461;38;9;0.577;0;
150;462;29;4;0.987;0;
150;463;223;30;1.707;1;
150;464;...;NA;…;0;
150;466;NA;NA;…;0;
150;467;60;14;0.564;0;
150;469;23;6;0.21;0;
150;471;420;100;1.006;1;
150;472;40;17;0.38;0;
150;473;10;4;0.404;0;
150;474;...;NA;…;0;
150;475;47;13;0.482;0;
150;476;12;6;0.419;0;
150;477;169;57;0.601;0;
150;478;17;8;0.669;0;
150;479;15;4;0.368;0;
150;493;44;5;0.309;0;
150;494;217;30;0.921;0;
150;522;13;4;0.07;0;
150;531;11;5;0.166;0;
150;532;11;5;0.782;0;
150;551;NA;NA;…;0;
150;552;23;10;3.685;1;
150;553;NA;NA;…;1;
150;559;44;5;3.473;1;
150;561;128;41;0.45;0;
150;562;36;4;0.754;0;
150;563;79;34;1.037;1;
150;601;NA;NA;…;1;
150;602;NA;NA;…;0;
150;611;NA;NA;…;0;
150;620;...;NA;…;0;
150;639;NA;NA;…;0;
150;641;NA;NA;…;0;
150;661;...;NA;…;0;
150;662;...;NA;…;0;
150;681;...;NA;…;0;
150;682;...;NA;…;0;
150;683;NA;NA;…;0;
150;691;15;5;0.409;0;
150;692;24;8;0.11;0;
150;702;19;7;0.185;0;
150;711;8;4;0.074;0;
150;721;NA;NA;…;0;
150;731;...;NA;…;0;
150;732;NA;NA;…;0;
150;742;NA;NA;…;0;
150;749;51;6;1.359;1;
150;750;NA;NA;…;0;
150;781;NA;NA;…;0;
150;782;NA;NA;…;0;
150;791;NA;NA;…;0;
150;801;53;7;0.601;0;
150;802;22;5;0.532;0;
150;812;NA;NA;…;0;
150;813;NA;NA;…;0;
150;821;...;NA;…;0;
150;823;...;NA;…;1;
150;829;70;5;0.623;0;
150;841;4743;94;3.716;1;
150;842;...;NA;…;0;
150;851;228;27;1.411;1;
150;852;743;21;1.576;1;
150;853;121;4;0.442;0;
150;854;NA;NA;…;0;
150;855;NA;NA;…;0;
150;856;NA;NA;…;0;
150;861;...;NA;…;1;
150;862;98;30;0.741;0;
150;869;NA;NA;…;0;
150;871;NA;NA;…;1;
150;873;182;8;1.411;1;
150;879;NA;NA;…;0;
150;881;67;10;1.37;1;
150;889;256;8;3.482;1;
150;910;NA;NA;…;0;
150;931;28;5;0.565;0;
150;932;NA;NA;…;0;
150;941;...;NA;…;0;
150;949;22;6;0.248;0;
150;952;17;8;0.956;0;
150;960;30;10;0.321;0;
151;11;202;32;2.959;1;
151;12;22;7;2.869;1;
151;14;159;4;2.764;1;
151;15;NA;NA;…;1;
151;16;34.677;7;1.917;1;
151;17;...;NA;…;1;
151;21;NA;NA;…;0;
151;24;NA;NA;…;0;
151;101;NA;NA;…;0;
151;103;NA;NA;…;1;
151;107;105;10;1.959;1;
151;108;...;NA;…;1;
151;110;NA;NA;…;0;
151;132;NA;NA;…;1;
151;139;...;NA;…;0;
151;141;...;NA;…;0;
151;152;...;NA;…;1;
151;161;20;4;1.947;1;
151;162;...;NA;…;0;
151;172;NA;NA;…;0;
151;236;...;NA;…;0;
151;237;NA;NA;…;1;
151;251;86;13;1.684;1;
151;256;54;13;1.079;1;
151;281;NA;NA;…;0;
151;289;NA;NA;…;0;
151;293;NA;NA;…;1;
151;310;NA;NA;…;0;
151;323;NA;NA;…;0;
151;331;...;NA;…;0;
151;332;NA;NA;…;0;
151;360;NA;NA;…;0;
151;370;NA;NA;…;0;
151;411;24;5;04.febr;1;
151;412;223;36;1.61;1;
151;421;32;5;0.895;0;
151;422;49;8;1.326;1;
151;429;NA;NA;…;0;
151;431;68;16;3.451;1;
151;432;97;19;1.087;1;
151;433;77;22;1.784;1;
151;439;74;12;1.553;1;
151;451;42;7;0.75;0;
151;452;33;8;0.795;0;
151;453;...;NA;…;0;
151;461;58;9;1.705;1;
151;462;...;NA;…;0;
151;463;25;5;0.37;0;
151;464;21;5;0.312;0;
151;466;NA;NA;…;0;
151;467;...;NA;…;0;
151;469;...;NA;…;0;
151;471;178;43;0.825;0;
151;472;39;14;0.716;0;
151;473;...;NA;…;0;
151;475;32;8;0.636;0;
151;477;173;45;19.jan;1;
151;478;...;NA;…;1;
151;479;11;4;0.522;0;
151;493;NA;NA;…;0;
151;494;120;24;0.985;0;
151;503;NA;NA;…;1;
151;522;...;NA;…;0;
151;532;...;NA;…;0;
151;551;NA;NA;…;0;
151;552;NA;NA;…;0;
151;561;68;21;0.463;0;
151;562;NA;NA;…;0;
151;563;87;33;21.febr;1;
151;581;...;NA;…;0;
151;582;NA;NA;…;0;
151;612;NA;NA;…;0;
151;619;NA;NA;…;1;
151;631;NA;NA;…;0;
151;641;...;NA;…;0;
151;662;NA;NA;…;1;
151;681;NA;NA;…;0;
151;682;49;4;1.035;1;
151;692;14;5;0.124;0;
151;702;NA;NA;…;0;
151;711;50;8;0.899;0;
151;731;NA;NA;…;0;
151;749;NA;NA;…;0;
151;773;NA;NA;…;0;
151;799;NA;NA;…;1;
151;801;NA;NA;…;0;
151;802;...;NA;…;0;
151;812;151;7;2.245;1;
151;829;...;NA;…;0;
151;841;1919;23;2.91;1;
151;842;NA;NA;…;0;
151;851;211;11;2.527;1;
151;852;593;9;2.434;1;
151;853;...;NA;…;0;
151;855;NA;NA;…;1;
151;862;52;19;0.761;0;
151;869;NA;NA;…;0;
151;873;103;5;1.545;1;
151;881;NA;NA;…;0;
151;889;...;NA;…;0;
151;900;NA;NA;…;0;
151;910;...;NA;…;0;
151;931;17;4;0.664;0;
151;932;...;NA;…;0;
151;949;37;4;0.809;0;
151;952;NA;NA;…;1;
151;960;44;16;0.91;0;
152;11;199;26;2.959;1;
152;12;15;6;1.985;1;
152;14;102;15;1.799;1;
152;15;NA;NA;…;1;
152;16;30;8;1.683;1;
152;21;...;NA;…;1;
152;101;28;5;0.579;0;
152;103;NA;NA;…;0;
152;107;...;NA;…;1;
152;109;NA;NA;…;1;
152;110;NA;NA;…;1;
152;131;NA;NA;…;1;
152;132;NA;NA;…;1;
152;141;...;NA;…;0;
152;152;194;4;12.251;1;
152;161;24;4;2.371;1;
152;162;...;NA;…;0;
152;181;NA;NA;…;0;
152;201;NA;NA;…;0;
152;205;NA;NA;…;1;
152;222;...;NA;…;1;
152;237;...;NA;…;1;
152;242;NA;NA;…;1;
152;251;...;NA;…;0;
152;252;NA;NA;…;1;
152;282;NA;NA;…;1;
152;310;...;NA;…;0;
152;325;NA;NA;…;0;
152;329;NA;NA;…;0;
152;331;NA;NA;…;0;
152;360;...;NA;…;0;
152;370;NA;NA;…;1;
152;381;NA;NA;…;0;
152;412;109;20;0.798;0;
152;421;...;NA;…;0;
152;422;45;5;1.236;1;
152;429;...;NA;…;0;
152;431;...;NA;…;0;
152;432;85;17;0.966;0;
152;433;35;13;0.823;0;
152;439;48;14;1.022;1;
152;451;...;NA;…;0;
152;452;14;4;0.342;0;
152;453;NA;NA;…;0;
152;461;NA;4;…;1;
152;463;31;5;0.466;0;
152;464;NA;NA;…;0;
152;467;30;8;0.554;0;
152;471;201;54;0.946;0;
152;472;33;13;0.615;0;
152;473;...;NA;…;1;
152;475;29;12;0.585;0;
152;477;57;22;0.398;0;
152;478;15;5;1.159;1;
152;479;...;NA;…;0;
152;493;...;NA;…;0;
152;494;55;13;0.458;0;
152;521;NA;NA;…;1;
152;532;24;4;3.349;1;
152;551;NA;NA;…;0;
152;552;NA;NA;…;0;
152;559;NA;NA;…;0;
152;561;72;21;0.497;0;
152;562;...;NA;…;0;
152;563;39;14;1.005;1;
152;620;NA;NA;…;0;
152;661;...;NA;…;0;
152;662;...;NA;…;1;
152;681;13;4;0.361;0;
152;683;NA;NA;…;0;
152;692;16;7;0.144;0;
152;702;NA;4;…;1;
152;711;...;NA;…;0;
152;721;NA;NA;…;0;
152;732;NA;NA;…;0;
152;749;NA;NA;…;0;
152;771;NA;NA;…;1;
152;801;NA;NA;…;0;
152;802;...;NA;…;0;
152;811;...;NA;…;0;
152;812;...;NA;…;0;
152;829;...;NA;…;0;
152;841;2286;26;3.518;1;
152;851;192;11;2.334;1;
152;852;608;18;2.532;1;
152;853;NA;NA;…;1;
152;855;...;NA;…;0;
152;856;NA;NA;…;1;
152;862;43;13;0.639;0;
152;873;206;6;3.136;1;
152;881;...;NA;…;0;
152;889;69;6;1.843;1;
152;910;NA;NA;…;0;
152;920;...;NA;…;1;
152;931;...;NA;…;0;
152;932;NA;NA;…;0;
152;949;72;7;1.597;1;
152;952;NA;NA;…;0;
152;960;53;10;1.112;1;
153;11;461;50;2.277;1;
153;12;112;34;4.924;1;
153;13;...;NA;…;0;
153;14;222;19;1.301;1;
153;15;...;NA;…;0;
153;16;38;13;0.708;0;
153;17;...;NA;…;1;
153;21;...;NA;…;1;
153;24;...;NA;…;0;
153;32;NA;NA;…;1;
153;101;1699;5;11.677;1;
153;103;24;6;0.487;0;
153;106;NA;NA;…;1;
153;107;229;9;1.44;1;
153;108;...;NA;…;1;
153;109;NA;NA;…;1;
153;110;100;11;1.648;1;
153;141;34;4;0.211;0;
153;161;41;5;1.346;1;
153;162;35;6;0.415;0;
153;204;NA;NA;…;0;
153;222;NA;NA;…;0;
153;236;...;NA;…;0;
153;245;NA;NA;…;1;
153;251;99;4;0.653;0;
153;255;NA;NA;…;0;
153;256;18;4;0.121;0;
153;279;NA;NA;…;0;
153;282;...;NA;…;0;
153;289;NA;NA;…;0;
153;292;NA;NA;…;0;
153;293;NA;NA;…;0;
153;310;NA;NA;…;0;
153;329;NA;NA;…;0;
153;331;17;6;0.241;0;
153;332;NA;NA;…;0;
153;353;NA;NA;…;0;
153;370;NA;NA;…;0;
153;381;NA;NA;…;0;
153;383;NA;NA;…;0;
153;412;437;58;1.063;1;
153;421;83;6;0.783;0;
153;422;55;7;0.502;0;
153;429;NA;NA;…;1;
153;431;35;12;0.599;0;
153;432;151;31;0.57;0;
153;433;48;17;0.375;0;
153;439;79;16;0.559;0;
153;451;67;10;0.404;0;
153;452;56;14;0.455;0;
153;453;34;13;0.501;0;
153;461;51;15;0.505;0;
153;462;31;9;0.688;0;
153;463;66;16;0.33;0;
153;464;147;9;0.737;0;
153;465;NA;NA;…;0;
153;466;28;4;0.494;0;
153;467;183;24;1.122;1;
153;469;48;13;0.286;0;
153;471;1583;125;2.475;1;
153;472;108;38;0.669;0;
153;473;56;7;1.476;1;
153;474;20;6;0.611;0;
153;475;167;36;1.118;1;
153;476;32;8;0.729;0;
153;477;893;89;2.071;1;
153;478;42;17;1.078;1;
153;479;24;11;0.384;0;
153;493;37;7;0.169;0;
153;494;278;66;0.77;0;
153;521;27;5;0.738;0;
153;522;40;8;0.141;0;
153;531;...;NA;…;0;
153;532;31;8;1.437;1;
153;551;46;6;0.387;0;
153;553;NA;NA;…;0;
153;561;264;65;0.606;0;
153;562;61;16;0.834;0;
153;563;158;61;1.353;1;
153;581;...;NA;…;0;
153;582;NA;NA;…;0;
153;592;NA;NA;…;0;
153;601;NA;NA;…;1;
153;612;NA;NA;…;1;
153;620;NA;NA;…;0;
153;631;NA;NA;…;0;
153;639;...;NA;…;0;
153;641;NA;NA;…;0;
153;642;...;NA;…;1;
153;661;...;NA;…;0;
153;662;29;14;1.017;1;
153;681;127;17;1.171;1;
153;682;47;15;0.335;0;
153;683;30;8;0.408;0;
153;691;65;22;1.157;1;
153;692;69;27;0.207;0;
153;702;51;9;0.324;0;
153;711;12;6;0.073;0;
153;712;...;NA;…;0;
153;731;...;NA;…;0;
153;741;NA;NA;…;0;
153;742;21;4;1.807;1;
153;749;18;6;0.313;0;
153;772;NA;NA;…;0;
153;773;NA;NA;…;0;
153;781;NA;NA;…;0;
153;782;NA;NA;…;0;
153;801;...;NA;…;0;
153;802;NA;NA;…;0;
153;811;NA;NA;…;1;
153;812;18;6;0.09;0;
153;813;NA;NA;…;0;
153;821;15;5;0.436;0;
153;823;...;NA;…;0;
153;829;376;9;2.182;1;
153;841;3932;56;01.febr;1;
153;842;...;NA;…;0;
153;851;349;24;1.409;1;
153;852;1744;60;2.413;1;
153;853;751;12;1.79;1;
153;855;55;14;0.885;0;
153;856;...;NA;…;1;
153;861;NA;4;…;1;
153;862;176;55;0.868;0;
153;869;36;7;0.346;0;
153;873;...;NA;…;0;
153;881;475;10;6.336;1;
153;889;101;7;0.896;0;
153;900;NA;NA;…;0;
153;910;...;NA;…;0;
153;920;11;4;0.537;0;
153;931;77;6;1.014;1;
153;932;74;5;1.521;1;
153;942;NA;NA;…;0;
153;949;297;22;2.188;1;
153;952;10;4;0.367;0;
153;960;159;62;1.108;1;
154;11;205;55;0.824;0;
154;12;123;40;4.399;1;
154;13;...;NA;…;0;
154;14;375;27;1.787;1;
154;15;118;11;3.332;1;
154;16;94;17;1.425;1;
154;17;...;NA;…;0;
154;21;...;NA;…;1;
154;22;...;NA;…;0;
154;24;20;5;0.8;0;
154;31;NA;NA;…;1;
154;32;...;NA;…;1;
154;81;...;NA;…;0;
154;101;254;11;1.42;1;
154;103;520;18;8.592;1;
154;106;NA;NA;…;0;
154;107;393;16;2.011;1;
154;108;...;NA;…;0;
154;109;...;NA;…;1;
154;110;18;6;0.241;0;
154;139;NA;NA;…;0;
154;141;154;10;0.779;0;
154;143;...;NA;…;1;
154;151;NA;NA;…;0;
154;152;...;NA;…;0;
154;161;88;9;2.35;1;
154;162;59;8;0.569;0;
154;171;NA;NA;…;0;
154;172;NA;NA;…;0;
154;181;...;NA;…;0;
154;201;...;NA;…;0;
154;222;...;NA;…;0;
154;231;NA;NA;…;0;
154;235;NA;NA;…;0;
154;236;29;4;0.654;0;
154;237;17;6;1.975;1;
154;251;53;7;0.285;0;
154;255;NA;NA;…;0;
154;256;34;6;0.186;0;
154;259;NA;NA;…;1;
154;263;NA;NA;…;0;
154;265;NA;NA;…;1;
154;266;NA;NA;…;0;
154;267;NA;NA;…;1;
154;281;NA;NA;…;0;
154;282;...;NA;…;0;
154;283;23;4;0.856;0;
154;293;NA;NA;…;0;
154;310;155;12;1.281;1;
154;321;NA;NA;…;0;
154;325;1820;6;27.893;1;
154;329;14;5;0.336;0;
154;331;19;5;0.219;0;
154;351;NA;NA;…;0;
154;352;NA;NA;…;0;
154;353;NA;NA;…;0;
154;360;NA;NA;…;0;
154;382;NA;NA;…;0;
154;383;37;4;2.244;1;
154;390;NA;NA;…;1;
154;411;15;4;0.35;0;
154;412;552.025;109;1.093;1;
154;421;28;7;0.215;0;
154;422;151;26;12.jan;1;
154;429;NA;5;…;1;
154;431;76;23;1.058;1;
154;432;135;38;0.415;0;
154;433;77;30;0.489;0;
154;439;105;19;0.604;0;
154;451;149;21;0.73;0;
154;452;102;27;0.674;0;
154;453;56;14;0.672;0;
154;461;79;15;0.637;0;
154;462;32;8;0.578;0;
154;463;204;26;0.829;0;
154;464;69;17;0.282;0;
154;466;...;NA;…;0;
154;467;51;12;0.254;0;
154;469;30;8;0.146;0;
154;471;642;113;0.816;0;
154;472;159;58;0.801;0;
154;473;12;4;0.257;0;
154;474;56;7;1.391;1;
154;475;147;30;0.801;0;
154;476;33;12;0.611;0;
154;477;561;149;1.059;1;
154;478;36;16;0.752;0;
154;479;62;20;0.807;0;
154;493;39;6;0.145;0;
154;494;572;75;1.288;1;
154;521;...;NA;…;0;
154;522;27;5;0.077;0;
154;531;...;NA;…;0;
154;551;...;NA;…;0;
154;552;...;NA;…;0;
154;559;NA;NA;…;1;
154;561;242;70;0.452;0;
154;562;18;6;0.2;0;
154;563;111;41;0.773;0;
154;581;...;NA;…;0;
154;602;NA;NA;…;0;
154;612;...;NA;…;0;
154;620;16;6;0.053;0;
154;641;132;4;0.559;0;
154;642;NA;NA;…;0;
154;661;8;4;0.241;0;
154;662;27;12;0.77;0;
154;681;49;10;0.367;0;
154;682;87;20;0.504;0;
154;683;NA;NA;…;0;
154;691;30;10;0.435;0;
154;692;63;22;0.153;0;
154;701;NA;NA;…;0;
154;702;62;18;0.32;0;
154;711;53;14;0.261;0;
154;712;36;6;0.847;0;
154;731;...;NA;…;0;
154;742;NA;NA;…;0;
154;743;NA;NA;…;0;
154;749;...;NA;…;0;
154;750;...;NA;…;0;
154;771;...;NA;…;0;
154;783;NA;NA;…;1;
154;791;...;NA;…;0;
154;801;24;8;0.144;0;
154;802;...;NA;…;1;
154;803;...;NA;…;0;
154;812;134;19;0.546;0;
154;813;...;NA;…;0;
154;823;NA;NA;…;0;
154;829;61;11;0.288;0;
154;841;5781;62;2.404;1;
154;842;...;NA;…;0;
154;851;482;26;1.583;1;
154;852;1583;44;1.782;1;
154;853;1348;12;2.613;1;
154;854;NA;NA;…;0;
154;855;36;10;0.471;0;
154;856;...;NA;…;0;
154;861;...;NA;…;1;
154;862;205;64;0.823;0;
154;869;132;6;1.031;1;
154;872;...;NA;…;1;
154;873;279;4;1.148;1;
154;879;NA;NA;…;1;
154;881;196;12;2.127;1;
154;889;211;10;1.523;1;
154;900;NA;NA;…;0;
154;910;77;7;0.749;0;
154;920;...;NA;…;0;
154;931;24;4;0.257;0;
154;932;50;6;0.836;0;
154;941;NA;NA;…;0;
154;942;NA;NA;…;1;
154;949;452;24;2.709;1;
154;951;...;NA;…;0;
154;952;28;8;0.835;0;
154;960;269;34;1.525;1;
155;11;213;48;1.987;1;
155;12;288;29;23.915;1;
155;13;NA;NA;…;1;
155;14;70;11;0.775;0;
155;15;NA;NA;…;1;
155;16;44;14;1.548;1;
155;17;NA;NA;…;1;
155;22;...;NA;…;0;
155;24;8;4;0.743;0;
155;103;...;NA;…;1;
155;107;75;9;0.891;0;
155;109;NA;NA;…;0;
155;110;NA;4;…;1;
155;139;...;NA;…;1;
155;141;232;9;2.723;1;
155;151;NA;NA;…;0;
155;161;34;5;2.108;1;
155;162;23;5;0.515;0;
155;172;...;NA;…;1;
155;201;NA;NA;…;0;
155;204;NA;NA;…;1;
155;222;66;5;0.714;0;
155;243;...;NA;…;1;
155;251;346;17;4.313;1;
155;252;NA;NA;…;1;
155;256;28;4;0.356;0;
155;271;NA;NA;…;0;
155;274;NA;NA;…;0;
155;282;NA;NA;…;0;
155;283;NA;NA;…;0;
155;284;NA;NA;…;1;
155;289;NA;NA;…;0;
155;310;34;6;0.652;0;
155;323;500;4;137.866;1;
155;324;NA;NA;…;0;
155;325;NA;NA;…;0;
155;331;...;NA;…;0;
155;332;...;NA;…;0;
155;351;NA;NA;…;1;
155;360;29;4;0.582;0;
155;370;NA;NA;…;0;
155;381;...;NA;…;0;
155;411;...;NA;…;0;
155;412;144;36;0.662;0;
155;421;54;6;0.962;0;
155;422;38;5;0.655;0;
155;429;...;NA;…;0;
155;431;102;12;3.295;1;
155;432;165;35;1.177;1;
155;433;96;21;1.416;1;
155;439;152;35;2.031;1;
155;451;febr.71;22;0.808;0;
155;452;104;23;1.595;1;
155;453;...;NA;…;0;
155;461;34;6;0.636;0;
155;462;NA;NA;…;0;
155;463;86;12;0.811;0;
155;464;...;NA;…;0;
155;465;NA;NA;…;0;
155;467;54;8;0.625;0;
155;469;...;NA;…;0;
155;471;282;69;0.833;0;
155;472;61;21;0.713;0;
155;473;23;6;1.145;1;
155;474;...;NA;…;0;
155;475;89;18;1.126;1;
155;476;...;NA;…;0;
155;477;153;46;0.67;0;
155;478;23;5;1.115;1;
155;479;18;7;0.544;0;
155;493;...;NA;…;0;
155;494;189;37;0.988;0;
155;521;NA;NA;…;1;
155;522;28;4;0.186;0;
155;551;NA;NA;…;0;
155;552;...;NA;…;1;
155;559;NA;NA;…;0;
155;561;133;34;0.576;0;
155;562;...;NA;…;0;
155;563;74;27;1.197;1;
155;581;NA;NA;…;0;
155;602;NA;NA;…;1;
155;611;NA;NA;…;0;
155;612;NA;NA;…;0;
155;620;...;NA;…;0;
155;661;8;4;0.558;0;
155;662;...;NA;…;0;
155;681;13;4;0.226;0;
155;682;39;5;0.524;0;
155;683;...;NA;…;0;
155;691;...;NA;…;0;
155;692;33;9;0.187;0;
155;701;NA;NA;…;0;
155;702;10;4;0.12;0;
155;711;...;NA;…;0;
155;712;...;NA;…;1;
155;732;NA;NA;…;0;
155;742;NA;NA;…;0;
155;749;...;NA;…;0;
155;750;...;NA;…;1;
155;772;...;NA;…;0;
155;782;...;NA;…;0;
155;783;NA;NA;…;0;
155;801;12;6;0.168;0;
155;802;NA;NA;…;0;
155;812;...;NA;…;0;
155;813;NA;NA;…;0;
155;829;15;7;0.164;0;
155;841;2314;21;2.234;1;
155;842;NA;NA;…;0;
155;851;130;9;0.991;0;
155;852;729;21;1.905;1;
155;853;450;10;2.025;1;
155;854;...;NA;…;0;
155;855;NA;NA;…;0;
155;861;...;NA;…;1;
155;862;70;23;0.652;0;
155;869;...;NA;…;0;
155;873;411;5;3.925;1;
155;879;...;NA;…;1;
155;881;36;4;0.907;0;
155;889;132;9;2.213;1;
155;900;NA;NA;…;0;
155;910;23;7;0.519;0;
155;920;...;NA;…;0;
155;931;...;NA;…;0;
155;932;34;8;1.32;1;
155;949;136;7;1.892;1;
155;951;...;NA;…;0;
155;952;...;NA;…;0;
155;960;68;28;0.895;0;
156;11;199;54;1.226;1;
156;12;46;16;2.524;1;
156;13;NA;NA;…;1;
156;14;382;34;2.793;1;
156;15;NA;NA;…;0;
156;16;77;15;1.79;1;
156;17;NA;NA;…;0;
156;21;33;8;5.509;1;
156;22;27;5;1.052;1;
156;24;75;21;4.601;1;
156;101;142;4;1.218;1;
156;103;154;7;3.903;1;
156;107;85;8;0.667;0;
156;108;NA;NA;…;0;
156;109;...;NA;…;0;
156;110;69;9;1.419;1;
156;139;NA;NA;…;0;
156;141;...;NA;…;0;
156;152;43;5;1.126;1;
156;161;218;19;8.929;1;
156;162;112;10;1.657;1;
156;172;...;NA;…;0;
156;181;...;NA;…;0;
156;201;...;NA;…;0;
156;204;NA;NA;…;1;
156;222;NA;4;…;1;
156;236;NA;NA;…;0;
156;237;24;8;4.277;1;
156;251;NA;NA;…;0;
156;252;NA;NA;…;0;
156;255;NA;NA;…;1;
156;256;...;NA;…;0;
156;257;...;NA;…;0;
156;282;NA;NA;…;1;
156;283;NA;NA;…;0;
156;284;...;NA;…;1;
156;303;NA;NA;…;1;
156;310;55;10;0.697;0;
156;325;NA;NA;…;0;
156;329;NA;NA;…;0;
156;331;NA;NA;…;0;
156;353;NA;NA;…;0;
156;360;34;4;0.451;0;
156;381;NA;NA;…;0;
156;382;...;NA;…;1;
156;383;...;NA;…;0;
156;411;16;4;0.572;0;
156;412;469;79;1.424;1;
156;421;58;12;0.683;0;
156;422;56;9;0.637;0;
156;429;...;NA;…;1;
156;431;90;15;1.921;1;
156;432;76;16;0.358;0;
156;433;98;24;0.955;0;
156;439;113;26;0.998;0;
156;451;111;18;0.834;0;
156;452;60;16;0.608;0;
156;453;41;12;0.754;0;
156;461;29;9;0.359;0;
156;462;90;11;2.493;1;
156;463;118.417;17;0.738;0;
156;464;71;14;0.444;0;
156;465;NA;NA;…;0;
156;467;136;15;04.jan;1;
156;469;16;4;0.119;0;
156;471;338;76;0.659;0;
156;472;122;23;0.942;0;
156;473;94;5;3.091;1;
156;474;NA;NA;…;0;
156;475;75;21;0.627;0;
156;476;...;NA;…;0;
156;477;232;71;0.671;0;
156;478;72;16;2.306;1;
156;479;22;7;0.44;0;
156;493;67;5;0.383;0;
156;494;300;56;1.036;1;
156;521;...;NA;…;0;
156;522;49;5;0.215;0;
156;532;11;4;0.636;0;
156;551;50;5;0.524;0;
156;552;NA;NA;…;0;
156;553;NA;NA;…;1;
156;561;324;57;0.927;0;
156;562;...;NA;…;0;
156;563;74;31;0.791;0;
156;582;NA;NA;…;0;
156;591;NA;NA;…;0;
156;612;NA;NA;…;0;
156;619;NA;NA;…;1;
156;631;...;NA;…;0;
156;641;NA;NA;…;0;
156;642;NA;NA;…;0;
156;649;NA;NA;…;0;
156;661;9;4;0.415;0;
156;662;10;5;0.437;0;
156;681;24;8;0.276;0;
156;682;114;6;1.013;1;
156;683;NA;NA;…;0;
156;691;31;8;0.689;0;
156;692;53;12;0.198;0;
156;701;NA;NA;…;1;
156;702;61;8;0.483;0;
156;711;79;8;0.598;0;
156;712;22;5;0.794;0;
156;731;...;NA;…;0;
156;749;11;4;0.239;0;
156;750;NA;NA;…;0;
156;771;...;NA;…;0;
156;772;...;NA;…;1;
156;773;...;NA;…;0;
156;782;NA;NA;…;0;
156;801;44;6;0.406;0;
156;802;NA;NA;…;0;
156;812;10;5;0.063;0;
156;823;NA;NA;…;0;
156;829;28;5;0.203;0;
156;841;3619;44;2.309;1;
156;842;NA;4;…;1;
156;851;392;22;1.975;1;
156;852;1001;25;1.728;1;
156;853;245;4;0.729;0;
156;855;31;7;0.623;0;
156;862;169;25;04.jan;1;
156;869;NA;NA;…;0;
156;871;...;NA;…;1;
156;872;NA;NA;…;1;
156;873;253;8;1.596;1;
156;879;...;NA;…;1;
156;881;69;4;1.148;1;
156;889;175;7;1.938;1;
156;900;...;NA;…;0;
156;910;...;NA;…;0;
156;920;...;NA;…;0;
156;931;47;7;0.772;0;
156;932;NA;4;…;1;
156;949;138;18;1.269;1;
156;951;NA;NA;…;0;
156;952;22;7;1.007;1;
156;960;66;25;0.574;0;
157;11;844;157;0.734;0;
157;12;306;49;2.368;1;
157;13;NA;NA;…;0;
157;14;564;58;0.582;0;
157;15;77;11;0.47;0;
157;16;165;45;0.541;0;
157;17;NA;5;…;1;
157;21;15;5;0.353;0;
157;22;NA;5;…;1;
157;24;36;6;0.311;0;
157;31;...;NA;…;0;
157;32;52;4;2.543;1;
157;81;NA;NA;…;0;
157;101;290;11;0.351;0;
157;103;604;44;2.159;1;
157;104;NA;NA;…;0;
157;105;NA;NA;…;0;
157;106;246;5;2.244;1;
157;107;650;49;0.719;0;
157;108;NA;18;…;1;
157;109;51;4;0.286;0;
157;110;127;20;0.368;0;
157;120;...;NA;…;0;
157;131;NA;NA;…;0;
157;132;NA;NA;…;0;
157;133;...;NA;…;1;
157;139;178;9;0.361;0;
157;141;3583;87;3.919;1;
157;143;65;5;0.8;0;
157;151;NA;NA;…;1;
157;152;1091;32;4.028;1;
157;161;301;15;1.739;1;
157;162;498;43;1.039;1;
157;172;323;12;0.774;0;
157;181;256;31;0.548;0;
157;182;NA;NA;…;1;
157;191;NA;NA;…;0;
157;201;NA;NA;…;0;
157;202;NA;NA;…;0;
157;204;136;6;1.363;1;
157;221;2496;11;7.362;1;
157;222;618;33;0.623;0;
157;231;179;14;1.132;1;
157;234;...;NA;…;0;
157;235;NA;NA;…;0;
157;236;117;18;0.571;0;
157;237;46;11;1.156;1;
157;239;NA;NA;…;0;
157;243;NA;NA;…;0;
157;251;1297;84;1.506;1;
157;252;59;8;0.514;0;
157;255;NA;NA;…;0;
157;256;704;56;0.835;0;
157;257;125;10;0.7;0;
157;259;199;13;0.729;0;
157;261;...;NA;…;0;
157;262;NA;NA;…;0;
157;263;...;NA;…;0;
157;264;...;NA;…;0;
157;265;...;NA;…;0;
157;266;20;6;0.416;0;
157;267;NA;NA;…;0;
157;271;54;6;0.148;0;
157;274;NA;NA;…;0;
157;279;NA;NA;…;0;
157;281;28;5;0.026;0;
157;282;NA;14;…;0;
157;283;...;NA;…;0;
157;284;53;9;18.jan;1;
157;289;71;10;0.248;0;
157;291;NA;NA;…;0;
157;292;NA;NA;…;0;
157;293;...;NA;…;0;
157;301;NA;NA;…;1;
157;310;803;69;1.435;1;
157;321;14;4;0.513;0;
157;324;NA;5;…;1;
157;325;143;22;0.474;0;
157;329;53;13;0.275;0;
157;331;409;52;1.018;1;
157;332;70;10;0.592;0;
157;351;21;7;0.066;0;
157;353;NA;NA;…;0;
157;360;962;7;1.798;1;
157;370;41;5;0.326;0;
157;381;428;12;1.387;1;
157;382;NA;NA;…;0;
157;383;40;7;0.525;0;
157;390;...;NA;…;0;
157;411;85;21;0.429;0;
157;412;2602;310;1.114;1;
157;421;510.06;37;0.847;0;
157;422;592;54;0.95;0;
157;429;101;16;0.697;0;
157;431;213;46;0.641;0;
157;432;1356;234;0.901;0;
157;433;776;170;1.067;1;
157;439;662;107;0.824;0;
157;451;1239;181;1.313;1;
157;452;597;138;0.853;0;
157;453;538;73;1.396;1;
157;454;27;9;0.96;0;
157;461;493;89;0.86;0;
157;462;411;40;1.605;1;
157;463;2504;134;2.201;1;
157;464;585;102;0.516;0;
157;465;21;6;0.124;0;
157;466;110;21;0.342;0;
157;467;1057;137;14.jan;1;
157;469;567;76;0.595;0;
157;471;2150;397;0.591;0;
157;472;705;185;0.768;0;
157;473;230;22;1.066;1;
157;474;171;48;0.919;0;
157;475;1025;165;1.208;1;
157;476;223;52;0.894;0;
157;477;1871;486;0.764;0;
157;478;381;159;1.721;1;
157;479;401;131;13.jan;1;
157;492;NA;NA;…;0;
157;493;NA;48;…;0;
157;494;1456;228;0.709;0;
157;521;126;10;0.606;0;
157;522;856;43;0.53;0;
157;532;71;7;0.579;0;
157;551;156;23;0.231;0;
157;552;39;10;0.717;0;
157;553;...;NA;…;0;
157;559;109;5;0.988;0;
157;561;1747;380;0.705;0;
157;562;181;32;0.435;0;
157;563;501;164;0.755;0;
157;581;181;32;0.562;0;
157;582;51;10;0.326;0;
157;591;71;11;0.516;0;
157;592;16;5;1.311;1;
157;601;15;4;0.927;0;
157;602;NA;NA;…;0;
157;611;88;8;0.355;0;
157;612;...;NA;…;0;
157;619;...;NA;…;0;
157;620;402;68;0.288;0;
157;631;96;30;0.364;0;
157;639;38;5;0.86;0;
157;641;...;NA;…;0;
157;642;24;5;0.343;0;
157;649;57;10;0.26;0;
157;661;350;28;2.276;1;
157;662;160;59;0.987;0;
157;663;NA;NA;…;0;
157;681;542;98;0.879;0;
157;682;542;94;0.679;0;
157;683;NA;49;…;1;
157;691;246;78;0.771;0;
157;692;789.75;214;0.416;0;
157;701;48;5;0.372;0;
157;702;946;94;1.056;1;
157;711;778;167;0.83;0;
157;712;83;21;0.423;0;
157;721;36;14;0.071;0;
157;722;NA;NA;…;0;
157;731;79;25;0.232;0;
157;732;30;9;0.37;0;
157;741;...;NA;…;0;
157;742;32;10;0.484;0;
157;743;42;9;1.118;1;
157;749;141;50;0.431;0;
157;750;48;7;0.9;0;
157;771;64;9;0.819;0;
157;772;25;12;0.482;0;
157;773;74;15;0.506;0;
157;781;106;8;0.363;0;
157;782;650;8;0.431;0;
157;791;40;10;0.23;0;
157;799;...;NA;…;0;
157;801;517;109;0.673;0;
157;802;239;28;0.664;0;
157;803;...;NA;…;0;
157;811;163;7;0.445;0;
157;812;955;64;0.842;0;
157;813;82;17;0.446;0;
157;821;76;21;0.389;0;
157;822;...;NA;…;0;
157;823;63;12;0.708;0;
157;829;4149;76;4.238;1;
157;841;11243;72;1.011;1;
157;842;4868;8;2.152;1;
157;843;...;NA;…;0;
157;851;1362;33;0.968;0;
157;852;3368;70;0.82;0;
157;853;2997;56;1.257;1;
157;854;1402;21;0.777;0;
157;855;416;91;1.178;1;
157;856;106;15;1.144;1;
157;861;9787;7;4.072;1;
157;862;800;258;0.695;0;
157;869;298;29;0.503;0;
157;873;750;21;0.667;0;
157;879;1096;5;3.344;1;
157;881;1077;18;2.528;1;
157;889;477;16;0.745;0;
157;900;278;18;0.721;0;
157;910;367;13;0.772;0;
157;920;37;10;0.318;0;
157;931;282;44;0.653;0;
157;932;169;21;0.611;0;
157;941;59;12;1.062;1;
157;942;NA;NA;…;0;
157;949;1141;73;1.479;1;
157;951;49;9;0.584;0;
157;952;210;52;1.355;1;
157;960;1077;202;1.321;1;
158;11;225;36;2.177;1;
158;12;18;7;1.551;1;
158;13;NA;NA;…;0;
158;14;435;18;4.994;1;
158;15;...;NA;…;1;
158;16;66;9;2.41;1;
158;17;...;NA;…;1;
158;81;NA;NA;…;0;
158;101;NA;NA;…;1;
158;103;NA;NA;…;0;
158;104;...;NA;…;1;
158;105;NA;NA;…;0;
158;107;130;14;1.602;1;
158;108;NA;NA;…;0;
158;110;19;5;0.614;0;
158;141;324;13;3.945;1;
158;161;...;NA;…;1;
158;162;108;12;2.509;1;
158;181;...;NA;…;0;
158;211;NA;NA;…;1;
158;222;...;NA;…;0;
158;236;NA;NA;…;0;
158;251;NA;NA;…;0;
158;256;20;6;0.264;0;
158;259;NA;NA;…;0;
158;265;...;NA;…;0;
158;283;NA;NA;…;1;
158;284;NA;NA;…;0;
158;291;NA;NA;…;0;
158;301;...;NA;…;1;
158;310;...;NA;…;0;
158;321;NA;NA;…;1;
158;325;NA;NA;…;0;
158;331;...;NA;…;0;
158;332;NA;NA;…;1;
158;351;NA;NA;…;1;
158;360;NA;NA;…;0;
158;381;NA;NA;…;0;
158;382;NA;NA;…;0;
158;411;...;NA;…;0;
158;412;237;37;13.jan;1;
158;421;NA;NA;…;0;
158;422;26;4;0.465;0;
158;429;NA;NA;…;0;
158;431;...;NA;…;0;
158;432;215;28;1.591;1;
158;433;51;19;0.78;0;
158;439;35;8;0.485;0;
158;451;22;7;0.26;0;
158;452;52;15;0.827;0;
158;453;22;6;0.636;0;
158;461;...;NA;…;0;
158;463;27;7;0.264;0;
158;464;NA;NA;…;1;
158;466;NA;NA;…;0;
158;467;48;7;0.577;0;
158;471;326;55;0.999;0;
158;472;72;23;0.873;0;
158;473;23;5;1.187;1;
158;474;12;5;0.718;0;
158;475;60;13;0.787;0;
158;476;...;NA;…;0;
158;477;186;59;0.845;0;
158;478;14;7;0.704;0;
158;479;14;5;0.439;0;
158;493;17;6;0.153;0;
158;494;1209;19;6.558;1;
158;495;NA;NA;…;1;
158;521;NA;NA;…;0;
158;522;NA;NA;…;0;
158;532;...;NA;…;0;
158;551;NA;NA;…;0;
158;559;NA;NA;…;0;
158;561;115;41;0.517;0;
158;562;NA;NA;…;1;
158;563;110;45;1.845;1;
158;620;...;NA;…;0;
158;631;NA;NA;…;0;
158;641;NA;NA;…;0;
158;651;NA;NA;…;0;
158;661;10;5;0.724;0;
158;662;9;4;0.618;0;
158;682;43;6;0.6;0;
158;683;NA;NA;…;0;
158;691;NA;NA;…;0;
158;692;25;7;0.147;0;
158;702;21;6;0.261;0;
158;711;15;4;0.178;0;
158;712;NA;NA;…;1;
158;721;NA;NA;…;0;
158;731;NA;NA;…;0;
158;741;...;NA;…;1;
158;742;NA;NA;…;0;
158;749;...;NA;…;0;
158;750;NA;NA;…;0;
158;801;...;NA;…;0;
158;802;...;NA;…;0;
158;812;NA;NA;…;0;
158;813;NA;NA;…;0;
158;829;NA;6;…;1;
158;841;1621;18;1.624;1;
158;842;NA;NA;…;1;
158;851;135;6;1.068;1;
158;852;636;13;1.724;1;
158;853;456;7;2.129;1;
158;855;...;NA;…;0;
158;856;20;4;2.403;1;
158;862;77;18;0.744;0;
158;869;16;5;0.301;0;
158;873;357;5;3.537;1;
158;879;NA;NA;…;1;
158;881;40;5;1.045;1;
158;889;167;8;2.904;1;
158;900;NA;NA;…;0;
158;910;...;NA;…;0;
158;931;22;5;0.567;0;
158;932;...;NA;…;0;
158;949;91;9;1.314;1;
158;952;...;NA;…;0;
158;960;71;20;0.97;0;
159;11;160;45;1.413;1;
159;12;86;29;6.762;1;
159;14;183;23;1.918;1;
159;15;NA;NA;…;0;
159;16;38;11;1.266;1;
159;21;...;NA;…;1;
159;22;...;NA;…;0;
159;24;28;6;2.462;1;
159;101;156;7;1.917;1;
159;103;223;5;01.aug;1;
159;104;NA;NA;…;1;
159;107;308;19;3.465;1;
159;110;16;4;0.472;0;
159;132;NA;NA;…;1;
159;141;NA;NA;…;0;
159;161;101;12;5.929;1;
159;162;NA;8;…;1;
159;181;NA;NA;…;0;
159;221;NA;NA;…;0;
159;222;23;5;0.236;0;
159;236;...;NA;…;0;
159;251;115;11;1.357;1;
159;256;NA;NA;…;0;
159;259;NA;NA;…;1;
159;275;NA;NA;…;0;
159;281;NA;NA;…;0;
159;289;NA;NA;…;0;
159;310;19;6;0.345;0;
159;329;...;NA;…;0;
159;331;...;NA;…;0;
159;332;...;NA;…;0;
159;351;NA;NA;…;0;
159;360;NA;NA;…;0;
159;370;NA;NA;…;0;
159;381;NA;NA;…;0;
159;383;NA;NA;…;0;
159;411;26;6;1.332;1;
159;412;277;48;1.205;1;
159;421;38;10;0.641;0;
159;422;27;7;0.44;0;
159;429;NA;NA;…;1;
159;431;28;7;0.857;0;
159;432;62;17;0.419;0;
159;433;43;16;0.601;0;
159;439;103;23;1.303;1;
159;451;33;8;0.355;0;
159;452;62;11;0.9;0;
159;453;21;6;0.554;0;
159;461;28;6;0.496;0;
159;462;81;7;3.216;1;
159;463;232;20;2.072;1;
159;464;55;4;0.493;0;
159;465;NA;NA;…;0;
159;467;68;15;0.746;0;
159;469;32;4;0.341;0;
159;471;331.793;83;0.928;0;
159;472;69;18;0.764;0;
159;473;17;4;0.801;0;
159;474;...;NA;…;0;
159;475;88;17;1.054;1;
159;476;14;5;0.57;0;
159;477;160;57;0.664;0;
159;478;8;4;0.367;0;
159;479;18;5;0.515;0;
159;493;NA;NA;…;0;
159;494;128;25;0.634;0;
159;503;NA;NA;…;1;
159;521;NA;NA;…;1;
159;522;28;5;0.176;0;
159;531;NA;NA;…;0;
159;532;23;9;1.907;1;
159;551;...;NA;…;0;
159;552;NA;NA;…;0;
159;559;NA;NA;…;0;
159;561;147;38;0.603;0;
159;562;...;NA;…;0;
159;563;70;26;1.072;1;
159;581;NA;NA;…;1;
159;631;NA;NA;…;0;
159;641;...;NA;…;0;
159;649;NA;NA;…;0;
159;661;...;NA;…;0;
159;662;...;NA;…;0;
159;681;50;5;0.824;0;
159;682;70;9;0.891;0;
159;691;23;8;0.732;0;
159;692;19;7;0.102;0;
159;702;30;10;0.34;0;
159;711;13;6;0.141;0;
159;712;NA;NA;…;0;
159;732;NA;NA;…;1;
159;749;...;NA;…;0;
159;750;NA;NA;…;0;
159;773;NA;NA;…;1;
159;781;NA;NA;…;1;
159;782;NA;NA;…;0;
159;791;NA;NA;…;0;
159;801;NA;NA;…;0;
159;802;NA;NA;…;0;
159;812;NA;NA;…;0;
159;821;NA;NA;…;0;
159;823;NA;NA;…;0;
159;829;NA;NA;…;0;
159;841;3901;60;3.567;1;
159;842;...;NA;…;0;
159;851;214;12;1.545;1;
159;852;855;29;2.116;1;
159;853;288;9;1.227;1;
159;855;26;5;0.748;0;
159;856;...;NA;…;1;
159;862;99;31;0.873;0;
159;869;41;4;0.704;0;
159;873;226;11;2.044;1;
159;879;NA;NA;…;0;
159;881;45;4;1.073;1;
159;889;93;6;1.476;1;
159;900;...;NA;…;0;
159;910;20;4;0.428;0;
159;931;...;NA;…;0;
159;932;42;8;1.544;1;
159;949;253;20;3.333;1;
159;951;NA;NA;…;0;
159;952;...;NA;…;1;
159;960;28;11;0.349;0;
160;11;62;9;1.078;1;
160;12;27;10;4.178;1;
160;14;13;4;0.268;0;
160;15;...;NA;…;0;
160;16;22;4;1.443;1;
160;17;NA;NA;…;1;
160;21;...;NA;…;1;
160;107;...;NA;…;0;
160;108;NA;NA;…;0;
160;110;...;NA;…;0;
160;141;NA;NA;…;0;
160;161;NA;4;…;1;
160;162;...;NA;…;1;
160;181;NA;NA;…;0;
160;222;...;NA;…;0;
160;237;NA;NA;…;1;
160;251;51;5;1.185;1;
160;264;NA;NA;…;0;
160;282;NA;NA;…;0;
160;310;...;NA;…;0;
160;323;NA;NA;…;1;
160;331;...;NA;…;0;
160;353;NA;NA;…;1;
160;381;...;NA;…;0;
160;412;78;10;0.668;0;
160;421;NA;NA;…;0;
160;422;NA;NA;…;0;
160;431;...;NA;…;1;
160;432;...;NA;…;0;
160;433;...;NA;…;0;
160;439;...;NA;…;0;
160;451;19;7;0.403;0;
160;452;31;8;0.886;0;
160;453;22;5;1.142;1;
160;461;21;4;0.732;0;
160;462;NA;NA;…;0;
160;463;29;7;0.51;0;
160;464;13;4;0.23;0;
160;465;NA;NA;…;0;
160;466;...;NA;…;0;
160;467;123;13;2.654;1;
160;469;95;8;1.994;1;
160;471;257;43;1.414;1;
160;472;59;11;1.285;1;
160;473;NA;NA;…;0;
160;475;32;6;0.754;0;
160;476;...;NA;…;1;
160;477;80;22;0.653;0;
160;478;NA;NA;…;0;
160;479;...;NA;…;0;
160;493;11;4;0.177;0;
160;494;197;20;1.919;1;
160;521;80;8;07.júl;1;
160;522;530;17;6.559;1;
160;532;NA;NA;…;0;
160;551;...;NA;…;0;
160;561;121;26;0.977;0;
160;562;...;NA;…;0;
160;563;25;7;0.753;0;
160;661;NA;NA;…;0;
160;662;...;NA;…;0;
160;681;23;4;0.746;0;
160;682;NA;NA;…;0;
160;683;NA;NA;…;0;
160;691;...;NA;…;0;
160;692;...;NA;…;0;
160;702;...;NA;…;0;
160;711;NA;NA;…;0;
160;712;NA;NA;…;1;
160;721;NA;NA;…;0;
160;782;...;NA;…;0;
160;801;...;NA;…;0;
160;802;NA;NA;…;0;
160;812;...;NA;…;0;
160;813;NA;NA;…;0;
160;829;13;5;0.266;0;
160;841;1950;25;3.509;1;
160;842;NA;NA;…;0;
160;851;109;7;1.549;1;
160;852;489;16;2.381;1;
160;853;NA;NA;…;0;
160;856;NA;NA;…;1;
160;862;44;12;0.764;0;
160;873;...;NA;…;1;
160;881;NA;NA;…;0;
160;889;NA;NA;…;0;
160;910;NA;NA;…;0;
160;920;...;NA;…;0;
160;931;...;NA;…;0;
160;949;70;7;1.815;1;
160;952;NA;NA;…;0;
160;960;28;10;0.687;0;
161;11;413;43;4.162;1;
161;12;...;NA;…;0;
161;13;NA;NA;…;0;
161;14;288;22;3.443;1;
161;15;NA;4;…;1;
161;16;73;10;2.776;1;
161;17;...;NA;…;1;
161;21;NA;NA;…;1;
161;24;NA;NA;…;0;
161;101;85;6;1.192;1;
161;103;NA;NA;…;0;
161;105;...;NA;…;1;
161;106;...;NA;…;0;
161;107;156;12;2.002;1;
161;108;NA;NA;…;0;
161;110;21;6;0.706;0;
161;139;NA;NA;…;0;
161;141;35;5;0.444;0;
161;161;NA;NA;…;0;
161;162;121;14;2.927;1;
161;181;NA;NA;…;0;
161;222;...;NA;…;0;
161;236;...;NA;…;1;
161;237;...;NA;…;1;
161;251;33;5;0.444;0;
161;256;96;8;1.319;1;
161;259;NA;NA;…;0;
161;261;NA;NA;…;0;
161;271;NA;NA;…;1;
161;273;NA;NA;…;1;
161;282;NA;4;…;0;
161;293;NA;NA;…;0;
161;310;89;7;1.845;1;
161;325;...;NA;…;0;
161;331;17;5;0.491;0;
161;332;NA;NA;…;0;
161;352;NA;NA;…;0;
161;360;NA;NA;…;0;
161;370;NA;NA;…;1;
161;381;NA;NA;…;1;
161;382;NA;NA;…;0;
161;383;...;NA;…;1;
161;411;...;NA;…;0;
161;412;273;59;1.356;1;
161;421;NA;12;…;1;
161;422;99;24;1.843;1;
161;429;NA;NA;…;0;
161;431;147;40;5.131;1;
161;432;81;17;0.624;0;
161;433;84;23;1.339;1;
161;439;60;14;0.866;0;
161;451;...;NA;…;0;
161;452;57;13;0.944;0;
161;453;...;NA;…;0;
161;454;NA;NA;…;0;
161;461;67;4;1.354;1;
161;462;20;6;0.906;0;
161;463;...;NA;…;0;
161;464;NA;NA;…;0;
161;467;NA;NA;…;0;
161;469;NA;NA;…;0;
161;471;251;71;0.801;0;
161;472;179;21;2.261;1;
161;474;...;NA;…;0;
161;475;23;9;0.314;0;
161;476;19;8;0.883;0;
161;477;169;34;0.8;0;
161;478;30;8;1.571;1;
161;479;23;9;0.751;0;
161;493;...;NA;…;0;
161;494;173;31;0.977;0;
161;521;...;NA;…;1;
161;522;32;4;0.23;0;
161;532;NA;NA;…;0;
161;552;NA;NA;…;1;
161;559;NA;NA;…;1;
161;561;145;44;0.679;0;
161;562;...;NA;…;0;
161;563;107;35;1.869;1;
161;581;NA;NA;…;0;
161;611;...;NA;…;0;
161;620;26;6;0.216;0;
161;639;NA;NA;…;0;
161;641;...;NA;…;0;
161;661;...;NA;…;0;
161;662;...;NA;…;0;
161;682;26;7;0.378;0;
161;683;...;NA;…;0;
161;692;21;7;0.128;0;
161;702;34;7;0.44;0;
161;711;14;6;0.173;0;
161;712;NA;NA;…;0;
161;731;NA;NA;…;0;
161;749;20;8;0.709;0;
161;750;NA;NA;…;0;
161;773;...;NA;…;0;
161;781;...;NA;…;0;
161;782;NA;NA;…;0;
161;801;12;5;0.181;0;
161;802;...;NA;…;0;
161;812;19;4;0.194;0;
161;813;NA;NA;…;0;
161;821;...;NA;…;0;
161;823;NA;NA;…;0;
161;829;28;9;0.332;0;
161;841;1129;22;1.178;1;
161;851;553;10;4.556;1;
161;852;641;14;1.81;1;
161;853;556;5;2.704;1;
161;855;19;5;0.624;0;
161;862;51;20;0.513;0;
161;869;NA;NA;…;0;
161;873;173;5;1.785;1;
161;881;47;5;1.279;1;
161;889;34;4;0.616;0;
161;900;...;NA;…;0;
161;910;...;NA;…;0;
161;931;...;NA;…;0;
161;932;NA;NA;…;0;
161;942;...;NA;…;1;
161;949;23;4;0.346;0;
161;952;...;NA;…;0;
161;960;38;13;0.541;0;
162;11;458;59;1.503;1;
162;12;NA;NA;…;0;
162;14;344;20;1.339;1;
162;15;NA;NA;…;0;
162;16;85;10;1.052;1;
162;17;8;4;1.022;1;
162;21;...;NA;…;0;
162;24;19;5;0.621;0;
162;81;NA;NA;…;0;
162;101;159;9;0.726;0;
162;103;...;NA;…;0;
162;105;NA;NA;…;0;
162;106;NA;NA;…;1;
162;107;206;17;0.861;0;
162;108;...;NA;…;0;
162;109;NA;NA;…;1;
162;110;32;5;0.35;0;
162;133;NA;NA;…;0;
162;139;76;4;0.581;0;
162;141;100;11;0.413;0;
162;143;NA;NA;…;0;
162;151;...;NA;…;0;
162;152;102;7;1.422;1;
162;161;21;4;0.458;0;
162;162;91;14;0.717;0;
162;172;...;NA;…;0;
162;181;95;4;0.767;0;
162;201;...;NA;…;1;
162;204;NA;NA;…;0;
162;222;NA;10;…;1;
162;234;NA;NA;…;0;
162;235;NA;NA;…;0;
162;236;29;4;0.535;0;
162;237;12;6;1.139;1;
162;239;NA;NA;…;0;
162;251;223;20;0.978;0;
162;252;29;4;0.954;0;
162;256;402;34;1.799;1;
162;257;58;7;1.227;1;
162;259;NA;5;…;1;
162;261;NA;NA;…;1;
162;263;...;NA;…;0;
162;264;NA;NA;…;1;
162;265;...;NA;…;0;
162;266;NA;NA;…;0;
162;271;NA;NA;…;0;
162;272;NA;NA;…;1;
162;274;NA;NA;…;1;
162;275;3718;7;62.021;1;
162;279;NA;NA;…;1;
162;281;NA;NA;…;0;
162;282;613;9;4.085;1;
162;283;NA;NA;…;0;
162;284;...;NA;…;1;
162;289;NA;6;…;1;
162;293;...;NA;…;0;
162;310;192;22;1.296;1;
162;321;NA;NA;…;1;
162;325;17;7;0.213;0;
162;331;68;8;0.639;0;
162;332;30;8;0.958;0;
162;360;NA;6;…;0;
162;370;...;NA;…;0;
162;381;...;NA;…;1;
162;382;...;NA;…;1;
162;383;208;4;10.305;1;
162;411;14;6;0.267;0;
162;412;347;76;0.561;0;
162;421;...;NA;…;0;
162;422;71;8;0.43;0;
162;429;14;6;0.365;0;
162;431;35;10;0.398;0;
162;432;342;87;0.858;0;
162;433;147;46;0.763;0;
162;439;86;21;0.404;0;
162;451;424;48;1.697;1;
162;452;165;34;0.89;0;
162;453;66;19;0.647;0;
162;454;...;NA;…;0;
162;461;32;11;0.211;0;
162;462;75;11;1.106;1;
162;463;51;13;0.169;0;
162;464;128;8;0.427;0;
162;466;18;4;0.211;0;
162;467;652;16;2.656;1;
162;469;98;14;0.388;0;
162;471;1264;82;1.313;1;
162;472;158;36;0.65;0;
162;473;46;8;0.805;0;
162;474;18;6;0.365;0;
162;475;232;44;1.032;1;
162;476;43;13;0.651;0;
162;477;356;113;0.549;0;
162;478;68;28;16.jan;1;
162;479;60;18;0.638;0;
162;493;198;11;0.603;0;
162;494;392;55;0.721;0;
162;521;...;NA;…;0;
162;522;143;10;0.334;0;
162;532;NA;NA;…;0;
162;551;...;NA;…;0;
162;552;NA;NA;…;0;
162;559;NA;NA;…;0;
162;561;334;70;0.509;0;
162;562;102;9;0.927;0;
162;563;217;72;1.235;1;
162;581;52;6;0.609;0;
162;582;...;NA;…;0;
162;601;NA;NA;…;0;
162;602;...;NA;…;0;
162;611;NA;NA;…;1;
162;620;38;13;0.103;0;
162;631;8;4;0.115;0;
162;639;NA;NA;…;0;
162;641;...;NA;…;0;
162;649;...;NA;…;0;
162;661;70;12;1.719;1;
162;662;35;13;0.815;0;
162;681;38;7;0.233;0;
162;682;82;20;0.388;0;
162;683;NA;4;…;1;
162;691;54;12;0.639;0;
162;692;192;45;0.382;0;
162;701;NA;NA;…;0;
162;702;14;6;0.059;0;
162;711;125;30;0.504;0;
162;712;...;NA;…;0;
162;721;NA;NA;…;0;
162;731;29;11;0.322;0;
162;732;NA;NA;…;0;
162;741;NA;NA;…;0;
162;742;...;NA;…;0;
162;743;...;NA;…;0;
162;749;57;12;0.658;0;
162;750;20;5;1.416;1;
162;771;...;NA;…;0;
162;772;22;6;1.602;1;
162;773;...;NA;…;0;
162;781;NA;NA;…;1;
162;782;NA;5;…;0;
162;791;NA;NA;…;0;
162;801;174;10;0.856;0;
162;802;39;9;0.409;0;
162;811;...;NA;…;0;
162;812;270;14;0.899;0;
162;813;...;NA;…;0;
162;821;...;NA;…;0;
162;829;140;17;0.54;0;
162;841;918;23;0.312;0;
162;842;NA;NA;…;0;
162;851;238;8;0.639;0;
162;852;690;17;0.634;0;
162;853;368;8;0.583;0;
162;854;NA;NA;…;0;
162;855;69;11;0.738;0;
162;856;NA;NA;…;0;
162;861;...;NA;…;1;
162;862;194;60;0.636;0;
162;869;...;NA;…;0;
162;873;218;4;0.733;0;
162;881;25;4;0.222;0;
162;889;92;6;0.543;0;
162;900;24;7;0.235;0;
162;910;54;7;0.429;0;
162;920;NA;NA;…;0;
162;931;81;10;0.709;0;
162;932;62;6;0.847;0;
162;941;NA;NA;…;0;
162;949;35;8;0.171;0;
162;951;...;NA;…;0;
162;952;24;10;0.585;0;
162;960;139;44;0.644;0;
163;11;951;88;5.304;1;
163;12;...;NA;…;0;
163;13;NA;NA;…;0;
163;14;341;30;2.256;1;
163;15;165;6;6.469;1;
163;16;318;37;6.692;1;
163;17;...;NA;…;1;
163;24;NA;NA;…;1;
163;32;17;4;5.335;1;
163;101;70;8;0.543;0;
163;103;443;4;10.161;1;
163;104;...;NA;…;1;
163;105;...;NA;…;0;
163;106;NA;NA;…;0;
163;107;121;11;0.859;0;
163;108;NA;NA;…;0;
163;110;9;4;0.168;0;
163;139;31;4;0.403;0;
163;141;301;14;2.113;1;
163;143;...;NA;…;1;
163;151;...;NA;…;0;
163;152;134;4;3.174;1;
163;161;...;NA;…;0;
163;162;306;11;4.097;1;
163;172;...;NA;…;0;
163;181;...;NA;…;0;
163;201;NA;NA;…;0;
163;205;29;4;5.591;1;
163;222;132;5;0.854;0;
163;231;...;NA;…;0;
163;233;NA;NA;…;1;
163;234;...;NA;…;1;
163;236;NA;NA;…;0;
163;251;316.685;24;2.36;1;
163;252;...;NA;…;0;
163;255;NA;NA;…;0;
163;256;520;27;3.956;1;
163;257;...;NA;…;0;
163;259;...;NA;…;0;
163;261;...;NA;…;0;
163;265;NA;NA;…;1;
163;267;NA;NA;…;0;
163;271;72;7;1.267;1;
163;273;...;NA;…;1;
163;274;NA;NA;…;1;
163;275;...;NA;…;1;
163;279;100;6;4.657;1;
163;282;85;5;0.963;0;
163;283;NA;NA;…;1;
163;284;NA;NA;…;0;
163;289;NA;NA;…;0;
163;293;NA;NA;…;0;
163;302;NA;NA;…;1;
163;310;23;5;0.264;0;
163;325;...;NA;…;0;
163;329;36;4;1.199;1;
163;331;14;4;0.224;0;
163;360;121;4;1.451;1;
163;381;180;5;3.744;1;
163;382;NA;NA;…;1;
163;411;36;6;1.165;1;
163;412;233;48;0.64;0;
163;421;125;11;1.331;1;
163;422;69;10;0.711;0;
163;431;300;46;5.796;1;
163;432;76;18;0.324;0;
163;433;101;33;0.891;0;
163;439;102;14;0.815;0;
163;451;131;7;0.891;0;
163;452;107;22;0.981;0;
163;453;15;5;0.25;0;
163;454;NA;NA;…;0;
163;461;16;6;0.179;0;
163;462;17;5;0.426;0;
163;463;54;11;0.305;0;
163;464;9;4;0.051;0;
163;466;...;NA;…;0;
163;467;57;14;0.395;0;
163;469;...;NA;…;0;
163;471;533;105;0.941;0;
163;472;143;49;1;1;
163;473;...;NA;…;0;
163;474;...;NA;…;0;
163;475;107;28;0.809;0;
163;476;60;12;1.543;1;
163;477;300;80;0.786;0;
163;478;52;23;1.507;1;
163;479;53;24;0.958;0;
163;493;31;7;0.16;0;
163;494;176;42;0.55;0;
163;522;11;4;0.044;0;
163;532;...;NA;…;0;
163;551;66;5;0.626;0;
163;552;NA;NA;…;0;
163;559;...;NA;…;0;
163;561;345;72;0.894;0;
163;562;59;5;0.911;0;
163;563;145;53;1.402;1;
163;581;11;4;0.219;0;
163;620;23;8;0.106;0;
163;649;...;NA;…;0;
163;662;28;6;1.108;1;
163;681;21;6;0.219;0;
163;682;96;23;0.772;0;
163;683;...;NA;…;0;
163;691;50;11;1.006;1;
163;692;97;26;0.328;0;
163;701;NA;NA;…;0;
163;702;14;6;0.1;0;
163;711;42;13;0.288;0;
163;712;30;4;0.98;0;
163;721;NA;NA;…;1;
163;731;NA;NA;…;1;
163;732;NA;NA;…;0;
163;743;...;NA;…;1;
163;749;40;9;0.785;0;
163;750;11;5;1.324;1;
163;771;...;NA;…;0;
163;773;NA;NA;…;0;
163;781;262;7;5.758;1;
163;782;NA;NA;…;0;
163;783;NA;NA;…;0;
163;799;...;NA;…;1;
163;801;30;4;0.251;0;
163;802;14;4;0.249;0;
163;812;...;NA;…;0;
163;813;NA;NA;…;0;
163;821;...;NA;…;0;
163;823;NA;NA;…;0;
163;829;112;16;0.734;0;
163;841;1894;20;1.093;1;
163;842;NA;NA;…;0;
163;851;306;6;1.395;1;
163;852;1492;30;2.331;1;
163;853;1361;14;3.663;1;
163;854;NA;NA;…;0;
163;855;...;NA;…;0;
163;861;NA;NA;…;1;
163;862;158;43;0.88;0;
163;869;14;4;0.152;0;
163;873;512;6;2.924;1;
163;879;NA;NA;…;0;
163;881;89;6;1.341;1;
163;889;107;6;1.072;1;
163;900;24;5;0.4;0;
163;910;58;8;0.783;0;
163;920;NA;NA;…;0;
163;931;13;4;0.193;0;
163;932;216;5;5.015;1;
163;949;72;10;0.599;0;
163;951;...;NA;…;0;
163;952;14;5;0.58;0;
163;960;167;33;1.315;1;
164;11;437;42;6.344;1;
164;14;254;9;4.375;1;
164;15;NA;NA;…;1;
164;16;54;7;2.958;1;
164;17;...;NA;…;1;
164;21;NA;NA;…;1;
164;22;NA;NA;…;1;
164;31;NA;NA;…;1;
164;101;NA;NA;…;1;
164;107;41;4;0.758;0;
164;108;NA;NA;…;0;
164;110;...;NA;…;0;
164;141;NA;NA;…;0;
164;142;NA;NA;…;1;
164;162;18;4;0.627;0;
164;181;...;NA;…;0;
164;221;NA;NA;…;0;
164;222;...;NA;…;0;
164;251;NA;NA;…;1;
164;256;...;NA;…;0;
164;310;71;5;12.febr;1;
164;331;...;NA;…;0;
164;360;NA;NA;…;0;
164;370;NA;NA;…;0;
164;383;NA;NA;…;1;
164;411;18;5;1.516;1;
164;412;135;26;0.966;0;
164;421;18;4;0.499;0;
164;422;31;7;0.831;0;
164;429;...;NA;…;1;
164;431;NA;NA;…;1;
164;432;10;5;0.111;0;
164;433;39;10;0.895;0;
164;439;...;NA;…;0;
164;452;21;5;0.501;0;
164;453;...;NA;…;0;
164;461;NA;NA;…;0;
164;462;14;5;0.913;0;
164;463;...;NA;…;0;
164;467;...;NA;…;0;
164;469;30;6;0.526;0;
164;471;227;64;1.043;1;
164;472;56;14;1.019;1;
164;473;...;NA;…;0;
164;474;...;NA;…;0;
164;475;22;6;0.433;0;
164;476;17;5;1.138;1;
164;477;114;33;0.777;0;
164;478;38;12;2.867;1;
164;479;15;5;0.706;0;
164;493;NA;NA;…;0;
164;494;76;12;0.618;0;
164;521;NA;NA;…;0;
164;522;NA;NA;…;0;
164;532;...;NA;…;1;
164;551;...;NA;…;0;
164;552;NA;NA;…;1;
164;553;NA;NA;…;1;
164;559;...;NA;…;0;
164;561;128;36;0.863;0;
164;562;30;6;1.205;1;
164;563;116;40;2.919;1;
164;601;NA;NA;…;1;
164;620;...;NA;…;0;
164;661;...;NA;…;0;
164;662;NA;NA;…;0;
164;681;22;6;0.596;0;
164;682;21;7;0.439;0;
164;691;...;NA;…;0;
164;692;...;NA;…;0;
164;702;NA;NA;…;0;
164;711;71;8;1.265;1;
164;712;...;NA;…;0;
164;732;NA;NA;…;0;
164;749;...;NA;…;0;
164;772;NA;NA;…;1;
164;773;NA;NA;…;0;
164;781;...;NA;…;1;
164;782;NA;NA;…;0;
164;791;NA;NA;…;0;
164;801;...;NA;…;0;
164;811;NA;NA;…;0;
164;812;NA;NA;…;0;
164;813;...;NA;…;1;
164;823;NA;NA;…;0;
164;829;...;NA;…;0;
164;841;2333;15;3.506;1;
164;851;124;7;1.472;1;
164;852;540;13;2.196;1;
164;853;299;4;2.095;1;
164;855;NA;NA;…;0;
164;861;NA;NA;…;0;
164;862;103;19;1.494;1;
164;869;NA;NA;…;0;
164;873;...;NA;…;1;
164;881;71;5;2.784;1;
164;889;33;4;0.861;0;
164;900;NA;NA;…;0;
164;910;NA;NA;…;0;
164;931;NA;NA;…;0;
164;932;30;5;1.813;1;
164;949;31;5;0.671;0;
164;952;...;NA;…;1;
164;960;25;8;0.512;0;
165;11;661;93;6.406;1;
165;12;29;9;2.502;1;
165;13;NA;NA;…;1;
165;14;146;19;1.679;1;
165;15;...;NA;…;1;
165;16;192;24;7.021;1;
165;17;17;5;6.413;1;
165;22;...;NA;…;0;
165;24;NA;NA;…;0;
165;32;NA;NA;…;1;
165;81;NA;NA;…;0;
165;101;...;NA;…;0;
165;103;NA;NA;…;0;
165;105;NA;NA;…;1;
165;107;147;14;1.814;1;
165;109;...;NA;…;1;
165;110;111;7;3.59;1;
165;139;...;NA;…;0;
165;141;29;7;0.354;0;
165;151;...;NA;…;1;
165;152;265;10;10.909;1;
165;161;NA;NA;…;1;
165;162;56;10;1.303;1;
165;172;NA;NA;…;1;
165;203;...;NA;…;1;
165;222;...;NA;…;1;
165;234;NA;NA;…;0;
165;235;NA;NA;…;0;
165;236;NA;NA;…;0;
165;251;517;19;6.696;1;
165;256;365;18;4.825;1;
165;259;NA;NA;…;0;
165;274;NA;NA;…;0;
165;289;...;NA;…;0;
165;292;NA;NA;…;1;
165;293;NA;NA;…;0;
165;310;...;NA;…;0;
165;323;NA;NA;…;1;
165;325;NA;NA;…;1;
165;329;NA;NA;…;0;
165;331;13;4;0.361;0;
165;332;NA;NA;…;0;
165;360;NA;NA;…;0;
165;370;NA;NA;…;0;
165;381;NA;NA;…;0;
165;383;NA;NA;…;1;
165;411;13;4;0.731;0;
165;412;313;56;1.495;1;
165;421;...;NA;…;0;
165;422;116;6;2.076;1;
165;431;42;8;1.41;1;
165;432;43;10;0.319;0;
165;433;58;18;0.889;0;
165;439;59;22;0.819;0;
165;451;18;4;0.213;0;
165;452;72;14;1.147;1;
165;453;...;NA;…;0;
165;461;60;9;1.167;1;
165;462;27;6;1.176;1;
165;463;54;7;0.529;0;
165;464;...;NA;…;0;
165;466;NA;NA;…;0;
165;467;21;7;0.253;0;
165;469;39;6;0.456;0;
165;471;546;78;1.675;1;
165;472;151;35;1.834;1;
165;473;39;4;2.017;1;
165;474;33;5;1.978;1;
165;475;82;19;1.078;1;
165;476;21;8;0.938;0;
165;477;247;67;1.124;1;
165;478;36;13;1.813;1;
165;479;16;6;0.503;0;
165;493;36;5;0.324;0;
165;494;165;21;0.896;0;
165;521;NA;NA;…;0;
165;522;17;6;0.117;0;
165;532;NA;NA;…;0;
165;551;12;4;0.198;0;
165;552;...;NA;…;1;
165;561;197;56;0.887;0;
165;562;...;NA;…;0;
165;563;130;52;2.184;1;
165;591;...;NA;…;0;
165;602;NA;NA;…;0;
165;611;NA;NA;…;0;
165;620;...;NA;…;0;
165;639;NA;NA;…;1;
165;641;NA;NA;…;0;
165;661;NA;NA;…;0;
165;662;11;5;0.757;0;
165;681;...;NA;…;0;
165;682;17;8;0.238;0;
165;683;NA;NA;…;0;
165;691;25;6;0.874;0;
165;692;36;11;0.212;0;
165;702;15;6;0.187;0;
165;711;52;13;0.619;0;
165;712;NA;NA;…;0;
165;731;...;NA;…;0;
165;749;...;NA;…;0;
165;782;NA;NA;…;1;
165;801;15;5;0.218;0;
165;802;...;NA;…;0;
165;811;NA;NA;…;0;
165;812;31;8;0.305;0;
165;813;NA;NA;…;1;
165;821;...;NA;…;0;
165;829;31;10;0.353;0;
165;841;1185;33;1.189;1;
165;842;NA;NA;…;0;
165;851;303;16;2.401;1;
165;852;746;17;2.025;1;
165;853;...;NA;…;0;
165;854;NA;NA;…;0;
165;855;NA;NA;…;0;
165;862;106;28;1.026;1;
165;869;...;NA;…;0;
165;873;207;7;2.054;1;
165;881;80;8;2.094;1;
165;889;39;5;0.679;0;
165;910;59;8;1.385;1;
165;931;NA;NA;…;0;
165;932;NA;4;…;1;
165;942;NA;NA;…;1;
165;949;44;7;0.636;0;
165;952;8;4;0.576;0;
165;960;62;26;0.848;0;
165;970;NA;NA;…;1;
166;11;480;55;4.221;1;
166;13;NA;NA;…;1;
166;14;387;42;4.038;1;
166;15;NA;NA;…;1;
166;16;112;17;3.716;1;
166;17;...;NA;…;1;
166;22;NA;NA;…;0;
166;81;NA;NA;…;1;
166;101;...;NA;…;0;
166;103;NA;NA;…;0;
166;105;NA;NA;…;0;
166;107;92;10;03.jan;1;
166;108;NA;NA;…;0;
166;110;...;NA;…;0;
166;139;122;4;05.febr;1;
166;141;294;13;3.253;1;
166;143;NA;NA;…;1;
166;161;...;NA;…;0;
166;162;111;7;2.344;1;
166;172;NA;NA;…;0;
166;181;...;NA;…;0;
166;211;NA;NA;…;1;
166;221;NA;NA;…;0;
166;222;39;6;0.398;0;
166;231;...;NA;…;1;
166;233;NA;NA;…;1;
166;234;29;6;2.161;1;
166;239;NA;NA;…;1;
166;242;NA;NA;…;1;
166;251;364.202;16;28.ápr;1;
166;254;NA;NA;…;1;
166;256;196;20;2.351;1;
166;257;NA;NA;…;1;
166;261;28;5;0.557;0;
166;264;NA;NA;…;0;
166;267;NA;NA;…;1;
166;271;NA;NA;…;1;
166;279;NA;NA;…;1;
166;282;...;NA;…;0;
166;289;NA;NA;…;0;
166;292;NA;NA;…;1;
166;293;52;9;0.283;0;
166;310;...;NA;…;0;
166;324;...;NA;…;1;
166;325;NA;NA;…;0;
166;329;...;NA;…;0;
166;331;...;NA;…;0;
166;332;...;NA;…;0;
166;351;NA;NA;…;0;
166;370;NA;NA;…;1;
166;381;...;NA;…;1;
166;411;...;NA;…;0;
166;412;228;43;0.988;0;
166;421;...;NA;…;0;
166;422;100;13;1.624;1;
166;429;20;4;1.396;1;
166;431;83;18;2.528;1;
166;432;182;27;1.224;1;
166;433;66;15;0.918;0;
166;439;28;8;0.353;0;
166;451;26;6;0.279;0;
166;452;62;13;0.896;0;
166;453;16;6;0.42;0;
166;461;9;4;0.159;0;
166;462;...;NA;…;0;
166;463;56;7;0.498;0;
166;464;112;4;1;1;
166;466;...;NA;…;0;
166;467;19;6;0.207;0;
166;469;40;7;0.425;0;
166;471;262;41;0.729;0;
166;472;166;28;1.83;1;
166;473;16;4;0.751;0;
166;474;23;5;1.251;1;
166;475;76;19;0.906;0;
166;476;18;5;0.73;0;
166;477;244;55;1.008;1;
166;478;38;14;1.737;1;
166;479;43;15;1.226;1;
166;493;...;NA;…;0;
166;494;143;30;0.705;0;
166;521;NA;NA;…;0;
166;522;...;NA;…;0;
166;532;...;NA;…;0;
166;551;...;NA;…;0;
166;552;21;4;3.909;1;
166;561;178;41;0.727;0;
166;562;NA;4;…;1;
166;563;167;59;2.546;1;
166;582;...;NA;…;0;
166;591;NA;NA;…;0;
166;611;NA;NA;…;0;
166;612;...;NA;…;0;
166;620;19;7;0.138;0;
166;631;...;NA;…;0;
166;639;NA;NA;…;0;
166;649;NA;NA;…;0;
166;661;8;4;0.526;0;
166;662;15;7;0.936;0;
166;681;31;6;0.509;0;
166;682;62;13;0.786;0;
166;683;NA;NA;…;0;
166;691;NA;NA;…;0;
166;692;64;17;0.341;0;
166;702;29;8;0.328;0;
166;711;41;9;0.443;0;
166;712;...;NA;…;1;
166;721;...;NA;…;0;
166;722;NA;NA;…;0;
166;731;...;NA;…;0;
166;732;NA;NA;…;0;
166;742;NA;NA;…;0;
166;743;NA;NA;…;0;
166;749;...;NA;…;0;
166;750;...;NA;…;1;
166;771;...;NA;…;0;
166;772;32;4;6.243;1;
166;773;...;NA;…;0;
166;781;81;6;2.807;1;
166;782;71;5;0.477;0;
166;802;...;NA;…;0;
166;812;...;NA;…;0;
166;813;...;NA;…;0;
166;821;NA;NA;…;0;
166;829;49;8;0.506;0;
166;841;1029;11;0.937;0;
166;842;...;NA;…;0;
166;851;245;6;1.762;1;
166;852;394;16;0.971;0;
166;853;377;5;06.jan;1;
166;854;NA;NA;…;0;
166;855;9;4;0.258;0;
166;856;NA;NA;…;0;
166;861;...;NA;…;1;
166;862;93;27;0.817;0;
166;869;NA;NA;…;0;
166;873;534;7;4.808;1;
166;881;...;NA;…;0;
166;889;NA;NA;…;0;
166;910;...;NA;…;0;
166;920;NA;NA;…;0;
166;931;60;7;1.407;1;
166;932;...;NA;…;1;
166;949;21;7;0.275;0;
166;951;NA;NA;…;0;
166;952;NA;NA;…;0;
166;960;114;15;1.415;1;
166;970;NA;NA;…;1;
167;11;438;85;0.635;0;
167;12;26;6;0.335;0;
167;13;...;NA;…;0;
167;14;247;20;0.425;0;
167;15;46;6;0.469;0;
167;16;98;25;0.536;0;
167;17;22;8;1.241;1;
167;21;30;6;1.178;1;
167;22;NA;8;…;1;
167;24;64;7;0.923;0;
167;31;32;4;3.593;1;
167;32;...;NA;…;1;
167;81;NA;NA;…;0;
167;91;NA;4;…;1;
167;101;1484;13;2.992;1;
167;103;...;NA;…;0;
167;104;NA;NA;…;0;
167;106;NA;NA;…;0;
167;107;223;29;0.412;0;
167;108;403;17;1.983;1;
167;110;33;11;0.16;0;
167;133;...;NA;…;0;
167;139;395;11;1.334;1;
167;141;551;40;1.005;1;
167;142;NA;NA;…;0;
167;151;NA;9;…;1;
167;152;NA;11;…;1;
167;161;137;4;1.319;1;
167;162;710;28;2.47;1;
167;171;NA;NA;…;1;
167;172;152;8;0.607;0;
167;181;87;21;0.31;0;
167;182;NA;NA;…;0;
167;201;663;5;5.142;1;
167;202;NA;NA;…;0;
167;204;...;NA;…;0;
167;205;72;5;3.607;1;
167;221;NA;NA;…;0;
167;222;169;12;0.284;0;
167;231;NA;NA;…;0;
167;236;251;11;2.043;1;
167;237;...;NA;…;0;
167;239;NA;NA;…;0;
167;241;NA;NA;…;0;
167;242;NA;NA;…;1;
167;243;NA;NA;…;0;
167;251;627;41;1.214;1;
167;252;...;NA;…;0;
167;253;...;NA;…;1;
167;256;978;35;1.933;1;
167;257;...;NA;…;0;
167;259;59;7;0.36;0;
167;261;106;5;0.348;0;
167;263;...;NA;…;0;
167;265;...;NA;…;0;
167;271;NA;NA;…;0;
167;272;NA;NA;…;1;
167;275;NA;NA;…;0;
167;279;35;5;0.424;0;
167;281;16;4;0.025;0;
167;282;130;13;0.383;0;
167;283;NA;NA;…;1;
167;284;NA;NA;…;0;
167;289;53;8;0.309;0;
167;292;...;NA;…;1;
167;293;NA;6;…;0;
167;302;...;NA;…;1;
167;309;...;NA;…;1;
167;310;200;22;0.596;0;
167;321;15;6;0.916;0;
167;323;NA;NA;…;0;
167;324;NA;NA;…;0;
167;325;80;10;0.442;0;
167;329;187;8;1.619;1;
167;331;97;22;0.403;0;
167;332;115;6;1.622;1;
167;353;...;NA;…;0;
167;360;2052;6;6.394;1;
167;370;38;6;0.504;0;
167;381;222;7;02.jan;1;
167;383;NA;NA;…;0;
167;411;57;10;0.479;0;
167;412;1252;150;0.894;0;
167;421;278;24;0.769;0;
167;422;225;28;0.602;0;
167;429;132;6;1.519;1;
167;431;264;42;1.325;1;
167;432;749;153;0.83;0;
167;433;329;91;0.754;0;
167;439;292;56;0.606;0;
167;451;290;42;0.512;0;
167;452;307;59;0.731;0;
167;453;111;19;0.48;0;
167;454;NA;NA;…;0;
167;461;311;44;0.904;0;
167;462;67;17;0.436;0;
167;463;940;51;1.378;1;
167;464;240;39;0.353;0;
167;465;...;NA;…;0;
167;466;166;20;0.86;0;
167;467;376;67;0.676;0;
167;469;247;43;0.432;0;
167;471;2493;226;1.143;1;
167;472;478;110;0.868;0;
167;473;86;16;0.665;0;
167;474;137;26;1.228;1;
167;475;480;98;0.943;0;
167;476;197;35;1.316;1;
167;477;1253;229;0.853;0;
167;478;112;43;0.844;0;
167;479;130;41;0.611;0;
167;493;2718;19;3.653;1;
167;494;849;121;0.69;0;
167;504;NA;NA;…;0;
167;511;NA;NA;…;0;
167;521;280;8;2.247;1;
167;522;921;39;0.95;0;
167;532;25;5;0.34;0;
167;551;163;14;0.402;0;
167;552;NA;NA;…;0;
167;553;NA;NA;…;0;
167;559;NA;4;…;1;
167;561;1029;207;0.693;0;
167;562;143;21;0.574;0;
167;563;416;134;1.045;1;
167;581;108;14;0.559;0;
167;582;25;8;0.267;0;
167;591;40;7;0.485;0;
167;592;NA;NA;…;0;
167;602;NA;NA;…;0;
167;611;...;NA;…;0;
167;620;139;33;0.166;0;
167;631;99;14;0.626;0;
167;639;NA;NA;…;0;
167;641;127;5;0.194;0;
167;642;NA;NA;…;0;
167;649;...;NA;…;0;
167;653;NA;NA;…;0;
167;661;32;12;0.347;0;
167;662;73;29;0.751;0;
167;663;NA;NA;…;0;
167;681;117;23;0.316;0;
167;682;256;57;0.535;0;
167;683;166;29;0.663;0;
167;691;241;72;1.259;1;
167;692;378;116;0.332;0;
167;701;66;5;0.853;0;
167;702;159;49;0.296;0;
167;711;443;107;0.788;0;
167;712;101;14;0.858;0;
167;721;...;NA;…;0;
167;722;NA;NA;…;0;
167;731;109;24;0.534;0;
167;732;35;12;0.719;0;
167;741;NA;NA;…;0;
167;742;75;12;1.893;1;
167;743;...;NA;…;0;
167;749;211;53;1.076;1;
167;750;14;4;0.438;0;
167;771;36;9;0.768;0;
167;772;23;5;0.739;0;
167;773;94;12;1.072;1;
167;781;309;10;1.764;1;
167;782;197;9;0.218;0;
167;791;28;8;0.269;0;
167;799;...;NA;…;0;
167;801;98;38;0.213;0;
167;802;589;31;2.726;1;
167;803;NA;NA;…;0;
167;811;34;7;0.155;0;
167;812;612;49;0.9;0;
167;813;38;10;0.344;0;
167;821;23;10;0.196;0;
167;823;27;6;0.506;0;
167;829;NA;54;…;1;
167;841;7636;75;1.145;1;
167;842;2827;7;2.084;1;
167;843;...;NA;…;1;
167;851;587;14;0.695;0;
167;852;3163;62;1.284;1;
167;853;2625;27;1.835;1;
167;854;NA;5;…;0;
167;855;265;47;1.251;1;
167;856;98;6;1.763;1;
167;861;NA;9;…;1;
167;862;486.236;156;0.704;0;
167;869;688;16;1.938;1;
167;872;NA;NA;…;1;
167;873;1078;13;1.599;1;
167;879;NA;NA;…;1;
167;881;117;6;0.458;0;
167;889;565;12;1.471;1;
167;900;284;19;1.229;1;
167;910;341;15;1.196;1;
167;920;18;6;0.258;0;
167;931;315;29;1.217;1;
167;932;96;14;0.579;0;
167;941;44;8;1.32;1;
167;942;...;NA;…;0;
167;949;478;38;1.033;1;
167;951;31;5;0.616;0;
167;952;102;27;1.098;1;
167;960;537;126;1.098;1;
168;11;325;51;4.698;1;
168;12;18;4;2.316;1;
168;14;182;22;3.121;1;
168;15;32;6;3.252;1;
168;16;75;13;09.ápr;1;
168;17;...;NA;…;1;
168;31;13;4;14.562;1;
168;32;11;4;8.947;1;
168;62;NA;NA;…;1;
168;101;34;4;0.684;0;
168;103;NA;NA;…;0;
168;105;NA;NA;…;0;
168;107;...;NA;…;0;
168;110;40;8;1.929;1;
168;139;NA;NA;…;0;
168;141;...;NA;…;0;
168;142;NA;NA;…;1;
168;151;NA;NA;…;1;
168;162;11;5;0.382;0;
168;172;NA;NA;…;0;
168;181;NA;NA;…;0;
168;201;...;NA;…;0;
168;222;NA;NA;…;0;
168;233;NA;NA;…;1;
168;235;NA;NA;…;0;
168;237;...;NA;…;1;
168;251;...;NA;…;1;
168;256;33;10;0.651;0;
168;259;NA;NA;…;0;
168;261;NA;NA;…;1;
168;274;NA;NA;…;0;
168;279;NA;NA;…;0;
168;282;115;5;3.376;1;
168;284;NA;NA;…;1;
168;289;NA;NA;…;0;
168;293;NA;NA;…;0;
168;310;166;5;4.935;1;
168;325;NA;NA;…;0;
168;331;NA;NA;…;0;
168;360;NA;NA;…;0;
168;381;...;NA;…;1;
168;382;NA;NA;…;1;
168;411;...;NA;…;0;
168;412;284;37;2.023;1;
168;421;NA;5;…;1;
168;422;19;4;0.507;0;
168;429;NA;NA;…;0;
168;431;NA;NA;…;1;
168;432;49;17;0.542;0;
168;433;40;13;0.914;0;
168;439;72;7;1.491;1;
168;451;30;7;0.529;0;
168;452;93;8;21.febr;1;
168;453;...;NA;…;0;
168;461;23;5;0.667;0;
168;462;25;5;1.624;1;
168;463;30;6;0.439;0;
168;464;...;NA;…;0;
168;466;NA;NA;…;0;
168;467;93;13;1.669;1;
168;469;...;NA;…;0;
168;471;204;49;0.933;0;
168;472;146;19;2.645;1;
168;473;...;NA;…;0;
168;475;60;16;1.176;1;
168;476;24;11;06.jan;1;
168;477;130;39;0.883;0;
168;478;14;5;1.052;1;
168;479;15;6;0.703;0;
168;493;...;NA;…;0;
168;494;31;8;0.251;0;
168;503;NA;NA;…;1;
168;521;NA;NA;…;0;
168;522;31.432;4;0.323;0;
168;532;NA;NA;…;0;
168;551;61;4;1.501;1;
168;552;NA;NA;…;1;
168;553;...;NA;…;1;
168;559;...;NA;…;0;
168;561;165;39;1.108;1;
168;562;NA;5;…;1;
168;563;103;32;2.581;1;
168;581;NA;NA;…;0;
168;601;...;NA;…;1;
168;611;...;NA;…;1;
168;620;...;NA;…;0;
168;631;NA;NA;…;0;
168;641;NA;NA;…;1;
168;662;...;NA;…;0;
168;681;...;NA;…;0;
168;682;74;10;1.542;1;
168;683;14;4;0.558;0;
168;691;13;6;0.678;0;
168;692;39;15;0.342;0;
168;702;23;10;0.427;0;
168;711;22;6;0.39;0;
168;732;NA;NA;…;0;
168;749;...;NA;…;0;
168;750;NA;NA;…;0;
168;772;...;NA;…;1;
168;781;NA;NA;…;1;
168;799;NA;NA;…;1;
168;801;...;NA;…;0;
168;802;...;NA;…;0;
168;812;...;NA;…;0;
168;821;NA;NA;…;0;
168;829;17;5;0.289;0;
168;841;1375;22;2.057;1;
168;842;NA;NA;…;0;
168;851;102;4;1.206;1;
168;852;682;21;2.762;1;
168;853;...;NA;…;0;
168;855;...;NA;…;0;
168;861;NA;NA;…;0;
168;862;109;19;1.574;1;
168;869;NA;NA;…;0;
168;873;271;7;4.011;1;
168;881;...;NA;…;0;
168;889;...;NA;…;0;
168;910;...;NA;…;0;
168;931;53;8;2.042;1;
168;932;52;8;3.129;1;
168;941;NA;NA;…;0;
168;949;19;5;0.41;0;
168;951;NA;NA;…;0;
168;952;...;NA;…;0;
168;960;38;13;0.775;0;
169;11;360;51;21.márc;1;
169;12;NA;NA;…;0;
169;14;168;23;1.777;1;
169;15;33;7;2.068;1;
169;16;81;23;2.725;1;
169;17;8;4;2.776;1;
169;22;NA;NA;…;0;
169;24;NA;NA;…;0;
169;101;...;NA;…;0;
169;102;NA;NA;…;1;
169;106;NA;NA;…;1;
169;107;86;12;0.977;0;
169;110;...;NA;…;0;
169;139;NA;NA;…;0;
169;141;55.377;7;0.621;0;
169;151;NA;NA;…;1;
169;152;NA;NA;…;0;
169;161;...;NA;…;0;
169;162;74;9;1.584;1;
169;172;NA;NA;…;0;
169;181;...;NA;…;0;
169;201;NA;NA;…;0;
169;222;NA;NA;…;0;
169;231;NA;NA;…;1;
169;245;NA;NA;…;1;
169;251;82;9;0.977;0;
169;256;302;23;3.672;1;
169;259;NA;NA;…;0;
169;274;NA;NA;…;0;
169;279;NA;NA;…;0;
169;282;145;14;2.625;1;
169;283;NA;NA;…;1;
169;289;48;4;1.722;1;
169;292;NA;NA;…;1;
169;302;NA;NA;…;0;
169;310;25;5;0.458;0;
169;331;17;4;0.434;0;
169;332;NA;4;…;1;
169;353;NA;NA;…;0;
169;370;NA;NA;…;1;
169;381;NA;NA;…;1;
169;383;...;NA;…;0;
169;390;NA;NA;…;0;
169;411;...;NA;…;0;
169;412;295;53;1.296;1;
169;421;28;6;0.477;0;
169;422;54;11;0.889;0;
169;429;NA;7;…;1;
169;431;43;12;1.328;1;
169;432;266;41;1.813;1;
169;433;52;14;0.733;0;
169;439;66;14;0.843;0;
169;451;55;9;0.598;0;
169;452;42;10;0.616;0;
169;453;50;4;1.331;1;
169;461;33;9;0.59;0;
169;462;51;11;2.044;1;
169;463;111;17;1.001;1;
169;464;52;9;0.471;0;
169;465;NA;NA;…;0;
169;466;NA;NA;…;0;
169;467;47;12;0.52;0;
169;469;...;NA;…;0;
169;471;400;86;1.129;1;
169;472;155;35;1.732;1;
169;473;43;6;2.045;1;
169;474;NA;NA;…;0;
169;475;92;16;1.112;1;
169;476;...;NA;…;0;
169;477;216;65;0.904;0;
169;478;20;10;0.927;0;
169;479;32;12;0.925;0;
169;493;24;7;0.198;0;
169;494;276;57;1.379;1;
169;521;NA;NA;…;1;
169;522;39;5;0.248;0;
169;532;28;5;2.343;1;
169;552;NA;NA;…;0;
169;561;218;66;0.903;0;
169;562;46;7;1.135;1;
169;563;160;65;2.473;1;
169;581;NA;NA;…;0;
169;582;NA;NA;…;0;
169;591;...;NA;…;0;
169;601;NA;NA;…;1;
169;602;NA;NA;…;0;
169;620;NA;NA;…;0;
169;631;...;NA;…;0;
169;639;NA;NA;…;0;
169;641;NA;NA;…;0;
169;642;NA;NA;…;0;
169;661;12;5;0.801;0;
169;662;...;NA;…;0;
169;681;15;4;0.25;0;
169;682;45;11;0.578;0;
169;683;NA;NA;…;0;
169;691;15;6;0.482;0;
169;692;41;14;0.222;0;
169;702;21;6;0.241;0;
169;711;46;10;0.504;0;
169;712;...;NA;…;0;
169;721;NA;NA;…;0;
169;732;...;NA;…;1;
169;742;NA;NA;…;0;
169;749;25;7;0.784;0;
169;750;...;NA;…;1;
169;771;NA;NA;…;0;
169;773;...;NA;…;1;
169;781;...;NA;…;0;
169;791;NA;NA;…;0;
169;799;NA;NA;…;1;
169;802;56;4;1.595;1;
169;803;NA;NA;…;0;
169;812;19;7;0.172;0;
169;813;NA;NA;…;0;
169;821;NA;NA;…;0;
169;829;71;9;0.744;0;
169;841;1623;18;1.498;1;
169;851;188;6;1.37;1;
169;852;1092;21;2.727;1;
169;853;534;8;2.297;1;
169;855;27;5;0.785;0;
169;856;NA;NA;…;0;
169;862;141;32;1.256;1;
169;869;...;NA;…;0;
169;872;NA;NA;…;1;
169;873;327;7;2.985;1;
169;881;301;11;7.248;1;
169;889;...;NA;…;0;
169;900;16;4;0.426;0;
169;910;...;NA;…;0;
169;920;10;4;0.882;0;
169;931;...;NA;…;0;
169;932;31;6;1.151;1;
169;942;NA;NA;…;1;
169;949;24;6;0.319;0;
169;951;NA;NA;…;0;
169;952;22;6;1.457;1;
169;960;125;29;1.573;1;
170;11;284;37;2.455;1;
170;12;47;13;3.616;1;
170;13;...;NA;…;1;
170;14;176;15;1.805;1;
170;15;522;5;31.713;1;
170;16;92;13;3;1;
170;21;17;4;3.98;1;
170;22;...;NA;…;0;
170;24;25;6;2.151;1;
170;31;NA;NA;…;1;
170;32;NA;NA;…;1;
170;81;NA;NA;…;0;
170;101;...;NA;…;0;
170;103;NA;NA;…;0;
170;106;NA;NA;…;1;
170;107;30;6;0.33;0;
170;110;134;9;3.865;1;
170;139;...;NA;…;0;
170;141;129;8;1.403;1;
170;151;NA;NA;…;0;
170;152;1491;16;54.735;1;
170;162;232;27;4.814;1;
170;172;NA;NA;…;0;
170;181;...;NA;…;0;
170;212;NA;NA;…;0;
170;222;19;5;0.19;0;
170;231;NA;NA;…;0;
170;233;NA;NA;…;0;
170;234;...;NA;…;0;
170;235;NA;NA;…;0;
170;236;...;NA;…;0;
170;239;NA;NA;…;1;
170;251;138;16;1.594;1;
170;252;...;NA;…;1;
170;255;NA;NA;…;1;
170;256;124;15;1.462;1;
170;257;40;6;2.228;1;
170;259;...;NA;…;1;
170;265;NA;NA;…;1;
170;273;NA;NA;…;1;
170;279;NA;NA;…;1;
170;282;...;NA;…;0;
170;289;...;NA;…;1;
170;293;NA;NA;…;0;
170;310;NA;NA;…;0;
170;324;NA;NA;…;0;
170;325;30;4;0.989;0;
170;329;...;NA;…;0;
170;331;14;5;0.347;0;
170;332;NA;NA;…;0;
170;353;NA;NA;…;0;
170;360;NA;NA;…;0;
170;370;NA;NA;…;0;
170;381;NA;NA;…;0;
170;382;NA;NA;…;0;
170;383;NA;NA;…;0;
170;411;...;NA;…;0;
170;412;300;50;1.278;1;
170;421;50;6;0.825;0;
170;422;17;6;0.271;0;
170;429;...;NA;…;0;
170;431;27;6;0.808;0;
170;432;237;35;1.566;1;
170;433;159;39;2.173;1;
170;439;170;33;2.105;1;
170;451;125;15;1.318;1;
170;452;355;19;5.045;1;
170;453;19;8;0.49;0;
170;454;NA;NA;…;0;
170;461;28;13;0.485;0;
170;462;23;7;0.893;0;
170;463;69;9;0.603;0;
170;464;19;5;0.167;0;
170;466;...;NA;…;0;
170;467;77;11;0.826;0;
170;469;50;5;0.522;0;
170;471;195;59;0.533;0;
170;472;113;28;1.224;1;
170;473;33;4;1.522;1;
170;474;13;5;0.695;0;
170;475;112;26;1.313;1;
170;476;14;6;0.558;0;
170;477;155;52;0.629;0;
170;478;13;6;0.584;0;
170;479;22;11;0.616;0;
170;493;40;7;0.321;0;
170;494;579;60;2.805;1;
170;511;NA;NA;…;1;
170;521;NA;NA;…;1;
170;522;...;NA;…;0;
170;532;31;5;2.515;1;
170;551;39;6;0.574;0;
170;552;...;NA;…;1;
170;559;NA;NA;…;0;
170;561;205;60;0.823;0;
170;562;NA;NA;…;0;
170;563;79;32;1.184;1;
170;582;NA;NA;…;0;
170;592;...;NA;…;1;
170;602;NA;NA;…;0;
170;611;NA;NA;…;0;
170;620;...;NA;…;0;
170;631;NA;NA;…;0;
170;641;...;NA;…;1;
170;662;10;5;0.613;0;
170;681;...;NA;…;0;
170;682;72;15;0.897;0;
170;683;10;5;0.238;0;
170;691;NA;NA;…;0;
170;692;76;24;0.398;0;
170;702;35;12;0.389;0;
170;711;62;14;0.658;0;
170;712;NA;NA;…;0;
170;721;...;NA;…;0;
170;722;NA;NA;…;0;
170;731;...;NA;…;0;
170;732;NA;NA;…;0;
170;742;...;NA;…;0;
170;749;97;11;2.95;1;
170;750;...;NA;…;1;
170;772;...;NA;…;1;
170;773;NA;NA;…;1;
170;781;...;NA;…;1;
170;782;...;NA;…;0;
170;791;...;NA;…;0;
170;801;NA;4;…;0;
170;802;47;5;1.298;1;
170;803;NA;NA;…;0;
170;812;10;4;0.088;0;
170;821;NA;NA;…;0;
170;823;NA;NA;…;1;
170;829;19;6;0.193;0;
170;841;753;49;0.674;0;
170;842;NA;NA;…;0;
170;851;245;15;1.731;1;
170;852;947;18;2.293;1;
170;853;279;4;1.164;1;
170;855;15;6;0.423;0;
170;856;NA;NA;…;0;
170;861;NA;NA;…;0;
170;862;92;30;0.794;0;
170;869;...;NA;…;0;
170;873;...;NA;…;1;
170;879;NA;NA;…;0;
170;881;NA;NA;…;0;
170;910;29;4;0.607;0;
170;931;25;7;0.576;0;
170;932;NA;NA;…;0;
170;941;NA;NA;…;0;
170;949;NA;NA;…;0;
170;951;...;NA;…;1;
170;952;...;NA;…;0;
170;960;54;16;0.659;0;
171;11;267;49;2.31;1;
171;13;NA;NA;…;0;
171;14;676;18;6.938;1;
171;15;NA;NA;…;0;
171;16;35;6;1.142;1;
171;21;NA;NA;…;0;
171;22;NA;NA;…;0;
171;24;9;4;0.775;0;
171;31;NA;NA;…;1;
171;32;15;4;7.301;1;
171;101;...;NA;…;0;
171;106;...;NA;…;1;
171;107;66;7;0.727;0;
171;108;...;NA;…;0;
171;109;NA;NA;…;0;
171;110;19;5;0.548;0;
171;139;NA;NA;…;0;
171;141;525;13;5.715;1;
171;151;...;NA;…;1;
171;152;...;NA;…;1;
171;161;38;4;2.185;1;
171;162;64;10;1.329;1;
171;181;...;NA;…;0;
171;201;NA;NA;…;1;
171;221;...;NA;…;0;
171;222;NA;NA;…;0;
171;231;NA;NA;…;0;
171;236;...;NA;…;0;
171;241;NA;NA;…;1;
171;243;NA;NA;…;1;
171;251;380;36;4.393;1;
171;252;NA;NA;…;1;
171;253;NA;NA;…;1;
171;256;222;29;2.619;1;
171;257;...;NA;…;0;
171;259;118;13;03.ápr;1;
171;263;NA;NA;…;0;
171;265;NA;NA;…;0;
171;266;NA;NA;…;0;
171;267;NA;NA;…;1;
171;275;NA;NA;…;0;
171;279;NA;NA;…;0;
171;281;NA;NA;…;0;
171;282;29;5;0.509;0;
171;284;NA;NA;…;1;
171;291;NA;NA;…;0;
171;293;NA;NA;…;0;
171;310;20;4;0.356;0;
171;321;NA;NA;…;0;
171;324;NA;NA;…;0;
171;325;20;5;0.66;0;
171;329;...;NA;…;0;
171;331;26;5;0.644;0;
171;351;NA;NA;…;0;
171;353;NA;NA;…;1;
171;360;NA;NA;…;0;
171;370;NA;NA;…;0;
171;381;NA;NA;…;0;
171;411;NA;NA;…;0;
171;412;265;27;1.129;1;
171;421;32;4;0.529;0;
171;422;45;6;0.719;0;
171;429;33;7;2.266;1;
171;431;67;10;2.007;1;
171;432;201;40;1.33;1;
171;433;60;18;0.821;0;
171;439;59;14;0.731;0;
171;451;87;10;0.918;0;
171;452;119;21;1.692;1;
171;453;39;6;1.007;1;
171;454;NA;NA;…;1;
171;461;14;6;0.243;0;
171;462;28;8;1.089;1;
171;463;18;5;0.157;0;
171;464;8;4;0.07;0;
171;465;NA;NA;…;1;
171;466;NA;NA;…;0;
171;467;190;19;04.febr;1;
171;469;63;8;0.658;0;
171;471;297;43;0.813;0;
171;472;85;26;0.922;0;
171;473;36;9;1.661;1;
171;474;16;4;0.856;0;
171;475;131;20;1.537;1;
171;476;21;6;0.838;0;
171;477;285;83;1.158;1;
171;478;25;7;1.124;1;
171;479;44;19;1.234;1;
171;493;...;NA;…;0;
171;494;139;33;0.674;0;
171;522;20;4;0.123;0;
171;532;NA;NA;…;0;
171;551;NA;NA;…;0;
171;552;NA;NA;…;0;
171;561;227;49;0.912;0;
171;562;...;NA;…;0;
171;563;135;55;2.024;1;
171;581;38;6;1.174;1;
171;602;NA;NA;…;0;
171;620;29;5;0.207;0;
171;631;NA;NA;…;0;
171;641;...;NA;…;0;
171;649;NA;NA;…;0;
171;662;21;10;1.289;1;
171;681;20;6;0.323;0;
171;682;33;12;0.411;0;
171;683;NA;NA;…;1;
171;691;24;7;0.749;0;
171;692;101;23;0.53;0;
171;701;NA;NA;…;1;
171;702;58;10;0.645;0;
171;711;79;22;0.839;0;
171;712;17;5;0.862;0;
171;722;NA;NA;…;1;
171;731;...;NA;…;0;
171;732;...;NA;…;1;
171;741;NA;NA;…;1;
171;742;...;NA;…;0;
171;749;24;12;0.731;0;
171;750;...;NA;…;1;
171;772;NA;NA;…;0;
171;773;...;NA;…;0;
171;782;...;NA;…;1;
171;801;10;5;0.13;0;
171;802;19;5;0.525;0;
171;812;NA;4;…;0;
171;813;NA;NA;…;0;
171;821;...;NA;…;0;
171;829;55;10;0.559;0;
171;841;1176;40;1.053;1;
171;842;NA;NA;…;0;
171;851;231;13;1.634;1;
171;852;714;21;1.73;1;
171;853;179;5;0.747;0;
171;855;17;6;0.479;0;
171;861;NA;NA;…;1;
171;862;111;38;0.959;0;
171;869;123;7;2.068;1;
171;873;221;4;1.957;1;
171;881;...;NA;…;1;
171;889;...;NA;…;0;
171;910;NA;NA;…;0;
171;920;NA;NA;…;0;
171;931;...;NA;…;0;
171;932;17;4;0.612;0;
171;941;NA;NA;…;0;
171;949;...;NA;…;0;
171;951;18;4;2.136;1;
171;952;19;5;1.221;1;
171;960;178;25;2.173;1;
172;11;671;90;3.219;1;
172;12;28;6;1.196;1;
172;13;NA;NA;…;0;
172;14;416;31;2.368;1;
172;15;15;5;0.506;0;
172;16;72;13;1.303;1;
172;17;8;4;1.494;1;
172;21;NA;NA;…;1;
172;24;10;4;0.478;0;
172;31;NA;NA;…;1;
172;81;NA;NA;…;1;
172;101;28;4;0.187;0;
172;103;14;4;0.276;0;
172;106;...;NA;…;1;
172;107;210;20;1.283;1;
172;108;NA;NA;…;0;
172;109;...;NA;…;0;
172;110;27;7;0.432;0;
172;139;...;NA;…;0;
172;141;380;17;2.294;1;
172;142;NA;NA;…;1;
172;143;...;NA;…;1;
172;152;NA;NA;…;1;
172;161;33;6;1.052;1;
172;162;63;10;0.726;0;
172;181;NA;NA;…;0;
172;182;NA;NA;…;0;
172;221;NA;NA;…;1;
172;222;NA;NA;…;0;
172;236;271;8;7.302;1;
172;237;...;NA;…;0;
172;243;59;4;4.507;1;
172;245;NA;NA;…;0;
172;251;417;25;2.673;1;
172;252;NA;NA;…;0;
172;255;NA;NA;…;1;
172;256;197;14;1.289;1;
172;257;NA;NA;…;0;
172;262;NA;NA;…;0;
172;273;NA;NA;…;1;
172;274;NA;NA;…;1;
172;279;...;NA;…;0;
172;289;...;NA;…;0;
172;310;132;13;1.302;1;
172;324;NA;NA;…;1;
172;325;NA;NA;…;0;
172;329;NA;NA;…;0;
172;331;NA;6;…;1;
172;332;...;NA;…;1;
172;351;NA;NA;…;1;
172;353;NA;NA;…;1;
172;360;NA;NA;…;1;
172;370;NA;NA;…;1;
172;381;NA;NA;…;0;
172;382;NA;NA;…;0;
172;383;NA;NA;…;0;
172;411;...;NA;…;0;
172;412;601;70;1.421;1;
172;421;NA;8;…;1;
172;422;428;13;3.792;1;
172;429;19;5;0.724;0;
172;431;46;12;0.764;0;
172;432;654;67;2.399;1;
172;433;294;48;23.febr;1;
172;439;213;33;1.464;1;
172;451;93;23;0.544;0;
172;452;124;33;0.978;0;
172;453;47;7;0.673;0;
172;454;...;NA;…;0;
172;461;38;6;0.366;0;
172;462;11;5;0.237;0;
172;463;44;10;0.213;0;
172;464;27;7;0.132;0;
172;465;...;NA;…;0;
172;466;...;NA;…;0;
172;467;104;12;0.619;0;
172;469;31;7;0.18;0;
172;471;379;80;0.576;0;
172;472;205;47;1.233;1;
172;473;29;6;0.742;0;
172;474;...;NA;…;0;
172;475;206;47;1.34;1;
172;476;55;16;1.217;1;
172;477;401;119;0.903;0;
172;478;40;16;0.997;0;
172;479;67;17;1.042;1;
172;493;31;5;0.138;0;
172;494;348;46;0.936;0;
172;503;NA;NA;…;1;
172;504;NA;NA;…;1;
172;522;58;6;0.198;0;
172;531;NA;NA;…;0;
172;532;NA;NA;…;0;
172;551;42;4;0.343;0;
172;552;...;NA;…;0;
172;559;NA;NA;…;1;
172;561;385;66;0.858;0;
172;562;103;12;1.368;1;
172;563;208;65;1.73;1;
172;582;NA;NA;…;0;
172;591;NA;NA;…;0;
172;601;...;NA;…;1;
172;602;...;NA;…;1;
172;611;NA;NA;…;0;
172;619;NA;NA;…;0;
172;620;NA;15;…;1;
172;631;NA;NA;…;1;
172;639;NA;NA;…;0;
172;641;...;NA;…;0;
172;642;NA;NA;…;0;
172;649;...;NA;…;0;
172;661;NA;4;…;1;
172;662;11;5;0.375;0;
172;681;38;13;0.34;0;
172;682;55;15;0.38;0;
172;683;...;NA;…;0;
172;691;28;7;0.484;0;
172;692;294;35;0.855;0;
172;701;NA;NA;…;0;
172;702;63;22;0.388;0;
172;711;95;35;0.56;0;
172;712;20;7;0.562;0;
172;731;22;6;0.357;0;
172;732;NA;NA;…;0;
172;741;...;NA;…;1;
172;743;...;NA;…;0;
172;749;91;23;1.536;1;
172;750;27;5;2.795;1;
172;771;11;5;0.777;0;
172;772;...;NA;…;0;
172;773;NA;NA;…;0;
172;781;...;NA;…;0;
172;782;NA;NA;…;0;
172;801;71;8;0.51;0;
172;802;NA;4;…;1;
172;803;NA;NA;…;0;
172;811;NA;NA;…;0;
172;812;1281;17;6.238;1;
172;813;...;NA;…;0;
172;821;NA;4;…;1;
172;829;83;9;0.468;0;
172;841;811;30;0.403;0;
172;842;NA;NA;…;0;
172;851;406;17;1.592;1;
172;852;1236;34;1.661;1;
172;853;275;7;0.637;0;
172;855;24;8;0.375;0;
172;856;NA;NA;…;1;
172;862;270;44;1.294;1;
172;869;9;4;0.084;0;
172;872;...;NA;…;1;
172;873;313;7;1.537;1;
172;881;82;6;1.062;1;
172;889;156;7;1.345;1;
172;900;13;5;0.186;0;
172;910;50;4;0.581;0;
172;920;...;NA;…;0;
172;931;97;9;24.jan;1;
172;932;69;11;1.378;1;
172;949;63;13;0.451;0;
172;951;11;4;0.724;0;
172;952;28;11;0.998;0;
172;960;72;30;0.488;0;
173;11;341;65;1.011;1;
173;12;65;18;1.716;1;
173;14;137;19;0.482;0;
173;15;NA;NA;…;1;
173;16;117;30;1.309;1;
173;21;...;NA;…;0;
173;22;NA;NA;…;0;
173;23;NA;NA;…;1;
173;24;95;22;2.804;1;
173;31;NA;NA;…;1;
173;101;82;8;0.338;0;
173;105;NA;NA;…;1;
173;106;NA;NA;…;1;
173;107;130;17;0.491;0;
173;108;26;5;0.262;0;
173;110;201;31;1.989;1;
173;132;NA;NA;…;0;
173;133;NA;NA;…;0;
173;139;111;5;0.767;0;
173;141;348;18;1.298;1;
173;151;NA;NA;…;1;
173;152;NA;NA;…;0;
173;161;...;NA;…;0;
173;162;139;20;0.989;0;
173;172;NA;NA;…;0;
173;181;70;13;0.511;0;
173;201;NA;NA;…;0;
173;222;269;15;0.925;0;
173;232;...;NA;…;0;
173;233;NA;NA;…;0;
173;234;79;6;1.985;1;
173;236;58;7;0.966;0;
173;237;...;NA;…;0;
173;243;NA;NA;…;0;
173;251;254;21;1.006;1;
173;252;NA;NA;…;1;
173;255;NA;NA;…;1;
173;256;131;25;0.53;0;
173;257;39;5;0.745;0;
173;259;138;9;1.724;1;
173;263;NA;NA;…;0;
173;265;NA;NA;…;1;
173;267;NA;NA;…;1;
173;271;NA;NA;…;1;
173;273;...;NA;…;1;
173;279;NA;NA;…;0;
173;281;...;NA;…;0;
173;282;26;5;0.157;0;
173;283;NA;NA;…;0;
173;284;...;NA;…;1;
173;289;137;10;1.634;1;
173;293;...;NA;…;0;
173;310;266;13;1.622;1;
173;321;NA;NA;…;0;
173;323;NA;NA;…;0;
173;325;...;NA;…;0;
173;329;...;NA;…;0;
173;331;39;10;0.331;0;
173;332;...;NA;…;0;
173;351;NA;NA;…;0;
173;353;...;NA;…;1;
173;360;NA;NA;…;1;
173;370;NA;NA;…;0;
173;381;236;6;2.609;1;
173;411;21;5;0.361;0;
173;412;776;116;1.134;1;
173;421;64;8;0.362;0;
173;422;366;26;2.004;1;
173;429;74;10;1.742;1;
173;431;129;27;1.325;1;
173;432;412;73;0.934;0;
173;433;203;48;0.952;0;
173;439;309;44;1.312;1;
173;451;269;31;0.973;0;
173;452;185;46;0.902;0;
173;453;98;26;0.867;0;
173;461;100;25;0.595;0;
173;462;218;15;2.905;1;
173;463;132;24;0.396;0;
173;464;376;21;1.132;1;
173;465;NA;NA;…;0;
173;466;141;11;1.495;1;
173;467;400;40;1.472;1;
173;469;187;23;0.669;0;
173;471;332;99;0.312;0;
173;472;325;69;1.208;1;
173;473;61;8;0.965;0;
173;474;47;13;0.862;0;
173;475;277;55;1.114;1;
173;476;51;15;0.697;0;
173;477;750;131;1.044;1;
173;478;29;11;0.447;0;
173;479;119;26;1.144;1;
173;493;NA;13;…;1;
173;494;501;84;0.833;0;
173;521;35;4;0.575;0;
173;522;339;16;0.716;0;
173;531;NA;NA;…;0;
173;532;62;9;1.725;1;
173;551;32;10;0.161;0;
173;552;NA;NA;…;0;
173;559;62;4;1.917;1;
173;561;582;125;0.802;0;
173;562;84;8;0.689;0;
173;563;145;56;0.745;0;
173;581;74;7;0.783;0;
173;582;30;5;0.654;0;
173;591;25;4;0.62;0;
173;601;...;NA;…;1;
173;602;31;9;1.169;1;
173;611;NA;NA;…;1;
173;619;NA;NA;…;0;
173;620;99;24;0.242;0;
173;631;37;8;0.479;0;
173;639;NA;NA;…;0;
173;641;NA;NA;…;0;
173;649;...;NA;…;0;
173;661;37;7;0.821;0;
173;662;82;24;1.726;1;
173;681;197;26;09.jan;1;
173;682;199;34;0.851;0;
173;683;59;18;0.482;0;
173;691;161;36;1.721;1;
173;692;202;76;0.363;0;
173;702;255;48;0.971;0;
173;711;306;63;1.114;1;
173;712;66;10;1.147;1;
173;721;...;NA;…;0;
173;722;NA;NA;…;0;
173;731;46;9;0.461;0;
173;732;11;4;0.463;0;
173;741;...;NA;…;0;
173;742;13;5;0.671;0;
173;743;...;NA;…;0;
173;749;39;19;0.407;0;
173;750;NA;NA;…;0;
173;771;21;5;0.917;0;
173;772;...;NA;…;0;
173;773;45;6;05.jan;1;
173;781;NA;NA;…;0;
173;791;78;9;1.531;1;
173;799;NA;NA;…;0;
173;801;92;14;0.409;0;
173;802;26;5;0.246;0;
173;812;404;34;1.216;1;
173;813;NA;NA;…;1;
173;821;15;6;0.262;0;
173;822;...;NA;…;1;
173;823;21;5;0.805;0;
173;829;77;22;0.268;0;
173;841;3500;56;1.074;1;
173;842;1774;7;2.675;1;
173;843;488;4;6.278;1;
173;851;551;22;1.336;1;
173;852;991;28;0.823;0;
173;853;2457;20;3.515;1;
173;854;NA;NA;…;0;
173;855;100;27;0.966;0;
173;856;NA;NA;…;0;
173;861;NA;NA;…;1;
173;862;255;82;0.755;0;
173;869;NA;8;…;0;
173;873;1063;10;3.227;1;
173;879;NA;NA;…;1;
173;881;105;5;0.841;0;
173;889;90;5;0.48;0;
173;900;50;7;0.443;0;
173;910;147;9;1.055;1;
173;920;...;NA;…;0;
173;931;144;18;1.138;1;
173;932;61;14;0.753;0;
173;941;37;6;2.272;1;
173;942;NA;NA;…;1;
173;949;153;21;0.677;0;
173;951;15;6;0.61;0;
173;952;27;11;0.595;0;
173;960;179;57;0.749;0;
174;11;539;102;4.408;1;
174;12;18;6;1.311;1;
174;14;141;24;1.368;1;
174;15;29;4;1.667;1;
174;16;121;22;3.734;1;
174;17;...;NA;…;1;
174;21;10;5;2.215;1;
174;22;NA;7;…;1;
174;23;NA;NA;…;1;
174;24;57;17;4.641;1;
174;31;...;NA;…;1;
174;32;NA;4;…;1;
174;101;414;6;4.712;1;
174;103;15;4;0.505;0;
174;106;NA;NA;…;1;
174;107;144;18;05.jan;1;
174;108;NA;NA;…;0;
174;109;NA;NA;…;0;
174;110;28;11;0.764;0;
174;139;...;NA;…;1;
174;141;105;10;1.081;1;
174;142;NA;NA;…;1;
174;151;NA;NA;…;0;
174;152;...;NA;…;1;
174;161;NA;NA;…;1;
174;162;52;11;1.021;1;
174;172;...;NA;…;0;
174;181;NA;NA;…;0;
174;222;...;NA;…;0;
174;237;NA;NA;…;0;
174;251;83;8;0.907;0;
174;252;...;NA;…;1;
174;256;78;15;0.87;0;
174;257;...;NA;…;1;
174;259;...;NA;…;0;
174;265;NA;NA;…;0;
174;271;NA;NA;…;0;
174;273;...;NA;…;0;
174;274;466;6;57.578;1;
174;275;NA;NA;…;0;
174;279;NA;NA;…;0;
174;282;...;NA;…;0;
174;301;NA;NA;…;1;
174;303;NA;NA;…;1;
174;310;...;NA;…;0;
174;323;NA;NA;…;1;
174;329;...;NA;…;0;
174;331;...;NA;…;0;
174;360;...;NA;…;0;
174;370;...;NA;…;1;
174;411;...;NA;…;1;
174;412;315;47;1.269;1;
174;421;NA;NA;…;0;
174;422;...;NA;…;0;
174;429;33;4;2.143;1;
174;431;144;25;4.079;1;
174;432;190;38;1.188;1;
174;433;157;31;2.031;1;
174;439;55;15;0.644;0;
174;451;164;30;1.636;1;
174;452;46;12;0.619;0;
174;453;28;6;0.684;0;
174;454;NA;NA;…;1;
174;461;23;5;0.377;0;
174;462;51;10;1.875;1;
174;463;39;6;0.323;0;
174;464;16;6;0.133;0;
174;465;NA;NA;…;0;
174;466;...;NA;…;0;
174;467;164;14;1.665;1;
174;469;NA;NA;…;0;
174;471;688;87;1.781;1;
174;472;81;28;0.83;0;
174;473;30;9;1.309;1;
174;474;...;NA;…;1;
174;475;132;21;1.464;1;
174;476;10;4;0.377;0;
174;477;245;69;0.941;0;
174;478;20;8;0.85;0;
174;479;18;8;0.477;0;
174;493;...;NA;…;0;
174;494;210;38;0.963;0;
174;521;NA;NA;…;0;
174;522;...;NA;…;0;
174;532;...;NA;…;0;
174;552;...;NA;…;1;
174;559;...;NA;…;0;
174;561;278;61;1.056;1;
174;562;38;5;0.86;0;
174;563;119;39;1.687;1;
174;581;NA;NA;…;0;
174;582;NA;NA;…;0;
174;591;NA;NA;…;0;
174;601;NA;NA;…;1;
174;611;14;4;0.531;0;
174;620;8;4;0.054;0;
174;639;NA;NA;…;0;
174;641;85;4;0.732;0;
174;642;NA;NA;…;0;
174;661;...;NA;…;0;
174;662;...;NA;…;0;
174;681;65;9;0.992;0;
174;682;71;17;0.837;0;
174;683;NA;NA;…;0;
174;691;23;6;0.678;0;
174;692;55;18;0.273;0;
174;702;25;11;0.263;0;
174;711;38;8;0.382;0;
174;721;NA;NA;…;1;
174;731;15;7;0.415;0;
174;742;NA;NA;…;0;
174;749;20;6;0.576;0;
174;771;...;NA;…;0;
174;773;NA;NA;…;0;
174;782;NA;NA;…;0;
174;783;NA;NA;…;0;
174;791;...;NA;…;0;
174;801;NA;NA;…;0;
174;802;28;5;0.731;0;
174;811;NA;NA;…;0;
174;812;NA;NA;…;0;
174;813;11;4;0.563;0;
174;821;NA;NA;…;0;
174;823;NA;NA;…;0;
174;829;84;12;0.807;0;
174;841;2328;68;1.971;1;
174;842;NA;NA;…;0;
174;851;480;14;21.márc;1;
174;852;688;25;1.576;1;
174;853;209;8;0.825;0;
174;855;21;6;0.56;0;
174;856;NA;NA;…;0;
174;861;NA;NA;…;0;
174;862;70;28;0.572;0;
174;869;106;4;1.685;1;
174;873;397;6;3.324;1;
174;881;39;6;0.861;0;
174;889;100;5;1.47;1;
174;900;...;NA;…;0;
174;910;31;7;0.614;0;
174;920;NA;NA;…;0;
174;931;9;4;0.196;0;
174;932;24;8;0.817;0;
174;949;61;4;0.744;0;
174;951;...;NA;…;0;
174;952;25;7;1.518;1;
174;960;73;23;0.843;0;
175;11;160;26;3.947;1;
175;12;NA;NA;…;1;
175;14;39;8;1.141;1;
175;15;NA;NA;…;0;
175;16;46;6;4.281;1;
175;21;NA;NA;…;1;
175;22;NA;NA;…;0;
175;24;12;5;2.947;1;
175;31;NA;NA;…;1;
175;101;...;NA;…;1;
175;103;...;NA;…;1;
175;104;NA;NA;…;1;
175;106;NA;NA;…;0;
175;107;39;7;1.225;1;
175;108;...;NA;…;0;
175;110;...;NA;…;1;
175;131;NA;NA;…;1;
175;132;...;NA;…;1;
175;133;NA;NA;…;1;
175;139;NA;NA;…;1;
175;141;...;NA;…;0;
175;143;NA;NA;…;1;
175;161;28;4;4.59;1;
175;162;20;5;1.184;1;
175;201;NA;NA;…;0;
175;221;NA;NA;…;0;
175;237;NA;NA;…;1;
175;251;27;9;0.89;0;
175;253;NA;NA;…;1;
175;256;51;8;1.716;1;
175;257;...;NA;…;1;
175;259;NA;NA;…;0;
175;262;NA;NA;…;1;
175;281;NA;NA;…;0;
175;282;...;NA;…;0;
175;289;NA;NA;…;1;
175;293;NA;NA;…;0;
175;310;NA;NA;…;1;
175;325;NA;NA;…;0;
175;329;NA;NA;…;1;
175;331;...;NA;…;0;
175;332;NA;NA;…;0;
175;351;...;NA;…;0;
175;360;...;NA;…;0;
175;370;NA;NA;…;0;
175;383;NA;NA;…;0;
175;411;NA;NA;…;0;
175;412;194;34;2.358;1;
175;421;29;5;1.366;1;
175;422;44;8;2.005;1;
175;429;...;NA;…;1;
175;431;62;13;5.297;1;
175;432;156;32;2.943;1;
175;433;48;15;1.873;1;
175;439;94;21;3.322;1;
175;451;34;5;1.023;1;
175;452;35;9;1.42;1;
175;453;NA;NA;…;0;
175;461;...;NA;…;0;
175;462;NA;4;…;1;
175;463;NA;NA;…;0;
175;464;NA;NA;…;0;
175;467;24;4;0.735;0;
175;469;NA;NA;…;0;
175;471;290;25;2.264;1;
175;472;67;17;2.072;1;
175;473;NA;NA;…;0;
175;474;...;NA;…;0;
175;475;26;8;0.87;0;
175;476;...;NA;…;0;
175;477;88;27;02.jan;1;
175;478;12;6;1.539;1;
175;479;22;9;1.759;1;
175;493;NA;4;…;0;
175;494;102;23;1.41;1;
175;521;...;NA;…;1;
175;532;NA;NA;…;1;
175;551;NA;NA;…;0;
175;559;NA;NA;…;0;
175;561;79;23;0.905;0;
175;562;...;NA;…;1;
175;563;69;24;2.951;1;
175;581;NA;NA;…;0;
175;582;...;NA;…;0;
175;620;NA;NA;…;0;
175;641;NA;NA;…;0;
175;661;NA;NA;…;0;
175;662;...;NA;…;1;
175;681;NA;NA;…;0;
175;682;16;5;0.569;0;
175;691;...;NA;…;0;
175;692;37;12;0.553;0;
175;702;NA;NA;…;0;
175;711;19;6;0.575;0;
175;721;NA;NA;…;0;
175;732;NA;NA;…;0;
175;749;18;4;1.563;1;
175;772;...;NA;…;1;
175;773;NA;NA;…;1;
175;791;NA;NA;…;0;
175;801;17;4;0.628;0;
175;802;NA;NA;…;0;
175;811;NA;NA;…;0;
175;812;21;5;0.526;0;
175;813;NA;NA;…;1;
175;829;...;NA;…;0;
175;841;312;10;0.797;0;
175;851;...;NA;…;1;
175;852;42;4;0.29;0;
175;853;NA;NA;…;0;
175;855;...;NA;…;0;
175;861;NA;NA;…;0;
175;862;36;17;0.887;0;
175;869;...;NA;…;0;
175;873;NA;NA;…;1;
175;889;NA;NA;…;0;
175;910;NA;NA;…;1;
175;931;...;NA;…;0;
175;932;...;NA;…;1;
175;949;...;NA;…;0;
175;952;...;NA;…;0;
175;960;20;9;0.696;0;
176;11;255;26;1.879;1;
176;12;NA;NA;…;0;
176;14;181;14;1.582;1;
176;15;53;6;2.745;1;
176;16;21;6;0.584;0;
176;17;...;NA;…;1;
176;22;NA;NA;…;0;
176;24;21;7;1.54;1;
176;81;...;NA;…;1;
176;101;...;NA;…;0;
176;105;NA;NA;…;0;
176;107;150;5;1.407;1;
176;108;NA;NA;…;0;
176;110;22;6;0.541;0;
176;139;3750;8;64.379;1;
176;141;149;5;1.381;1;
176;151;NA;NA;…;1;
176;162;59;7;1.044;1;
176;181;...;NA;…;1;
176;203;NA;NA;…;1;
176;221;NA;NA;…;0;
176;222;145;8;1.239;1;
176;236;24;4;0.993;0;
176;245;NA;NA;…;0;
176;251;180;8;1.772;1;
176;256;215;5;16.febr;1;
176;282;NA;NA;…;1;
176;289;NA;NA;…;1;
176;310;15;5;0.227;0;
176;325;NA;NA;…;0;
176;331;...;NA;…;0;
176;351;NA;NA;…;0;
176;353;...;NA;…;0;
176;360;NA;NA;…;0;
176;370;...;NA;…;0;
176;381;...;NA;…;1;
176;382;...;NA;…;1;
176;411;NA;NA;…;0;
176;412;120;12;0.436;0;
176;421;NA;6;…;1;
176;422;34;7;0.463;0;
176;429;...;NA;…;0;
176;431;NA;NA;…;0;
176;432;24;7;0.135;0;
176;433;61;19;0.711;0;
176;439;36;7;0.38;0;
176;451;52;5;0.467;0;
176;452;32;8;0.388;0;
176;453;21;7;0.462;0;
176;454;...;NA;…;1;
176;461;18;5;0.266;0;
176;462;...;NA;…;0;
176;467;37;5;0.338;0;
176;469;...;NA;…;0;
176;471;235;32;0.548;0;
176;472;75;21;0.693;0;
176;473;NA;NA;…;0;
176;474;...;NA;…;0;
176;475;76;19;0.759;0;
176;476;36;8;1.223;1;
176;477;116;34;0.401;0;
176;478;23;11;0.881;0;
176;479;20;4;0.478;0;
176;493;...;NA;…;0;
176;494;215;35;0.888;0;
176;522;NA;NA;…;0;
176;532;...;NA;…;0;
176;551;NA;NA;…;0;
176;552;NA;NA;…;0;
176;561;261;51;0.893;0;
176;562;...;NA;…;0;
176;563;84;29;1.073;1;
176;581;NA;NA;…;1;
176;591;NA;NA;…;0;
176;602;NA;NA;…;0;
176;611;21;5;0.718;0;
176;620;9;4;0.055;0;
176;641;NA;NA;…;0;
176;661;...;NA;…;0;
176;662;...;NA;…;0;
176;681;18;4;0.248;0;
176;682;60;11;0.637;0;
176;683;NA;NA;…;0;
176;691;...;NA;…;0;
176;692;30;9;0.134;0;
176;702;15;5;0.142;0;
176;711;55;9;0.497;0;
176;712;...;NA;…;0;
176;722;NA;NA;…;0;
176;732;...;NA;…;0;
176;749;35;5;0.907;0;
176;771;...;NA;…;1;
176;773;...;NA;…;0;
176;782;NA;NA;…;1;
176;801;81;6;0.894;0;
176;802;NA;NA;…;0;
176;811;NA;NA;…;0;
176;812;...;NA;…;0;
176;823;...;NA;…;0;
176;829;17;4;0.147;0;
176;841;689;50;0.525;0;
176;842;...;NA;…;0;
176;851;170;14;1.024;1;
176;852;644;25;1.329;1;
176;853;...;NA;…;0;
176;855;...;NA;…;0;
176;856;NA;NA;…;0;
176;861;...;NA;…;0;
176;862;75;23;0.552;0;
176;869;NA;NA;…;0;
176;873;NA;NA;…;0;
176;881;NA;NA;…;1;
176;900;NA;NA;…;0;
176;910;42;4;0.749;0;
176;920;NA;NA;…;0;
176;931;50;8;0.982;0;
176;932;57;4;1.748;1;
176;949;...;NA;…;0;
176;952;...;NA;…;0;
176;960;53;16;0.551;0;
177;11;142;27;1.484;1;
177;12;NA;NA;…;0;
177;14;179;16;22.febr;1;
177;15;118;6;8.67;1;
177;16;...;NA;…;0;
177;17;...;NA;…;1;
177;21;NA;NA;…;1;
177;22;NA;NA;…;0;
177;24;57;20;5.932;1;
177;81;NA;NA;…;0;
177;101;NA;NA;…;1;
177;104;NA;NA;…;1;
177;105;...;NA;…;1;
177;107;...;NA;…;0;
177;110;19;5;0.663;0;
177;139;NA;NA;…;1;
177;141;26;5;0.342;0;
177;143;NA;NA;…;0;
177;152;NA;NA;…;1;
177;161;98;12;6.808;1;
177;162;169;19;4.241;1;
177;172;...;NA;…;1;
177;222;99;4;02.jan;1;
177;233;NA;NA;…;1;
177;234;63;6;5.58;1;
177;236;NA;NA;…;0;
177;237;NA;NA;…;1;
177;251;276;14;3.855;1;
177;256;...;NA;…;0;
177;257;NA;NA;…;0;
177;259;NA;NA;…;0;
177;261;NA;NA;…;0;
177;271;NA;NA;…;0;
177;281;NA;NA;…;0;
177;282;...;NA;…;0;
177;289;NA;NA;…;0;
177;291;NA;NA;…;0;
177;293;NA;NA;…;0;
177;310;1450;11;31.172;1;
177;325;NA;NA;…;0;
177;329;...;NA;…;0;
177;331;NA;NA;…;0;
177;353;NA;NA;…;1;
177;370;NA;NA;…;0;
177;381;...;NA;…;1;
177;383;NA;NA;…;0;
177;411;...;NA;…;0;
177;412;120;21;0.618;0;
177;421;NA;NA;…;0;
177;422;NA;NA;…;0;
177;429;NA;NA;…;0;
177;431;31;6;1.122;1;
177;432;43;12;0.344;0;
177;433;31;12;0.512;0;
177;439;79;23;1.183;1;
177;451;44;10;0.561;0;
177;452;100;21;1.719;1;
177;453;15;5;0.468;0;
177;461;13;4;0.273;0;
177;462;NA;NA;…;0;
177;463;43;4;0.455;0;
177;464;34;6;0.361;0;
177;465;NA;NA;…;0;
177;467;79;5;1.025;1;
177;469;...;NA;…;0;
177;471;235;36;0.778;0;
177;472;56;14;0.734;0;
177;473;70;7;3.904;1;
177;474;32;4;2.068;1;
177;475;48;13;0.68;0;
177;476;19;5;0.916;0;
177;477;244;50;1.198;1;
177;478;...;NA;…;0;
177;479;20;4;0.678;0;
177;493;NA;NA;…;0;
177;494;496;45;2.906;1;
177;521;...;NA;…;0;
177;522;67;6;0.499;0;
177;532;...;NA;…;0;
177;551;99;6;1.761;1;
177;552;14;5;3.097;1;
177;559;...;NA;…;0;
177;561;285;59;1.384;1;
177;563;97;34;1.758;1;
177;601;NA;NA;…;1;
177;611;...;NA;…;0;
177;620;14;6;0.121;0;
177;631;NA;NA;…;0;
177;641;...;NA;…;0;
177;661;NA;NA;…;0;
177;662;28;10;2.077;1;
177;681;23;6;0.449;0;
177;682;50;6;0.753;0;
177;683;...;NA;…;0;
177;691;17;6;0.641;0;
177;692;53;15;0.336;0;
177;702;15;6;0.201;0;
177;711;47;6;0.603;0;
177;712;...;NA;…;0;
177;721;NA;NA;…;0;
177;731;...;NA;…;0;
177;742;NA;NA;…;0;
177;749;NA;NA;…;0;
177;750;...;NA;…;0;
177;773;...;NA;…;1;
177;782;NA;NA;…;0;
177;783;NA;NA;…;0;
177;791;NA;NA;…;0;
177;801;17;8;0.266;0;
177;802;NA;NA;…;1;
177;812;NA;NA;…;0;
177;823;...;NA;…;0;
177;829;28;7;0.344;0;
177;841;877;76;0.949;0;
177;842;...;NA;…;0;
177;851;146;9;1.248;1;
177;852;297;18;0.87;0;
177;853;171;4;0.863;0;
177;855;42;7;1.431;1;
177;861;...;NA;…;1;
177;862;78;33;0.814;0;
177;869;NA;NA;…;0;
177;873;...;NA;…;1;
177;881;45;4;27.jan;1;
177;889;NA;NA;…;1;
177;900;20;5;0.624;0;
177;910;...;NA;…;1;
177;920;NA;NA;…;0;
177;931;NA;NA;…;0;
177;932;...;NA;…;0;
177;949;16;6;0.249;0;
177;952;...;NA;…;0;
177;960;32;11;0.472;0;
178;11;149;23;1.624;1;
178;12;33;10;3.202;1;
178;13;NA;NA;…;1;
178;14;124;20;1.604;1;
178;15;NA;NA;…;0;
178;16;24;6;0.987;0;
178;17;...;NA;…;1;
178;22;...;NA;…;0;
178;24;...;NA;…;0;
178;101;...;NA;…;0;
178;103;...;NA;…;0;
178;106;NA;NA;…;1;
178;107;104;4;1.444;1;
178;109;...;NA;…;1;
178;110;19;6;0.691;0;
178;131;NA;NA;…;1;
178;132;NA;NA;…;0;
178;139;155;7;3.937;1;
178;141;154;12;2.112;1;
178;143;NA;NA;…;0;
178;151;NA;NA;…;0;
178;161;NA;NA;…;1;
178;162;89;13;2.329;1;
178;172;NA;NA;…;0;
178;181;NA;NA;…;0;
178;222;...;NA;…;0;
178;231;NA;NA;…;1;
178;236;...;NA;…;0;
178;237;...;NA;…;1;
178;239;NA;NA;…;1;
178;251;41;5;0.597;0;
178;253;NA;NA;…;0;
178;256;165;8;2.453;1;
178;259;129;5;5.924;1;
178;267;NA;NA;…;1;
178;279;NA;NA;…;1;
178;282;...;NA;…;0;
178;293;NA;NA;…;1;
178;310;33;11;0.74;0;
178;325;...;NA;…;0;
178;331;NA;NA;…;0;
178;332;NA;NA;…;0;
178;353;NA;NA;…;0;
178;360;NA;NA;…;0;
178;370;NA;NA;…;0;
178;381;NA;NA;…;1;
178;382;...;NA;…;1;
178;411;NA;NA;…;0;
178;412;354;40;1.901;1;
178;421;...;NA;…;0;
178;422;75;5;1.51;1;
178;429;NA;NA;…;0;
178;431;...;NA;…;0;
178;432;130;21;1.084;1;
178;433;71;22;1.224;1;
178;439;65;19;1.015;1;
178;451;42;6;0.558;0;
178;452;72;21;29.jan;1;
178;453;25;7;0.814;0;
178;461;...;NA;…;0;
178;462;...;NA;…;0;
178;463;75;7;0.827;0;
178;464;50;7;0.554;0;
178;466;NA;NA;…;0;
178;467;28;8;0.379;0;
178;469;23;4;0.303;0;
178;471;137;28;0.473;0;
178;472;99;18;1.353;1;
178;473;...;NA;…;1;
178;474;...;NA;…;1;
178;475;79;16;1.168;1;
178;476;...;NA;…;0;
178;477;150;37;0.768;0;
178;478;8;4;0.453;0;
178;479;25;12;0.883;0;
178;493;...;NA;…;0;
178;494;164;20;1.002;1;
178;522;81;6;0.629;0;
178;551;392;15;7.272;1;
178;552;17;6;3.922;1;
178;553;22;5;23.031;1;
178;559;NA;NA;…;0;
178;561;564;109;2.856;1;
178;562;34;5;1.026;1;
178;563;90;33;1.701;1;
178;602;NA;NA;…;0;
178;612;NA;NA;…;0;
178;619;NA;NA;…;1;
178;620;36;8;0.323;0;
178;631;...;NA;…;0;
178;641;NA;NA;…;0;
178;662;...;NA;…;0;
178;681;20;4;0.407;0;
178;682;67;15;1.053;1;
178;683;...;NA;…;0;
178;691;...;NA;…;0;
178;692;24;9;0.159;0;
178;702;17;8;0.238;0;
178;711;39;13;0.522;0;
178;712;NA;NA;…;0;
178;722;NA;NA;…;1;
178;731;...;NA;…;0;
178;732;NA;NA;…;0;
178;741;NA;NA;…;0;
178;742;NA;NA;…;0;
178;743;...;NA;…;1;
178;749;24;5;0.921;0;
178;772;NA;NA;…;0;
178;781;NA;NA;…;1;
178;782;NA;NA;…;0;
178;801;...;NA;…;0;
178;802;NA;NA;…;0;
178;811;NA;NA;…;0;
178;812;...;NA;…;0;
178;813;...;NA;…;0;
178;829;NA;NA;…;0;
178;841;544;34;0.614;0;
178;842;...;NA;…;0;
178;851;176;5;1.569;1;
178;852;752;24;2.296;1;
178;853;236;4;1.241;1;
178;855;...;NA;…;0;
178;856;NA;NA;…;0;
178;862;161;40;1.753;1;
178;869;...;NA;…;0;
178;873;...;NA;…;0;
178;879;NA;NA;…;0;
178;881;...;NA;…;1;
178;889;NA;NA;…;1;
178;900;NA;NA;…;0;
178;910;84;9;2.217;1;
178;920;...;NA;…;0;
178;931;NA;NA;…;0;
178;932;...;NA;…;0;
178;949;35;8;0.569;0;
178;951;...;NA;…;0;
178;952;9;4;0.729;0;
178;960;272;38;4.185;1;
179;11;431;58;3.005;1;
179;13;NA;NA;…;0;
179;14;611;27;5.054;1;
179;15;87;6;4.263;1;
179;16;87;19;2.288;1;
179;17;8;4;2.171;1;
179;21;NA;NA;…;0;
179;24;25;11;1.735;1;
179;81;...;NA;…;0;
179;89;NA;NA;…;1;
179;101;1025;10;9.944;1;
179;104;NA;NA;…;0;
179;105;NA;NA;…;1;
179;107;92;9;0.817;0;
179;108;NA;NA;…;0;
179;110;...;NA;…;0;
179;139;NA;NA;…;0;
179;141;177;7;1.553;1;
179;142;NA;NA;…;1;
179;151;NA;NA;…;1;
179;152;NA;4;…;1;
179;161;...;NA;…;1;
179;162;160;14;2.678;1;
179;181;...;NA;…;0;
179;201;...;NA;…;1;
179;205;NA;NA;…;0;
179;221;NA;NA;…;0;
179;222;393;14;3.178;1;
179;236;...;NA;…;0;
179;237;...;NA;…;1;
179;251;NA;11;…;1;
179;256;161;11;1.531;1;
179;257;...;NA;…;0;
179;259;NA;NA;…;0;
179;261;NA;NA;…;0;
179;262;NA;NA;…;0;
179;267;NA;NA;…;1;
179;275;NA;NA;…;1;
179;281;NA;NA;…;0;
179;282;NA;NA;…;0;
179;283;NA;NA;…;0;
179;289;...;NA;…;0;
179;292;NA;NA;…;0;
179;293;NA;NA;…;0;
179;310;41;10;0.588;0;
179;325;...;NA;…;0;
179;331;9;4;0.18;0;
179;332;...;NA;…;0;
179;351;NA;NA;…;0;
179;353;NA;NA;…;0;
179;370;...;NA;…;0;
179;381;...;NA;…;0;
179;382;...;NA;…;0;
179;383;NA;NA;…;1;
179;411;NA;NA;…;0;
179;412;264;38;0.907;0;
179;421;84;8;1.118;1;
179;422;12;4;0.155;0;
179;431;36;6;0.869;0;
179;432;107;24;0.57;0;
179;433;170;45;1.874;1;
179;439;76;21;0.759;0;
179;451;48;10;0.408;0;
179;452;126;21;1.444;1;
179;453;12;5;0.25;0;
179;461;17;5;0.238;0;
179;462;43;9;1.347;1;
179;463;75;4;0.529;0;
179;464;58;8;0.411;0;
179;466;...;NA;…;0;
179;467;125;13;1.082;1;
179;469;30;5;0.253;0;
179;471;385;50;0.85;0;
179;472;117;22;1.022;1;
179;473;NA;NA;…;0;
179;474;15;6;0.647;0;
179;475;157;27;1.484;1;
179;476;25;5;0.804;0;
179;477;293;73;0.959;0;
179;478;...;NA;…;0;
179;479;30;9;0.678;0;
179;493;10;4;0.065;0;
179;494;412;58;1.61;1;
179;521;NA;NA;…;0;
179;522;32;5;0.159;0;
179;532;NA;NA;…;0;
179;551;94;16;1.115;1;
179;552;...;NA;…;0;
179;559;NA;NA;…;0;
179;561;392;74;1.269;1;
179;562;...;NA;…;0;
179;563;184;75;2.224;1;
179;582;NA;NA;…;0;
179;591;NA;NA;…;0;
179;602;...;NA;…;0;
179;611;NA;NA;…;1;
179;620;29;5;0.167;0;
179;631;NA;NA;…;0;
179;639;NA;NA;…;0;
179;641;...;NA;…;0;
179;661;...;NA;…;0;
179;662;34;12;1.682;1;
179;681;20;7;0.26;0;
179;682;78;16;0.784;0;
179;683;11;5;0.211;0;
179;691;16;5;0.402;0;
179;692;51;11;0.216;0;
179;701;...;NA;…;0;
179;702;21;4;0.188;0;
179;711;70;14;0.599;0;
179;712;...;NA;…;0;
179;721;...;NA;…;1;
179;722;NA;NA;…;0;
179;731;...;NA;…;0;
179;732;NA;NA;…;0;
179;749;22;8;0.54;0;
179;750;...;NA;…;0;
179;771;20;6;2.053;1;
179;772;...;NA;…;1;
179;773;NA;NA;…;0;
179;781;NA;NA;…;0;
179;782;NA;NA;…;0;
179;783;NA;NA;…;1;
179;791;...;NA;…;0;
179;799;...;NA;…;1;
179;801;NA;6;…;1;
179;802;146;7;3.251;1;
179;812;201;12;1.422;1;
179;813;35;7;1.526;1;
179;821;NA;NA;…;0;
179;823;NA;NA;…;0;
179;829;NA;6;…;0;
179;841;691;76;0.499;0;
179;842;NA;NA;…;0;
179;851;280;14;1.596;1;
179;852;710;33;1.387;1;
179;853;179;4;0.602;0;
179;855;13;4;0.295;0;
179;861;...;NA;…;1;
179;862;116;36;0.808;0;
179;869;21;6;0.285;0;
179;872;NA;NA;…;1;
179;873;...;NA;…;0;
179;879;NA;NA;…;0;
179;881;113;6;2.128;1;
179;889;35;5;0.438;0;
179;900;...;NA;…;0;
179;910;67;5;1.131;1;
179;920;NA;NA;…;0;
179;931;19;6;0.353;0;
179;932;48;9;1.393;1;
179;949;...;NA;…;0;
179;952;...;NA;…;0;
179;960;273;35;2.687;1;
180;11;12;4;0.154;0;
180;12;...;NA;…;0;
180;14;NA;NA;…;0;
180;15;NA;NA;…;1;
180;16;20;4;0.968;0;
180;17;...;NA;…;1;
180;24;40;14;5.106;1;
180;102;NA;NA;…;1;
180;105;NA;NA;…;0;
180;107;...;NA;…;0;
180;131;NA;NA;…;1;
180;132;NA;NA;…;1;
180;139;...;NA;…;1;
180;141;NA;NA;…;1;
180;161;...;NA;…;1;
180;162;74;8;2.278;1;
180;172;NA;NA;…;0;
180;181;...;NA;…;0;
180;234;...;NA;…;0;
180;237;NA;NA;…;1;
180;243;NA;NA;…;1;
180;251;...;NA;…;1;
180;256;70;8;1.224;1;
180;257;NA;NA;…;0;
180;284;50;4;16.427;1;
180;289;NA;NA;…;0;
180;291;NA;NA;…;1;
180;293;NA;NA;…;0;
180;310;178;8;4.694;1;
180;321;NA;NA;…;1;
180;325;NA;NA;…;0;
180;329;NA;NA;…;1;
180;331;NA;NA;…;0;
180;351;NA;NA;…;0;
180;381;NA;NA;…;0;
180;383;NA;NA;…;0;
180;412;64;11;0.404;0;
180;421;NA;NA;…;0;
180;422;NA;NA;…;0;
180;431;...;NA;…;0;
180;432;28;10;0.275;0;
180;433;12;4;0.243;0;
180;439;23;8;0.422;0;
180;451;19;4;0.297;0;
180;452;18;5;0.379;0;
180;461;...;NA;…;0;
180;462;NA;NA;…;0;
180;463;17;4;0.22;0;
180;464;...;NA;…;0;
180;466;NA;NA;…;0;
180;467;19;6;0.302;0;
180;469;...;NA;…;0;
180;471;264;22;1.071;1;
180;472;52;10;0.836;0;
180;473;...;NA;…;0;
180;474;...;NA;…;0;
180;475;31;10;0.539;0;
180;476;...;NA;…;0;
180;477;197;54;1.186;1;
180;478;20;8;1.333;1;
180;479;NA;NA;…;0;
180;493;12;4;0.143;0;
180;494;58;14;0.417;0;
180;522;16;4;0.146;0;
180;551;41;8;0.895;0;
180;559;...;NA;…;1;
180;561;281;45;1.674;1;
180;562;NA;NA;…;0;
180;563;75;27;1.667;1;
180;581;...;NA;…;0;
180;601;NA;NA;…;1;
180;602;NA;NA;…;0;
180;611;NA;NA;…;0;
180;620;NA;NA;…;0;
180;631;...;NA;…;0;
180;639;NA;NA;…;0;
180;662;10;5;0.91;0;
180;681;...;NA;…;0;
180;682;76;9;1.405;1;
180;692;28;10;0.218;0;
180;702;38;5;0.626;0;
180;711;27;7;0.425;0;
180;712;...;NA;…;1;
180;721;NA;NA;…;0;
180;731;NA;NA;…;0;
180;742;NA;NA;…;0;
180;749;...;NA;…;1;
180;750;NA;NA;…;0;
180;782;NA;NA;…;0;
180;791;NA;NA;…;0;
180;801;NA;NA;…;0;
180;813;NA;NA;…;1;
180;829;...;NA;…;0;
180;841;287;27;0.381;0;
180;851;86;7;0.902;0;
180;852;416;18;1.494;1;
180;853;84;5;0.52;0;
180;855;...;NA;…;0;
180;861;NA;NA;…;1;
180;862;141;20;1.806;1;
180;872;NA;NA;…;1;
180;881;77;4;2.666;1;
180;889;NA;NA;…;0;
180;900;...;NA;…;0;
180;910;...;NA;…;0;
180;931;NA;NA;…;0;
180;932;...;NA;…;1;
180;949;13;4;0.249;0;
180;952;NA;NA;…;0;
180;960;128;21;2.317;1;
181;11;491;72;0.643;0;
181;12;161;10;1.878;1;
181;13;42;11;1.732;1;
181;14;190;23;0.295;0;
181;15;...;NA;…;0;
181;16;65;23;0.321;0;
181;17;18;7;0.918;0;
181;22;NA;5;…;1;
181;24;36;10;0.47;0;
181;81;...;NA;…;0;
181;89;NA;NA;…;1;
181;101;38;4;0.069;0;
181;103;...;NA;…;0;
181;105;NA;NA;…;0;
181;106;...;NA;…;0;
181;107;456.31;32;0.761;0;
181;108;20;5;0.089;0;
181;110;76;11;0.332;0;
181;131;NA;4;…;1;
181;139;102;9;0.311;0;
181;141;1343;47;2.214;1;
181;142;NA;NA;…;0;
181;143;NA;NA;…;0;
181;151;NA;NA;…;0;
181;152;541;18;3.011;1;
181;161;217;15;1.89;1;
181;162;612;40;1.925;1;
181;172;14;5;0.051;0;
181;181;182;29;0.587;0;
181;182;NA;NA;…;0;
181;201;NA;NA;…;0;
181;204;...;NA;…;0;
181;205;...;NA;…;0;
181;221;NA;NA;…;1;
181;222;1775;21;2.697;1;
181;231;...;NA;…;0;
181;232;NA;NA;…;0;
181;233;NA;NA;…;0;
181;234;...;NA;…;0;
181;236;NA;NA;…;0;
181;237;39;10;1.478;1;
181;241;NA;NA;…;0;
181;251;456;32;0.798;0;
181;256;229;31;0.409;0;
181;257;120;6;1.013;1;
181;259;117;7;0.646;0;
181;261;1181;10;3.502;1;
181;262;NA;4;…;1;
181;263;NA;NA;…;0;
181;264;NA;NA;…;0;
181;265;NA;NA;…;0;
181;266;13;5;0.408;0;
181;271;NA;4;…;0;
181;274;NA;NA;…;1;
181;275;...;NA;…;0;
181;279;NA;4;…;1;
181;281;NA;NA;…;0;
181;282;197;9;0.524;0;
181;284;NA;NA;…;1;
181;289;84;6;0.443;0;
181;291;NA;NA;…;0;
181;293;8001;8;6.487;1;
181;301;NA;NA;…;0;
181;303;NA;NA;…;1;
181;310;719;32;1.938;1;
181;321;...;NA;…;0;
181;324;...;NA;…;0;
181;325;134;20;0.67;0;
181;329;...;NA;…;0;
181;331;NA;21;…;1;
181;332;...;NA;…;0;
181;351;...;NA;…;0;
181;353;NA;NA;…;0;
181;360;...;NA;…;1;
181;370;26;7;0.312;0;
181;381;NA;6;…;1;
181;382;...;NA;…;0;
181;383;34;9;0.673;0;
181;390;...;NA;…;0;
181;411;97;16;0.737;0;
181;412;1215;171;0.784;0;
181;421;255;17;0.638;0;
181;422;154;20;0.373;0;
181;429;57;7;0.593;0;
181;431;42;14;0.191;0;
181;432;789;122;0.791;0;
181;433;432;105;0.895;0;
181;439;344;64;0.646;0;
181;451;574;78;0.917;0;
181;452;421;88;0.907;0;
181;453;229;32;0.896;0;
181;454;28;8;1.501;1;
181;461;245;35;0.644;0;
181;462;116;21;0.683;0;
181;463;661;37;0.876;0;
181;464;315;47;0.419;0;
181;465;35;10;0.311;0;
181;466;156;26;0.731;0;
181;467;462;64;0.751;0;
181;469;307;35;0.486;0;
181;471;1374;145;0.57;0;
181;472;741.112;103;1.217;1;
181;473;85;11;0.594;0;
181;474;122;20;0.989;0;
181;475;684;100;1.215;1;
181;476;71;21;0.429;0;
181;477;2039;297;1.255;1;
181;478;55;23;0.375;0;
181;479;214;61;0.909;0;
181;493;NA;17;…;1;
181;494;1205.955;124;0.886;0;
181;503;NA;NA;…;1;
181;521;NA;4;…;1;
181;522;887;26;0.827;0;
181;532;73;8;0.898;0;
181;551;117;16;0.261;0;
181;552;...;NA;…;0;
181;559;50;5;0.683;0;
181;561;1623;258;0.988;0;
181;562;130;24;0.471;0;
181;563;448;121;1.018;1;
181;581;151;14;0.706;0;
181;582;35;12;0.337;0;
181;591;16;4;0.175;0;
181;592;NA;NA;…;0;
181;601;...;NA;…;1;
181;602;142;4;2.367;1;
181;611;25;5;0.152;0;
181;612;...;NA;…;0;
181;619;...;NA;…;0;
181;620;218;60;0.235;0;
181;631;63;18;0.36;0;
181;639;26;7;0.887;0;
181;641;NA;NA;…;0;
181;649;13;6;0.089;0;
181;661;46;18;0.451;0;
181;662;111;35;1.032;1;
181;681;595;73;1.455;1;
181;682;226;60;0.427;0;
181;683;207;30;0.748;0;
181;691;156;45;0.737;0;
181;692;417;134;0.331;0;
181;701;...;NA;…;0;
181;702;258;66;0.434;0;
181;711;695;110;1.118;1;
181;712;152;18;1.167;1;
181;721;146;9;0.433;0;
181;722;NA;NA;…;0;
181;731;118;32;0.523;0;
181;732;9;4;0.167;0;
181;741;14;6;0.795;0;
181;742;23;8;0.525;0;
181;743;...;NA;…;0;
181;749;166;32;0.765;0;
181;750;58;6;1.64;1;
181;771;28;9;0.54;0;
181;772;86;12;05.febr;1;
181;773;54;14;0.557;0;
181;781;430;11;22.febr;1;
181;782;NA;NA;…;0;
181;783;35.019;4;0.206;0;
181;791;87;9;0.755;0;
181;799;...;NA;…;0;
181;801;107;39;0.21;0;
181;802;209;17;0.875;0;
181;811;...;NA;…;0;
181;812;556;34;0.739;0;
181;813;90;11;0.738;0;
181;821;10;5;0.077;0;
181;823;39;9;0.661;0;
181;829;226;35;0.348;0;
181;841;5120;101;0.694;0;
181;842;3495;10;2.329;1;
181;843;...;NA;…;1;
181;851;598;39;0.641;0;
181;852;2197;76;0.806;0;
181;853;2089;25;1.321;1;
181;854;NA;5;…;0;
181;855;305;61;1.302;1;
181;856;13;5;0.212;0;
181;861;NA;8;…;1;
181;862;706;196;0.924;0;
181;869;191;18;0.486;0;
181;873;855;8;1.147;1;
181;879;521;4;2.396;1;
181;881;NA;6;…;0;
181;889;307;5;0.723;0;
181;900;215;15;0.841;0;
181;910;220;10;0.698;0;
181;920;66;8;0.856;0;
181;931;373;37;1.303;1;
181;932;205;17;1.118;1;
181;941;44;8;1.194;1;
181;942;...;NA;…;0;
181;949;231;24;0.451;0;
181;951;39;6;0.701;0;
181;952;100;24;0.973;0;
181;960;691;110;1.278;1;
181;970;NA;NA;…;1;
182;11;193;30;4.515;1;
182;12;NA;NA;…;1;
182;14;205;17;5.69;1;
182;15;NA;NA;…;0;
182;16;NA;6;…;1;
182;17;...;NA;…;1;
182;21;...;NA;…;1;
182;22;...;NA;…;1;
182;24;56;14;13.043;1;
182;81;NA;NA;…;1;
182;103;NA;NA;…;1;
182;105;NA;NA;…;1;
182;107;NA;NA;…;0;
182;109;NA;NA;…;1;
182;110;NA;NA;…;1;
182;139;...;NA;…;1;
182;141;NA;NA;…;1;
182;152;...;NA;…;1;
182;161;NA;NA;…;0;
182;162;117;6;6.572;1;
182;222;...;NA;…;0;
182;234;NA;NA;…;1;
182;236;NA;NA;…;0;
182;237;NA;NA;…;1;
182;239;NA;NA;…;1;
182;251;33;5;1.032;1;
182;252;NA;NA;…;1;
182;256;...;NA;…;1;
182;261;NA;NA;…;1;
182;282;NA;NA;…;0;
182;309;NA;NA;…;1;
182;310;...;NA;…;0;
182;329;NA;NA;…;0;
182;331;NA;NA;…;1;
182;411;NA;NA;…;0;
182;412;96;13;1.107;1;
182;421;38;4;1.698;1;
182;422;NA;NA;…;0;
182;429;NA;NA;…;0;
182;431;63;8;5.105;1;
182;432;35;11;0.626;0;
182;433;50;13;1.85;1;
182;439;104;14;3.485;1;
182;451;...;NA;…;0;
182;452;...;NA;…;0;
182;453;NA;NA;…;0;
182;461;NA;NA;…;0;
182;462;NA;NA;…;1;
182;463;...;NA;…;0;
182;464;NA;NA;…;0;
182;467;146;7;24.ápr;1;
182;469;...;NA;…;0;
182;471;199;9;1.474;1;
182;472;28;5;0.821;0;
182;475;36;7;1.142;1;
182;476;...;NA;…;0;
182;477;38;10;0.418;0;
182;478;8;4;0.973;0;
182;479;...;NA;…;1;
182;493;NA;NA;…;0;
182;494;200;20;2.623;1;
182;521;NA;NA;…;0;
182;522;45;6;0.75;0;
182;532;...;NA;…;1;
182;551;NA;NA;…;0;
182;552;NA;NA;…;1;
182;559;NA;NA;…;0;
182;561;79;16;0.858;0;
182;563;67;15;2.717;1;
182;592;NA;NA;…;1;
182;620;...;NA;…;0;
182;631;...;NA;…;0;
182;661;NA;NA;…;0;
182;681;NA;NA;…;1;
182;683;NA;NA;…;0;
182;691;NA;NA;…;0;
182;692;12;5;0.17;0;
182;702;...;NA;…;0;
182;711;21;5;0.603;0;
182;712;NA;NA;…;1;
182;731;NA;NA;…;0;
182;732;NA;NA;…;1;
182;750;NA;NA;…;1;
182;773;NA;NA;…;0;
182;782;NA;NA;…;0;
182;801;...;NA;…;0;
182;802;NA;NA;…;1;
182;821;NA;NA;…;0;
182;829;NA;4;…;1;
182;841;478;39;1.158;1;
182;851;69;12;1.32;1;
182;852;313;21;2.051;1;
182;853;NA;NA;…;0;
182;862;44;13;1.028;1;
182;869;NA;NA;…;0;
182;873;NA;NA;…;1;
182;889;NA;NA;…;1;
182;910;...;NA;…;0;
182;920;NA;NA;…;0;
182;932;NA;NA;…;0;
182;949;20;4;0.698;0;
182;960;31;12;1.024;1;
183;11;47;10;0.23;0;
183;14;46;6;0.267;0;
183;15;NA;NA;…;0;
183;16;NA;NA;…;0;
183;17;NA;NA;…;0;
183;21;13;4;1.721;1;
183;22;17;4;0.525;0;
183;24;65;17;3.162;1;
183;72;NA;NA;…;1;
183;81;NA;NA;…;0;
183;101;NA;NA;…;0;
183;103;NA;NA;…;0;
183;105;NA;NA;…;0;
183;107;182;9;1.132;1;
183;109;NA;NA;…;0;
183;110;31;4;0.505;0;
183;139;176;7;2.004;1;
183;141;92;6;0.566;0;
183;151;...;NA;…;0;
183;152;...;NA;…;0;
183;161;35;4;1.136;1;
183;162;74;12;0.868;0;
183;172;...;NA;…;1;
183;181;10;4;0.12;0;
183;201;NA;NA;…;0;
183;221;NA;NA;…;1;
183;222;116;8;0.657;0;
183;231;478;13;16.996;1;
183;232;NA;NA;…;0;
183;236;...;NA;…;0;
183;237;14;5;1.978;1;
183;244;NA;NA;…;1;
183;245;NA;NA;…;1;
183;251;162;16;1.058;1;
183;252;...;NA;…;1;
183;256;384;34;2.559;1;
183;257;76;8;2.393;1;
183;259;NA;NA;…;1;
183;265;NA;NA;…;1;
183;271;230;8;3.544;1;
183;274;NA;NA;…;0;
183;275;NA;NA;…;1;
183;279;NA;NA;…;1;
183;281;NA;NA;…;1;
183;282;NA;NA;…;0;
183;284;NA;NA;…;1;
183;289;NA;NA;…;1;
183;291;NA;NA;…;0;
183;292;...;NA;…;1;
183;293;2294;7;6.936;1;
183;303;NA;NA;…;1;
183;310;92;15;0.924;0;
183;321;9;4;1.853;1;
183;324;...;NA;…;1;
183;325;NA;NA;…;1;
183;329;NA;NA;…;0;
183;331;32;8;0.448;0;
183;332;25;6;1.189;1;
183;351;NA;NA;…;1;
183;353;61;5;1.916;1;
183;370;NA;NA;…;0;
183;381;121;4;2.205;1;
183;382;NA;NA;…;1;
183;411;...;NA;…;0;
183;412;320;59;0.77;0;
183;421;62;5;0.578;0;
183;422;53;5;0.478;0;
183;431;107;9;1.811;1;
183;432;119;34;0.445;0;
183;433;103;29;0.796;0;
183;439;207;38;1.449;1;
183;451;177;32;1.055;1;
183;452;95;26;0.763;0;
183;453;19;7;0.277;0;
183;454;...;NA;…;1;
183;461;38;8;0.372;0;
183;462;40;5;0.878;0;
183;463;42;8;0.208;0;
183;464;22;6;0.109;0;
183;465;...;NA;…;0;
183;466;...;NA;…;0;
183;467;83;15;0.503;0;
183;469;42;9;0.248;0;
183;471;1384;89;14.febr;1;
183;472;129;29;0.79;0;
183;473;29;6;0.756;0;
183;474;29;6;0.876;0;
183;475;145;33;0.961;0;
183;476;8;4;0.18;0;
183;477;314;79;0.721;0;
183;478;28;11;0.711;0;
183;479;51;16;0.808;0;
183;493;NA;6;…;1;
183;494;951;86;2.604;1;
183;522;72;10;0.25;0;
183;551;12;4;0.1;0;
183;552;...;NA;…;0;
183;559;NA;NA;…;0;
183;561;304;65;0.69;0;
183;562;32;4;0.433;0;
183;563;101;43;0.855;0;
183;581;...;NA;…;0;
183;582;...;NA;…;0;
183;602;NA;NA;…;0;
183;620;18;8;0.072;0;
183;639;NA;NA;…;0;
183;661;8;4;0.292;0;
183;662;18;7;0.624;0;
183;681;63;12;0.575;0;
183;682;133;27;0.937;0;
183;683;30;6;0.404;0;
183;691;50;14;0.881;0;
183;692;50;18;0.148;0;
183;701;NA;NA;…;0;
183;702;30;12;0.188;0;
183;711;84;20;0.504;0;
183;712;...;NA;…;0;
183;721;NA;NA;…;0;
183;722;NA;NA;…;0;
183;731;28;7;0.463;0;
183;741;NA;NA;…;1;
183;742;NA;NA;…;0;
183;749;50;18;0.86;0;
183;750;...;NA;…;1;
183;771;...;NA;…;0;
183;772;...;NA;…;0;
183;773;12;4;0.462;0;
183;782;...;NA;…;0;
183;791;...;NA;…;0;
183;801;123;6;0.9;0;
183;802;131;6;2.044;1;
183;812;111;13;0.55;0;
183;813;19;5;0.581;0;
183;821;NA;NA;…;0;
183;823;NA;NA;…;0;
183;829;42;17;0.241;0;
183;841;713;28;0.361;0;
183;842;...;NA;…;0;
183;851;180;8;0.719;0;
183;852;1171;27;1.603;1;
183;853;572;9;1.349;1;
183;854;NA;NA;…;0;
183;855;41;10;0.653;0;
183;856;...;NA;…;0;
183;861;787;6;1.841;1;
183;862;149;43;0.727;0;
183;869;NA;NA;…;0;
183;873;NA;NA;…;0;
183;889;145;5;1.273;1;
183;900;...;NA;…;0;
183;910;NA;NA;…;0;
183;931;79;12;1.029;1;
183;932;92;8;1.871;1;
183;942;...;NA;…;1;
183;949;77;5;0.561;0;
183;951;NA;NA;…;0;
183;952;31;9;1.125;1;
183;960;83;33;0.572;0;
184;11;242;14;2.029;1;
184;12;...;NA;…;0;
184;14;20;6;0.199;0;
184;16;47;9;1.487;1;
184;17;NA;NA;…;0;
184;24;...;NA;…;1;
184;81;...;NA;…;0;
184;101;NA;NA;…;0;
184;107;68;9;0.726;0;
184;108;...;NA;…;0;
184;110;35;7;0.979;0;
184;141;39;7;0.411;0;
184;161;...;NA;…;1;
184;162;80;12;1.61;1;
184;172;NA;NA;…;1;
184;181;39;4;0.805;0;
184;192;NA;NA;…;1;
184;201;99;8;4.443;1;
184;202;NA;NA;…;1;
184;205;...;NA;…;1;
184;211;...;NA;…;1;
184;221;...;NA;…;1;
184;222;255;21;2.48;1;
184;233;NA;NA;…;0;
184;236;...;NA;…;0;
184;237;17;4;4.122;1;
184;251;38;8;0.426;0;
184;253;NA;NA;…;0;
184;254;NA;NA;…;1;
184;256;99;4;1.132;1;
184;257;...;NA;…;0;
184;259;107;5;3.78;1;
184;265;...;NA;…;1;
184;271;...;NA;…;0;
184;281;...;NA;…;0;
184;282;90;5;1.532;1;
184;289;NA;NA;…;1;
184;301;29;6;21.232;1;
184;310;21;5;0.362;0;
184;324;...;NA;…;0;
184;325;NA;NA;…;0;
184;329;NA;NA;…;0;
184;331;47;8;1.129;1;
184;332;28;4;2.285;1;
184;351;NA;NA;…;0;
184;360;NA;NA;…;0;
184;370;137;4;10.511;1;
184;381;...;NA;…;1;
184;382;NA;NA;…;1;
184;390;...;NA;…;1;
184;411;...;NA;…;0;
184;412;453.198;70;1.872;1;
184;421;...;NA;…;0;
184;422;86;12;1.332;1;
184;429;...;NA;…;1;
184;431;59;8;1.714;1;
184;432;219;37;1.404;1;
184;433;173;32;2.294;1;
184;439;99;21;1.189;1;
184;451;150;15;1.534;1;
184;452;56;15;0.772;0;
184;453;63;8;1.577;1;
184;454;...;NA;…;1;
184;461;66;15;11.jan;1;
184;462;NA;NA;…;0;
184;463;67;9;0.568;0;
184;464;150;16;1.277;1;
184;466;NA;NA;…;1;
184;467;80;12;0.833;0;
184;469;80;12;0.81;0;
184;471;354;65;0.94;0;
184;472;333;20;05.márc;1;
184;473;...;NA;…;1;
184;474;...;NA;…;0;
184;475;118;15;1.342;1;
184;476;56;7;2.165;1;
184;477;293;56;1.154;1;
184;478;34;9;1.482;1;
184;479;20;7;0.544;0;
184;492;...;NA;…;1;
184;493;30;7;0.233;0;
184;494;279;26;1.311;1;
184;503;...;NA;…;1;
184;522;182;9;1.087;1;
184;532;...;NA;…;0;
184;551;192;13;2.74;1;
184;552;24;5;4.259;1;
184;553;NA;NA;…;1;
184;559;NA;NA;…;0;
184;561;719;121;08.febr;1;
184;562;46;7;1.068;1;
184;563;89;23;1.294;1;
184;582;...;NA;…;0;
184;591;...;NA;…;0;
184;602;NA;NA;…;0;
184;620;49;12;0.339;0;
184;631;...;NA;…;0;
184;639;NA;NA;…;0;
184;641;NA;NA;…;0;
184;642;...;NA;…;0;
184;649;...;NA;…;0;
184;661;NA;NA;…;0;
184;662;...;NA;…;1;
184;681;53;11;0.83;0;
184;682;70;13;0.846;0;
184;683;61;15;1.41;1;
184;691;16;5;0.484;0;
184;692;72;19;0.366;0;
184;701;NA;NA;…;0;
184;702;89;18;0.959;0;
184;711;244;26;2.512;1;
184;712;...;NA;…;0;
184;721;NA;NA;…;0;
184;731;29;6;0.822;0;
184;732;...;NA;…;0;
184;741;...;NA;…;1;
184;742;...;NA;…;1;
184;743;NA;NA;…;0;
184;749;54;11;1.593;1;
184;750;...;NA;…;1;
184;771;...;NA;…;0;
184;772;...;NA;…;1;
184;773;...;NA;…;0;
184;781;NA;NA;…;1;
184;791;...;NA;…;0;
184;799;NA;NA;…;1;
184;801;63;10;0.792;0;
184;802;36;4;0.964;0;
184;811;...;NA;…;0;
184;812;172;18;1.464;1;
184;813;64;14;3.356;1;
184;821;...;NA;…;0;
184;823;NA;4;…;1;
184;829;14;5;0.138;0;
184;841;751;25;0.652;0;
184;842;NA;NA;…;0;
184;851;216;9;1.481;1;
184;852;918;25;2.156;1;
184;853;...;NA;…;0;
184;855;73;13;1.995;1;
184;862;283;41;2.37;1;
184;869;...;NA;…;0;
184;873;NA;NA;…;0;
184;881;89;6;2.015;1;
184;889;...;NA;…;1;
184;900;NA;NA;…;0;
184;910;...;NA;…;0;
184;920;...;NA;…;0;
184;931;34;8;0.76;0;
184;932;99;14;3.456;1;
184;942;...;NA;…;1;
184;949;56;7;0.7;0;
184;951;...;NA;…;0;
184;952;18;6;1.121;1;
184;960;98;26;16.jan;1;
185;11;28;8;0.209;0;
185;12;63;20;4.192;1;
185;14;37;8;0.328;0;
185;15;NA;NA;…;0;
185;16;43;10;1.213;1;
185;22;NA;NA;…;0;
185;23;NA;NA;…;1;
185;24;...;NA;…;0;
185;81;NA;NA;…;0;
185;103;NA;NA;…;0;
185;105;NA;NA;…;0;
185;106;NA;NA;…;1;
185;107;108;8;1.028;1;
185;108;...;NA;…;0;
185;110;163;27;4.065;1;
185;139;...;NA;…;0;
185;141;15;4;0.141;0;
185;161;...;NA;…;0;
185;162;63;18;13.jan;1;
185;171;NA;NA;…;1;
185;181;NA;NA;…;0;
185;182;NA;NA;…;1;
185;202;NA;NA;…;1;
185;204;NA;NA;…;1;
185;205;NA;NA;…;1;
185;221;NA;NA;…;0;
185;222;NA;NA;…;1;
185;234;NA;NA;…;0;
185;236;NA;NA;…;1;
185;237;...;NA;…;1;
185;245;NA;NA;…;0;
185;251;NA;4;…;1;
185;252;NA;NA;…;1;
185;256;...;NA;…;0;
185;257;NA;NA;…;0;
185;259;39;5;1.228;1;
185;263;NA;NA;…;0;
185;266;NA;NA;…;0;
185;274;NA;NA;…;0;
185;282;24;5;0.364;0;
185;283;NA;NA;…;1;
185;289;...;NA;…;1;
185;301;...;NA;…;1;
185;310;80;9;23.jan;1;
185;321;NA;NA;…;0;
185;323;NA;NA;…;0;
185;324;NA;NA;…;0;
185;325;NA;NA;…;0;
185;329;NA;NA;…;0;
185;331;9;4;0.193;0;
185;353;NA;NA;…;0;
185;411;36;7;1.561;1;
185;412;416;60;1.532;1;
185;421;123;4;1.756;1;
185;422;32;7;0.442;0;
185;429;NA;NA;…;0;
185;431;68;10;1.76;1;
185;432;148;35;0.846;0;
185;433;87;26;1.028;1;
185;439;97;24;1.039;1;
185;451;130;22;1.185;1;
185;452;99;20;1.217;1;
185;453;38;8;0.848;0;
185;461;19;9;0.285;0;
185;462;NA;NA;…;0;
185;463;110;15;0.831;0;
185;464;16;6;0.121;0;
185;465;NA;NA;…;0;
185;466;...;NA;…;0;
185;467;68;16;0.631;0;
185;469;31;6;0.28;0;
185;471;227;51;0.537;0;
185;472;126;38;18.jan;1;
185;473;...;NA;…;0;
185;475;126;27;1.277;1;
185;476;45;18;1.551;1;
185;477;292;105;1.025;1;
185;478;35;14;1.36;1;
185;479;32;13;0.775;0;
185;493;NA;9;…;0;
185;494;182;27;0.762;0;
185;503;NA;NA;…;1;
185;504;NA;NA;…;1;
185;522;17;5;0.09;0;
185;532;...;NA;…;0;
185;551;619;34;7.873;1;
185;552;46;14;7.277;1;
185;553;NA;NA;…;1;
185;559;15;5;1.169;1;
185;561;1349;242;4.683;1;
185;562;42;9;0.869;0;
185;563;112;35;1.451;1;
185;581;...;NA;…;0;
185;582;...;NA;…;0;
185;591;...;NA;…;0;
185;602;...;NA;…;0;
185;611;NA;NA;…;0;
185;612;NA;NA;…;0;
185;620;106;24;0.653;0;
185;631;13;4;0.424;0;
185;639;NA;NA;…;0;
185;642;NA;NA;…;1;
185;661;20;8;1.119;1;
185;662;...;NA;…;0;
185;681;82;22;1.144;1;
185;682;404;31;4.353;1;
185;683;42;14;0.865;0;
185;691;21;10;0.566;0;
185;692;121;29;0.548;0;
185;701;...;NA;…;0;
185;702;74;19;0.711;0;
185;711;157;29;1.441;1;
185;712;...;NA;…;0;
185;721;398;8;6.733;1;
185;722;NA;NA;…;0;
185;731;22;6;0.556;0;
185;732;...;NA;…;0;
185;742;...;NA;…;0;
185;743;NA;NA;…;0;
185;749;46;11;21.jan;1;
185;750;...;NA;…;1;
185;771;NA;NA;…;0;
185;772;18;4;2.985;1;
185;773;41;9;2.412;1;
185;782;NA;4;…;1;
185;791;NA;5;…;1;
185;799;NA;NA;…;1;
185;801;60;8;0.672;0;
185;802;NA;5;…;1;
185;803;NA;NA;…;1;
185;811;...;NA;…;0;
185;812;76;12;0.577;0;
185;813;148;15;6.918;1;
185;821;...;NA;…;0;
185;822;NA;NA;…;1;
185;823;NA;NA;…;0;
185;829;32;12;0.281;0;
185;841;786;44;0.608;0;
185;851;152;10;0.929;0;
185;852;716;25;1.499;1;
185;853;231;6;0.833;0;
185;854;NA;NA;…;0;
185;855;36;13;0.877;0;
185;861;NA;NA;…;1;
185;862;225;46;1.68;1;
185;869;42;8;0.61;0;
185;873;NA;NA;…;0;
185;881;NA;NA;…;0;
185;889;81;5;1.088;1;
185;900;60;8;1.339;1;
185;910;66;5;1.194;1;
185;920;...;NA;…;1;
185;931;102;16;2.032;1;
185;932;33;8;1.027;1;
185;941;NA;NA;…;0;
185;949;123;16;1.371;1;
185;952;19;8;1.055;1;
185;960;92;30;0.971;0;
186;11;77;18;1.273;1;
186;12;29;5;4.269;1;
186;13;NA;NA;…;1;
186;14;794;16;15.577;1;
186;15;NA;NA;…;1;
186;16;23;8;1.435;1;
186;17;...;NA;…;1;
186;21;NA;NA;…;1;
186;22;NA;NA;…;0;
186;24;22;8;3.622;1;
186;81;...;NA;…;1;
186;101;NA;NA;…;1;
186;107;33;5;0.695;0;
186;110;20;4;1.104;1;
186;131;NA;NA;…;1;
186;139;...;NA;…;1;
186;141;...;NA;…;0;
186;161;...;NA;…;1;
186;162;NA;NA;…;0;
186;222;...;NA;…;1;
186;233;NA;NA;…;1;
186;236;NA;NA;…;1;
186;251;NA;NA;…;0;
186;256;NA;8;…;1;
186;259;NA;NA;…;0;
186;332;...;NA;…;1;
186;370;...;NA;…;0;
186;383;...;NA;…;1;
186;412;90;16;0.733;0;
186;421;NA;NA;…;0;
186;422;NA;NA;…;0;
186;431;...;NA;…;0;
186;432;21;6;0.266;0;
186;433;18;6;0.471;0;
186;439;14;6;0.332;0;
186;451;10;4;0.202;0;
186;452;39;8;06.jan;1;
186;461;...;NA;…;0;
186;462;NA;NA;…;0;
186;463;...;NA;…;0;
186;466;...;NA;…;0;
186;467;61;11;1.252;1;
186;469;...;NA;…;0;
186;471;127;36;0.665;0;
186;472;26;9;0.539;0;
186;473;NA;NA;…;1;
186;474;NA;NA;…;0;
186;475;32;8;0.718;0;
186;477;55;17;0.427;0;
186;478;NA;NA;…;0;
186;479;NA;NA;…;0;
186;493;NA;NA;…;0;
186;494;120;24;1.112;1;
186;551;...;NA;…;0;
186;552;...;NA;…;1;
186;559;NA;NA;…;0;
186;561;117;27;0.899;0;
186;562;NA;NA;…;0;
186;563;65;24;1.863;1;
186;602;NA;NA;…;0;
186;620;NA;NA;…;0;
186;639;NA;NA;…;1;
186;641;NA;NA;…;0;
186;661;NA;NA;…;1;
186;681;...;NA;…;0;
186;682;NA;NA;…;1;
186;692;29;7;0.291;0;
186;701;NA;NA;…;1;
186;702;27;5;0.574;0;
186;711;56;7;1.137;1;
186;749;NA;4;…;1;
186;750;NA;NA;…;0;
186;773;NA;NA;…;1;
186;791;NA;NA;…;0;
186;801;41;4;1.016;1;
186;802;NA;NA;…;0;
186;812;...;NA;…;0;
186;813;16;4;1.655;1;
186;829;27;5;0.525;0;
186;841;777;47;1.33;1;
186;842;NA;NA;…;0;
186;851;200;12;2.704;1;
186;852;210;11;0.973;0;
186;853;NA;NA;…;0;
186;855;...;NA;…;0;
186;861;NA;NA;…;1;
186;862;34;12;0.562;0;
186;873;...;NA;…;1;
186;881;NA;NA;…;0;
186;889;65;4;1.931;1;
186;910;...;NA;…;1;
186;932;...;NA;…;0;
186;952;13;5;1.596;1;
186;960;...;NA;…;0;
187;11;290;48;1.052;1;
187;12;...;NA;…;0;
187;13;NA;NA;…;0;
187;14;999;51;4.301;1;
187;15;79;10;2.015;1;
187;16;69;22;0.945;0;
187;17;9;4;1.271;1;
187;21;...;NA;…;0;
187;22;NA;4;…;1;
187;24;47;14;1.698;1;
187;81;...;NA;…;1;
187;89;NA;NA;…;1;
187;101;NA;7;…;1;
187;105;NA;NA;…;0;
187;106;NA;NA;…;1;
187;107;154;17;0.712;0;
187;108;...;NA;…;0;
187;109;...;NA;…;0;
187;110;52;9;0.63;0;
187;131;NA;NA;…;1;
187;132;NA;NA;…;1;
187;139;...;NA;…;0;
187;141;346;32;1.58;1;
187;152;...;NA;…;0;
187;161;131;10;3.159;1;
187;162;182;27;1.585;1;
187;181;...;NA;…;0;
187;201;...;NA;…;0;
187;204;NA;NA;…;0;
187;206;NA;NA;…;1;
187;221;62;4;0.763;0;
187;222;NA;6;…;1;
187;231;...;NA;…;0;
187;233;...;NA;…;1;
187;236;...;NA;…;0;
187;237;NA;NA;…;1;
187;239;...;NA;…;1;
187;251;92;14;0.446;0;
187;252;NA;NA;…;0;
187;256;50;7;0.247;0;
187;257;NA;NA;…;0;
187;259;...;NA;…;0;
187;261;NA;NA;…;0;
187;265;NA;NA;…;0;
187;266;NA;NA;…;1;
187;267;NA;NA;…;0;
187;275;...;NA;…;1;
187;279;NA;NA;…;1;
187;281;NA;NA;…;0;
187;282;50;9;0.368;0;
187;289;...;NA;…;0;
187;292;NA;NA;…;0;
187;293;...;NA;…;1;
187;310;744;42;5.552;1;
187;325;...;NA;…;0;
187;329;...;NA;…;0;
187;331;69;9;0.717;0;
187;332;NA;NA;…;1;
187;353;NA;NA;…;0;
187;360;NA;NA;…;0;
187;370;NA;NA;…;1;
187;381;...;NA;…;0;
187;383;NA;NA;…;0;
187;390;NA;NA;…;0;
187;411;...;NA;…;0;
187;412;670;70;1.198;1;
187;421;39;8;0.27;0;
187;422;125;9;0.838;0;
187;429;48;4;1.383;1;
187;431;62;9;0.779;0;
187;432;136;36;0.377;0;
187;433;165;52;0.947;0;
187;439;148;34;0.769;0;
187;451;309;40;1.367;1;
187;452;192;27;1.145;1;
187;453;53;14;0.574;0;
187;454;...;NA;…;1;
187;461;88;14;0.641;0;
187;462;33;6;0.538;0;
187;463;438;33;1.607;1;
187;464;72;17;0.265;0;
187;465;NA;NA;…;0;
187;466;105;4;1.362;1;
187;467;104;23;0.468;0;
187;469;33;9;0.145;0;
187;471;465;110;0.534;0;
187;472;144;39;0.655;0;
187;473;...;NA;…;0;
187;474;61;12;1.369;1;
187;475;382;95;1.88;1;
187;476;35;8;0.586;0;
187;477;420;123;0.716;0;
187;478;173;66;3.263;1;
187;479;64;26;0.753;0;
187;493;728;7;2.45;1;
187;494;276;57;0.561;0;
187;522;17;4;0.044;0;
187;532;...;NA;…;0;
187;551;74;10;0.457;0;
187;552;...;NA;…;0;
187;553;NA;NA;…;1;
187;559;NA;NA;…;0;
187;561;740;140;1.247;1;
187;562;39;8;0.392;0;
187;563;229;87;1.44;1;
187;581;21;4;0.272;0;
187;582;...;NA;…;1;
187;591;...;NA;…;0;
187;602;NA;NA;…;0;
187;611;86;4;1.449;1;
187;620;51;10;0.153;0;
187;631;14;5;0.222;0;
187;639;NA;NA;…;0;
187;641;...;NA;…;0;
187;661;21;9;0.57;0;
187;662;39;17;1.004;1;
187;681;91;19;0.616;0;
187;682;55;18;0.288;0;
187;683;10;5;0.1;0;
187;691;52;10;0.68;0;
187;692;150;53;0.33;0;
187;702;43;9;0.2;0;
187;711;152;24;0.677;0;
187;712;NA;NA;…;0;
187;721;...;NA;…;0;
187;722;NA;NA;…;0;
187;731;36;11;0.442;0;
187;732;14;4;0.72;0;
187;742;...;NA;…;0;
187;743;NA;NA;…;0;
187;749;20;10;0.255;0;
187;750;10;4;0.783;0;
187;771;...;NA;…;0;
187;772;10;5;0.805;0;
187;773;...;NA;…;0;
187;791;17;5;0.408;0;
187;801;99;22;0.538;0;
187;802;101;8;1.171;1;
187;811;...;NA;…;0;
187;812;107;14;0.394;0;
187;813;13;4;0.295;0;
187;821;...;NA;…;0;
187;823;...;NA;…;0;
187;829;123;24;0.525;0;
187;841;1517;93;0.57;0;
187;842;...;NA;…;0;
187;851;377;24;1.118;1;
187;852;1535;61;1.56;1;
187;853;1081;14;1.893;1;
187;854;NA;NA;…;0;
187;855;30;8;0.355;0;
187;861;NA;NA;…;0;
187;862;253;56;0.917;0;
187;869;...;NA;…;0;
187;871;NA;NA;…;1;
187;872;NA;NA;…;0;
187;873;977;5;3.63;1;
187;881;151;7;1.48;1;
187;889;1370;6;8.933;1;
187;900;...;NA;…;0;
187;910;87;4;0.764;0;
187;920;19;6;0.682;0;
187;931;77;13;0.745;0;
187;932;147;8;22.febr;1;
187;942;...;NA;…;1;
187;949;56;10;0.303;0;
187;951;...;NA;…;0;
187;952;58;18;1.563;1;
187;960;157;57;0.804;0;
188;11;152;22;2.837;1;
188;14;120;16;2.657;1;
188;15;NA;NA;…;0;
188;16;21;6;1.479;1;
188;17;...;NA;…;1;
188;21;...;NA;…;1;
188;22;...;NA;…;0;
188;24;114;22;21.18;1;
188;81;NA;NA;…;1;
188;101;NA;NA;…;0;
188;107;...;NA;…;0;
188;131;NA;NA;…;1;
188;132;NA;NA;…;1;
188;139;...;NA;…;0;
188;141;253;8;5.941;1;
188;143;NA;NA;…;1;
188;161;...;NA;…;1;
188;162;NA;5;…;1;
188;172;NA;NA;…;0;
188;234;NA;NA;…;0;
188;236;...;NA;…;0;
188;237;NA;NA;…;1;
188;251;43;4;1.072;1;
188;256;NA;NA;…;1;
188;282;12;4;0.455;0;
188;284;NA;NA;…;0;
188;310;...;NA;…;0;
188;325;NA;NA;…;0;
188;331;NA;NA;…;0;
188;352;NA;NA;…;0;
188;370;NA;NA;…;0;
188;381;NA;NA;…;0;
188;382;NA;NA;…;0;
188;383;NA;4;…;1;
188;411;NA;NA;…;0;
188;412;300;23;2.759;1;
188;422;14;4;0.483;0;
188;429;NA;NA;…;1;
188;431;...;NA;…;0;
188;432;94;21;1.341;1;
188;433;61;16;08.jan;1;
188;439;80;14;2.139;1;
188;451;...;NA;…;0;
188;452;36;11;1.105;1;
188;453;11;4;0.613;0;
188;461;...;NA;…;0;
188;462;...;NA;…;0;
188;463;...;NA;…;0;
188;464;...;NA;…;0;
188;466;NA;NA;…;0;
188;467;NA;NA;…;0;
188;469;...;NA;…;0;
188;471;145;25;0.857;0;
188;472;51;14;1.193;1;
188;473;NA;NA;…;0;
188;474;...;NA;…;0;
188;475;94;12;2.379;1;
188;476;...;NA;…;0;
188;477;99;25;0.868;0;
188;478;18;9;1.746;1;
188;479;...;NA;…;0;
188;493;NA;NA;…;1;
188;494;78;12;0.816;0;
188;522;NA;NA;…;0;
188;532;...;NA;…;1;
188;551;NA;NA;…;1;
188;552;NA;NA;…;0;
188;553;NA;NA;…;1;
188;561;133;22;1.153;1;
188;562;NA;NA;…;0;
188;563;49;20;1.585;1;
188;591;NA;NA;…;0;
188;602;NA;NA;…;0;
188;620;...;NA;…;0;
188;631;NA;NA;…;0;
188;641;NA;NA;…;0;
188;642;NA;NA;…;1;
188;662;NA;NA;…;0;
188;681;NA;NA;…;1;
188;682;...;NA;…;0;
188;691;NA;NA;…;0;
188;692;34;12;0.385;0;
188;702;21;7;0.503;0;
188;711;24;6;0.55;0;
188;712;NA;NA;…;1;
188;742;NA;NA;…;0;
188;749;NA;NA;…;0;
188;773;NA;NA;…;0;
188;782;NA;NA;…;0;
188;791;NA;NA;…;0;
188;801;...;NA;…;0;
188;812;19;4;0.36;0;
188;813;...;NA;…;1;
188;829;75;4;1.645;1;
188;841;678;36;31.jan;1;
188;851;81;8;1.236;1;
188;852;403;16;2.107;1;
188;853;...;NA;…;1;
188;855;...;NA;…;0;
188;861;NA;NA;…;1;
188;862;112;13;2.088;1;
188;869;...;NA;…;0;
188;871;NA;NA;…;1;
188;873;303;4;5.79;1;
188;889;...;NA;…;1;
188;900;...;NA;…;0;
188;910;...;NA;…;1;
188;931;NA;NA;…;0;
188;932;...;NA;…;0;
188;949;...;NA;…;0;
188;952;8;4;1.109;1;
188;960;10;5;0.263;0;
189;11;72;13;0.597;0;
189;12;106;29;7.826;1;
189;13;NA;NA;…;0;
189;14;15;6;0.148;0;
189;15;...;NA;…;0;
189;16;66;16;2.065;1;
189;17;NA;NA;…;0;
189;21;NA;NA;…;1;
189;22;...;NA;…;0;
189;24;18;6;1.486;1;
189;32;NA;NA;…;1;
189;81;160;6;18.537;1;
189;99;NA;NA;…;1;
189;102;NA;NA;…;1;
189;103;...;NA;…;0;
189;105;...;NA;…;0;
189;106;NA;NA;…;0;
189;107;21;4;0.222;0;
189;108;...;NA;…;0;
189;110;204;35;5.646;1;
189;139;NA;NA;…;0;
189;141;61;6;0.637;0;
189;142;NA;NA;…;1;
189;151;NA;NA;…;0;
189;161;NA;NA;…;0;
189;162;70;12;1.394;1;
189;181;15;4;0.306;0;
189;202;NA;NA;…;1;
189;222;NA;4;…;0;
189;231;NA;NA;…;1;
189;234;...;NA;…;0;
189;235;NA;NA;…;0;
189;236;NA;NA;…;0;
189;237;...;NA;…;0;
189;239;430;7;70.031;1;
189;245;NA;NA;…;0;
189;251;268;9;2.97;1;
189;255;NA;NA;…;1;
189;256;48;6;0.543;0;
189;257;NA;4;…;1;
189;259;286;5;9.992;1;
189;263;NA;NA;…;0;
189;282;...;NA;…;0;
189;289;NA;NA;…;1;
189;310;14;4;0.239;0;
189;321;NA;NA;…;0;
189;325;...;NA;…;0;
189;329;...;NA;…;0;
189;331;33;7;0.784;0;
189;332;NA;NA;…;0;
189;351;...;NA;…;0;
189;353;NA;NA;…;1;
189;370;NA;NA;…;1;
189;381;...;NA;…;0;
189;382;...;NA;…;1;
189;383;...;NA;…;0;
189;411;35;4;1.684;1;
189;412;373;67;1.524;1;
189;421;NA;NA;…;0;
189;422;58;10;0.888;0;
189;429;...;NA;…;1;
189;431;53;12;1.523;1;
189;432;231;53;1.465;1;
189;433;94;24;1.233;1;
189;439;125;30;1.485;1;
189;451;81;11;0.819;0;
189;452;147;29;2.005;1;
189;453;15;5;0.371;0;
189;454;NA;NA;…;0;
189;461;32;9;0.532;0;
189;462;...;NA;…;0;
189;463;50;8;0.419;0;
189;464;19;6;0.16;0;
189;466;...;NA;…;0;
189;467;44;10;0.453;0;
189;469;32;7;0.32;0;
189;471;297;79;0.78;0;
189;472;127;32;1.32;1;
189;473;...;NA;…;0;
189;474;24;7;1.231;1;
189;475;146;37;1.642;1;
189;476;34;9;03.jan;1;
189;477;288;83;1.122;1;
189;478;18;9;0.776;0;
189;479;18;8;0.484;0;
189;493;NA;6;…;1;
189;494;432;51;2.008;1;
189;521;NA;NA;…;0;
189;522;15;4;0.089;0;
189;532;NA;NA;…;1;
189;551;103;12;1.454;1;
189;552;34;11;5.968;1;
189;559;28;9;2.421;1;
189;561;701;158;07.febr;1;
189;562;115.949;10;2.662;1;
189;563;117;39;1.682;1;
189;581;...;NA;…;0;
189;582;...;NA;…;0;
189;591;...;NA;…;0;
189;602;NA;NA;…;0;
189;611;NA;NA;…;0;
189;612;NA;NA;…;0;
189;620;18;8;0.123;0;
189;631;NA;NA;…;0;
189;641;NA;NA;…;0;
189;661;8;4;0.497;0;
189;662;9;4;0.53;0;
189;681;40;9;0.619;0;
189;682;76;15;0.909;0;
189;683;25;5;0.572;0;
189;691;48;12;1.435;1;
189;692;110;24;0.553;0;
189;701;...;NA;…;1;
189;702;32;12;0.341;0;
189;711;68;15;0.692;0;
189;721;...;NA;…;0;
189;731;20;5;0.561;0;
189;732;...;NA;…;0;
189;741;NA;NA;…;1;
189;742;NA;NA;…;0;
189;749;NA;NA;…;0;
189;750;NA;NA;…;0;
189;771;NA;NA;…;0;
189;772;10;5;1.84;1;
189;773;...;NA;…;0;
189;781;NA;NA;…;0;
189;791;19;4;1.043;1;
189;799;NA;NA;…;1;
189;801;12;6;0.149;0;
189;802;20;7;0.53;0;
189;812;57;8;0.48;0;
189;813;19;5;0.986;0;
189;823;NA;NA;…;0;
189;829;56;15;0.546;0;
189;841;901;68;0.774;0;
189;842;...;NA;…;0;
189;843;...;NA;…;1;
189;851;248;20;1.682;1;
189;852;1089;44;2.53;1;
189;853;192;7;0.768;0;
189;855;39;6;1.054;1;
189;861;...;NA;…;1;
189;862;113;36;0.936;0;
189;869;...;NA;…;0;
189;871;NA;NA;…;1;
189;873;...;NA;…;1;
189;881;...;NA;…;1;
189;889;80;6;1.192;1;
189;900;NA;NA;…;1;
189;910;...;NA;…;0;
189;920;...;NA;…;0;
189;931;28;8;0.619;0;
189;932;23;7;0.794;0;
189;942;NA;NA;…;1;
189;949;138;9;1.707;1;
189;952;13;6;0.801;0;
189;960;104;34;1.218;1;
190;11;42;4;0.333;0;
190;12;NA;NA;…;1;
190;14;59;10;0.554;0;
190;15;NA;NA;…;0;
190;22;NA;NA;…;0;
190;24;12;5;0.946;0;
190;31;NA;NA;…;1;
190;32;NA;NA;…;0;
190;81;NA;NA;…;1;
190;107;NA;4;…;1;
190;108;...;NA;…;0;
190;109;NA;NA;…;0;
190;110;...;NA;…;0;
190;139;NA;NA;…;0;
190;141;72;6;0.717;0;
190;161;...;NA;…;0;
190;162;NA;NA;…;0;
190;171;NA;NA;…;1;
190;172;NA;NA;…;0;
190;181;NA;NA;…;0;
190;201;1017;6;43.107;1;
190;202;NA;NA;…;1;
190;204;NA;NA;…;1;
190;221;NA;NA;…;0;
190;222;165;8;1.516;1;
190;236;...;NA;…;1;
190;237;NA;NA;…;0;
190;244;NA;NA;…;1;
190;251;435;30;4.604;1;
190;252;NA;NA;…;0;
190;253;NA;NA;…;1;
190;256;143;10;1.545;1;
190;259;NA;NA;…;1;
190;263;NA;NA;…;1;
190;264;NA;NA;…;0;
190;281;NA;NA;…;0;
190;282;103;7;1.656;1;
190;289;...;NA;…;1;
190;292;25;4;2.408;1;
190;310;55;4;0.896;0;
190;325;NA;NA;…;0;
190;331;13;6;0.295;0;
190;332;NA;NA;…;1;
190;351;NA;NA;…;0;
190;353;205;4;10.437;1;
190;370;NA;NA;…;1;
190;411;...;NA;…;0;
190;412;389;59;1.518;1;
190;421;NA;NA;…;0;
190;422;35;7;0.512;0;
190;429;...;NA;…;0;
190;431;41;13;1.125;1;
190;432;214;55;1.296;1;
190;433;118;36;1.478;1;
190;439;78;21;0.885;0;
190;451;49;10;0.473;0;
190;452;197;24;2.565;1;
190;453;NA;NA;…;0;
190;454;...;NA;…;1;
190;461;25;8;0.397;0;
190;462;NA;NA;…;0;
190;463;25;6;0.2;0;
190;464;27;6;0.217;0;
190;467;93;15;0.914;0;
190;469;34;8;0.325;0;
190;471;440;65;1.103;1;
190;472;260;27;2.581;1;
190;473;...;NA;…;1;
190;474;15;4;0.735;0;
190;475;64;17;0.687;0;
190;476;17;8;0.621;0;
190;477;184;58;0.684;0;
190;478;30;14;1.235;1;
190;479;14;6;0.359;0;
190;493;NA;9;…;1;
190;494;143;35;0.635;0;
190;521;NA;NA;…;0;
190;551;NA;NA;…;0;
190;552;NA;NA;…;0;
190;553;...;NA;…;1;
190;559;NA;NA;…;0;
190;561;241;63;0.886;0;
190;562;43;8;0.943;0;
190;563;105;36;1.442;1;
190;581;...;NA;…;0;
190;582;NA;NA;…;0;
190;591;NA;NA;…;0;
190;602;...;NA;…;1;
190;611;NA;NA;…;0;
190;620;18;5;0.118;0;
190;639;NA;NA;…;0;
190;662;14;6;0.787;0;
190;681;25;8;0.37;0;
190;682;NA;9;…;1;
190;683;8;4;0.175;0;
190;691;...;NA;…;0;
190;692;54;19;0.259;0;
190;702;23;7;0.234;0;
190;711;44;14;0.428;0;
190;712;NA;4;…;1;
190;721;NA;NA;…;0;
190;722;NA;NA;…;0;
190;731;...;NA;…;0;
190;732;NA;NA;…;0;
190;742;...;NA;…;0;
190;749;19;9;0.53;0;
190;750;NA;NA;…;0;
190;771;NA;NA;…;0;
190;772;NA;NA;…;0;
190;773;NA;NA;…;0;
190;781;NA;NA;…;0;
190;782;NA;NA;…;0;
190;791;...;NA;…;0;
190;801;60;22;0.712;0;
190;802;23;4;0.582;0;
190;812;34;6;0.273;0;
190;813;30;4;1.486;1;
190;821;NA;NA;…;0;
190;823;...;NA;…;0;
190;829;28;9;0.261;0;
190;841;603;20;0.494;0;
190;842;...;NA;…;0;
190;851;340;13;2.201;1;
190;852;1224;39;2.715;1;
190;853;167;4;0.638;0;
190;855;...;NA;…;0;
190;856;...;NA;…;1;
190;861;393;4;1.49;1;
190;862;100;26;0.791;0;
190;869;...;NA;…;0;
190;873;NA;NA;…;0;
190;881;240;7;5.133;1;
190;889;62;4;0.882;0;
190;900;NA;NA;…;0;
190;910;59;5;1.131;1;
190;931;20;4;0.422;0;
190;932;48;9;1.582;1;
190;949;16;5;0.189;0;
190;952;25;10;1.47;1;
190;960;75;33;0.838;0;
191;11;54;15;0.089;0;
191;12;30;8;0.44;0;
191;13;NA;NA;…;0;
191;14;117;13;0.229;0;
191;15;NA;NA;…;0;
191;16;35;11;0.218;0;
191;17;...;NA;…;0;
191;21;NA;NA;…;0;
191;22;NA;6;…;1;
191;23;NA;NA;…;1;
191;24;75;13;23.jan;1;
191;81;81;7;1.865;1;
191;101;527;7;1.208;1;
191;103;12;4;0.081;0;
191;105;NA;4;…;1;
191;106;NA;NA;…;0;
191;107;271;22;0.569;0;
191;108;NA;NA;…;1;
191;109;NA;NA;…;0;
191;110;23;9;0.126;0;
191;132;NA;NA;…;0;
191;139;NA;6;…;0;
191;141;94;17;0.195;0;
191;143;NA;NA;…;0;
191;152;30;4;0.21;0;
191;161;102;13;1.117;1;
191;162;195;28;0.771;0;
191;172;50;6;0.227;0;
191;181;216;17;0.876;0;
191;201;70;10;0.617;0;
191;202;NA;NA;…;1;
191;203;NA;NA;…;1;
191;204;225;4;4.276;1;
191;205;NA;NA;…;0;
191;221;NA;NA;…;0;
191;222;812;26;1.552;1;
191;231;...;NA;…;0;
191;232;NA;NA;…;0;
191;233;NA;NA;…;0;
191;234;958;13;13.376;1;
191;236;542;10;5.017;1;
191;237;NA;NA;…;0;
191;245;NA;NA;…;0;
191;251;374;27;0.824;0;
191;252;NA;NA;…;0;
191;253;NA;NA;…;0;
191;255;...;NA;…;1;
191;256;168;22;0.378;0;
191;257;133;7;1.413;1;
191;259;NA;NA;…;0;
191;261;...;NA;…;0;
191;262;NA;NA;…;0;
191;263;...;NA;…;0;
191;265;...;NA;…;0;
191;271;NA;NA;…;0;
191;273;...;NA;…;1;
191;274;NA;NA;…;0;
191;275;NA;NA;…;1;
191;279;NA;NA;…;1;
191;281;NA;4;…;0;
191;282;232;18;0.776;0;
191;283;NA;NA;…;1;
191;284;NA;NA;…;0;
191;289;385;13;2.552;1;
191;292;NA;NA;…;1;
191;293;5554;5;5.663;1;
191;301;25;5;3.597;1;
191;310;607;35;2.057;1;
191;321;12;5;0.833;0;
191;323;...;NA;…;0;
191;325;31;9;0.195;0;
191;329;NA;NA;…;0;
191;331;59;12;0.279;0;
191;332;74;8;1.187;1;
191;352;NA;NA;…;0;
191;353;NA;NA;…;0;
191;360;710;5;2.516;1;
191;370;...;NA;…;1;
191;381;182;5;1.118;1;
191;382;65;5;1.073;1;
191;383;40;4;0.995;0;
191;390;NA;NA;…;1;
191;411;67;11;0.641;0;
191;412;1116;156;0.906;0;
191;421;97;13;0.305;0;
191;422;233;25;0.709;0;
191;429;22;4;0.288;0;
191;431;138;27;0.788;0;
191;432;637;127;0.803;0;
191;433;300;86;0.782;0;
191;439;366;76;0.864;0;
191;451;510;67;1.025;1;
191;452;282;65;0.764;0;
191;453;155;30;0.763;0;
191;454;...;NA;…;0;
191;461;211;35;0.698;0;
191;462;46;10;0.341;0;
191;463;561;41;0.935;0;
191;464;252;48;0.422;0;
191;465;36;7;0.402;0;
191;466;111;15;0.654;0;
191;467;385;50;0.788;0;
191;469;282;46;0.561;0;
191;471;2030;140;1.059;1;
191;472;1106;71;2.284;1;
191;473;50;8;0.44;0;
191;474;142;16;1.447;1;
191;475;1521;78;3.399;1;
191;476;99;21;0.752;0;
191;477;986;220;0.763;0;
191;478;61;24;0.522;0;
191;479;177;39;0.946;0;
191;493;658;19;1.006;1;
191;494;1246;142;1.151;1;
191;511;NA;NA;…;0;
191;522;798;25;0.936;0;
191;532;41;7;0.634;0;
191;551;229;25;0.642;0;
191;552;10;5;0.349;0;
191;553;...;NA;…;1;
191;559;NA;4;…;1;
191;561;1008;208;0.772;0;
191;562;NA;8;…;1;
191;563;284;75;0.811;0;
191;581;279;16;1.641;1;
191;582;32;9;0.388;0;
191;591;29;5;0.4;0;
191;592;NA;NA;…;0;
191;601;NA;NA;…;0;
191;602;45;5;0.943;0;
191;611;...;NA;…;0;
191;620;217;54;0.295;0;
191;631;41;18;0.295;0;
191;639;...;NA;…;0;
191;641;...;NA;…;1;
191;642;NA;NA;…;0;
191;661;36;9;0.444;0;
191;662;109;40;1.275;1;
191;681;252;55;0.775;0;
191;682;426;67;1.012;1;
191;683;101;25;0.459;0;
191;691;164;48;0.974;0;
191;692;354;104;0.354;0;
191;701;127;8;1.866;1;
191;702;184;51;0.39;0;
191;711;425;92;0.86;0;
191;712;418;29;4.036;1;
191;721;188;26;0.701;0;
191;722;17;4;0.358;0;
191;731;574;31;3.199;1;
191;732;...;NA;…;0;
191;741;16;7;1.142;1;
191;742;30;12;0.861;0;
191;743;...;NA;…;0;
191;749;127;33;0.736;0;
191;750;30;7;1.067;1;
191;771;...;NA;…;0;
191;772;19;6;0.695;0;
191;773;28;7;0.363;0;
191;774;NA;NA;…;0;
191;781;29;5;0.188;0;
191;782;...;NA;…;0;
191;791;75;14;0.818;0;
191;799;...;NA;…;1;
191;801;272;53;0.672;0;
191;802;261;20;1.374;1;
191;803;...;NA;…;0;
191;811;NA;NA;…;0;
191;812;449;43;0.751;0;
191;813;67;8;0.691;0;
191;821;22;7;0.214;0;
191;823;27;10;0.575;0;
191;829;563;38;09.jan;1;
191;841;4242;66;0.724;0;
191;842;2275;8;1.907;1;
191;843;...;NA;…;1;
191;851;521;20;0.702;0;
191;852;1666;42;0.769;0;
191;853;1399;24;1.112;1;
191;854;NA;9;…;0;
191;855;198;39;1.063;1;
191;856;NA;NA;…;0;
191;861;3043;7;2.401;1;
191;862;525;132;0.864;0;
191;869;574;11;1.839;1;
191;873;336;7;0.567;0;
191;879;...;NA;…;1;
191;881;348;12;1.549;1;
191;889;263;6;0.779;0;
191;900;217;28;1.068;1;
191;910;304;11;1.213;1;
191;920;16;5;0.261;0;
191;931;249;33;1.094;1;
191;932;91;17;0.624;0;
191;941;75;7;2.56;1;
191;942;33;4;1.986;1;
191;949;505;41;1.241;1;
191;951;23;8;0.52;0;
191;952;95;19;1.163;1;
191;960;314;76;0.73;0;
192;11;102;11;1.83;1;
192;14;143;13;3.043;1;
192;15;...;NA;…;1;
192;16;10;5;0.677;0;
192;21;26;6;12.634;1;
192;22;36;7;4.082;1;
192;24;132;31;23.573;1;
192;52;...;NA;…;1;
192;81;...;NA;…;1;
192;89;NA;NA;…;1;
192;101;NA;NA;…;0;
192;107;72;9;1.645;1;
192;108;NA;NA;…;1;
192;110;...;NA;…;0;
192;141;NA;NA;…;0;
192;152;...;NA;…;1;
192;161;120;11;14.306;1;
192;162;88;18;3.79;1;
192;172;...;NA;…;0;
192;181;...;NA;…;0;
192;222;NA;NA;…;0;
192;251;27;5;0.647;0;
192;256;79;7;1.933;1;
192;257;NA;NA;…;1;
192;263;NA;NA;…;1;
192;271;NA;NA;…;1;
192;281;NA;NA;…;0;
192;282;NA;NA;…;0;
192;289;NA;NA;…;0;
192;293;NA;NA;…;0;
192;310;31;6;1.144;1;
192;331;...;NA;…;0;
192;332;NA;NA;…;0;
192;381;NA;NA;…;0;
192;411;...;NA;…;0;
192;412;179;33;1.582;1;
192;421;NA;NA;…;1;
192;422;42;8;1.391;1;
192;429;NA;NA;…;0;
192;431;59;9;3.666;1;
192;432;70;16;0.96;0;
192;433;69;20;1.957;1;
192;439;100;17;2.57;1;
192;451;...;NA;…;0;
192;452;20;8;0.59;0;
192;453;12;5;0.643;0;
192;461;...;NA;…;0;
192;462;NA;NA;…;0;
192;463;36;4;0.653;0;
192;467;19;7;0.423;0;
192;469;...;NA;…;0;
192;471;362;30;2.055;1;
192;472;77;12;1.731;1;
192;473;NA;NA;…;0;
192;474;NA;NA;…;0;
192;475;89;18;2.165;1;
192;476;...;NA;…;0;
192;477;129;29;1.087;1;
192;478;44;6;4.102;1;
192;479;18;7;1.047;1;
192;493;NA;4;…;1;
192;494;154;37;1.548;1;
192;531;NA;NA;…;0;
192;532;NA;NA;…;0;
192;551;65;6;1.984;1;
192;552;NA;NA;…;1;
192;559;...;NA;…;1;
192;561;125;35;1.041;1;
192;562;...;NA;…;0;
192;563;32;14;0.995;0;
192;602;...;NA;…;1;
192;611;NA;NA;…;0;
192;620;...;NA;…;0;
192;631;NA;NA;…;0;
192;641;NA;NA;…;1;
192;662;...;NA;…;0;
192;681;...;NA;…;0;
192;682;39;4;1.008;1;
192;683;...;NA;…;1;
192;692;41;10;0.446;0;
192;702;13;6;0.3;0;
192;711;28;7;0.617;0;
192;712;NA;NA;…;0;
192;722;NA;NA;…;1;
192;731;NA;NA;…;0;
192;743;NA;NA;…;1;
192;749;13;4;0.821;0;
192;750;NA;NA;…;0;
192;791;NA;NA;…;0;
192;812;13;4;0.237;0;
192;821;NA;NA;…;0;
192;823;NA;NA;…;0;
192;829;12;5;0.253;0;
192;841;446;32;0.828;0;
192;842;NA;NA;…;0;
192;851;200;16;2.933;1;
192;852;540;19;2.713;1;
192;853;...;NA;…;1;
192;855;18;5;1.052;1;
192;856;...;NA;…;0;
192;861;NA;NA;…;1;
192;862;56;20;1.003;1;
192;869;...;NA;…;0;
192;873;...;NA;…;1;
192;879;NA;NA;…;1;
192;881;67;6;3.246;1;
192;889;NA;NA;…;1;
192;900;...;NA;…;0;
192;910;47;6;2.041;1;
192;920;NA;NA;…;0;
192;931;16;4;0.765;0;
192;932;NA;NA;…;0;
192;949;52;9;1.391;1;
192;952;...;NA;…;0;
192;960;79;11;2;1;
193;11;156;30;0.688;0;
193;12;...;NA;…;0;
193;13;33;4;4.579;1;
193;14;125;18;0.654;0;
193;16;29;11;0.482;0;
193;17;...;NA;…;1;
193;21;16;5;1.91;1;
193;22;...;NA;…;0;
193;23;NA;NA;…;1;
193;24;28;8;1.229;1;
193;32;NA;NA;…;1;
193;81;73;7;4.495;1;
193;89;NA;NA;…;1;
193;101;52;6;0.319;0;
193;103;NA;NA;…;0;
193;104;NA;NA;…;0;
193;105;NA;NA;…;0;
193;106;NA;NA;…;0;
193;107;374;22;2.099;1;
193;108;92;5;1.377;1;
193;109;...;NA;…;0;
193;110;59;12;0.868;0;
193;132;NA;NA;…;1;
193;139;NA;4;…;0;
193;141;96;12;0.532;0;
193;143;...;NA;…;1;
193;152;...;NA;…;0;
193;161;32;7;0.937;0;
193;162;214;27;2.265;1;
193;172;NA;NA;…;0;
193;181;64;9;0.694;0;
193;202;...;NA;…;1;
193;203;NA;NA;…;0;
193;222;81;6;0.414;0;
193;231;...;NA;…;0;
193;234;58;10;2.166;1;
193;236;33;4;0.817;0;
193;237;19;5;2.422;1;
193;239;...;NA;…;0;
193;251;79;13;0.465;0;
193;255;NA;NA;…;0;
193;256;142;12;0.854;0;
193;259;...;NA;…;0;
193;261;NA;NA;…;0;
193;266;NA;NA;…;0;
193;279;...;NA;…;0;
193;281;NA;NA;…;0;
193;282;228;7;2.041;1;
193;289;...;NA;…;0;
193;301;23;5;8.852;1;
193;309;NA;NA;…;0;
193;310;104;12;0.943;0;
193;321;14;5;06.febr;1;
193;322;NA;NA;…;1;
193;323;...;NA;…;1;
193;325;31;8;0.521;0;
193;329;9;4;0.237;0;
193;331;40;7;0.505;0;
193;332;13;4;0.558;0;
193;352;NA;NA;…;0;
193;353;NA;NA;…;1;
193;360;NA;NA;…;0;
193;370;NA;NA;…;0;
193;381;NA;NA;…;0;
193;382;NA;NA;…;0;
193;411;238;5;6.086;1;
193;412;994;115;2.159;1;
193;421;158;13;1.33;1;
193;422;33;9;0.269;0;
193;429;32;7;12.jan;1;
193;431;67;14;1.023;1;
193;432;297;62;1.001;1;
193;433;250;55;1.743;1;
193;439;266;50;1.679;1;
193;451;124;28;0.667;0;
193;452;188;38;1.362;1;
193;453;42;9;0.553;0;
193;454;...;NA;…;1;
193;461;115;23;1.017;1;
193;462;111;9;2.199;1;
193;463;316;22;1.409;1;
193;464;109;16;0.488;0;
193;465;...;NA;…;0;
193;466;29;5;0.457;0;
193;467;123;22;0.673;0;
193;469;34;9;0.181;0;
193;471;816;127;1.138;1;
193;472;178;45;0.983;0;
193;473;43;5;1.011;1;
193;474;43;9;1.172;1;
193;475;360;69;2.152;1;
193;476;52;19;1.057;1;
193;477;695;208;1.439;1;
193;478;59;22;1.352;1;
193;479;75;22;1.072;1;
193;493;58;16;0.237;0;
193;494;190;42;0.469;0;
193;503;NA;NA;…;0;
193;511;NA;NA;…;0;
193;521;NA;NA;…;1;
193;522;84;12;0.264;0;
193;531;NA;NA;…;0;
193;532;15;5;0.621;0;
193;551;2524;70;18.931;1;
193;552;32;10;2.985;1;
193;553;70;10;29.631;1;
193;559;77;17;3.539;1;
193;561;1539;350;3.151;1;
193;562;67;16;0.817;0;
193;563;231;74;1.765;1;
193;581;48;7;0.755;0;
193;582;...;NA;…;0;
193;591;...;NA;…;0;
193;601;NA;NA;…;1;
193;602;NA;NA;…;0;
193;611;46;5;0.941;0;
193;612;...;NA;…;0;
193;620;60;20;0.218;0;
193;631;...;NA;…;0;
193;639;NA;NA;…;0;
193;641;81;4;0.376;0;
193;642;NA;NA;…;0;
193;649;...;NA;…;0;
193;661;47;15;1.55;1;
193;662;28;14;0.876;0;
193;681;421;60;3.464;1;
193;682;212;44;1.347;1;
193;683;88;27;1.069;1;
193;691;91;28;1.446;1;
193;692;202;64;0.54;0;
193;701;NA;NA;…;1;
193;702;56;19;0.317;0;
193;711;165;43;0.893;0;
193;712;17;4;0.439;0;
193;721;...;NA;…;0;
193;722;NA;NA;…;0;
193;731;55;16;0.82;0;
193;732;NA;NA;…;0;
193;741;NA;NA;…;0;
193;742;31;7;2.38;1;
193;743;NA;NA;…;0;
193;749;53;17;0.822;0;
193;750;NA;NA;…;0;
193;771;12;4;0.779;0;
193;772;23;6;2.249;1;
193;773;15;7;0.52;0;
193;781;223;4;3.873;1;
193;782;NA;NA;…;0;
193;791;64;16;1.868;1;
193;799;10;4;3.261;1;
193;801;99;13;0.654;0;
193;802;35;7;0.493;0;
193;803;NA;NA;…;0;
193;811;NA;NA;…;0;
193;812;40;15;0.179;0;
193;813;35;8;0.965;0;
193;821;11;4;0.286;0;
193;823;17;6;0.969;0;
193;829;150;26;0.777;0;
193;841;1353;70;0.617;0;
193;842;NA;NA;…;0;
193;851;267;17;0.962;0;
193;852;864;28;1.067;1;
193;853;464;12;0.987;0;
193;854;NA;NA;…;1;
193;855;98;18;1.408;1;
193;856;NA;NA;…;0;
193;861;944;6;1.992;1;
193;862;428;117;1.884;1;
193;869;51;14;0.437;0;
193;873;312;8;1.408;1;
193;879;NA;NA;…;0;
193;881;44;9;0.524;0;
193;889;60;6;0.475;0;
193;900;17;8;0.224;0;
193;910;248;8;2.647;1;
193;920;...;NA;…;0;
193;931;75;16;0.881;0;
193;932;97;20;1.78;1;
193;941;NA;NA;…;0;
193;949;25;9;0.164;0;
193;951;...;NA;…;0;
193;952;55;14;08.jan;1;
193;960;253;99;1.574;1;
194;11;261;43;3.748;1;
194;12;...;NA;…;0;
194;13;...;NA;…;1;
194;14;65;12;1.107;1;
194;15;...;NA;…;1;
194;16;41;10;2.221;1;
194;17;...;NA;…;1;
194;21;25;7;9.724;1;
194;22;13;4;18.jan;1;
194;24;97;26;13.866;1;
194;81;NA;NA;…;1;
194;101;NA;NA;…;0;
194;103;...;NA;…;0;
194;105;NA;NA;…;0;
194;106;NA;NA;…;0;
194;107;73;7;1.335;1;
194;108;...;NA;…;0;
194;109;NA;NA;…;0;
194;110;...;NA;…;0;
194;139;NA;NA;…;0;
194;141;105;11;1.897;1;
194;143;NA;NA;…;1;
194;151;...;NA;…;1;
194;161;141;13;13.455;1;
194;162;312;18;10.755;1;
194;182;NA;NA;…;1;
194;204;NA;NA;…;1;
194;222;...;NA;…;0;
194;233;NA;NA;…;1;
194;234;NA;NA;…;1;
194;237;NA;NA;…;1;
194;251;48;5;0.921;0;
194;252;...;NA;…;1;
194;255;NA;NA;…;0;
194;256;31;5;0.607;0;
194;262;NA;NA;…;0;
194;281;NA;NA;…;1;
194;282;NA;NA;…;1;
194;289;NA;NA;…;0;
194;293;NA;NA;…;1;
194;309;NA;NA;…;1;
194;310;46;6;1.358;1;
194;325;NA;NA;…;0;
194;331;...;NA;…;0;
194;332;NA;NA;…;0;
194;381;NA;NA;…;1;
194;382;...;NA;…;1;
194;383;NA;NA;…;0;
194;411;NA;NA;…;0;
194;412;113;20;0.799;0;
194;421;69;6;1.892;1;
194;422;213;6;5.648;1;
194;429;NA;NA;…;0;
194;431;20;4;0.995;0;
194;432;56;13;0.615;0;
194;433;46;15;1.045;1;
194;439;64;9;1.316;1;
194;451;NA;NA;…;0;
194;452;92;15;2.172;1;
194;453;...;NA;…;0;
194;454;NA;NA;…;1;
194;461;30;9;0.864;0;
194;462;30;4;1.936;1;
194;463;NA;NA;…;0;
194;464;...;NA;…;0;
194;465;NA;NA;…;0;
194;466;...;NA;…;0;
194;467;39;10;0.695;0;
194;469;NA;NA;…;0;
194;471;161;42;0.732;0;
194;472;49;15;0.882;0;
194;474;9;4;0.799;0;
194;475;111;27;2.161;1;
194;476;8;4;0.53;0;
194;477;181;62;1.221;1;
194;478;35;15;2.612;1;
194;479;...;NA;…;0;
194;493;NA;NA;…;0;
194;494;81;13;0.652;0;
194;522;...;NA;…;0;
194;531;NA;NA;…;0;
194;532;NA;NA;…;0;
194;551;55;10;1.344;1;
194;552;...;NA;…;1;
194;559;...;NA;…;0;
194;561;285;69;1.901;1;
194;562;30;6;1.192;1;
194;563;50;18;1.245;1;
194;581;NA;NA;…;0;
194;591;...;NA;…;0;
194;602;...;NA;…;1;
194;611;...;NA;…;0;
194;620;NA;NA;…;0;
194;631;NA;NA;…;0;
194;641;NA;NA;…;0;
194;661;13;5;1.397;1;
194;662;16;7;1.631;1;
194;681;...;NA;…;0;
194;682;46;10;0.952;0;
194;683;NA;NA;…;0;
194;691;...;NA;…;0;
194;692;31;11;0.27;0;
194;702;...;NA;…;0;
194;711;26;6;0.458;0;
194;731;NA;NA;…;0;
194;742;...;NA;…;1;
194;743;NA;NA;…;0;
194;749;...;NA;…;0;
194;750;NA;NA;…;0;
194;771;NA;NA;…;0;
194;772;NA;NA;…;1;
194;781;NA;NA;…;0;
194;791;NA;NA;…;0;
194;801;...;NA;…;0;
194;802;...;NA;…;1;
194;811;NA;NA;…;0;
194;812;...;NA;…;0;
194;829;43;6;0.726;0;
194;841;701;65;1.042;1;
194;842;NA;NA;…;0;
194;851;99;8;1.162;1;
194;852;392;16;1.577;1;
194;853;...;NA;…;0;
194;855;NA;NA;…;0;
194;862;84;14;1.205;1;
194;869;...;NA;…;0;
194;873;208;6;3.058;1;
194;881;22;5;0.853;0;
194;889;40;4;1.032;1;
194;900;...;NA;…;0;
194;910;...;NA;…;0;
194;920;NA;NA;…;0;
194;931;...;NA;…;0;
194;932;...;NA;…;1;
194;949;...;NA;…;0;
194;951;NA;NA;…;0;
194;952;...;NA;…;0;
194;960;69;14;1.398;1;
195;11;172;27;28.márc;1;
195;12;NA;NA;…;1;
195;13;...;NA;…;1;
195;14;52;13;1.176;1;
195;15;NA;NA;…;0;
195;16;12;5;0.863;0;
195;17;NA;NA;…;1;
195;21;16;6;8.265;1;
195;22;...;NA;…;0;
195;24;124;28;23.54;1;
195;31;NA;NA;…;1;
195;101;NA;NA;…;1;
195;107;98;8;2.38;1;
195;109;NA;NA;…;0;
195;110;...;NA;…;0;
195;133;NA;NA;…;1;
195;139;...;NA;…;0;
195;141;NA;NA;…;0;
195;161;104;11;13.18;1;
195;162;140;7;6.409;1;
195;236;12;4;1.285;1;
195;237;NA;NA;…;1;
195;251;45;8;1.147;1;
195;256;30;4;0.78;0;
195;281;NA;NA;…;0;
195;282;NA;NA;…;0;
195;289;...;NA;…;0;
195;310;NA;6;…;1;
195;329;NA;NA;…;0;
195;331;NA;NA;…;0;
195;332;...;NA;…;1;
195;360;NA;NA;…;0;
195;381;...;NA;…;0;
195;411;...;NA;…;0;
195;412;165;23;1.55;1;
195;421;32;6;1.165;1;
195;422;NA;NA;…;1;
195;429;NA;NA;…;0;
195;431;...;NA;…;0;
195;432;54;12;0.787;0;
195;433;36;11;1.086;1;
195;439;33;7;0.901;0;
195;451;...;NA;…;0;
195;452;35;9;1.097;1;
195;453;...;NA;…;0;
195;461;47;4;1.798;1;
195;462;NA;NA;…;0;
195;463;...;NA;…;0;
195;464;12;4;0.232;0;
195;467;10;4;0.237;0;
195;469;...;NA;…;0;
195;471;164;37;0.99;0;
195;472;33;9;0.789;0;
195;475;14;5;0.362;0;
195;477;80;29;0.716;0;
195;478;21;7;2.081;1;
195;479;16;5;0.989;0;
195;493;NA;NA;…;0;
195;494;60;13;0.641;0;
195;522;...;NA;…;0;
195;551;NA;NA;…;0;
195;552;...;NA;…;1;
195;559;NA;NA;…;0;
195;561;107;31;0.948;0;
195;562;...;NA;…;0;
195;563;28;13;0.926;0;
195;612;...;NA;…;1;
195;620;...;NA;…;0;
195;641;...;NA;…;0;
195;661;...;NA;…;1;
195;662;...;NA;…;0;
195;681;...;NA;…;0;
195;682;NA;NA;…;0;
195;692;13;4;0.15;0;
195;701;NA;NA;…;1;
195;702;...;NA;…;0;
195;711;28;4;0.656;0;
195;731;NA;NA;…;0;
195;741;NA;NA;…;1;
195;742;NA;NA;…;0;
195;749;NA;NA;…;0;
195;750;NA;NA;…;1;
195;771;NA;NA;…;1;
195;781;NA;NA;…;1;
195;782;NA;NA;…;1;
195;801;NA;NA;…;0;
195;802;...;NA;…;0;
195;812;NA;NA;…;0;
195;813;NA;NA;…;0;
195;829;61;9;1.367;1;
195;841;763;43;1.506;1;
195;842;...;NA;…;0;
195;851;101;14;1.575;1;
195;852;479;20;2.559;1;
195;855;NA;NA;…;0;
195;856;NA;NA;…;0;
195;862;49;13;0.933;0;
195;869;NA;NA;…;0;
195;872;NA;NA;…;1;
195;873;...;NA;…;1;
195;881;74;11;3.811;1;
195;889;...;NA;…;0;
195;910;...;NA;…;0;
195;931;NA;NA;…;0;
195;932;NA;NA;…;1;
195;949;...;NA;…;0;
195;952;...;NA;…;0;
195;960;12;6;0.323;0;
196;11;527;61;1.448;1;
196;12;66;7;1.615;1;
196;13;23;4;1.99;1;
196;14;339;35;1.105;1;
196;15;NA;NA;…;0;
196;16;30;12;0.311;0;
196;17;NA;9;…;1;
196;21;26;8;1.935;1;
196;22;NA;10;…;1;
196;24;68;22;1.86;1;
196;81;...;NA;…;1;
196;89;NA;NA;…;1;
196;91;NA;NA;…;1;
196;101;148;6;0.566;0;
196;103;...;NA;…;0;
196;107;359;18;1.256;1;
196;108;NA;NA;…;0;
196;109;NA;NA;…;0;
196;110;48;6;0.44;0;
196;133;NA;NA;…;0;
196;139;97;10;0.621;0;
196;141;236;19;0.816;0;
196;142;NA;NA;…;1;
196;152;NA;NA;…;0;
196;161;195;17;3.561;1;
196;162;199;23;1.313;1;
196;171;NA;NA;…;1;
196;172;51;4;0.386;0;
196;181;36;6;0.244;0;
196;182;NA;NA;…;0;
196;201;NA;NA;…;0;
196;222;596;26;1.899;1;
196;231;NA;NA;…;0;
196;234;...;NA;…;0;
196;236;...;NA;…;0;
196;237;15;4;1.192;1;
196;239;NA;NA;…;0;
196;245;42;4;0.733;0;
196;251;166;24;0.61;0;
196;252;NA;NA;…;1;
196;256;357;36;1.338;1;
196;257;NA;NA;…;0;
196;259;NA;NA;…;0;
196;263;NA;NA;…;0;
196;265;NA;NA;…;1;
196;267;...;NA;…;1;
196;271;NA;NA;…;1;
196;279;42;6;0.964;0;
196;281;739;5;2.208;1;
196;282;364;13;2.031;1;
196;289;127;11;1.404;1;
196;293;NA;4;…;1;
196;310;1182;41;6.68;1;
196;321;...;NA;…;0;
196;323;NA;NA;…;1;
196;325;18;7;0.189;0;
196;329;29;7;0.476;0;
196;331;88;21;0.693;0;
196;332;34;9;0.909;0;
196;352;NA;NA;…;1;
196;360;596;10;3.521;1;
196;370;NA;NA;…;0;
196;381;NA;NA;…;1;
196;382;NA;NA;…;0;
196;383;...;NA;…;0;
196;411;79;16;1.259;1;
196;412;825;107;1.117;1;
196;421;138.8;10;0.728;0;
196;422;356;27;1.807;1;
196;429;64;6;1.396;1;
196;431;47;12;0.447;0;
196;432;428;79;0.899;0;
196;433;377;93;1.638;1;
196;439;174;36;0.685;0;
196;451;302;35;1.012;1;
196;452;268;55;1.211;1;
196;453;39;13;0.32;0;
196;454;...;NA;…;0;
196;461;98;24;0.54;0;
196;462;131;14;1.618;1;
196;463;234;32;0.65;0;
196;464;100;26;0.279;0;
196;465;NA;NA;…;0;
196;466;40;11;0.393;0;
196;467;288;37;0.982;0;
196;469;206;27;0.684;0;
196;471;848;173;0.738;0;
196;472;229;63;0.789;0;
196;473;126;11;1.847;1;
196;474;60;14;02.jan;1;
196;475;333;74;1.241;1;
196;476;61;17;0.773;0;
196;477;599;175;0.773;0;
196;478;104;46;1.485;1;
196;479;93;35;0.828;0;
196;493;27;11;0.069;0;
196;494;1047;108;1.613;1;
196;511;NA;NA;…;0;
196;521;34;5;0.517;0;
196;522;126;18;0.247;0;
196;532;19;5;0.49;0;
196;551;652;23;3.049;1;
196;552;36;8;2.094;1;
196;553;...;NA;…;1;
196;559;31;7;0.888;0;
196;561;1072;267;1.368;1;
196;562;28;9;0.213;0;
196;563;199;68;0.948;0;
196;581;18;4;0.177;0;
196;582;...;NA;…;0;
196;591;32;4;0.735;0;
196;602;NA;NA;…;0;
196;611;...;NA;…;0;
196;612;NA;NA;…;0;
196;620;88;27;0.199;0;
196;631;32;9;0.384;0;
196;639;NA;NA;…;0;
196;641;...;NA;…;0;
196;642;NA;NA;…;0;
196;649;13;5;0.187;0;
196;651;NA;NA;…;0;
196;661;42;16;0.864;0;
196;662;42;15;0.819;0;
196;681;220;51;1.129;1;
196;682;399;51;1.58;1;
196;683;161;24;1.219;1;
196;691;93;26;0.921;0;
196;692;201;64;0.335;0;
196;701;...;NA;…;0;
196;702;79;29;0.279;0;
196;711;187;52;0.631;0;
196;712;41;10;0.66;0;
196;721;...;NA;…;0;
196;731;47;12;0.437;0;
196;732;10;5;0.39;0;
196;741;...;NA;…;0;
196;742;...;NA;…;0;
196;743;13;5;1.094;1;
196;749;97;23;0.938;0;
196;750;22;7;1.305;1;
196;771;19;5;0.769;0;
196;772;14;5;0.853;0;
196;773;...;NA;…;0;
196;774;NA;NA;…;0;
196;781;NA;NA;…;0;
196;782;...;NA;…;0;
196;791;32;9;0.582;0;
196;799;...;NA;…;1;
196;801;68;15;0.28;0;
196;802;71;11;0.623;0;
196;803;NA;NA;…;1;
196;811;NA;NA;…;0;
196;812;267;35;0.745;0;
196;813;75;8;1.289;1;
196;821;18;5;0.291;0;
196;822;...;NA;…;1;
196;823;...;NA;…;0;
196;829;325;34;05.jan;1;
196;841;1887;98;0.537;0;
196;842;1014;4;1.417;1;
196;851;806;38;1.811;1;
196;852;2993;78;2.304;1;
196;853;2170;23;2.877;1;
196;854;...;NA;…;0;
196;855;137;33;1.227;1;
196;856;NA;NA;…;0;
196;861;NA;8;…;1;
196;862;435;113;1.194;1;
196;869;23;9;0.123;0;
196;873;606;10;1.705;1;
196;879;...;NA;…;1;
196;881;321;11;2.382;1;
196;889;258;5;1.274;1;
196;900;12;6;0.098;0;
196;910;182;7;1.211;1;
196;920;32;6;0.87;0;
196;931;77;21;0.564;0;
196;932;117;13;1.338;1;
196;941;NA;NA;…;0;
196;942;...;NA;…;0;
196;949;48;13;0.197;0;
196;951;29;5;1.093;1;
196;952;33;9;0.673;0;
196;960;441;94;1.71;1;
197;11;697;87;18.jan;1;
197;12;125;17;1.884;1;
197;13;42;7;2.238;1;
197;14;624;71;1.253;1;
197;15;83;10;0.988;0;
197;16;81;19;0.517;0;
197;17;...;NA;…;0;
197;21;19;6;0.871;0;
197;22;77;19;0.824;0;
197;23;NA;NA;…;1;
197;24;131;29;2.207;1;
197;81;66;5;1.561;1;
197;91;...;NA;…;1;
197;101;387;15;0.912;0;
197;103;226;6;1.573;1;
197;105;NA;NA;…;1;
197;106;NA;NA;…;1;
197;107;1162;38;2.505;1;
197;108;NA;NA;…;0;
197;109;167;6;1.821;1;
197;110;21;10;0.119;0;
197;133;NA;NA;…;1;
197;139;202;14;0.797;0;
197;141;608;37;1.295;1;
197;143;15;4;0.359;0;
197;151;NA;NA;…;0;
197;152;82;4;0.59;0;
197;161;309;27;3.476;1;
197;162;312;37;1.268;1;
197;172;429;4;2.002;1;
197;181;416;24;1.733;1;
197;182;...;NA;…;1;
197;201;NA;NA;…;0;
197;204;...;NA;…;0;
197;212;...;NA;…;0;
197;222;265;18;0.52;0;
197;231;...;NA;…;0;
197;232;NA;NA;…;1;
197;233;717;4;14.336;1;
197;234;NA;NA;…;0;
197;236;114;9;1.084;1;
197;237;63;7;3.084;1;
197;239;...;NA;…;1;
197;243;NA;NA;…;0;
197;245;NA;NA;…;0;
197;251;583;45;1.319;1;
197;252;25;4;0.424;0;
197;255;NA;NA;…;1;
197;256;641;63;1.48;1;
197;257;18;4;0.196;0;
197;259;143;13;02.jan;1;
197;261;55;6;0.211;0;
197;263;NA;NA;…;0;
197;264;NA;NA;…;0;
197;265;131;6;2.327;1;
197;266;...;NA;…;0;
197;267;NA;NA;…;0;
197;271;NA;6;…;1;
197;275;NA;NA;…;0;
197;279;NA;4;…;1;
197;281;NA;NA;…;0;
197;282;714;21;2.454;1;
197;283;NA;NA;…;0;
197;289;118;4;0.803;0;
197;293;388;6;0.406;0;
197;301;NA;NA;…;0;
197;310;426;57;1.483;1;
197;321;16;4;1.141;1;
197;322;NA;NA;…;0;
197;323;...;NA;…;0;
197;324;NA;NA;…;0;
197;325;43;12;0.278;0;
197;329;16;5;0.162;0;
197;331;71;23;0.344;0;
197;332;...;NA;…;0;
197;351;NA;NA;…;0;
197;352;NA;NA;…;0;
197;360;662;4;2.409;1;
197;370;NA;NA;…;0;
197;381;NA;6;…;1;
197;383;107;6;2.734;1;
197;411;24;7;0.236;0;
197;412;1118;131;0.932;0;
197;421;207;26;0.669;0;
197;422;259;23;0.81;0;
197;429;106;9;1.424;1;
197;431;271;43;1.589;1;
197;432;729;119;0.944;0;
197;433;450;98;1.205;1;
197;439;302;65;0.732;0;
197;451;501;67;1.034;1;
197;452;283;66;0.788;0;
197;453;173;25;0.874;0;
197;454;...;NA;…;0;
197;461;324;36;01.jan;1;
197;462;127;19;0.966;0;
197;463;226;34;0.387;0;
197;464;390;46;0.67;0;
197;465;...;NA;…;0;
197;466;33;8;0.2;0;
197;467;501;66;1.053;1;
197;469;349;36;0.713;0;
197;471;725;146;0.388;0;
197;472;279;81;0.592;0;
197;473;132;16;1.192;1;
197;474;80;15;0.837;0;
197;475;461;97;1.058;1;
197;476;70;16;0.546;0;
197;477;1259;210;1.001;1;
197;478;90;37;0.792;0;
197;479;67;24;0.368;0;
197;493;NA;9;…;1;
197;494;5778;199;5.482;1;
197;521;NA;NA;…;0;
197;522;571;29;0.688;0;
197;531;NA;NA;…;0;
197;532;157;9;2.494;1;
197;551;114;12;0.328;0;
197;552;...;NA;…;0;
197;553;NA;NA;…;0;
197;559;126;5;2.224;1;
197;561;923;226;0.726;0;
197;562;115;28;0.539;0;
197;563;386;126;1.133;1;
197;581;170;12;1.027;1;
197;582;22;6;0.274;0;
197;591;15;4;0.212;0;
197;592;NA;NA;…;0;
197;602;NA;NA;…;0;
197;611;NA;NA;…;0;
197;612;56;5;0.513;0;
197;619;NA;NA;…;0;
197;620;194;31;0.271;0;
197;631;17;6;0.126;0;
197;639;...;NA;…;0;
197;641;239;7;0.426;0;
197;642;NA;NA;…;0;
197;649;18;5;0.16;0;
197;651;NA;NA;…;0;
197;661;51;10;0.646;0;
197;662;89;33;1.069;1;
197;663;NA;NA;…;0;
197;681;356;46;1.125;1;
197;682;584;54;1.425;1;
197;683;69;25;0.322;0;
197;691;189;49;1.153;1;
197;692;488;107;0.501;0;
197;701;9;4;0.136;0;
197;702;328;51;0.713;0;
197;711;510;104;06.jan;1;
197;712;49;8;0.486;0;
197;721;27;6;0.103;0;
197;722;NA;NA;…;0;
197;731;33;12;0.189;0;
197;732;13;6;0.312;0;
197;741;15;7;01.jan;1;
197;742;...;NA;…;0;
197;743;...;NA;…;0;
197;749;113;37;0.673;0;
197;750;...;NA;…;0;
197;771;...;NA;…;0;
197;772;12;5;0.451;0;
197;773;71;9;0.946;0;
197;781;131;9;0.874;0;
197;782;4116;16;5.319;1;
197;783;...;NA;…;0;
197;791;13;5;0.146;0;
197;799;NA;NA;…;0;
197;801;151;39;0.383;0;
197;802;110;17;0.595;0;
197;803;NA;NA;…;0;
197;811;13;4;0.069;0;
197;812;117;24;0.201;0;
197;813;56;11;0.593;0;
197;821;33;7;0.329;0;
197;822;NA;NA;…;0;
197;823;48;7;1.051;1;
197;829;210;33;0.418;0;
197;841;4522;155;0.792;0;
197;842;2374;7;2.044;1;
197;843;...;NA;…;1;
197;851;683;42;0.945;0;
197;852;1672;50;0.793;0;
197;853;1781;23;1.455;1;
197;854;NA;NA;…;0;
197;855;152;24;0.838;0;
197;856;...;NA;…;1;
197;861;NA;6;…;1;
197;862;431;127;0.729;0;
197;869;NA;7;…;0;
197;872;NA;NA;…;1;
197;873;378;5;0.655;0;
197;879;NA;NA;…;1;
197;881;306;12;1.399;1;
197;889;301;12;0.916;0;
197;900;175;19;0.884;0;
197;910;248;11;1.016;1;
197;920;16;5;0.268;0;
197;931;273;24;1.232;1;
197;932;92;8;0.648;0;
197;941;38;6;1.332;1;
197;942;...;NA;…;1;
197;949;327;29;0.826;0;
197;951;39;12;0.906;0;
197;952;58;21;0.729;0;
197;960;382;115;0.913;0;
197;970;NA;NA;…;1;
198;11;154;22;2.959;1;
198;12;NA;NA;…;0;
198;13;...;NA;…;1;
198;14;42;10;0.958;0;
198;15;74;4;9.995;1;
198;16;17;7;1.232;1;
198;17;...;NA;…;1;
198;21;NA;NA;…;1;
198;22;...;NA;…;0;
198;24;34;8;6.504;1;
198;101;...;NA;…;1;
198;103;NA;NA;…;0;
198;105;NA;NA;…;1;
198;107;NA;NA;…;1;
198;109;NA;NA;…;1;
198;110;...;NA;…;0;
198;131;...;NA;…;1;
198;139;...;NA;…;0;
198;141;275;5;6.65;1;
198;152;...;NA;…;1;
198;161;115;4;14.687;1;
198;162;53;10;2.445;1;
198;172;NA;NA;…;0;
198;181;NA;NA;…;0;
198;212;NA;NA;…;0;
198;222;...;NA;…;1;
198;231;NA;NA;…;1;
198;237;NA;NA;…;1;
198;243;NA;NA;…;1;
198;251;...;NA;…;0;
198;252;...;NA;…;1;
198;255;NA;NA;…;1;
198;256;77;9;2.018;1;
198;259;...;NA;…;1;
198;289;NA;NA;…;1;
198;292;...;NA;…;1;
198;310;104;11;11.ápr;1;
198;329;...;NA;…;0;
198;331;NA;NA;…;0;
198;360;NA;NA;…;1;
198;370;...;NA;…;0;
198;381;NA;NA;…;1;
198;411;NA;NA;…;1;
198;412;128;16;1.212;1;
198;422;15;4;0.532;0;
198;429;...;NA;…;1;
198;431;24;5;1.597;1;
198;432;36;10;0.529;0;
198;433;89;23;2.705;1;
198;439;89;11;2.45;1;
198;451;NA;NA;…;0;
198;452;...;NA;…;0;
198;453;...;NA;…;0;
198;461;8;4;0.308;0;
198;462;10;4;0.864;0;
198;463;...;NA;…;0;
198;464;22;4;0.429;0;
198;466;NA;NA;…;0;
198;467;74;7;1.765;1;
198;469;NA;NA;…;0;
198;471;42;14;0.255;0;
198;472;47;12;1.132;1;
198;473;...;NA;…;1;
198;474;NA;NA;…;0;
198;475;49;5;1.277;1;
198;476;...;NA;…;0;
198;477;70;27;0.632;0;
198;478;...;NA;…;0;
198;479;...;NA;…;0;
198;494;60;21;0.646;0;
198;521;NA;NA;…;1;
198;522;18;4;0.246;0;
198;551;162;6;5.297;1;
198;561;108;27;0.964;0;
198;562;...;NA;…;1;
198;563;43;20;1.432;1;
198;611;NA;NA;…;0;
198;619;NA;NA;…;1;
198;620;...;NA;…;0;
198;641;...;NA;…;0;
198;661;NA;NA;…;0;
198;662;...;NA;…;0;
198;681;...;NA;…;0;
198;682;14;5;0.388;0;
198;691;...;NA;…;0;
198;692;22;8;0.256;0;
198;702;16;5;0.395;0;
198;711;32;5;0.755;0;
198;731;...;NA;…;0;
198;742;NA;NA;…;0;
198;749;37;6;2.502;1;
198;750;NA;NA;…;1;
198;772;NA;NA;…;0;
198;773;...;NA;…;1;
198;781;...;NA;…;0;
198;801;NA;4;…;1;
198;802;NA;NA;…;0;
198;812;...;NA;…;0;
198;821;NA;NA;…;0;
198;829;32;4;0.723;0;
198;841;698;37;1.388;1;
198;842;NA;NA;…;0;
198;851;71;8;1.115;1;
198;852;319;17;1.717;1;
198;853;NA;NA;…;0;
198;855;...;NA;…;0;
198;862;47;13;0.902;0;
198;872;NA;NA;…;1;
198;873;190;5;3.738;1;
198;881;NA;NA;…;0;
198;889;...;NA;…;1;
198;931;NA;NA;…;0;
198;932;NA;NA;…;0;
198;941;NA;NA;…;0;
198;942;NA;NA;…;1;
198;949;...;NA;…;0;
198;951;NA;NA;…;0;
198;952;...;NA;…;0;
198;960;28;9;0.759;0;
