"reg";"ind";"rca01"
1;11;0
2;11;0
3;11;0
4;11;0
5;11;0
6;11;0
7;11;0
8;11;0
9;11;0
10;11;0
11;11;0
12;11;0
13;11;0
14;11;0
15;11;0
16;11;0
17;11;0
18;11;0
19;11;0
20;11;0
21;11;0
22;11;1
23;11;0
24;11;1
25;11;1
26;11;0
27;11;1
28;11;0
29;11;1
30;11;1
31;11;1
32;11;1
33;11;1
34;11;1
35;11;1
36;11;1
37;11;1
38;11;0
39;11;1
40;11;1
41;11;0
42;11;1
43;11;1
44;11;1
45;11;1
46;11;1
47;11;1
48;11;1
49;11;1
50;11;1
51;11;1
52;11;1
53;11;1
54;11;1
55;11;1
56;11;1
57;11;1
58;11;0
59;11;1
60;11;1
61;11;0
62;11;0
63;11;1
64;11;1
65;11;1
66;11;1
67;11;1
68;11;1
69;11;1
70;11;1
71;11;1
72;11;1
73;11;1
74;11;1
75;11;1
76;11;1
77;11;1
78;11;1
79;11;1
80;11;1
81;11;1
82;11;1
84;11;1
85;11;0
86;11;1
87;11;0
88;11;1
89;11;1
90;11;1
91;11;0
92;11;1
93;11;1
94;11;1
95;11;0
96;11;1
97;11;1
98;11;1
99;11;1
100;11;1
101;11;1
102;11;1
103;11;0
104;11;0
105;11;1
106;11;0
107;11;1
108;11;1
109;11;0
110;11;0
111;11;1
112;11;1
113;11;0
114;11;0
115;11;0
116;11;1
117;11;0
118;11;1
119;11;1
120;11;0
121;11;1
122;11;1
123;11;0
124;11;1
125;11;0
126;11;0
127;11;0
128;11;0
129;11;0
130;11;0
131;11;1
132;11;1
133;11;0
134;11;1
135;11;0
136;11;0
137;11;1
138;11;0
139;11;0
140;11;1
141;11;1
142;11;1
143;11;1
144;11;1
145;11;1
146;11;1
147;11;1
148;11;1
149;11;1
150;11;1
151;11;1
152;11;1
153;11;1
154;11;0
155;11;1
156;11;1
157;11;0
158;11;1
159;11;1
160;11;1
161;11;1
162;11;1
163;11;1
164;11;1
165;11;1
166;11;1
167;11;0
168;11;1
169;11;1
170;11;1
171;11;1
172;11;1
173;11;1
174;11;1
175;11;1
176;11;1
177;11;1
178;11;1
179;11;1
180;11;0
181;11;0
182;11;1
183;11;0
184;11;1
185;11;0
186;11;1
187;11;1
188;11;1
189;11;0
190;11;0
191;11;0
192;11;1
193;11;0
194;11;1
195;11;1
196;11;1
197;11;1
198;11;1
1;12;0
2;12;0
3;12;0
4;12;0
5;12;0
6;12;0
7;12;0
8;12;0
9;12;0
10;12;0
11;12;0
12;12;0
13;12;0
14;12;0
15;12;0
16;12;0
17;12;0
18;12;0
19;12;0
20;12;0
21;12;0
22;12;1
23;12;1
24;12;1
25;12;0
26;12;0
27;12;0
28;12;0
29;12;1
30;12;1
31;12;1
32;12;0
33;12;0
34;12;1
35;12;1
36;12;1
37;12;1
38;12;1
39;12;1
40;12;0
41;12;0
42;12;1
43;12;0
44;12;1
45;12;0
46;12;0
47;12;0
48;12;0
49;12;1
50;12;0
51;12;0
52;12;0
53;12;0
54;12;1
55;12;0
56;12;1
57;12;1
58;12;0
59;12;1
60;12;0
61;12;0
62;12;0
63;12;0
64;12;1
65;12;1
66;12;1
67;12;1
68;12;0
69;12;1
70;12;1
71;12;0
72;12;0
73;12;0
74;12;1
75;12;0
76;12;0
77;12;1
78;12;0
79;12;1
80;12;1
81;12;1
82;12;1
84;12;0
85;12;0
86;12;0
87;12;0
88;12;0
89;12;1
90;12;1
91;12;1
92;12;0
93;12;0
94;12;0
95;12;0
96;12;0
97;12;1
98;12;0
99;12;0
100;12;0
101;12;1
102;12;0
103;12;0
104;12;1
105;12;0
106;12;1
107;12;1
108;12;1
109;12;0
110;12;0
111;12;0
112;12;0
113;12;0
114;12;1
115;12;0
116;12;1
117;12;0
118;12;1
119;12;1
120;12;0
121;12;0
122;12;0
123;12;0
124;12;1
125;12;1
126;12;1
127;12;0
128;12;0
129;12;0
130;12;1
131;12;1
132;12;1
133;12;1
134;12;1
135;12;0
136;12;0
137;12;1
138;12;0
139;12;0
140;12;0
141;12;1
142;12;1
143;12;0
144;12;1
145;12;0
146;12;1
147;12;0
148;12;0
149;12;1
150;12;1
151;12;1
152;12;1
153;12;1
154;12;1
155;12;1
156;12;1
157;12;1
158;12;1
159;12;1
160;12;1
161;12;0
162;12;0
163;12;0
164;12;0
165;12;1
166;12;0
167;12;0
168;12;1
169;12;0
170;12;1
171;12;0
172;12;1
173;12;1
174;12;1
175;12;1
176;12;0
177;12;0
178;12;1
179;12;0
180;12;0
181;12;1
182;12;1
183;12;0
184;12;0
185;12;1
186;12;1
187;12;0
188;12;0
189;12;1
190;12;1
191;12;0
192;12;0
193;12;0
194;12;0
195;12;1
196;12;1
197;12;1
198;12;0
1;13;0
2;13;0
3;13;0
4;13;0
5;13;0
6;13;0
7;13;0
8;13;0
9;13;0
10;13;0
11;13;0
12;13;0
13;13;0
14;13;0
15;13;0
16;13;0
17;13;0
18;13;0
19;13;0
20;13;0
21;13;0
22;13;1
23;13;0
24;13;0
25;13;0
26;13;0
27;13;1
28;13;0
29;13;1
30;13;0
31;13;1
32;13;0
33;13;0
34;13;1
35;13;0
36;13;1
37;13;0
38;13;1
39;13;1
40;13;1
41;13;0
42;13;0
43;13;0
44;13;1
45;13;0
46;13;0
47;13;0
48;13;0
49;13;1
50;13;0
51;13;0
52;13;0
53;13;0
54;13;1
55;13;0
56;13;0
57;13;0
58;13;0
59;13;0
60;13;0
61;13;0
62;13;0
63;13;1
64;13;0
65;13;1
66;13;0
67;13;0
68;13;0
69;13;0
70;13;1
71;13;0
72;13;1
73;13;1
74;13;1
75;13;1
76;13;1
77;13;0
78;13;0
79;13;1
80;13;0
81;13;0
82;13;0
84;13;0
85;13;0
86;13;0
87;13;0
88;13;1
89;13;1
90;13;0
91;13;1
92;13;0
93;13;0
94;13;0
95;13;1
96;13;1
97;13;0
98;13;0
99;13;1
100;13;1
101;13;1
102;13;0
103;13;0
104;13;0
105;13;1
106;13;1
107;13;0
108;13;1
109;13;0
110;13;0
111;13;1
112;13;0
113;13;0
114;13;1
115;13;0
116;13;0
117;13;0
118;13;0
119;13;0
120;13;0
121;13;0
122;13;0
123;13;1
124;13;1
125;13;0
126;13;0
127;13;1
128;13;1
129;13;0
130;13;0
131;13;0
132;13;0
133;13;0
134;13;0
135;13;1
136;13;1
137;13;0
138;13;0
139;13;0
140;13;0
141;13;1
142;13;0
143;13;0
144;13;0
145;13;0
146;13;1
147;13;0
148;13;0
149;13;0
150;13;0
151;13;0
152;13;0
153;13;0
154;13;0
155;13;1
156;13;1
157;13;0
158;13;0
159;13;0
160;13;0
161;13;0
162;13;0
163;13;0
164;13;0
165;13;1
166;13;1
167;13;0
168;13;0
169;13;0
170;13;1
171;13;0
172;13;0
173;13;0
174;13;0
175;13;0
176;13;0
177;13;0
178;13;1
179;13;0
180;13;0
181;13;1
182;13;0
183;13;0
184;13;0
185;13;0
186;13;1
187;13;0
188;13;0
189;13;0
190;13;0
191;13;0
192;13;0
193;13;1
194;13;1
195;13;1
196;13;1
197;13;1
198;13;1
1;14;0
2;14;0
3;14;0
4;14;0
5;14;0
6;14;0
7;14;0
8;14;0
9;14;0
10;14;0
11;14;0
12;14;0
13;14;0
14;14;0
15;14;0
16;14;0
17;14;0
18;14;0
19;14;0
20;14;0
21;14;0
22;14;0
23;14;0
24;14;1
25;14;1
26;14;0
27;14;1
28;14;0
29;14;1
30;14;1
31;14;0
32;14;1
33;14;0
34;14;1
35;14;1
36;14;1
37;14;1
38;14;1
39;14;1
40;14;1
41;14;1
42;14;1
43;14;1
44;14;1
45;14;1
46;14;1
47;14;1
48;14;1
49;14;1
50;14;1
51;14;1
52;14;1
53;14;1
54;14;1
55;14;1
56;14;0
57;14;0
58;14;0
59;14;1
60;14;1
61;14;0
62;14;0
63;14;1
64;14;1
65;14;0
66;14;1
67;14;0
68;14;0
69;14;1
70;14;0
71;14;1
72;14;1
73;14;1
74;14;0
75;14;0
76;14;1
77;14;0
78;14;1
79;14;1
80;14;1
81;14;1
82;14;0
84;14;1
85;14;0
86;14;1
87;14;0
88;14;1
89;14;1
90;14;1
91;14;0
92;14;1
93;14;1
94;14;1
95;14;1
96;14;1
97;14;1
98;14;0
99;14;1
100;14;1
101;14;1
102;14;1
103;14;1
104;14;0
105;14;0
106;14;0
107;14;0
108;14;1
109;14;1
110;14;0
111;14;1
112;14;1
113;14;0
114;14;1
115;14;0
116;14;1
117;14;1
118;14;0
119;14;0
120;14;0
121;14;1
122;14;1
123;14;0
124;14;1
125;14;1
126;14;0
127;14;0
128;14;0
129;14;1
130;14;1
131;14;0
132;14;1
133;14;0
134;14;1
135;14;0
136;14;0
137;14;0
138;14;0
139;14;0
140;14;1
141;14;0
142;14;0
143;14;0
144;14;0
145;14;1
146;14;0
147;14;0
148;14;1
149;14;1
150;14;1
151;14;1
152;14;1
153;14;1
154;14;1
155;14;0
156;14;1
157;14;0
158;14;1
159;14;1
160;14;0
161;14;1
162;14;1
163;14;1
164;14;1
165;14;1
166;14;1
167;14;0
168;14;1
169;14;1
170;14;1
171;14;1
172;14;1
173;14;0
174;14;1
175;14;1
176;14;1
177;14;1
178;14;1
179;14;1
180;14;0
181;14;0
182;14;1
183;14;0
184;14;0
185;14;0
186;14;1
187;14;1
188;14;1
189;14;0
190;14;0
191;14;0
192;14;1
193;14;0
194;14;1
195;14;1
196;14;1
197;14;1
198;14;0
1;15;0
2;15;0
3;15;0
4;15;0
5;15;0
6;15;0
7;15;0
8;15;0
9;15;0
10;15;0
11;15;0
12;15;0
13;15;0
14;15;0
15;15;0
16;15;0
17;15;0
18;15;0
19;15;0
20;15;0
21;15;0
22;15;0
23;15;1
24;15;1
25;15;0
26;15;1
27;15;1
28;15;0
29;15;0
30;15;1
31;15;0
32;15;0
33;15;1
34;15;1
35;15;1
36;15;0
37;15;0
38;15;0
39;15;0
40;15;0
41;15;0
42;15;1
43;15;1
44;15;1
45;15;0
46;15;1
47;15;1
48;15;0
49;15;1
50;15;1
51;15;1
52;15;1
53;15;1
54;15;1
55;15;1
56;15;0
57;15;1
58;15;0
59;15;1
60;15;0
61;15;0
62;15;0
63;15;0
64;15;0
65;15;0
66;15;0
67;15;0
68;15;0
69;15;1
70;15;1
71;15;0
72;15;1
73;15;1
74;15;0
75;15;0
76;15;1
77;15;0
78;15;1
79;15;0
80;15;0
81;15;0
82;15;1
84;15;1
85;15;0
86;15;1
87;15;0
88;15;1
89;15;0
90;15;1
91;15;0
92;15;0
93;15;1
94;15;1
95;15;0
96;15;1
97;15;1
98;15;1
99;15;1
100;15;1
101;15;1
102;15;1
103;15;0
104;15;0
105;15;1
106;15;0
107;15;1
108;15;0
109;15;0
110;15;0
111;15;0
112;15;0
113;15;0
114;15;0
115;15;0
116;15;1
117;15;0
118;15;1
119;15;1
120;15;0
121;15;1
122;15;0
123;15;0
124;15;1
125;15;1
126;15;0
127;15;0
128;15;0
129;15;0
130;15;0
131;15;0
132;15;0
133;15;0
134;15;1
135;15;0
136;15;0
137;15;0
138;15;0
139;15;0
140;15;1
141;15;1
142;15;1
143;15;1
144;15;0
145;15;1
146;15;0
147;15;0
148;15;0
149;15;0
150;15;1
151;15;1
152;15;1
153;15;0
154;15;1
155;15;1
156;15;0
157;15;0
158;15;1
159;15;0
160;15;0
161;15;1
162;15;0
163;15;1
164;15;1
165;15;1
166;15;1
167;15;0
168;15;1
169;15;1
170;15;1
171;15;0
172;15;0
173;15;1
174;15;1
175;15;0
176;15;1
177;15;1
178;15;0
179;15;1
180;15;1
181;15;0
182;15;0
183;15;0
184;15;0
185;15;0
186;15;1
187;15;1
188;15;0
189;15;0
190;15;0
191;15;0
192;15;1
193;15;0
194;15;1
195;15;0
196;15;0
197;15;0
198;15;1
1;16;0
2;16;0
3;16;0
4;16;0
5;16;0
6;16;0
7;16;0
8;16;0
9;16;0
10;16;0
11;16;0
12;16;0
13;16;0
14;16;0
15;16;0
16;16;0
17;16;0
18;16;0
19;16;0
20;16;0
21;16;0
22;16;0
23;16;0
24;16;0
25;16;1
26;16;1
27;16;1
28;16;0
29;16;0
30;16;1
31;16;1
32;16;0
33;16;1
34;16;1
35;16;1
36;16;1
37;16;1
38;16;0
39;16;1
40;16;0
41;16;1
42;16;1
43;16;1
44;16;1
45;16;1
46;16;1
47;16;1
48;16;1
49;16;1
50;16;1
51;16;1
52;16;1
53;16;1
54;16;1
55;16;1
56;16;1
57;16;1
58;16;1
59;16;0
60;16;1
61;16;1
62;16;1
63;16;0
64;16;1
65;16;0
66;16;1
67;16;1
68;16;0
69;16;1
70;16;0
71;16;1
72;16;1
73;16;1
74;16;1
75;16;0
76;16;1
77;16;1
78;16;0
79;16;1
80;16;0
81;16;1
82;16;0
84;16;1
85;16;0
86;16;1
87;16;0
88;16;0
89;16;1
90;16;1
91;16;1
92;16;1
93;16;1
94;16;1
95;16;0
96;16;1
97;16;1
98;16;0
99;16;1
100;16;1
101;16;0
102;16;1
103;16;1
104;16;1
105;16;1
106;16;0
107;16;1
108;16;1
109;16;0
110;16;0
111;16;1
112;16;1
113;16;1
114;16;0
115;16;0
116;16;1
117;16;1
118;16;0
119;16;0
120;16;0
121;16;1
122;16;0
123;16;0
124;16;1
125;16;1
126;16;0
127;16;0
128;16;1
129;16;0
130;16;0
131;16;1
132;16;1
133;16;1
134;16;0
135;16;0
136;16;0
137;16;0
138;16;0
139;16;0
140;16;0
141;16;1
142;16;1
143;16;1
144;16;0
145;16;0
146;16;1
147;16;0
148;16;1
149;16;1
150;16;1
151;16;1
152;16;1
153;16;0
154;16;1
155;16;1
156;16;1
157;16;0
158;16;1
159;16;1
160;16;1
161;16;1
162;16;1
163;16;1
164;16;1
165;16;1
166;16;1
167;16;0
168;16;1
169;16;1
170;16;1
171;16;1
172;16;1
173;16;1
174;16;1
175;16;1
176;16;0
177;16;0
178;16;0
179;16;1
180;16;0
181;16;0
182;16;1
183;16;0
184;16;1
185;16;1
186;16;1
187;16;0
188;16;1
189;16;1
190;16;0
191;16;0
192;16;0
193;16;0
194;16;1
195;16;0
196;16;0
197;16;0
198;16;1
1;17;0
2;17;0
3;17;0
4;17;0
5;17;0
6;17;0
7;17;0
8;17;0
9;17;0
10;17;0
11;17;0
12;17;0
13;17;0
14;17;0
15;17;0
16;17;0
17;17;0
18;17;0
19;17;0
20;17;0
21;17;0
22;17;0
23;17;0
24;17;0
25;17;1
26;17;1
27;17;0
28;17;0
29;17;0
30;17;0
31;17;1
32;17;1
33;17;1
34;17;0
35;17;1
36;17;1
37;17;1
38;17;0
39;17;1
40;17;0
41;17;0
42;17;1
43;17;1
44;17;1
45;17;1
46;17;0
47;17;1
48;17;1
49;17;1
50;17;1
51;17;1
52;17;1
53;17;1
54;17;1
55;17;1
56;17;1
57;17;0
58;17;0
59;17;0
60;17;0
61;17;0
62;17;0
63;17;0
64;17;0
65;17;1
66;17;0
67;17;1
68;17;0
69;17;0
70;17;1
71;17;1
72;17;1
73;17;1
74;17;0
75;17;0
76;17;1
77;17;1
78;17;0
79;17;0
80;17;0
81;17;1
82;17;1
84;17;1
85;17;0
86;17;1
87;17;0
88;17;1
89;17;1
90;17;1
91;17;0
92;17;0
93;17;1
94;17;1
95;17;0
96;17;1
97;17;1
98;17;1
99;17;0
100;17;0
101;17;1
102;17;1
103;17;1
104;17;0
105;17;1
106;17;0
107;17;0
108;17;0
109;17;1
110;17;0
111;17;1
112;17;0
113;17;0
114;17;1
115;17;1
116;17;1
117;17;0
118;17;1
119;17;1
120;17;0
121;17;1
122;17;1
123;17;0
124;17;0
125;17;1
126;17;0
127;17;0
128;17;0
129;17;0
130;17;0
131;17;0
132;17;0
133;17;0
134;17;0
135;17;1
136;17;0
137;17;1
138;17;0
139;17;0
140;17;0
141;17;0
142;17;1
143;17;1
144;17;1
145;17;1
146;17;0
147;17;1
148;17;1
149;17;0
150;17;1
151;17;1
152;17;0
153;17;1
154;17;0
155;17;1
156;17;0
157;17;1
158;17;1
159;17;0
160;17;1
161;17;1
162;17;1
163;17;1
164;17;1
165;17;1
166;17;1
167;17;1
168;17;1
169;17;1
170;17;0
171;17;0
172;17;1
173;17;0
174;17;1
175;17;0
176;17;1
177;17;1
178;17;1
179;17;1
180;17;1
181;17;0
182;17;1
183;17;0
184;17;0
185;17;0
186;17;1
187;17;1
188;17;1
189;17;0
190;17;0
191;17;0
192;17;0
193;17;1
194;17;1
195;17;1
196;17;1
197;17;0
198;17;1
1;21;0
2;21;0
3;21;0
4;21;0
5;21;0
6;21;0
7;21;0
8;21;0
9;21;0
10;21;0
11;21;0
12;21;0
13;21;0
14;21;0
15;21;0
16;21;0
17;21;0
18;21;0
19;21;0
20;21;0
21;21;0
22;21;0
23;21;0
24;21;1
25;21;1
26;21;0
27;21;1
28;21;0
29;21;0
30;21;1
31;21;1
32;21;1
33;21;1
34;21;0
35;21;1
36;21;1
37;21;1
38;21;1
39;21;1
40;21;0
41;21;1
42;21;1
43;21;0
44;21;0
45;21;0
46;21;0
47;21;0
48;21;0
49;21;0
50;21;0
51;21;0
52;21;0
53;21;0
54;21;1
55;21;1
56;21;1
57;21;1
58;21;0
59;21;0
60;21;0
61;21;1
62;21;1
63;21;1
64;21;1
65;21;1
66;21;0
67;21;1
68;21;0
69;21;1
70;21;0
71;21;0
72;21;1
73;21;0
74;21;1
75;21;1
76;21;0
77;21;0
78;21;0
79;21;1
80;21;0
81;21;0
82;21;0
84;21;0
85;21;0
86;21;1
87;21;0
88;21;1
89;21;0
90;21;1
91;21;0
92;21;1
93;21;1
94;21;0
95;21;0
96;21;1
97;21;0
98;21;1
99;21;0
100;21;0
101;21;1
102;21;0
103;21;0
104;21;0
105;21;1
106;21;0
107;21;0
108;21;1
109;21;1
110;21;1
111;21;1
112;21;0
113;21;0
114;21;0
115;21;0
116;21;1
117;21;0
118;21;0
119;21;1
120;21;0
121;21;1
122;21;0
123;21;0
124;21;1
125;21;0
126;21;0
127;21;0
128;21;0
129;21;0
130;21;0
131;21;1
132;21;1
133;21;0
134;21;0
135;21;1
136;21;0
137;21;1
138;21;0
139;21;0
140;21;1
141;21;1
142;21;1
143;21;1
144;21;1
145;21;1
146;21;0
147;21;0
148;21;1
149;21;0
150;21;1
151;21;0
152;21;1
153;21;1
154;21;1
155;21;0
156;21;1
157;21;0
158;21;0
159;21;1
160;21;1
161;21;1
162;21;0
163;21;0
164;21;1
165;21;0
166;21;0
167;21;1
168;21;0
169;21;0
170;21;1
171;21;0
172;21;1
173;21;0
174;21;1
175;21;1
176;21;0
177;21;1
178;21;0
179;21;0
180;21;0
181;21;0
182;21;1
183;21;1
184;21;0
185;21;0
186;21;1
187;21;0
188;21;1
189;21;1
190;21;0
191;21;0
192;21;1
193;21;1
194;21;1
195;21;1
196;21;1
197;21;0
198;21;1
1;22;0
2;22;0
3;22;0
4;22;0
5;22;0
6;22;0
7;22;0
8;22;0
9;22;0
10;22;0
11;22;0
12;22;0
13;22;0
14;22;0
15;22;0
16;22;0
17;22;0
18;22;0
19;22;0
20;22;0
21;22;0
22;22;0
23;22;0
24;22;0
25;22;1
26;22;0
27;22;0
28;22;1
29;22;0
30;22;0
31;22;0
32;22;0
33;22;0
34;22;0
35;22;1
36;22;0
37;22;0
38;22;1
39;22;1
40;22;0
41;22;1
42;22;0
43;22;1
44;22;0
45;22;0
46;22;0
47;22;0
48;22;0
49;22;0
50;22;0
51;22;0
52;22;0
53;22;0
54;22;0
55;22;0
56;22;0
57;22;1
58;22;0
59;22;0
60;22;0
61;22;0
62;22;0
63;22;0
64;22;0
65;22;0
66;22;0
67;22;0
68;22;0
69;22;0
70;22;0
71;22;0
72;22;0
73;22;0
74;22;0
75;22;0
76;22;0
77;22;0
78;22;0
79;22;0
80;22;0
81;22;0
82;22;0
84;22;0
85;22;1
86;22;0
87;22;0
88;22;0
89;22;0
90;22;0
91;22;1
92;22;0
93;22;0
94;22;0
95;22;0
96;22;0
97;22;0
98;22;1
99;22;0
100;22;0
101;22;1
102;22;0
103;22;0
104;22;1
105;22;0
106;22;0
107;22;0
108;22;0
109;22;0
110;22;0
111;22;0
112;22;0
113;22;0
114;22;0
115;22;1
116;22;1
117;22;0
118;22;0
119;22;1
120;22;0
121;22;1
122;22;0
123;22;0
124;22;0
125;22;0
126;22;0
127;22;0
128;22;0
129;22;0
130;22;0
131;22;0
132;22;1
133;22;0
134;22;0
135;22;1
136;22;0
137;22;0
138;22;0
139;22;0
140;22;0
141;22;1
142;22;0
143;22;1
144;22;0
145;22;1
146;22;0
147;22;0
148;22;1
149;22;0
150;22;0
151;22;0
152;22;0
153;22;0
154;22;0
155;22;0
156;22;1
157;22;1
158;22;0
159;22;0
160;22;0
161;22;0
162;22;0
163;22;0
164;22;1
165;22;0
166;22;0
167;22;1
168;22;0
169;22;0
170;22;0
171;22;0
172;22;0
173;22;0
174;22;1
175;22;0
176;22;0
177;22;0
178;22;0
179;22;0
180;22;0
181;22;1
182;22;1
183;22;0
184;22;0
185;22;0
186;22;0
187;22;1
188;22;0
189;22;0
190;22;0
191;22;1
192;22;1
193;22;0
194;22;1
195;22;0
196;22;1
197;22;0
198;22;0
1;23;0
2;23;1
3;23;0
4;23;0
5;23;0
6;23;0
7;23;0
8;23;0
9;23;0
10;23;0
11;23;1
12;23;0
13;23;0
14;23;0
15;23;0
16;23;0
17;23;0
18;23;0
19;23;0
20;23;0
21;23;0
22;23;0
23;23;0
24;23;0
25;23;0
26;23;0
27;23;0
28;23;0
29;23;0
30;23;0
31;23;1
32;23;0
33;23;0
34;23;0
35;23;0
36;23;0
37;23;0
38;23;0
39;23;0
40;23;0
41;23;0
42;23;0
43;23;0
44;23;0
45;23;0
46;23;0
47;23;0
48;23;0
49;23;0
50;23;0
51;23;0
52;23;0
53;23;0
54;23;0
55;23;0
56;23;0
57;23;0
58;23;0
59;23;0
60;23;0
61;23;0
62;23;0
63;23;0
64;23;0
65;23;0
66;23;0
67;23;0
68;23;0
69;23;0
70;23;0
71;23;0
72;23;0
73;23;0
74;23;0
75;23;0
76;23;0
77;23;0
78;23;0
79;23;0
80;23;0
81;23;0
82;23;0
84;23;0
85;23;0
86;23;0
87;23;0
88;23;0
89;23;0
90;23;0
91;23;1
92;23;0
93;23;0
94;23;0
95;23;0
96;23;0
97;23;0
98;23;0
99;23;0
100;23;0
101;23;0
102;23;0
103;23;0
104;23;1
105;23;0
106;23;0
107;23;0
108;23;0
109;23;0
110;23;0
111;23;0
112;23;0
113;23;0
114;23;0
115;23;0
116;23;0
117;23;0
118;23;0
119;23;0
120;23;0
121;23;0
122;23;0
123;23;0
124;23;0
125;23;0
126;23;0
127;23;0
128;23;0
129;23;0
130;23;0
131;23;0
132;23;0
133;23;0
134;23;0
135;23;0
136;23;0
137;23;0
138;23;0
139;23;0
140;23;0
141;23;1
142;23;0
143;23;0
144;23;0
145;23;0
146;23;0
147;23;0
148;23;0
149;23;0
150;23;0
151;23;0
152;23;0
153;23;0
154;23;0
155;23;0
156;23;0
157;23;0
158;23;0
159;23;0
160;23;0
161;23;0
162;23;0
163;23;0
164;23;0
165;23;0
166;23;0
167;23;0
168;23;0
169;23;0
170;23;0
171;23;0
172;23;0
173;23;1
174;23;1
175;23;0
176;23;0
177;23;0
178;23;0
179;23;0
180;23;0
181;23;0
182;23;0
183;23;0
184;23;0
185;23;1
186;23;0
187;23;0
188;23;0
189;23;0
190;23;0
191;23;1
192;23;0
193;23;1
194;23;0
195;23;0
196;23;0
197;23;1
198;23;0
1;24;0
2;24;0
3;24;0
4;24;0
5;24;1
6;24;0
7;24;0
8;24;0
9;24;0
10;24;0
11;24;0
12;24;0
13;24;0
14;24;0
15;24;0
16;24;0
17;24;0
18;24;0
19;24;0
20;24;0
21;24;0
22;24;0
23;24;0
24;24;0
25;24;1
26;24;1
27;24;1
28;24;0
29;24;1
30;24;1
31;24;0
32;24;1
33;24;1
34;24;0
35;24;1
36;24;1
37;24;1
38;24;0
39;24;1
40;24;1
41;24;1
42;24;1
43;24;0
44;24;1
45;24;0
46;24;0
47;24;0
48;24;0
49;24;0
50;24;0
51;24;1
52;24;0
53;24;0
54;24;1
55;24;1
56;24;1
57;24;1
58;24;0
59;24;1
60;24;1
61;24;0
62;24;1
63;24;1
64;24;1
65;24;1
66;24;0
67;24;0
68;24;0
69;24;1
70;24;0
71;24;0
72;24;1
73;24;0
74;24;1
75;24;0
76;24;0
77;24;1
78;24;0
79;24;0
80;24;1
81;24;0
82;24;1
84;24;1
85;24;0
86;24;1
87;24;0
88;24;1
89;24;1
90;24;1
91;24;1
92;24;1
93;24;0
94;24;0
95;24;0
96;24;1
97;24;0
98;24;1
99;24;0
100;24;0
101;24;1
102;24;0
103;24;0
104;24;0
105;24;0
106;24;1
107;24;0
108;24;1
109;24;1
110;24;1
111;24;1
112;24;0
113;24;1
114;24;0
115;24;0
116;24;1
117;24;1
118;24;1
119;24;1
120;24;1
121;24;1
122;24;1
123;24;0
124;24;1
125;24;1
126;24;0
127;24;0
128;24;0
129;24;0
130;24;0
131;24;0
132;24;1
133;24;0
134;24;0
135;24;1
136;24;0
137;24;1
138;24;0
139;24;0
140;24;1
141;24;1
142;24;1
143;24;1
144;24;1
145;24;1
146;24;1
147;24;1
148;24;1
149;24;0
150;24;0
151;24;0
152;24;0
153;24;0
154;24;0
155;24;0
156;24;1
157;24;0
158;24;0
159;24;1
160;24;0
161;24;0
162;24;0
163;24;1
164;24;0
165;24;0
166;24;0
167;24;0
168;24;0
169;24;0
170;24;1
171;24;0
172;24;0
173;24;1
174;24;1
175;24;1
176;24;1
177;24;1
178;24;0
179;24;1
180;24;1
181;24;0
182;24;1
183;24;1
184;24;1
185;24;0
186;24;1
187;24;1
188;24;1
189;24;1
190;24;0
191;24;1
192;24;1
193;24;1
194;24;1
195;24;1
196;24;1
197;24;1
198;24;1
1;31;0
2;31;1
3;31;0
4;31;0
5;31;1
6;31;0
7;31;0
8;31;0
9;31;0
10;31;0
11;31;0
12;31;0
13;31;0
14;31;0
15;31;0
16;31;0
17;31;0
18;31;0
19;31;0
20;31;0
21;31;0
22;31;0
23;31;0
24;31;0
25;31;1
26;31;0
27;31;1
28;31;0
29;31;0
30;31;0
31;31;0
32;31;0
33;31;1
34;31;0
35;31;0
36;31;0
37;31;0
38;31;0
39;31;0
40;31;0
41;31;0
42;31;0
43;31;0
44;31;1
45;31;0
46;31;1
47;31;1
48;31;0
49;31;0
50;31;0
51;31;1
52;31;1
53;31;0
54;31;0
55;31;0
56;31;0
57;31;0
58;31;0
59;31;0
60;31;0
61;31;0
62;31;0
63;31;0
64;31;0
65;31;0
66;31;0
67;31;0
68;31;0
69;31;1
70;31;1
71;31;0
72;31;0
73;31;0
74;31;0
75;31;1
76;31;0
77;31;0
78;31;0
79;31;0
80;31;0
81;31;1
82;31;0
84;31;1
85;31;0
86;31;0
87;31;1
88;31;0
89;31;0
90;31;0
91;31;0
92;31;0
93;31;1
94;31;1
95;31;0
96;31;0
97;31;0
98;31;0
99;31;0
100;31;1
101;31;0
102;31;0
103;31;0
104;31;0
105;31;0
106;31;0
107;31;0
108;31;1
109;31;0
110;31;0
111;31;1
112;31;0
113;31;0
114;31;1
115;31;0
116;31;0
117;31;0
118;31;0
119;31;0
120;31;0
121;31;0
122;31;0
123;31;0
124;31;0
125;31;0
126;31;0
127;31;1
128;31;0
129;31;0
130;31;0
131;31;0
132;31;0
133;31;0
134;31;1
135;31;0
136;31;1
137;31;0
138;31;0
139;31;0
140;31;1
141;31;0
142;31;0
143;31;0
144;31;0
145;31;0
146;31;0
147;31;0
148;31;0
149;31;1
150;31;0
151;31;0
152;31;0
153;31;0
154;31;1
155;31;0
156;31;0
157;31;0
158;31;0
159;31;0
160;31;0
161;31;0
162;31;0
163;31;0
164;31;1
165;31;0
166;31;0
167;31;1
168;31;1
169;31;0
170;31;1
171;31;1
172;31;1
173;31;1
174;31;1
175;31;1
176;31;0
177;31;0
178;31;0
179;31;0
180;31;0
181;31;0
182;31;0
183;31;0
184;31;0
185;31;0
186;31;0
187;31;0
188;31;0
189;31;0
190;31;1
191;31;0
192;31;0
193;31;0
194;31;0
195;31;1
196;31;0
197;31;0
198;31;0
1;32;0
2;32;0
3;32;0
4;32;0
5;32;1
6;32;0
7;32;0
8;32;0
9;32;0
10;32;0
11;32;0
12;32;0
13;32;0
14;32;1
15;32;0
16;32;0
17;32;0
18;32;0
19;32;1
20;32;0
21;32;0
22;32;0
23;32;0
24;32;0
25;32;0
26;32;1
27;32;1
28;32;0
29;32;0
30;32;0
31;32;0
32;32;1
33;32;1
34;32;0
35;32;1
36;32;0
37;32;1
38;32;0
39;32;1
40;32;0
41;32;1
42;32;1
43;32;0
44;32;1
45;32;1
46;32;0
47;32;1
48;32;0
49;32;0
50;32;0
51;32;1
52;32;1
53;32;1
54;32;0
55;32;0
56;32;0
57;32;0
58;32;0
59;32;0
60;32;0
61;32;0
62;32;0
63;32;0
64;32;0
65;32;0
66;32;0
67;32;0
68;32;0
69;32;0
70;32;1
71;32;0
72;32;0
73;32;0
74;32;0
75;32;0
76;32;0
77;32;0
78;32;0
79;32;0
80;32;1
81;32;0
82;32;0
84;32;1
85;32;0
86;32;0
87;32;0
88;32;0
89;32;0
90;32;1
91;32;0
92;32;0
93;32;1
94;32;0
95;32;0
96;32;0
97;32;0
98;32;0
99;32;0
100;32;1
101;32;0
102;32;0
103;32;1
104;32;0
105;32;0
106;32;0
107;32;0
108;32;1
109;32;0
110;32;0
111;32;0
112;32;1
113;32;0
114;32;1
115;32;0
116;32;0
117;32;0
118;32;0
119;32;0
120;32;0
121;32;0
122;32;0
123;32;0
124;32;0
125;32;0
126;32;0
127;32;1
128;32;0
129;32;0
130;32;1
131;32;0
132;32;0
133;32;0
134;32;0
135;32;0
136;32;0
137;32;0
138;32;0
139;32;0
140;32;0
141;32;1
142;32;1
143;32;1
144;32;1
145;32;1
146;32;1
147;32;0
148;32;0
149;32;0
150;32;0
151;32;0
152;32;0
153;32;1
154;32;1
155;32;0
156;32;0
157;32;1
158;32;0
159;32;0
160;32;0
161;32;0
162;32;0
163;32;1
164;32;0
165;32;1
166;32;0
167;32;1
168;32;1
169;32;0
170;32;1
171;32;1
172;32;0
173;32;0
174;32;1
175;32;0
176;32;0
177;32;0
178;32;0
179;32;0
180;32;0
181;32;0
182;32;0
183;32;0
184;32;0
185;32;0
186;32;0
187;32;0
188;32;0
189;32;1
190;32;0
191;32;0
192;32;0
193;32;1
194;32;0
195;32;0
196;32;0
197;32;0
198;32;0
1;51;0
2;51;0
3;51;0
4;51;0
5;51;0
6;51;0
7;51;0
8;51;1
9;51;0
10;51;0
11;51;0
12;51;0
13;51;0
14;51;0
15;51;0
16;51;0
17;51;0
18;51;0
19;51;0
20;51;0
21;51;0
22;51;0
23;51;0
24;51;0
25;51;0
26;51;0
27;51;0
28;51;0
29;51;0
30;51;0
31;51;0
32;51;0
33;51;0
34;51;0
35;51;0
36;51;0
37;51;0
38;51;0
39;51;0
40;51;0
41;51;0
42;51;0
43;51;0
44;51;0
45;51;0
46;51;0
47;51;0
48;51;0
49;51;0
50;51;0
51;51;0
52;51;0
53;51;0
54;51;0
55;51;0
56;51;0
57;51;0
58;51;0
59;51;0
60;51;0
61;51;0
62;51;0
63;51;0
64;51;0
65;51;0
66;51;0
67;51;0
68;51;0
69;51;0
70;51;0
71;51;0
72;51;0
73;51;0
74;51;0
75;51;0
76;51;0
77;51;0
78;51;0
79;51;0
80;51;0
81;51;0
82;51;0
84;51;0
85;51;0
86;51;0
87;51;0
88;51;0
89;51;0
90;51;0
91;51;0
92;51;0
93;51;0
94;51;0
95;51;0
96;51;0
97;51;0
98;51;0
99;51;0
100;51;0
101;51;0
102;51;0
103;51;0
104;51;0
105;51;0
106;51;0
107;51;0
108;51;0
109;51;0
110;51;0
111;51;0
112;51;0
113;51;0
114;51;0
115;51;0
116;51;0
117;51;0
118;51;0
119;51;0
120;51;0
121;51;0
122;51;0
123;51;0
124;51;0
125;51;0
126;51;0
127;51;0
128;51;0
129;51;0
130;51;0
131;51;0
132;51;0
133;51;1
134;51;0
135;51;0
136;51;0
137;51;0
138;51;0
139;51;0
140;51;0
141;51;0
142;51;0
143;51;0
144;51;0
145;51;0
146;51;0
147;51;0
148;51;0
149;51;0
150;51;0
151;51;0
152;51;0
153;51;0
154;51;0
155;51;0
156;51;0
157;51;0
158;51;0
159;51;0
160;51;0
161;51;0
162;51;0
163;51;0
164;51;0
165;51;0
166;51;0
167;51;0
168;51;0
169;51;0
170;51;0
171;51;0
172;51;0
173;51;0
174;51;0
175;51;0
176;51;0
177;51;0
178;51;0
179;51;0
180;51;0
181;51;0
182;51;0
183;51;0
184;51;0
185;51;0
186;51;0
187;51;0
188;51;0
189;51;0
190;51;0
191;51;0
192;51;0
193;51;0
194;51;0
195;51;0
196;51;0
197;51;0
198;51;0
1;52;0
2;52;0
3;52;0
4;52;0
5;52;0
6;52;0
7;52;0
8;52;0
9;52;0
10;52;0
11;52;0
12;52;0
13;52;0
14;52;0
15;52;0
16;52;0
17;52;0
18;52;0
19;52;0
20;52;0
21;52;0
22;52;0
23;52;0
24;52;0
25;52;0
26;52;0
27;52;0
28;52;0
29;52;0
30;52;0
31;52;0
32;52;0
33;52;0
34;52;0
35;52;0
36;52;0
37;52;0
38;52;0
39;52;0
40;52;0
41;52;0
42;52;0
43;52;0
44;52;0
45;52;0
46;52;0
47;52;0
48;52;0
49;52;0
50;52;0
51;52;0
52;52;0
53;52;0
54;52;0
55;52;0
56;52;0
57;52;0
58;52;1
59;52;0
60;52;0
61;52;1
62;52;1
63;52;1
64;52;0
65;52;0
66;52;0
67;52;0
68;52;0
69;52;0
70;52;0
71;52;0
72;52;0
73;52;0
74;52;0
75;52;0
76;52;0
77;52;0
78;52;0
79;52;0
80;52;0
81;52;0
82;52;0
84;52;0
85;52;0
86;52;0
87;52;0
88;52;0
89;52;0
90;52;0
91;52;0
92;52;0
93;52;0
94;52;0
95;52;0
96;52;0
97;52;0
98;52;0
99;52;0
100;52;0
101;52;0
102;52;0
103;52;0
104;52;0
105;52;0
106;52;0
107;52;0
108;52;0
109;52;0
110;52;1
111;52;0
112;52;0
113;52;1
114;52;0
115;52;1
116;52;0
117;52;1
118;52;0
119;52;0
120;52;0
121;52;0
122;52;0
123;52;0
124;52;0
125;52;0
126;52;0
127;52;0
128;52;0
129;52;0
130;52;0
131;52;0
132;52;0
133;52;0
134;52;0
135;52;0
136;52;0
137;52;0
138;52;0
139;52;0
140;52;0
141;52;0
142;52;0
143;52;0
144;52;0
145;52;0
146;52;0
147;52;0
148;52;0
149;52;0
150;52;0
151;52;0
152;52;0
153;52;0
154;52;0
155;52;0
156;52;0
157;52;0
158;52;0
159;52;0
160;52;0
161;52;0
162;52;0
163;52;0
164;52;0
165;52;0
166;52;0
167;52;0
168;52;0
169;52;0
170;52;0
171;52;0
172;52;0
173;52;0
174;52;0
175;52;0
176;52;0
177;52;0
178;52;0
179;52;0
180;52;0
181;52;0
182;52;0
183;52;0
184;52;0
185;52;0
186;52;0
187;52;0
188;52;0
189;52;0
190;52;0
191;52;0
192;52;1
193;52;0
194;52;0
195;52;0
196;52;0
197;52;0
198;52;0
1;61;0
2;61;1
3;61;0
4;61;0
5;61;0
6;61;0
7;61;0
8;61;0
9;61;0
10;61;0
11;61;0
12;61;0
13;61;0
14;61;1
15;61;0
16;61;0
17;61;0
18;61;0
19;61;0
20;61;0
21;61;0
22;61;0
23;61;0
24;61;0
25;61;0
26;61;0
27;61;0
28;61;0
29;61;0
30;61;0
31;61;0
32;61;0
33;61;0
34;61;0
35;61;0
36;61;0
37;61;0
38;61;0
39;61;0
40;61;0
41;61;0
42;61;0
43;61;0
44;61;0
45;61;0
46;61;0
47;61;0
48;61;0
49;61;0
50;61;0
51;61;0
52;61;0
53;61;0
54;61;0
55;61;0
56;61;0
57;61;0
58;61;0
59;61;0
60;61;0
61;61;0
62;61;0
63;61;0
64;61;0
65;61;0
66;61;0
67;61;0
68;61;0
69;61;0
70;61;0
71;61;0
72;61;0
73;61;0
74;61;0
75;61;0
76;61;0
77;61;0
78;61;0
79;61;0
80;61;0
81;61;0
82;61;0
84;61;0
85;61;0
86;61;0
87;61;0
88;61;0
89;61;0
90;61;0
91;61;0
92;61;0
93;61;0
94;61;0
95;61;0
96;61;0
97;61;0
98;61;0
99;61;0
100;61;0
101;61;0
102;61;0
103;61;0
104;61;0
105;61;0
106;61;0
107;61;0
108;61;0
109;61;0
110;61;0
111;61;0
112;61;0
113;61;0
114;61;0
115;61;0
116;61;0
117;61;0
118;61;0
119;61;0
120;61;0
121;61;0
122;61;0
123;61;0
124;61;0
125;61;0
126;61;0
127;61;0
128;61;0
129;61;0
130;61;0
131;61;0
132;61;0
133;61;0
134;61;0
135;61;0
136;61;0
137;61;0
138;61;1
139;61;0
140;61;0
141;61;0
142;61;0
143;61;0
144;61;0
145;61;0
146;61;0
147;61;0
148;61;0
149;61;0
150;61;0
151;61;0
152;61;0
153;61;0
154;61;0
155;61;0
156;61;0
157;61;0
158;61;0
159;61;0
160;61;0
161;61;0
162;61;0
163;61;0
164;61;0
165;61;0
166;61;0
167;61;0
168;61;0
169;61;0
170;61;0
171;61;0
172;61;0
173;61;0
174;61;0
175;61;0
176;61;0
177;61;0
178;61;0
179;61;0
180;61;0
181;61;0
182;61;0
183;61;0
184;61;0
185;61;0
186;61;0
187;61;0
188;61;0
189;61;0
190;61;0
191;61;0
192;61;0
193;61;0
194;61;0
195;61;0
196;61;0
197;61;0
198;61;0
1;62;0
2;62;1
3;62;0
4;62;0
5;62;0
6;62;0
7;62;0
8;62;0
9;62;0
10;62;0
11;62;1
12;62;0
13;62;0
14;62;0
15;62;0
16;62;0
17;62;0
18;62;0
19;62;0
20;62;0
21;62;0
22;62;0
23;62;0
24;62;0
25;62;0
26;62;0
27;62;0
28;62;0
29;62;0
30;62;0
31;62;0
32;62;0
33;62;0
34;62;0
35;62;0
36;62;0
37;62;0
38;62;0
39;62;0
40;62;0
41;62;0
42;62;0
43;62;0
44;62;0
45;62;0
46;62;0
47;62;0
48;62;0
49;62;0
50;62;0
51;62;0
52;62;0
53;62;0
54;62;0
55;62;0
56;62;0
57;62;0
58;62;0
59;62;0
60;62;0
61;62;0
62;62;0
63;62;0
64;62;0
65;62;0
66;62;0
67;62;0
68;62;0
69;62;0
70;62;0
71;62;0
72;62;0
73;62;0
74;62;0
75;62;0
76;62;0
77;62;0
78;62;0
79;62;0
80;62;0
81;62;0
82;62;0
84;62;0
85;62;0
86;62;0
87;62;0
88;62;0
89;62;0
90;62;0
91;62;0
92;62;0
93;62;0
94;62;0
95;62;0
96;62;0
97;62;0
98;62;0
99;62;0
100;62;0
101;62;0
102;62;0
103;62;0
104;62;0
105;62;0
106;62;0
107;62;0
108;62;0
109;62;0
110;62;0
111;62;0
112;62;0
113;62;0
114;62;0
115;62;0
116;62;0
117;62;0
118;62;0
119;62;0
120;62;0
121;62;0
122;62;0
123;62;0
124;62;0
125;62;0
126;62;0
127;62;0
128;62;0
129;62;0
130;62;0
131;62;0
132;62;0
133;62;0
134;62;0
135;62;0
136;62;0
137;62;0
138;62;0
139;62;0
140;62;0
141;62;0
142;62;0
143;62;0
144;62;0
145;62;0
146;62;0
147;62;0
148;62;0
149;62;0
150;62;0
151;62;0
152;62;0
153;62;0
154;62;0
155;62;0
156;62;0
157;62;0
158;62;0
159;62;0
160;62;0
161;62;0
162;62;0
163;62;0
164;62;0
165;62;0
166;62;0
167;62;0
168;62;1
169;62;0
170;62;0
171;62;0
172;62;0
173;62;0
174;62;0
175;62;0
176;62;0
177;62;0
178;62;0
179;62;0
180;62;0
181;62;0
182;62;0
183;62;0
184;62;0
185;62;0
186;62;0
187;62;0
188;62;0
189;62;0
190;62;0
191;62;0
192;62;0
193;62;0
194;62;0
195;62;0
196;62;0
197;62;0
198;62;0
1;72;0
2;72;1
3;72;0
4;72;0
5;72;0
6;72;0
7;72;0
8;72;0
9;72;0
10;72;0
11;72;0
12;72;0
13;72;0
14;72;0
15;72;0
16;72;0
17;72;0
18;72;0
19;72;0
20;72;0
21;72;0
22;72;0
23;72;0
24;72;0
25;72;0
26;72;0
27;72;0
28;72;1
29;72;0
30;72;0
31;72;0
32;72;0
33;72;0
34;72;0
35;72;0
36;72;0
37;72;0
38;72;0
39;72;0
40;72;0
41;72;0
42;72;0
43;72;0
44;72;0
45;72;0
46;72;0
47;72;0
48;72;0
49;72;0
50;72;0
51;72;0
52;72;0
53;72;0
54;72;0
55;72;0
56;72;0
57;72;0
58;72;0
59;72;0
60;72;0
61;72;0
62;72;0
63;72;0
64;72;0
65;72;0
66;72;0
67;72;0
68;72;0
69;72;0
70;72;0
71;72;0
72;72;0
73;72;0
74;72;0
75;72;0
76;72;0
77;72;0
78;72;0
79;72;0
80;72;0
81;72;0
82;72;0
84;72;0
85;72;0
86;72;0
87;72;0
88;72;0
89;72;0
90;72;0
91;72;0
92;72;0
93;72;0
94;72;0
95;72;0
96;72;0
97;72;0
98;72;0
99;72;0
100;72;0
101;72;0
102;72;0
103;72;0
104;72;0
105;72;0
106;72;0
107;72;0
108;72;0
109;72;1
110;72;0
111;72;0
112;72;0
113;72;0
114;72;0
115;72;0
116;72;0
117;72;0
118;72;0
119;72;0
120;72;0
121;72;0
122;72;0
123;72;0
124;72;0
125;72;0
126;72;0
127;72;0
128;72;0
129;72;0
130;72;0
131;72;0
132;72;0
133;72;0
134;72;0
135;72;0
136;72;0
137;72;0
138;72;0
139;72;0
140;72;0
141;72;0
142;72;0
143;72;0
144;72;0
145;72;0
146;72;0
147;72;0
148;72;0
149;72;0
150;72;0
151;72;0
152;72;0
153;72;0
154;72;0
155;72;0
156;72;0
157;72;0
158;72;0
159;72;0
160;72;0
161;72;0
162;72;0
163;72;0
164;72;0
165;72;0
166;72;0
167;72;0
168;72;0
169;72;0
170;72;0
171;72;0
172;72;0
173;72;0
174;72;0
175;72;0
176;72;0
177;72;0
178;72;0
179;72;0
180;72;0
181;72;0
182;72;0
183;72;1
184;72;0
185;72;0
186;72;0
187;72;0
188;72;0
189;72;0
190;72;0
191;72;0
192;72;0
193;72;0
194;72;0
195;72;0
196;72;0
197;72;0
198;72;0
1;81;0
2;81;0
3;81;0
4;81;0
5;81;0
6;81;0
7;81;0
8;81;0
9;81;0
10;81;0
11;81;1
12;81;0
13;81;0
14;81;0
15;81;0
16;81;0
17;81;0
18;81;0
19;81;0
20;81;0
21;81;0
22;81;0
23;81;1
24;81;1
25;81;0
26;81;1
27;81;0
28;81;0
29;81;0
30;81;0
31;81;1
32;81;0
33;81;0
34;81;0
35;81;0
36;81;0
37;81;0
38;81;0
39;81;0
40;81;0
41;81;0
42;81;0
43;81;0
44;81;0
45;81;0
46;81;0
47;81;0
48;81;0
49;81;0
50;81;0
51;81;0
52;81;0
53;81;0
54;81;0
55;81;1
56;81;0
57;81;1
58;81;1
59;81;1
60;81;0
61;81;0
62;81;1
63;81;0
64;81;0
65;81;1
66;81;1
67;81;0
68;81;0
69;81;1
70;81;0
71;81;0
72;81;0
73;81;0
74;81;0
75;81;0
76;81;0
77;81;1
78;81;1
79;81;0
80;81;0
81;81;0
82;81;1
84;81;0
85;81;1
86;81;1
87;81;0
88;81;1
89;81;1
90;81;0
91;81;1
92;81;0
93;81;0
94;81;1
95;81;0
96;81;0
97;81;0
98;81;0
99;81;0
100;81;0
101;81;0
102;81;1
103;81;0
104;81;1
105;81;1
106;81;0
107;81;0
108;81;1
109;81;1
110;81;1
111;81;0
112;81;0
113;81;0
114;81;1
115;81;0
116;81;1
117;81;0
118;81;0
119;81;1
120;81;0
121;81;1
122;81;0
123;81;0
124;81;0
125;81;1
126;81;0
127;81;1
128;81;0
129;81;1
130;81;1
131;81;0
132;81;0
133;81;1
134;81;1
135;81;1
136;81;1
137;81;0
138;81;1
139;81;0
140;81;0
141;81;0
142;81;0
143;81;0
144;81;0
145;81;0
146;81;0
147;81;0
148;81;0
149;81;0
150;81;0
151;81;0
152;81;0
153;81;0
154;81;0
155;81;0
156;81;0
157;81;0
158;81;0
159;81;0
160;81;0
161;81;0
162;81;0
163;81;0
164;81;0
165;81;0
166;81;1
167;81;0
168;81;0
169;81;0
170;81;0
171;81;0
172;81;1
173;81;0
174;81;0
175;81;0
176;81;1
177;81;0
178;81;0
179;81;0
180;81;0
181;81;0
182;81;1
183;81;0
184;81;0
185;81;0
186;81;1
187;81;1
188;81;1
189;81;1
190;81;1
191;81;1
192;81;1
193;81;1
194;81;1
195;81;0
196;81;1
197;81;1
198;81;0
1;89;0
2;89;0
3;89;0
4;89;0
5;89;0
6;89;0
7;89;1
8;89;0
9;89;0
10;89;0
11;89;1
12;89;0
13;89;0
14;89;0
15;89;0
16;89;0
17;89;0
18;89;1
19;89;0
20;89;0
21;89;1
22;89;0
23;89;0
24;89;0
25;89;0
26;89;0
27;89;0
28;89;0
29;89;0
30;89;0
31;89;0
32;89;0
33;89;0
34;89;0
35;89;1
36;89;0
37;89;0
38;89;0
39;89;1
40;89;0
41;89;0
42;89;0
43;89;0
44;89;0
45;89;0
46;89;0
47;89;0
48;89;0
49;89;0
50;89;0
51;89;0
52;89;0
53;89;0
54;89;0
55;89;0
56;89;0
57;89;0
58;89;0
59;89;0
60;89;0
61;89;0
62;89;0
63;89;0
64;89;0
65;89;0
66;89;1
67;89;0
68;89;0
69;89;0
70;89;0
71;89;0
72;89;0
73;89;0
74;89;0
75;89;0
76;89;0
77;89;0
78;89;1
79;89;0
80;89;0
81;89;0
82;89;0
84;89;0
85;89;1
86;89;0
87;89;0
88;89;0
89;89;0
90;89;0
91;89;0
92;89;0
93;89;0
94;89;0
95;89;0
96;89;0
97;89;0
98;89;0
99;89;0
100;89;0
101;89;0
102;89;0
103;89;0
104;89;0
105;89;0
106;89;0
107;89;0
108;89;0
109;89;1
110;89;0
111;89;0
112;89;0
113;89;0
114;89;0
115;89;0
116;89;0
117;89;0
118;89;0
119;89;0
120;89;1
121;89;0
122;89;0
123;89;0
124;89;0
125;89;0
126;89;0
127;89;0
128;89;0
129;89;0
130;89;0
131;89;0
132;89;0
133;89;0
134;89;0
135;89;0
136;89;0
137;89;0
138;89;0
139;89;0
140;89;1
141;89;0
142;89;0
143;89;0
144;89;0
145;89;0
146;89;0
147;89;0
148;89;0
149;89;0
150;89;0
151;89;0
152;89;0
153;89;0
154;89;0
155;89;0
156;89;0
157;89;0
158;89;0
159;89;0
160;89;0
161;89;0
162;89;0
163;89;0
164;89;0
165;89;0
166;89;0
167;89;0
168;89;0
169;89;0
170;89;0
171;89;0
172;89;0
173;89;0
174;89;0
175;89;0
176;89;0
177;89;0
178;89;0
179;89;1
180;89;0
181;89;1
182;89;0
183;89;0
184;89;0
185;89;0
186;89;0
187;89;1
188;89;0
189;89;0
190;89;0
191;89;0
192;89;1
193;89;1
194;89;0
195;89;0
196;89;1
197;89;0
198;89;0
1;91;0
2;91;1
3;91;0
4;91;0
5;91;0
6;91;0
7;91;0
8;91;0
9;91;0
10;91;0
11;91;0
12;91;0
13;91;0
14;91;0
15;91;0
16;91;0
17;91;0
18;91;0
19;91;0
20;91;0
21;91;0
22;91;0
23;91;0
24;91;0
25;91;0
26;91;0
27;91;0
28;91;0
29;91;0
30;91;0
31;91;0
32;91;0
33;91;0
34;91;0
35;91;0
36;91;0
37;91;0
38;91;0
39;91;0
40;91;0
41;91;0
42;91;0
43;91;0
44;91;0
45;91;0
46;91;0
47;91;0
48;91;0
49;91;0
50;91;0
51;91;0
52;91;0
53;91;0
54;91;0
55;91;0
56;91;0
57;91;0
58;91;0
59;91;0
60;91;0
61;91;0
62;91;0
63;91;0
64;91;0
65;91;0
66;91;0
67;91;0
68;91;0
69;91;0
70;91;0
71;91;0
72;91;0
73;91;0
74;91;0
75;91;1
76;91;0
77;91;0
78;91;0
79;91;0
80;91;0
81;91;0
82;91;0
84;91;0
85;91;0
86;91;0
87;91;0
88;91;0
89;91;0
90;91;0
91;91;0
92;91;0
93;91;0
94;91;0
95;91;0
96;91;0
97;91;0
98;91;0
99;91;0
100;91;1
101;91;0
102;91;0
103;91;0
104;91;0
105;91;0
106;91;0
107;91;0
108;91;0
109;91;0
110;91;0
111;91;0
112;91;0
113;91;0
114;91;0
115;91;0
116;91;0
117;91;0
118;91;0
119;91;0
120;91;0
121;91;0
122;91;0
123;91;0
124;91;1
125;91;1
126;91;0
127;91;0
128;91;0
129;91;0
130;91;0
131;91;0
132;91;0
133;91;0
134;91;0
135;91;0
136;91;0
137;91;0
138;91;0
139;91;0
140;91;0
141;91;0
142;91;0
143;91;0
144;91;0
145;91;0
146;91;1
147;91;0
148;91;0
149;91;0
150;91;0
151;91;0
152;91;0
153;91;0
154;91;0
155;91;0
156;91;0
157;91;0
158;91;0
159;91;0
160;91;0
161;91;0
162;91;0
163;91;0
164;91;0
165;91;0
166;91;0
167;91;1
168;91;0
169;91;0
170;91;0
171;91;0
172;91;0
173;91;0
174;91;0
175;91;0
176;91;0
177;91;0
178;91;0
179;91;0
180;91;0
181;91;0
182;91;0
183;91;0
184;91;0
185;91;0
186;91;0
187;91;0
188;91;0
189;91;0
190;91;0
191;91;0
192;91;0
193;91;0
194;91;0
195;91;0
196;91;1
197;91;1
198;91;0
1;99;0
2;99;0
3;99;1
4;99;0
5;99;0
6;99;0
7;99;0
8;99;0
9;99;0
10;99;0
11;99;1
12;99;0
13;99;0
14;99;0
15;99;0
16;99;1
17;99;0
18;99;0
19;99;0
20;99;0
21;99;0
22;99;0
23;99;0
24;99;0
25;99;0
26;99;0
27;99;0
28;99;1
29;99;0
30;99;0
31;99;0
32;99;1
33;99;0
34;99;0
35;99;0
36;99;0
37;99;0
38;99;0
39;99;0
40;99;0
41;99;0
42;99;0
43;99;0
44;99;0
45;99;0
46;99;0
47;99;0
48;99;0
49;99;0
50;99;0
51;99;0
52;99;0
53;99;0
54;99;0
55;99;0
56;99;0
57;99;0
58;99;0
59;99;0
60;99;0
61;99;0
62;99;0
63;99;0
64;99;0
65;99;0
66;99;0
67;99;0
68;99;0
69;99;0
70;99;0
71;99;0
72;99;0
73;99;0
74;99;0
75;99;0
76;99;0
77;99;0
78;99;0
79;99;0
80;99;0
81;99;0
82;99;0
84;99;0
85;99;1
86;99;0
87;99;0
88;99;1
89;99;0
90;99;0
91;99;0
92;99;0
93;99;0
94;99;0
95;99;0
96;99;0
97;99;0
98;99;0
99;99;0
100;99;0
101;99;0
102;99;0
103;99;0
104;99;0
105;99;0
106;99;1
107;99;0
108;99;0
109;99;0
110;99;0
111;99;0
112;99;0
113;99;0
114;99;0
115;99;1
116;99;0
117;99;0
118;99;0
119;99;0
120;99;0
121;99;0
122;99;0
123;99;0
124;99;0
125;99;0
126;99;1
127;99;1
128;99;0
129;99;0
130;99;0
131;99;0
132;99;0
133;99;0
134;99;0
135;99;0
136;99;0
137;99;0
138;99;0
139;99;0
140;99;0
141;99;0
142;99;0
143;99;0
144;99;0
145;99;0
146;99;1
147;99;0
148;99;0
149;99;0
150;99;0
151;99;0
152;99;0
153;99;0
154;99;0
155;99;0
156;99;0
157;99;0
158;99;0
159;99;0
160;99;0
161;99;0
162;99;0
163;99;0
164;99;0
165;99;0
166;99;0
167;99;0
168;99;0
169;99;0
170;99;0
171;99;0
172;99;0
173;99;0
174;99;0
175;99;0
176;99;0
177;99;0
178;99;0
179;99;0
180;99;0
181;99;0
182;99;0
183;99;0
184;99;0
185;99;0
186;99;0
187;99;0
188;99;0
189;99;1
190;99;0
191;99;0
192;99;0
193;99;0
194;99;0
195;99;0
196;99;0
197;99;0
198;99;0
1;101;0
2;101;0
3;101;0
4;101;0
5;101;0
6;101;0
7;101;0
8;101;0
9;101;0
10;101;0
11;101;0
12;101;0
13;101;0
14;101;0
15;101;0
16;101;0
17;101;0
18;101;0
19;101;0
20;101;0
21;101;0
22;101;1
23;101;1
24;101;0
25;101;1
26;101;0
27;101;1
28;101;1
29;101;0
30;101;0
31;101;0
32;101;0
33;101;0
34;101;1
35;101;1
36;101;1
37;101;0
38;101;1
39;101;0
40;101;1
41;101;1
42;101;1
43;101;0
44;101;0
45;101;0
46;101;1
47;101;0
48;101;1
49;101;0
50;101;1
51;101;0
52;101;1
53;101;0
54;101;0
55;101;0
56;101;0
57;101;1
58;101;0
59;101;0
60;101;1
61;101;0
62;101;0
63;101;0
64;101;0
65;101;0
66;101;1
67;101;0
68;101;0
69;101;1
70;101;1
71;101;0
72;101;0
73;101;1
74;101;1
75;101;1
76;101;1
77;101;0
78;101;0
79;101;0
80;101;0
81;101;0
82;101;0
84;101;1
85;101;0
86;101;0
87;101;0
88;101;0
89;101;0
90;101;0
91;101;0
92;101;0
93;101;0
94;101;0
95;101;1
96;101;1
97;101;1
98;101;0
99;101;0
100;101;1
101;101;1
102;101;1
103;101;0
104;101;1
105;101;1
106;101;0
107;101;0
108;101;1
109;101;0
110;101;0
111;101;0
112;101;1
113;101;0
114;101;0
115;101;0
116;101;0
117;101;0
118;101;0
119;101;0
120;101;0
121;101;0
122;101;0
123;101;0
124;101;1
125;101;1
126;101;0
127;101;0
128;101;0
129;101;0
130;101;1
131;101;1
132;101;0
133;101;0
134;101;0
135;101;0
136;101;0
137;101;0
138;101;0
139;101;0
140;101;0
141;101;1
142;101;1
143;101;1
144;101;0
145;101;0
146;101;0
147;101;0
148;101;1
149;101;0
150;101;0
151;101;0
152;101;0
153;101;1
154;101;1
155;101;0
156;101;1
157;101;0
158;101;1
159;101;1
160;101;0
161;101;1
162;101;0
163;101;0
164;101;1
165;101;0
166;101;0
167;101;1
168;101;0
169;101;0
170;101;0
171;101;0
172;101;0
173;101;0
174;101;1
175;101;1
176;101;0
177;101;1
178;101;0
179;101;1
180;101;0
181;101;0
182;101;0
183;101;0
184;101;0
185;101;0
186;101;1
187;101;1
188;101;0
189;101;0
190;101;0
191;101;1
192;101;0
193;101;0
194;101;0
195;101;1
196;101;0
197;101;0
198;101;1
1;102;0
2;102;0
3;102;0
4;102;0
5;102;0
6;102;1
7;102;0
8;102;0
9;102;0
10;102;0
11;102;0
12;102;0
13;102;0
14;102;0
15;102;0
16;102;0
17;102;0
18;102;0
19;102;0
20;102;0
21;102;0
22;102;0
23;102;0
24;102;0
25;102;0
26;102;0
27;102;0
28;102;0
29;102;0
30;102;0
31;102;0
32;102;0
33;102;0
34;102;0
35;102;0
36;102;0
37;102;0
38;102;0
39;102;1
40;102;0
41;102;0
42;102;0
43;102;0
44;102;0
45;102;0
46;102;0
47;102;1
48;102;0
49;102;0
50;102;0
51;102;0
52;102;0
53;102;0
54;102;0
55;102;0
56;102;0
57;102;0
58;102;0
59;102;0
60;102;0
61;102;0
62;102;0
63;102;0
64;102;0
65;102;0
66;102;0
67;102;0
68;102;0
69;102;0
70;102;0
71;102;0
72;102;0
73;102;0
74;102;0
75;102;0
76;102;0
77;102;0
78;102;0
79;102;0
80;102;0
81;102;0
82;102;0
84;102;0
85;102;0
86;102;0
87;102;0
88;102;0
89;102;0
90;102;0
91;102;0
92;102;0
93;102;0
94;102;0
95;102;0
96;102;0
97;102;0
98;102;0
99;102;0
100;102;0
101;102;0
102;102;0
103;102;0
104;102;0
105;102;0
106;102;0
107;102;0
108;102;0
109;102;0
110;102;0
111;102;0
112;102;0
113;102;0
114;102;0
115;102;0
116;102;0
117;102;0
118;102;0
119;102;0
120;102;0
121;102;0
122;102;0
123;102;0
124;102;0
125;102;0
126;102;0
127;102;0
128;102;0
129;102;0
130;102;0
131;102;0
132;102;0
133;102;0
134;102;0
135;102;1
136;102;0
137;102;1
138;102;0
139;102;0
140;102;0
141;102;0
142;102;0
143;102;1
144;102;0
145;102;0
146;102;1
147;102;0
148;102;0
149;102;0
150;102;0
151;102;0
152;102;0
153;102;0
154;102;0
155;102;0
156;102;0
157;102;0
158;102;0
159;102;0
160;102;0
161;102;0
162;102;0
163;102;0
164;102;0
165;102;0
166;102;0
167;102;0
168;102;0
169;102;1
170;102;0
171;102;0
172;102;0
173;102;0
174;102;0
175;102;0
176;102;0
177;102;0
178;102;0
179;102;0
180;102;1
181;102;0
182;102;0
183;102;0
184;102;0
185;102;0
186;102;0
187;102;0
188;102;0
189;102;1
190;102;0
191;102;0
192;102;0
193;102;0
194;102;0
195;102;0
196;102;0
197;102;0
198;102;0
1;103;0
2;103;0
3;103;0
4;103;0
5;103;0
6;103;0
7;103;0
8;103;0
9;103;0
10;103;0
11;103;0
12;103;0
13;103;0
14;103;0
15;103;0
16;103;0
17;103;1
18;103;0
19;103;0
20;103;0
21;103;0
22;103;0
23;103;0
24;103;0
25;103;0
26;103;0
27;103;1
28;103;0
29;103;0
30;103;0
31;103;0
32;103;0
33;103;1
34;103;0
35;103;1
36;103;1
37;103;1
38;103;1
39;103;1
40;103;1
41;103;0
42;103;1
43;103;0
44;103;1
45;103;1
46;103;1
47;103;0
48;103;0
49;103;1
50;103;0
51;103;0
52;103;1
53;103;0
54;103;0
55;103;0
56;103;0
57;103;0
58;103;0
59;103;0
60;103;0
61;103;0
62;103;0
63;103;0
64;103;0
65;103;0
66;103;0
67;103;1
68;103;0
69;103;0
70;103;0
71;103;0
72;103;1
73;103;0
74;103;1
75;103;0
76;103;0
77;103;0
78;103;0
79;103;0
80;103;0
81;103;0
82;103;1
84;103;0
85;103;0
86;103;0
87;103;0
88;103;0
89;103;0
90;103;0
91;103;0
92;103;1
93;103;1
94;103;0
95;103;1
96;103;1
97;103;0
98;103;1
99;103;1
100;103;0
101;103;0
102;103;1
103;103;0
104;103;0
105;103;0
106;103;1
107;103;1
108;103;0
109;103;0
110;103;0
111;103;0
112;103;0
113;103;0
114;103;0
115;103;0
116;103;1
117;103;0
118;103;0
119;103;1
120;103;0
121;103;0
122;103;0
123;103;0
124;103;1
125;103;1
126;103;0
127;103;0
128;103;0
129;103;1
130;103;0
131;103;0
132;103;1
133;103;0
134;103;1
135;103;0
136;103;0
137;103;0
138;103;1
139;103;1
140;103;0
141;103;1
142;103;1
143;103;0
144;103;0
145;103;1
146;103;0
147;103;0
148;103;1
149;103;1
150;103;1
151;103;1
152;103;0
153;103;0
154;103;1
155;103;1
156;103;1
157;103;1
158;103;0
159;103;1
160;103;0
161;103;0
162;103;0
163;103;1
164;103;0
165;103;0
166;103;0
167;103;0
168;103;0
169;103;0
170;103;0
171;103;0
172;103;0
173;103;0
174;103;0
175;103;1
176;103;0
177;103;0
178;103;0
179;103;0
180;103;0
181;103;0
182;103;1
183;103;0
184;103;0
185;103;0
186;103;0
187;103;0
188;103;0
189;103;0
190;103;0
191;103;0
192;103;0
193;103;0
194;103;0
195;103;0
196;103;0
197;103;1
198;103;0
1;104;1
2;104;1
3;104;0
4;104;0
5;104;0
6;104;0
7;104;0
8;104;0
9;104;0
10;104;0
11;104;1
12;104;0
13;104;1
14;104;0
15;104;0
16;104;0
17;104;0
18;104;0
19;104;0
20;104;0
21;104;0
22;104;0
23;104;1
24;104;1
25;104;1
26;104;0
27;104;0
28;104;0
29;104;0
30;104;1
31;104;0
32;104;0
33;104;0
34;104;0
35;104;0
36;104;0
37;104;1
38;104;0
39;104;1
40;104;1
41;104;0
42;104;0
43;104;0
44;104;0
45;104;0
46;104;0
47;104;0
48;104;0
49;104;0
50;104;0
51;104;0
52;104;0
53;104;0
54;104;0
55;104;0
56;104;0
57;104;0
58;104;0
59;104;0
60;104;0
61;104;1
62;104;0
63;104;0
64;104;0
65;104;0
66;104;0
67;104;0
68;104;0
69;104;0
70;104;0
71;104;0
72;104;0
73;104;0
74;104;0
75;104;0
76;104;0
77;104;0
78;104;0
79;104;0
80;104;0
81;104;0
82;104;0
84;104;0
85;104;0
86;104;0
87;104;0
88;104;0
89;104;0
90;104;0
91;104;0
92;104;0
93;104;0
94;104;1
95;104;0
96;104;0
97;104;0
98;104;0
99;104;1
100;104;0
101;104;0
102;104;1
103;104;0
104;104;0
105;104;0
106;104;0
107;104;0
108;104;0
109;104;0
110;104;0
111;104;0
112;104;1
113;104;0
114;104;0
115;104;0
116;104;0
117;104;0
118;104;0
119;104;0
120;104;0
121;104;0
122;104;0
123;104;0
124;104;0
125;104;0
126;104;0
127;104;0
128;104;0
129;104;0
130;104;0
131;104;0
132;104;0
133;104;0
134;104;0
135;104;0
136;104;1
137;104;1
138;104;0
139;104;0
140;104;0
141;104;0
142;104;0
143;104;0
144;104;0
145;104;0
146;104;0
147;104;0
148;104;0
149;104;0
150;104;0
151;104;0
152;104;0
153;104;0
154;104;0
155;104;0
156;104;0
157;104;0
158;104;1
159;104;1
160;104;0
161;104;0
162;104;0
163;104;1
164;104;0
165;104;0
166;104;0
167;104;0
168;104;0
169;104;0
170;104;0
171;104;0
172;104;0
173;104;0
174;104;0
175;104;1
176;104;0
177;104;1
178;104;0
179;104;0
180;104;0
181;104;0
182;104;0
183;104;0
184;104;0
185;104;0
186;104;0
187;104;0
188;104;0
189;104;0
190;104;0
191;104;0
192;104;0
193;104;0
194;104;0
195;104;0
196;104;0
197;104;0
198;104;0
1;105;0
2;105;0
3;105;0
4;105;0
5;105;0
6;105;0
7;105;0
8;105;0
9;105;0
10;105;0
11;105;0
12;105;0
13;105;1
14;105;0
15;105;0
16;105;0
17;105;0
18;105;0
19;105;0
20;105;0
21;105;0
22;105;0
23;105;0
24;105;0
25;105;0
26;105;0
27;105;0
28;105;1
29;105;0
30;105;0
31;105;0
32;105;0
33;105;0
34;105;0
35;105;1
36;105;0
37;105;0
38;105;0
39;105;0
40;105;1
41;105;0
42;105;0
43;105;0
44;105;0
45;105;0
46;105;0
47;105;0
48;105;0
49;105;1
50;105;0
51;105;0
52;105;0
53;105;1
54;105;0
55;105;1
56;105;1
57;105;0
58;105;0
59;105;1
60;105;0
61;105;0
62;105;0
63;105;0
64;105;0
65;105;0
66;105;0
67;105;0
68;105;0
69;105;0
70;105;0
71;105;0
72;105;1
73;105;0
74;105;0
75;105;1
76;105;0
77;105;0
78;105;0
79;105;0
80;105;0
81;105;0
82;105;0
84;105;0
85;105;1
86;105;0
87;105;1
88;105;1
89;105;1
90;105;1
91;105;0
92;105;0
93;105;1
94;105;1
95;105;1
96;105;0
97;105;1
98;105;0
99;105;0
100;105;1
101;105;0
102;105;0
103;105;0
104;105;1
105;105;1
106;105;0
107;105;0
108;105;0
109;105;0
110;105;0
111;105;0
112;105;0
113;105;0
114;105;0
115;105;0
116;105;0
117;105;0
118;105;1
119;105;0
120;105;0
121;105;0
122;105;0
123;105;0
124;105;1
125;105;0
126;105;0
127;105;1
128;105;0
129;105;0
130;105;0
131;105;0
132;105;0
133;105;0
134;105;0
135;105;0
136;105;0
137;105;0
138;105;1
139;105;0
140;105;1
141;105;0
142;105;0
143;105;0
144;105;1
145;105;0
146;105;0
147;105;0
148;105;0
149;105;1
150;105;0
151;105;0
152;105;0
153;105;0
154;105;0
155;105;0
156;105;0
157;105;0
158;105;0
159;105;0
160;105;0
161;105;1
162;105;0
163;105;0
164;105;0
165;105;1
166;105;0
167;105;0
168;105;0
169;105;0
170;105;0
171;105;0
172;105;0
173;105;1
174;105;0
175;105;0
176;105;0
177;105;1
178;105;0
179;105;1
180;105;0
181;105;0
182;105;1
183;105;0
184;105;0
185;105;0
186;105;0
187;105;0
188;105;0
189;105;0
190;105;0
191;105;1
192;105;0
193;105;0
194;105;0
195;105;0
196;105;0
197;105;1
198;105;1
1;106;0
2;106;0
3;106;1
4;106;0
5;106;0
6;106;0
7;106;0
8;106;0
9;106;0
10;106;0
11;106;1
12;106;1
13;106;0
14;106;0
15;106;0
16;106;0
17;106;0
18;106;0
19;106;0
20;106;0
21;106;1
22;106;0
23;106;0
24;106;1
25;106;0
26;106;0
27;106;0
28;106;0
29;106;1
30;106;0
31;106;0
32;106;0
33;106;1
34;106;1
35;106;0
36;106;0
37;106;1
38;106;0
39;106;0
40;106;0
41;106;1
42;106;0
43;106;1
44;106;0
45;106;0
46;106;1
47;106;0
48;106;0
49;106;0
50;106;0
51;106;0
52;106;0
53;106;0
54;106;0
55;106;0
56;106;1
57;106;0
58;106;0
59;106;0
60;106;0
61;106;0
62;106;0
63;106;0
64;106;0
65;106;0
66;106;1
67;106;0
68;106;0
69;106;1
70;106;0
71;106;1
72;106;0
73;106;0
74;106;1
75;106;0
76;106;0
77;106;0
78;106;0
79;106;1
80;106;1
81;106;1
82;106;0
84;106;1
85;106;0
86;106;0
87;106;0
88;106;0
89;106;0
90;106;0
91;106;0
92;106;0
93;106;0
94;106;0
95;106;1
96;106;1
97;106;0
98;106;0
99;106;0
100;106;0
101;106;0
102;106;0
103;106;0
104;106;0
105;106;0
106;106;0
107;106;0
108;106;0
109;106;0
110;106;1
111;106;1
112;106;1
113;106;0
114;106;0
115;106;1
116;106;0
117;106;1
118;106;0
119;106;0
120;106;0
121;106;0
122;106;0
123;106;0
124;106;0
125;106;0
126;106;1
127;106;0
128;106;0
129;106;0
130;106;1
131;106;1
132;106;0
133;106;0
134;106;1
135;106;0
136;106;1
137;106;0
138;106;0
139;106;0
140;106;0
141;106;0
142;106;1
143;106;0
144;106;0
145;106;0
146;106;0
147;106;0
148;106;0
149;106;0
150;106;0
151;106;0
152;106;0
153;106;1
154;106;0
155;106;0
156;106;0
157;106;1
158;106;0
159;106;0
160;106;0
161;106;0
162;106;1
163;106;0
164;106;0
165;106;0
166;106;0
167;106;0
168;106;0
169;106;1
170;106;1
171;106;1
172;106;1
173;106;1
174;106;1
175;106;0
176;106;0
177;106;0
178;106;1
179;106;0
180;106;0
181;106;0
182;106;0
183;106;0
184;106;0
185;106;1
186;106;0
187;106;1
188;106;0
189;106;0
190;106;0
191;106;0
192;106;0
193;106;0
194;106;0
195;106;0
196;106;0
197;106;1
198;106;0
1;107;1
2;107;0
3;107;0
4;107;0
5;107;0
6;107;0
7;107;0
8;107;0
9;107;0
10;107;0
11;107;0
12;107;0
13;107;0
14;107;1
15;107;0
16;107;0
17;107;1
18;107;0
19;107;0
20;107;0
21;107;0
22;107;0
23;107;0
24;107;0
25;107;0
26;107;1
27;107;1
28;107;0
29;107;1
30;107;0
31;107;1
32;107;1
33;107;0
34;107;1
35;107;1
36;107;1
37;107;1
38;107;1
39;107;1
40;107;1
41;107;1
42;107;1
43;107;1
44;107;1
45;107;1
46;107;0
47;107;1
48;107;0
49;107;1
50;107;1
51;107;1
52;107;1
53;107;1
54;107;1
55;107;0
56;107;1
57;107;1
58;107;1
59;107;1
60;107;0
61;107;0
62;107;0
63;107;1
64;107;0
65;107;1
66;107;1
67;107;1
68;107;0
69;107;0
70;107;1
71;107;1
72;107;1
73;107;1
74;107;1
75;107;0
76;107;0
77;107;0
78;107;0
79;107;1
80;107;1
81;107;1
82;107;0
84;107;1
85;107;1
86;107;0
87;107;1
88;107;1
89;107;1
90;107;0
91;107;1
92;107;1
93;107;1
94;107;0
95;107;0
96;107;0
97;107;1
98;107;1
99;107;0
100;107;0
101;107;0
102;107;1
103;107;1
104;107;1
105;107;1
106;107;1
107;107;0
108;107;1
109;107;1
110;107;1
111;107;1
112;107;1
113;107;1
114;107;1
115;107;1
116;107;1
117;107;0
118;107;1
119;107;1
120;107;1
121;107;1
122;107;1
123;107;0
124;107;1
125;107;0
126;107;1
127;107;1
128;107;0
129;107;1
130;107;1
131;107;1
132;107;1
133;107;1
134;107;1
135;107;0
136;107;1
137;107;1
138;107;0
139;107;1
140;107;0
141;107;0
142;107;1
143;107;1
144;107;1
145;107;1
146;107;1
147;107;0
148;107;1
149;107;1
150;107;1
151;107;1
152;107;1
153;107;1
154;107;1
155;107;0
156;107;0
157;107;0
158;107;1
159;107;1
160;107;0
161;107;1
162;107;0
163;107;0
164;107;0
165;107;1
166;107;1
167;107;0
168;107;0
169;107;0
170;107;0
171;107;0
172;107;1
173;107;0
174;107;1
175;107;1
176;107;1
177;107;0
178;107;1
179;107;0
180;107;0
181;107;0
182;107;0
183;107;1
184;107;0
185;107;1
186;107;0
187;107;0
188;107;0
189;107;0
190;107;1
191;107;0
192;107;1
193;107;1
194;107;1
195;107;1
196;107;1
197;107;1
198;107;1
1;108;0
2;108;0
3;108;0
4;108;0
5;108;0
6;108;0
7;108;0
8;108;0
9;108;1
10;108;0
11;108;0
12;108;1
13;108;0
14;108;0
15;108;0
16;108;0
17;108;0
18;108;0
19;108;1
20;108;0
21;108;1
22;108;1
23;108;0
24;108;0
25;108;0
26;108;0
27;108;1
28;108;0
29;108;1
30;108;1
31;108;0
32;108;0
33;108;0
34;108;0
35;108;0
36;108;0
37;108;1
38;108;1
39;108;0
40;108;1
41;108;0
42;108;0
43;108;1
44;108;1
45;108;1
46;108;0
47;108;1
48;108;0
49;108;0
50;108;0
51;108;0
52;108;1
53;108;0
54;108;0
55;108;1
56;108;0
57;108;0
58;108;0
59;108;0
60;108;0
61;108;0
62;108;0
63;108;0
64;108;0
65;108;0
66;108;1
67;108;1
68;108;0
69;108;0
70;108;0
71;108;0
72;108;1
73;108;1
74;108;1
75;108;0
76;108;0
77;108;0
78;108;0
79;108;1
80;108;0
81;108;1
82;108;0
84;108;0
85;108;0
86;108;1
87;108;0
88;108;0
89;108;1
90;108;0
91;108;1
92;108;0
93;108;0
94;108;0
95;108;1
96;108;0
97;108;0
98;108;0
99;108;0
100;108;0
101;108;0
102;108;1
103;108;1
104;108;0
105;108;1
106;108;0
107;108;1
108;108;0
109;108;0
110;108;1
111;108;0
112;108;0
113;108;0
114;108;0
115;108;0
116;108;0
117;108;0
118;108;0
119;108;0
120;108;0
121;108;0
122;108;0
123;108;0
124;108;0
125;108;1
126;108;1
127;108;0
128;108;1
129;108;0
130;108;0
131;108;0
132;108;1
133;108;1
134;108;1
135;108;1
136;108;1
137;108;1
138;108;0
139;108;1
140;108;0
141;108;0
142;108;0
143;108;1
144;108;0
145;108;0
146;108;0
147;108;0
148;108;0
149;108;0
150;108;0
151;108;1
152;108;0
153;108;1
154;108;0
155;108;0
156;108;0
157;108;1
158;108;0
159;108;0
160;108;0
161;108;0
162;108;0
163;108;0
164;108;0
165;108;0
166;108;0
167;108;1
168;108;0
169;108;0
170;108;0
171;108;0
172;108;0
173;108;0
174;108;0
175;108;0
176;108;0
177;108;0
178;108;0
179;108;0
180;108;0
181;108;0
182;108;0
183;108;0
184;108;0
185;108;0
186;108;0
187;108;0
188;108;0
189;108;0
190;108;0
191;108;1
192;108;1
193;108;1
194;108;0
195;108;0
196;108;0
197;108;0
198;108;0
1;109;1
2;109;0
3;109;0
4;109;0
5;109;0
6;109;0
7;109;0
8;109;0
9;109;1
10;109;0
11;109;1
12;109;0
13;109;0
14;109;0
15;109;0
16;109;0
17;109;0
18;109;0
19;109;0
20;109;0
21;109;0
22;109;0
23;109;0
24;109;0
25;109;1
26;109;1
27;109;1
28;109;0
29;109;0
30;109;0
31;109;0
32;109;1
33;109;0
34;109;0
35;109;0
36;109;0
37;109;0
38;109;1
39;109;1
40;109;1
41;109;1
42;109;1
43;109;1
44;109;1
45;109;1
46;109;0
47;109;0
48;109;0
49;109;1
50;109;1
51;109;0
52;109;1
53;109;1
54;109;0
55;109;0
56;109;0
57;109;0
58;109;0
59;109;0
60;109;1
61;109;0
62;109;0
63;109;0
64;109;0
65;109;0
66;109;0
67;109;0
68;109;0
69;109;0
70;109;1
71;109;0
72;109;0
73;109;0
74;109;0
75;109;0
76;109;1
77;109;0
78;109;0
79;109;1
80;109;1
81;109;0
82;109;0
84;109;1
85;109;0
86;109;0
87;109;0
88;109;1
89;109;0
90;109;0
91;109;0
92;109;0
93;109;0
94;109;0
95;109;0
96;109;0
97;109;0
98;109;0
99;109;0
100;109;1
101;109;0
102;109;1
103;109;0
104;109;0
105;109;0
106;109;0
107;109;0
108;109;0
109;109;0
110;109;0
111;109;1
112;109;1
113;109;0
114;109;0
115;109;1
116;109;1
117;109;0
118;109;1
119;109;0
120;109;0
121;109;0
122;109;0
123;109;1
124;109;1
125;109;1
126;109;0
127;109;0
128;109;0
129;109;0
130;109;1
131;109;0
132;109;0
133;109;0
134;109;1
135;109;0
136;109;0
137;109;0
138;109;0
139;109;0
140;109;1
141;109;0
142;109;0
143;109;0
144;109;0
145;109;0
146;109;0
147;109;1
148;109;0
149;109;0
150;109;0
151;109;0
152;109;1
153;109;1
154;109;1
155;109;0
156;109;0
157;109;0
158;109;0
159;109;0
160;109;0
161;109;0
162;109;1
163;109;0
164;109;0
165;109;1
166;109;0
167;109;0
168;109;0
169;109;0
170;109;0
171;109;0
172;109;0
173;109;0
174;109;0
175;109;0
176;109;0
177;109;0
178;109;1
179;109;0
180;109;0
181;109;0
182;109;1
183;109;0
184;109;0
185;109;0
186;109;0
187;109;0
188;109;0
189;109;0
190;109;0
191;109;0
192;109;0
193;109;0
194;109;0
195;109;0
196;109;0
197;109;1
198;109;1
1;110;0
2;110;0
3;110;0
4;110;0
5;110;0
6;110;0
7;110;1
8;110;0
9;110;1
10;110;1
11;110;1
12;110;0
13;110;0
14;110;0
15;110;0
16;110;0
17;110;0
18;110;0
19;110;0
20;110;0
21;110;0
22;110;1
23;110;0
24;110;1
25;110;1
26;110;0
27;110;0
28;110;0
29;110;1
30;110;0
31;110;1
32;110;0
33;110;0
34;110;0
35;110;1
36;110;1
37;110;0
38;110;1
39;110;1
40;110;0
41;110;1
42;110;1
43;110;0
44;110;1
45;110;0
46;110;0
47;110;0
48;110;0
49;110;0
50;110;0
51;110;0
52;110;0
53;110;0
54;110;0
55;110;0
56;110;0
57;110;0
58;110;0
59;110;0
60;110;0
61;110;1
62;110;0
63;110;0
64;110;1
65;110;0
66;110;1
67;110;0
68;110;0
69;110;1
70;110;0
71;110;0
72;110;0
73;110;0
74;110;1
75;110;0
76;110;0
77;110;1
78;110;0
79;110;1
80;110;1
81;110;0
82;110;0
84;110;0
85;110;0
86;110;0
87;110;0
88;110;0
89;110;0
90;110;1
91;110;1
92;110;0
93;110;0
94;110;0
95;110;0
96;110;0
97;110;0
98;110;1
99;110;0
100;110;0
101;110;0
102;110;0
103;110;0
104;110;1
105;110;0
106;110;1
107;110;0
108;110;0
109;110;0
110;110;1
111;110;1
112;110;0
113;110;0
114;110;1
115;110;0
116;110;0
117;110;0
118;110;0
119;110;0
120;110;0
121;110;0
122;110;0
123;110;0
124;110;1
125;110;0
126;110;1
127;110;0
128;110;0
129;110;0
130;110;1
131;110;1
132;110;0
133;110;0
134;110;0
135;110;0
136;110;1
137;110;1
138;110;0
139;110;0
140;110;0
141;110;0
142;110;1
143;110;0
144;110;1
145;110;0
146;110;1
147;110;0
148;110;0
149;110;0
150;110;1
151;110;0
152;110;1
153;110;1
154;110;0
155;110;1
156;110;1
157;110;0
158;110;0
159;110;0
160;110;0
161;110;0
162;110;0
163;110;0
164;110;0
165;110;1
166;110;0
167;110;0
168;110;1
169;110;0
170;110;1
171;110;0
172;110;0
173;110;1
174;110;0
175;110;1
176;110;0
177;110;0
178;110;0
179;110;0
180;110;0
181;110;0
182;110;1
183;110;0
184;110;0
185;110;1
186;110;1
187;110;0
188;110;0
189;110;1
190;110;0
191;110;0
192;110;0
193;110;0
194;110;0
195;110;0
196;110;0
197;110;0
198;110;0
1;120;0
2;120;0
3;120;0
4;120;0
5;120;0
6;120;0
7;120;0
8;120;0
9;120;0
10;120;0
11;120;0
12;120;1
13;120;0
14;120;0
15;120;0
16;120;0
17;120;0
18;120;0
19;120;0
20;120;0
21;120;0
22;120;0
23;120;0
24;120;0
25;120;0
26;120;0
27;120;0
28;120;1
29;120;0
30;120;0
31;120;0
32;120;0
33;120;0
34;120;0
35;120;0
36;120;0
37;120;0
38;120;0
39;120;0
40;120;0
41;120;0
42;120;0
43;120;0
44;120;0
45;120;0
46;120;0
47;120;0
48;120;0
49;120;0
50;120;0
51;120;0
52;120;0
53;120;0
54;120;0
55;120;0
56;120;0
57;120;0
58;120;0
59;120;0
60;120;0
61;120;0
62;120;0
63;120;0
64;120;0
65;120;1
66;120;0
67;120;0
68;120;0
69;120;0
70;120;0
71;120;1
72;120;0
73;120;0
74;120;0
75;120;0
76;120;0
77;120;0
78;120;0
79;120;0
80;120;0
81;120;0
82;120;0
84;120;0
85;120;0
86;120;0
87;120;0
88;120;0
89;120;0
90;120;0
91;120;0
92;120;0
93;120;0
94;120;0
95;120;1
96;120;0
97;120;0
98;120;0
99;120;0
100;120;0
101;120;0
102;120;0
103;120;0
104;120;0
105;120;0
106;120;0
107;120;0
108;120;0
109;120;0
110;120;0
111;120;0
112;120;0
113;120;0
114;120;0
115;120;0
116;120;0
117;120;0
118;120;0
119;120;0
120;120;0
121;120;0
122;120;0
123;120;0
124;120;0
125;120;0
126;120;0
127;120;0
128;120;0
129;120;0
130;120;0
131;120;0
132;120;0
133;120;0
134;120;0
135;120;0
136;120;0
137;120;0
138;120;0
139;120;0
140;120;0
141;120;0
142;120;0
143;120;0
144;120;0
145;120;0
146;120;0
147;120;0
148;120;0
149;120;0
150;120;0
151;120;0
152;120;0
153;120;0
154;120;0
155;120;0
156;120;0
157;120;0
158;120;0
159;120;0
160;120;0
161;120;0
162;120;0
163;120;0
164;120;0
165;120;0
166;120;0
167;120;0
168;120;0
169;120;0
170;120;0
171;120;0
172;120;0
173;120;0
174;120;0
175;120;0
176;120;0
177;120;0
178;120;0
179;120;0
180;120;0
181;120;0
182;120;0
183;120;0
184;120;0
185;120;0
186;120;0
187;120;0
188;120;0
189;120;0
190;120;0
191;120;0
192;120;0
193;120;0
194;120;0
195;120;0
196;120;0
197;120;0
198;120;0
1;131;0
2;131;0
3;131;0
4;131;1
5;131;0
6;131;0
7;131;0
8;131;0
9;131;0
10;131;0
11;131;1
12;131;1
13;131;0
14;131;0
15;131;0
16;131;0
17;131;0
18;131;0
19;131;0
20;131;0
21;131;1
22;131;0
23;131;0
24;131;0
25;131;0
26;131;0
27;131;0
28;131;0
29;131;0
30;131;0
31;131;0
32;131;0
33;131;0
34;131;0
35;131;1
36;131;0
37;131;0
38;131;0
39;131;0
40;131;0
41;131;0
42;131;0
43;131;0
44;131;0
45;131;0
46;131;0
47;131;1
48;131;0
49;131;1
50;131;0
51;131;0
52;131;0
53;131;0
54;131;0
55;131;0
56;131;0
57;131;0
58;131;0
59;131;0
60;131;0
61;131;0
62;131;0
63;131;0
64;131;0
65;131;0
66;131;0
67;131;0
68;131;0
69;131;0
70;131;0
71;131;0
72;131;0
73;131;0
74;131;0
75;131;0
76;131;0
77;131;0
78;131;0
79;131;0
80;131;0
81;131;0
82;131;0
84;131;0
85;131;0
86;131;0
87;131;0
88;131;0
89;131;1
90;131;0
91;131;0
92;131;0
93;131;0
94;131;0
95;131;0
96;131;0
97;131;0
98;131;0
99;131;0
100;131;0
101;131;0
102;131;0
103;131;0
104;131;0
105;131;0
106;131;0
107;131;0
108;131;0
109;131;0
110;131;0
111;131;0
112;131;1
113;131;0
114;131;0
115;131;0
116;131;0
117;131;0
118;131;0
119;131;0
120;131;0
121;131;0
122;131;0
123;131;0
124;131;0
125;131;0
126;131;0
127;131;0
128;131;0
129;131;0
130;131;0
131;131;0
132;131;0
133;131;0
134;131;0
135;131;0
136;131;0
137;131;0
138;131;0
139;131;0
140;131;0
141;131;0
142;131;0
143;131;0
144;131;0
145;131;1
146;131;0
147;131;0
148;131;0
149;131;0
150;131;0
151;131;0
152;131;1
153;131;0
154;131;0
155;131;0
156;131;0
157;131;0
158;131;0
159;131;0
160;131;0
161;131;0
162;131;0
163;131;0
164;131;0
165;131;0
166;131;0
167;131;0
168;131;0
169;131;0
170;131;0
171;131;0
172;131;0
173;131;0
174;131;0
175;131;1
176;131;0
177;131;0
178;131;1
179;131;0
180;131;1
181;131;1
182;131;0
183;131;0
184;131;0
185;131;0
186;131;1
187;131;1
188;131;1
189;131;0
190;131;0
191;131;0
192;131;0
193;131;0
194;131;0
195;131;0
196;131;0
197;131;0
198;131;1
1;132;0
2;132;0
3;132;0
4;132;1
5;132;1
6;132;0
7;132;0
8;132;0
9;132;0
10;132;0
11;132;0
12;132;0
13;132;0
14;132;0
15;132;0
16;132;0
17;132;0
18;132;0
19;132;0
20;132;0
21;132;1
22;132;0
23;132;0
24;132;0
25;132;0
26;132;0
27;132;0
28;132;0
29;132;0
30;132;0
31;132;0
32;132;0
33;132;0
34;132;0
35;132;0
36;132;0
37;132;0
38;132;0
39;132;1
40;132;0
41;132;1
42;132;0
43;132;0
44;132;0
45;132;1
46;132;1
47;132;0
48;132;0
49;132;0
50;132;0
51;132;0
52;132;0
53;132;0
54;132;0
55;132;0
56;132;0
57;132;0
58;132;0
59;132;1
60;132;0
61;132;0
62;132;0
63;132;0
64;132;0
65;132;0
66;132;0
67;132;0
68;132;0
69;132;0
70;132;0
71;132;0
72;132;0
73;132;1
74;132;0
75;132;0
76;132;0
77;132;0
78;132;0
79;132;0
80;132;0
81;132;0
82;132;0
84;132;0
85;132;1
86;132;0
87;132;1
88;132;0
89;132;0
90;132;0
91;132;0
92;132;0
93;132;0
94;132;0
95;132;0
96;132;0
97;132;0
98;132;0
99;132;0
100;132;0
101;132;0
102;132;0
103;132;0
104;132;0
105;132;0
106;132;0
107;132;0
108;132;0
109;132;0
110;132;0
111;132;0
112;132;1
113;132;0
114;132;0
115;132;0
116;132;0
117;132;0
118;132;0
119;132;0
120;132;0
121;132;0
122;132;0
123;132;0
124;132;0
125;132;0
126;132;0
127;132;0
128;132;0
129;132;0
130;132;0
131;132;0
132;132;0
133;132;1
134;132;1
135;132;0
136;132;0
137;132;0
138;132;0
139;132;0
140;132;0
141;132;0
142;132;1
143;132;0
144;132;0
145;132;0
146;132;0
147;132;0
148;132;0
149;132;0
150;132;0
151;132;1
152;132;1
153;132;0
154;132;0
155;132;0
156;132;0
157;132;0
158;132;0
159;132;1
160;132;0
161;132;0
162;132;0
163;132;0
164;132;0
165;132;0
166;132;0
167;132;0
168;132;0
169;132;0
170;132;0
171;132;0
172;132;0
173;132;0
174;132;0
175;132;1
176;132;0
177;132;0
178;132;0
179;132;0
180;132;1
181;132;0
182;132;0
183;132;0
184;132;0
185;132;0
186;132;0
187;132;1
188;132;1
189;132;0
190;132;0
191;132;0
192;132;0
193;132;1
194;132;0
195;132;0
196;132;0
197;132;0
198;132;0
1;133;0
2;133;0
3;133;1
4;133;1
5;133;0
6;133;0
7;133;0
8;133;0
9;133;0
10;133;0
11;133;0
12;133;0
13;133;0
14;133;0
15;133;0
16;133;1
17;133;0
18;133;0
19;133;0
20;133;1
21;133;1
22;133;0
23;133;0
24;133;0
25;133;0
26;133;0
27;133;1
28;133;0
29;133;0
30;133;0
31;133;0
32;133;0
33;133;0
34;133;0
35;133;0
36;133;0
37;133;0
38;133;0
39;133;0
40;133;0
41;133;0
42;133;0
43;133;0
44;133;1
45;133;1
46;133;0
47;133;0
48;133;0
49;133;0
50;133;0
51;133;0
52;133;0
53;133;0
54;133;0
55;133;0
56;133;0
57;133;0
58;133;0
59;133;0
60;133;0
61;133;0
62;133;0
63;133;0
64;133;0
65;133;0
66;133;0
67;133;0
68;133;0
69;133;0
70;133;0
71;133;1
72;133;0
73;133;0
74;133;0
75;133;0
76;133;0
77;133;0
78;133;1
79;133;0
80;133;0
81;133;0
82;133;0
84;133;0
85;133;0
86;133;0
87;133;0
88;133;0
89;133;1
90;133;0
91;133;0
92;133;0
93;133;0
94;133;0
95;133;0
96;133;0
97;133;1
98;133;0
99;133;0
100;133;0
101;133;1
102;133;0
103;133;0
104;133;1
105;133;0
106;133;0
107;133;0
108;133;0
109;133;0
110;133;1
111;133;0
112;133;1
113;133;0
114;133;0
115;133;0
116;133;0
117;133;0
118;133;0
119;133;0
120;133;0
121;133;0
122;133;0
123;133;1
124;133;0
125;133;0
126;133;0
127;133;0
128;133;0
129;133;0
130;133;0
131;133;1
132;133;0
133;133;1
134;133;1
135;133;1
136;133;0
137;133;0
138;133;0
139;133;0
140;133;0
141;133;0
142;133;0
143;133;0
144;133;0
145;133;0
146;133;0
147;133;0
148;133;0
149;133;0
150;133;0
151;133;0
152;133;0
153;133;0
154;133;0
155;133;0
156;133;0
157;133;1
158;133;0
159;133;0
160;133;0
161;133;0
162;133;0
163;133;0
164;133;0
165;133;0
166;133;0
167;133;0
168;133;0
169;133;0
170;133;0
171;133;0
172;133;0
173;133;0
174;133;0
175;133;1
176;133;0
177;133;0
178;133;0
179;133;0
180;133;0
181;133;0
182;133;0
183;133;0
184;133;0
185;133;0
186;133;0
187;133;0
188;133;0
189;133;0
190;133;0
191;133;0
192;133;0
193;133;0
194;133;0
195;133;1
196;133;0
197;133;1
198;133;0
1;139;0
2;139;0
3;139;1
4;139;0
5;139;0
6;139;0
7;139;0
8;139;0
9;139;0
10;139;0
11;139;0
12;139;0
13;139;0
14;139;1
15;139;1
16;139;0
17;139;0
18;139;1
19;139;0
20;139;0
21;139;0
22;139;0
23;139;0
24;139;0
25;139;0
26;139;1
27;139;0
28;139;0
29;139;0
30;139;0
31;139;0
32;139;0
33;139;0
34;139;0
35;139;0
36;139;0
37;139;0
38;139;0
39;139;0
40;139;0
41;139;0
42;139;0
43;139;1
44;139;0
45;139;1
46;139;1
47;139;1
48;139;0
49;139;1
50;139;0
51;139;1
52;139;0
53;139;0
54;139;1
55;139;0
56;139;0
57;139;0
58;139;0
59;139;0
60;139;0
61;139;0
62;139;0
63;139;0
64;139;1
65;139;0
66;139;0
67;139;0
68;139;1
69;139;0
70;139;0
71;139;1
72;139;0
73;139;0
74;139;0
75;139;0
76;139;1
77;139;0
78;139;0
79;139;0
80;139;0
81;139;0
82;139;1
84;139;0
85;139;0
86;139;0
87;139;1
88;139;0
89;139;0
90;139;0
91;139;1
92;139;1
93;139;0
94;139;1
95;139;0
96;139;0
97;139;1
98;139;0
99;139;0
100;139;0
101;139;0
102;139;0
103;139;0
104;139;0
105;139;0
106;139;0
107;139;0
108;139;1
109;139;1
110;139;0
111;139;0
112;139;1
113;139;0
114;139;0
115;139;0
116;139;1
117;139;0
118;139;0
119;139;0
120;139;0
121;139;0
122;139;0
123;139;0
124;139;0
125;139;0
126;139;0
127;139;0
128;139;0
129;139;0
130;139;0
131;139;1
132;139;0
133;139;0
134;139;0
135;139;0
136;139;0
137;139;0
138;139;0
139;139;0
140;139;0
141;139;0
142;139;0
143;139;0
144;139;0
145;139;0
146;139;0
147;139;0
148;139;0
149;139;0
150;139;0
151;139;0
152;139;0
153;139;0
154;139;0
155;139;1
156;139;0
157;139;0
158;139;0
159;139;0
160;139;0
161;139;0
162;139;0
163;139;0
164;139;0
165;139;0
166;139;1
167;139;1
168;139;0
169;139;0
170;139;0
171;139;0
172;139;0
173;139;0
174;139;1
175;139;1
176;139;1
177;139;1
178;139;1
179;139;0
180;139;1
181;139;0
182;139;1
183;139;1
184;139;0
185;139;0
186;139;1
187;139;0
188;139;0
189;139;0
190;139;0
191;139;0
192;139;0
193;139;0
194;139;0
195;139;0
196;139;0
197;139;0
198;139;0
1;141;0
2;141;0
3;141;0
4;141;0
5;141;0
6;141;0
7;141;1
8;141;0
9;141;0
10;141;0
11;141;0
12;141;0
13;141;0
14;141;1
15;141;0
16;141;1
17;141;1
18;141;1
19;141;0
20;141;1
21;141;0
22;141;0
23;141;0
24;141;0
25;141;0
26;141;1
27;141;1
28;141;1
29;141;0
30;141;1
31;141;0
32;141;0
33;141;0
34;141;1
35;141;1
36;141;0
37;141;1
38;141;0
39;141;0
40;141;0
41;141;0
42;141;0
43;141;0
44;141;0
45;141;1
46;141;1
47;141;0
48;141;1
49;141;0
50;141;0
51;141;0
52;141;1
53;141;1
54;141;1
55;141;0
56;141;0
57;141;0
58;141;1
59;141;0
60;141;0
61;141;0
62;141;1
63;141;1
64;141;1
65;141;1
66;141;0
67;141;0
68;141;0
69;141;0
70;141;1
71;141;0
72;141;0
73;141;0
74;141;0
75;141;0
76;141;0
77;141;0
78;141;1
79;141;1
80;141;0
81;141;1
82;141;0
84;141;0
85;141;0
86;141;0
87;141;0
88;141;1
89;141;1
90;141;0
91;141;0
92;141;1
93;141;1
94;141;1
95;141;0
96;141;0
97;141;1
98;141;0
99;141;1
100;141;1
101;141;1
102;141;1
103;141;0
104;141;1
105;141;0
106;141;1
107;141;1
108;141;1
109;141;0
110;141;0
111;141;0
112;141;0
113;141;0
114;141;0
115;141;0
116;141;1
117;141;1
118;141;1
119;141;0
120;141;0
121;141;0
122;141;0
123;141;0
124;141;1
125;141;0
126;141;0
127;141;0
128;141;1
129;141;0
130;141;0
131;141;0
132;141;0
133;141;0
134;141;0
135;141;0
136;141;0
137;141;1
138;141;0
139;141;0
140;141;1
141;141;1
142;141;1
143;141;1
144;141;1
145;141;0
146;141;1
147;141;0
148;141;1
149;141;0
150;141;1
151;141;0
152;141;0
153;141;0
154;141;0
155;141;1
156;141;0
157;141;1
158;141;1
159;141;0
160;141;0
161;141;0
162;141;0
163;141;1
164;141;0
165;141;0
166;141;1
167;141;1
168;141;0
169;141;0
170;141;1
171;141;1
172;141;1
173;141;1
174;141;1
175;141;0
176;141;1
177;141;0
178;141;1
179;141;1
180;141;1
181;141;1
182;141;1
183;141;0
184;141;0
185;141;0
186;141;0
187;141;1
188;141;1
189;141;0
190;141;0
191;141;0
192;141;0
193;141;0
194;141;1
195;141;0
196;141;0
197;141;1
198;141;1
1;142;0
2;142;0
3;142;0
4;142;1
5;142;0
6;142;1
7;142;0
8;142;1
9;142;0
10;142;0
11;142;0
12;142;0
13;142;0
14;142;0
15;142;0
16;142;1
17;142;0
18;142;0
19;142;0
20;142;0
21;142;0
22;142;1
23;142;0
24;142;0
25;142;0
26;142;0
27;142;0
28;142;0
29;142;0
30;142;0
31;142;0
32;142;0
33;142;0
34;142;0
35;142;0
36;142;0
37;142;0
38;142;0
39;142;0
40;142;0
41;142;0
42;142;0
43;142;0
44;142;0
45;142;0
46;142;0
47;142;0
48;142;0
49;142;0
50;142;0
51;142;0
52;142;0
53;142;0
54;142;0
55;142;0
56;142;0
57;142;0
58;142;0
59;142;0
60;142;0
61;142;1
62;142;0
63;142;0
64;142;0
65;142;0
66;142;0
67;142;0
68;142;0
69;142;0
70;142;0
71;142;0
72;142;0
73;142;0
74;142;0
75;142;1
76;142;0
77;142;0
78;142;0
79;142;0
80;142;0
81;142;0
82;142;0
84;142;0
85;142;0
86;142;1
87;142;1
88;142;0
89;142;1
90;142;0
91;142;1
92;142;0
93;142;0
94;142;0
95;142;1
96;142;0
97;142;0
98;142;0
99;142;0
100;142;1
101;142;0
102;142;0
103;142;0
104;142;0
105;142;0
106;142;0
107;142;1
108;142;0
109;142;0
110;142;0
111;142;0
112;142;0
113;142;0
114;142;0
115;142;0
116;142;0
117;142;0
118;142;0
119;142;0
120;142;0
121;142;0
122;142;0
123;142;0
124;142;0
125;142;1
126;142;1
127;142;0
128;142;0
129;142;0
130;142;0
131;142;0
132;142;0
133;142;1
134;142;0
135;142;1
136;142;0
137;142;0
138;142;1
139;142;0
140;142;0
141;142;0
142;142;0
143;142;0
144;142;0
145;142;0
146;142;0
147;142;0
148;142;0
149;142;0
150;142;0
151;142;0
152;142;0
153;142;0
154;142;0
155;142;0
156;142;0
157;142;0
158;142;0
159;142;0
160;142;0
161;142;0
162;142;0
163;142;0
164;142;1
165;142;0
166;142;0
167;142;0
168;142;1
169;142;0
170;142;0
171;142;0
172;142;1
173;142;0
174;142;1
175;142;0
176;142;0
177;142;0
178;142;0
179;142;1
180;142;0
181;142;0
182;142;0
183;142;0
184;142;0
185;142;0
186;142;0
187;142;0
188;142;0
189;142;1
190;142;0
191;142;0
192;142;0
193;142;0
194;142;0
195;142;0
196;142;1
197;142;0
198;142;0
1;143;0
2;143;1
3;143;1
4;143;1
5;143;0
6;143;0
7;143;0
8;143;0
9;143;0
10;143;0
11;143;0
12;143;0
13;143;1
14;143;0
15;143;1
16;143;1
17;143;0
18;143;1
19;143;1
20;143;1
21;143;0
22;143;0
23;143;0
24;143;0
25;143;0
26;143;0
27;143;1
28;143;0
29;143;0
30;143;0
31;143;0
32;143;0
33;143;1
34;143;0
35;143;0
36;143;0
37;143;0
38;143;0
39;143;1
40;143;1
41;143;1
42;143;1
43;143;0
44;143;0
45;143;0
46;143;0
47;143;1
48;143;1
49;143;0
50;143;1
51;143;1
52;143;0
53;143;1
54;143;0
55;143;0
56;143;0
57;143;0
58;143;0
59;143;0
60;143;0
61;143;0
62;143;0
63;143;0
64;143;0
65;143;0
66;143;0
67;143;0
68;143;0
69;143;0
70;143;1
71;143;1
72;143;0
73;143;0
74;143;0
75;143;1
76;143;0
77;143;0
78;143;0
79;143;0
80;143;0
81;143;0
82;143;0
84;143;0
85;143;0
86;143;0
87;143;0
88;143;0
89;143;0
90;143;0
91;143;0
92;143;0
93;143;0
94;143;1
95;143;1
96;143;0
97;143;0
98;143;0
99;143;0
100;143;1
101;143;0
102;143;0
103;143;0
104;143;0
105;143;1
106;143;0
107;143;1
108;143;0
109;143;1
110;143;0
111;143;0
112;143;0
113;143;0
114;143;0
115;143;0
116;143;0
117;143;0
118;143;0
119;143;0
120;143;0
121;143;0
122;143;0
123;143;0
124;143;0
125;143;0
126;143;1
127;143;1
128;143;1
129;143;0
130;143;0
131;143;1
132;143;0
133;143;0
134;143;1
135;143;0
136;143;1
137;143;0
138;143;0
139;143;1
140;143;0
141;143;0
142;143;0
143;143;0
144;143;0
145;143;0
146;143;0
147;143;0
148;143;0
149;143;0
150;143;1
151;143;0
152;143;0
153;143;0
154;143;1
155;143;0
156;143;0
157;143;0
158;143;0
159;143;0
160;143;0
161;143;0
162;143;0
163;143;1
164;143;0
165;143;0
166;143;1
167;143;0
168;143;0
169;143;0
170;143;0
171;143;0
172;143;1
173;143;0
174;143;0
175;143;1
176;143;0
177;143;0
178;143;0
179;143;0
180;143;0
181;143;0
182;143;0
183;143;0
184;143;0
185;143;0
186;143;0
187;143;0
188;143;1
189;143;0
190;143;0
191;143;0
192;143;0
193;143;1
194;143;1
195;143;0
196;143;0
197;143;0
198;143;0
1;151;0
2;151;0
3;151;0
4;151;0
5;151;0
6;151;0
7;151;0
8;151;0
9;151;0
10;151;0
11;151;0
12;151;0
13;151;0
14;151;0
15;151;1
16;151;0
17;151;0
18;151;0
19;151;0
20;151;0
21;151;0
22;151;0
23;151;0
24;151;0
25;151;0
26;151;0
27;151;0
28;151;1
29;151;0
30;151;0
31;151;0
32;151;0
33;151;0
34;151;0
35;151;1
36;151;1
37;151;0
38;151;0
39;151;0
40;151;0
41;151;0
42;151;0
43;151;0
44;151;0
45;151;0
46;151;0
47;151;0
48;151;0
49;151;0
50;151;0
51;151;0
52;151;0
53;151;0
54;151;0
55;151;0
56;151;0
57;151;0
58;151;0
59;151;0
60;151;0
61;151;0
62;151;0
63;151;0
64;151;0
65;151;0
66;151;0
67;151;0
68;151;0
69;151;0
70;151;0
71;151;0
72;151;0
73;151;0
74;151;0
75;151;0
76;151;0
77;151;0
78;151;0
79;151;0
80;151;0
81;151;0
82;151;0
84;151;0
85;151;0
86;151;0
87;151;0
88;151;0
89;151;0
90;151;0
91;151;0
92;151;0
93;151;0
94;151;0
95;151;0
96;151;0
97;151;0
98;151;0
99;151;0
100;151;0
101;151;0
102;151;0
103;151;0
104;151;0
105;151;0
106;151;0
107;151;0
108;151;0
109;151;0
110;151;0
111;151;0
112;151;0
113;151;1
114;151;0
115;151;0
116;151;0
117;151;0
118;151;1
119;151;0
120;151;0
121;151;0
122;151;0
123;151;0
124;151;0
125;151;0
126;151;0
127;151;1
128;151;0
129;151;0
130;151;0
131;151;0
132;151;0
133;151;0
134;151;0
135;151;0
136;151;0
137;151;0
138;151;0
139;151;0
140;151;0
141;151;0
142;151;0
143;151;0
144;151;1
145;151;0
146;151;0
147;151;0
148;151;0
149;151;0
150;151;0
151;151;0
152;151;0
153;151;0
154;151;0
155;151;0
156;151;0
157;151;1
158;151;0
159;151;0
160;151;0
161;151;0
162;151;0
163;151;0
164;151;0
165;151;1
166;151;0
167;151;1
168;151;1
169;151;1
170;151;0
171;151;1
172;151;0
173;151;1
174;151;0
175;151;0
176;151;1
177;151;0
178;151;0
179;151;1
180;151;0
181;151;0
182;151;0
183;151;0
184;151;0
185;151;0
186;151;0
187;151;0
188;151;0
189;151;0
190;151;0
191;151;0
192;151;0
193;151;0
194;151;1
195;151;0
196;151;0
197;151;0
198;151;0
1;152;0
2;152;0
3;152;0
4;152;0
5;152;0
6;152;0
7;152;0
8;152;0
9;152;0
10;152;0
11;152;0
12;152;0
13;152;0
14;152;0
15;152;0
16;152;0
17;152;0
18;152;0
19;152;0
20;152;0
21;152;0
22;152;0
23;152;0
24;152;0
25;152;0
26;152;1
27;152;1
28;152;1
29;152;0
30;152;0
31;152;1
32;152;0
33;152;1
34;152;0
35;152;0
36;152;0
37;152;0
38;152;1
39;152;0
40;152;1
41;152;0
42;152;1
43;152;1
44;152;0
45;152;0
46;152;0
47;152;1
48;152;0
49;152;0
50;152;0
51;152;0
52;152;0
53;152;0
54;152;0
55;152;0
56;152;0
57;152;1
58;152;0
59;152;1
60;152;0
61;152;0
62;152;0
63;152;0
64;152;0
65;152;1
66;152;1
67;152;0
68;152;0
69;152;0
70;152;0
71;152;0
72;152;0
73;152;0
74;152;0
75;152;0
76;152;0
77;152;0
78;152;0
79;152;0
80;152;0
81;152;0
82;152;0
84;152;0
85;152;0
86;152;0
87;152;0
88;152;1
89;152;0
90;152;0
91;152;0
92;152;0
93;152;0
94;152;0
95;152;0
96;152;0
97;152;1
98;152;0
99;152;0
100;152;0
101;152;1
102;152;0
103;152;0
104;152;0
105;152;0
106;152;1
107;152;0
108;152;1
109;152;1
110;152;0
111;152;0
112;152;0
113;152;1
114;152;1
115;152;0
116;152;1
117;152;0
118;152;0
119;152;1
120;152;1
121;152;0
122;152;0
123;152;0
124;152;0
125;152;0
126;152;0
127;152;0
128;152;0
129;152;1
130;152;0
131;152;0
132;152;0
133;152;0
134;152;0
135;152;0
136;152;0
137;152;0
138;152;0
139;152;0
140;152;0
141;152;0
142;152;0
143;152;0
144;152;0
145;152;0
146;152;0
147;152;0
148;152;1
149;152;1
150;152;1
151;152;1
152;152;1
153;152;0
154;152;0
155;152;0
156;152;1
157;152;1
158;152;0
159;152;0
160;152;0
161;152;0
162;152;1
163;152;1
164;152;0
165;152;1
166;152;0
167;152;1
168;152;0
169;152;0
170;152;1
171;152;1
172;152;1
173;152;0
174;152;1
175;152;0
176;152;0
177;152;1
178;152;0
179;152;1
180;152;0
181;152;1
182;152;1
183;152;0
184;152;0
185;152;0
186;152;0
187;152;0
188;152;0
189;152;0
190;152;0
191;152;0
192;152;1
193;152;0
194;152;0
195;152;0
196;152;0
197;152;0
198;152;1
1;161;0
2;161;0
3;161;0
4;161;0
5;161;0
6;161;0
7;161;0
8;161;0
9;161;0
10;161;0
11;161;0
12;161;0
13;161;0
14;161;0
15;161;0
16;161;1
17;161;0
18;161;0
19;161;0
20;161;1
21;161;0
22;161;1
23;161;0
24;161;1
25;161;1
26;161;0
27;161;0
28;161;0
29;161;1
30;161;1
31;161;0
32;161;1
33;161;1
34;161;0
35;161;0
36;161;0
37;161;1
38;161;1
39;161;1
40;161;1
41;161;0
42;161;1
43;161;1
44;161;0
45;161;1
46;161;0
47;161;1
48;161;1
49;161;0
50;161;0
51;161;0
52;161;1
53;161;1
54;161;0
55;161;1
56;161;1
57;161;0
58;161;0
59;161;1
60;161;1
61;161;0
62;161;1
63;161;0
64;161;1
65;161;1
66;161;0
67;161;0
68;161;0
69;161;0
70;161;0
71;161;0
72;161;0
73;161;0
74;161;0
75;161;0
76;161;0
77;161;0
78;161;0
79;161;1
80;161;0
81;161;0
82;161;1
84;161;0
85;161;0
86;161;1
87;161;0
88;161;1
89;161;0
90;161;1
91;161;1
92;161;1
93;161;0
94;161;0
95;161;0
96;161;0
97;161;1
98;161;1
99;161;0
100;161;0
101;161;1
102;161;1
103;161;1
104;161;0
105;161;1
106;161;1
107;161;0
108;161;0
109;161;1
110;161;0
111;161;0
112;161;1
113;161;0
114;161;0
115;161;0
116;161;1
117;161;0
118;161;1
119;161;1
120;161;1
121;161;0
122;161;1
123;161;0
124;161;1
125;161;1
126;161;1
127;161;0
128;161;1
129;161;1
130;161;1
131;161;1
132;161;1
133;161;1
134;161;1
135;161;0
136;161;0
137;161;1
138;161;0
139;161;0
140;161;1
141;161;1
142;161;1
143;161;1
144;161;1
145;161;1
146;161;0
147;161;1
148;161;1
149;161;1
150;161;1
151;161;1
152;161;1
153;161;1
154;161;1
155;161;1
156;161;1
157;161;1
158;161;1
159;161;1
160;161;1
161;161;0
162;161;0
163;161;0
164;161;0
165;161;1
166;161;0
167;161;1
168;161;0
169;161;0
170;161;0
171;161;1
172;161;1
173;161;0
174;161;1
175;161;1
176;161;0
177;161;1
178;161;1
179;161;1
180;161;1
181;161;1
182;161;0
183;161;1
184;161;1
185;161;0
186;161;1
187;161;1
188;161;1
189;161;0
190;161;0
191;161;1
192;161;1
193;161;0
194;161;1
195;161;1
196;161;1
197;161;1
198;161;1
1;162;0
2;162;0
3;162;0
4;162;0
5;162;0
6;162;0
7;162;0
8;162;0
9;162;0
10;162;0
11;162;0
12;162;0
13;162;0
14;162;0
15;162;0
16;162;1
17;162;1
18;162;0
19;162;0
20;162;1
21;162;1
22;162;1
23;162;0
24;162;1
25;162;0
26;162;1
27;162;1
28;162;0
29;162;1
30;162;0
31;162;0
32;162;0
33;162;1
34;162;0
35;162;1
36;162;1
37;162;1
38;162;1
39;162;1
40;162;0
41;162;1
42;162;1
43;162;1
44;162;1
45;162;1
46;162;0
47;162;1
48;162;0
49;162;0
50;162;0
51;162;0
52;162;0
53;162;0
54;162;0
55;162;1
56;162;0
57;162;1
58;162;0
59;162;1
60;162;0
61;162;0
62;162;0
63;162;0
64;162;0
65;162;1
66;162;0
67;162;1
68;162;0
69;162;1
70;162;0
71;162;1
72;162;0
73;162;0
74;162;0
75;162;0
76;162;0
77;162;0
78;162;0
79;162;0
80;162;1
81;162;1
82;162;0
84;162;0
85;162;0
86;162;1
87;162;0
88;162;1
89;162;1
90;162;1
91;162;1
92;162;0
93;162;1
94;162;1
95;162;0
96;162;1
97;162;1
98;162;1
99;162;0
100;162;0
101;162;1
102;162;0
103;162;1
104;162;0
105;162;0
106;162;0
107;162;0
108;162;0
109;162;1
110;162;1
111;162;1
112;162;0
113;162;0
114;162;0
115;162;0
116;162;1
117;162;0
118;162;1
119;162;0
120;162;0
121;162;0
122;162;1
123;162;0
124;162;1
125;162;1
126;162;1
127;162;0
128;162;0
129;162;0
130;162;1
131;162;1
132;162;1
133;162;1
134;162;1
135;162;1
136;162;0
137;162;1
138;162;1
139;162;0
140;162;1
141;162;1
142;162;0
143;162;0
144;162;1
145;162;1
146;162;0
147;162;0
148;162;0
149;162;0
150;162;1
151;162;0
152;162;0
153;162;0
154;162;0
155;162;0
156;162;1
157;162;1
158;162;1
159;162;1
160;162;1
161;162;1
162;162;0
163;162;1
164;162;0
165;162;1
166;162;1
167;162;1
168;162;0
169;162;1
170;162;1
171;162;1
172;162;0
173;162;0
174;162;1
175;162;1
176;162;1
177;162;1
178;162;1
179;162;1
180;162;1
181;162;1
182;162;1
183;162;0
184;162;1
185;162;1
186;162;0
187;162;1
188;162;1
189;162;1
190;162;0
191;162;0
192;162;1
193;162;1
194;162;1
195;162;1
196;162;1
197;162;1
198;162;1
1;171;0
2;171;0
3;171;0
4;171;0
5;171;0
6;171;0
7;171;0
8;171;0
9;171;0
10;171;0
11;171;0
12;171;0
13;171;0
14;171;0
15;171;0
16;171;0
17;171;0
18;171;0
19;171;0
20;171;0
21;171;1
22;171;1
23;171;0
24;171;0
25;171;0
26;171;0
27;171;0
28;171;0
29;171;0
30;171;0
31;171;0
32;171;0
33;171;0
34;171;0
35;171;0
36;171;0
37;171;0
38;171;0
39;171;0
40;171;0
41;171;0
42;171;0
43;171;0
44;171;0
45;171;0
46;171;0
47;171;0
48;171;0
49;171;1
50;171;0
51;171;0
52;171;0
53;171;0
54;171;0
55;171;0
56;171;0
57;171;0
58;171;0
59;171;0
60;171;0
61;171;1
62;171;0
63;171;0
64;171;0
65;171;0
66;171;0
67;171;0
68;171;0
69;171;0
70;171;0
71;171;0
72;171;0
73;171;0
74;171;0
75;171;0
76;171;0
77;171;0
78;171;1
79;171;0
80;171;0
81;171;0
82;171;0
84;171;0
85;171;0
86;171;0
87;171;0
88;171;0
89;171;0
90;171;0
91;171;0
92;171;0
93;171;1
94;171;0
95;171;0
96;171;0
97;171;0
98;171;0
99;171;0
100;171;0
101;171;0
102;171;0
103;171;0
104;171;0
105;171;0
106;171;0
107;171;0
108;171;0
109;171;0
110;171;0
111;171;0
112;171;0
113;171;0
114;171;0
115;171;0
116;171;0
117;171;0
118;171;0
119;171;0
120;171;0
121;171;0
122;171;0
123;171;0
124;171;0
125;171;0
126;171;0
127;171;0
128;171;0
129;171;0
130;171;0
131;171;0
132;171;0
133;171;1
134;171;0
135;171;0
136;171;1
137;171;0
138;171;0
139;171;0
140;171;0
141;171;0
142;171;0
143;171;0
144;171;0
145;171;0
146;171;0
147;171;0
148;171;0
149;171;0
150;171;0
151;171;0
152;171;0
153;171;0
154;171;0
155;171;0
156;171;0
157;171;0
158;171;0
159;171;0
160;171;0
161;171;0
162;171;0
163;171;0
164;171;0
165;171;0
166;171;0
167;171;1
168;171;0
169;171;0
170;171;0
171;171;0
172;171;0
173;171;0
174;171;0
175;171;0
176;171;0
177;171;0
178;171;0
179;171;0
180;171;0
181;171;0
182;171;0
183;171;0
184;171;0
185;171;1
186;171;0
187;171;0
188;171;0
189;171;0
190;171;1
191;171;0
192;171;0
193;171;0
194;171;0
195;171;0
196;171;1
197;171;0
198;171;0
1;172;0
2;172;0
3;172;1
4;172;0
5;172;0
6;172;0
7;172;0
8;172;0
9;172;0
10;172;0
11;172;1
12;172;0
13;172;0
14;172;0
15;172;0
16;172;0
17;172;0
18;172;0
19;172;0
20;172;0
21;172;1
22;172;1
23;172;1
24;172;0
25;172;0
26;172;0
27;172;0
28;172;0
29;172;1
30;172;0
31;172;0
32;172;1
33;172;0
34;172;0
35;172;0
36;172;0
37;172;0
38;172;1
39;172;0
40;172;1
41;172;1
42;172;0
43;172;0
44;172;0
45;172;0
46;172;1
47;172;1
48;172;0
49;172;0
50;172;0
51;172;0
52;172;0
53;172;1
54;172;0
55;172;0
56;172;0
57;172;1
58;172;0
59;172;0
60;172;0
61;172;0
62;172;0
63;172;0
64;172;0
65;172;0
66;172;0
67;172;1
68;172;0
69;172;0
70;172;0
71;172;0
72;172;0
73;172;0
74;172;1
75;172;0
76;172;0
77;172;0
78;172;0
79;172;1
80;172;0
81;172;0
82;172;0
84;172;0
85;172;0
86;172;0
87;172;0
88;172;0
89;172;0
90;172;0
91;172;0
92;172;0
93;172;0
94;172;0
95;172;1
96;172;0
97;172;0
98;172;0
99;172;1
100;172;0
101;172;0
102;172;0
103;172;0
104;172;1
105;172;1
106;172;0
107;172;0
108;172;0
109;172;0
110;172;1
111;172;0
112;172;1
113;172;0
114;172;1
115;172;1
116;172;0
117;172;0
118;172;0
119;172;0
120;172;0
121;172;0
122;172;0
123;172;1
124;172;0
125;172;0
126;172;0
127;172;0
128;172;1
129;172;0
130;172;1
131;172;0
132;172;0
133;172;0
134;172;1
135;172;0
136;172;1
137;172;0
138;172;1
139;172;0
140;172;0
141;172;0
142;172;0
143;172;0
144;172;0
145;172;0
146;172;0
147;172;0
148;172;0
149;172;0
150;172;0
151;172;0
152;172;0
153;172;0
154;172;0
155;172;1
156;172;0
157;172;0
158;172;0
159;172;0
160;172;0
161;172;0
162;172;0
163;172;0
164;172;0
165;172;1
166;172;0
167;172;0
168;172;0
169;172;0
170;172;0
171;172;0
172;172;0
173;172;0
174;172;0
175;172;0
176;172;0
177;172;1
178;172;0
179;172;0
180;172;0
181;172;0
182;172;0
183;172;1
184;172;1
185;172;0
186;172;0
187;172;0
188;172;0
189;172;0
190;172;0
191;172;0
192;172;0
193;172;0
194;172;0
195;172;0
196;172;0
197;172;1
198;172;0
1;181;0
2;181;0
3;181;1
4;181;1
5;181;0
6;181;0
7;181;1
8;181;0
9;181;1
10;181;1
11;181;1
12;181;0
13;181;0
14;181;1
15;181;1
16;181;1
17;181;0
18;181;0
19;181;1
20;181;1
21;181;1
22;181;1
23;181;0
24;181;0
25;181;0
26;181;0
27;181;0
28;181;1
29;181;0
30;181;0
31;181;0
32;181;0
33;181;0
34;181;0
35;181;0
36;181;0
37;181;0
38;181;1
39;181;0
40;181;0
41;181;0
42;181;0
43;181;0
44;181;0
45;181;0
46;181;1
47;181;1
48;181;1
49;181;0
50;181;0
51;181;0
52;181;0
53;181;0
54;181;0
55;181;1
56;181;0
57;181;0
58;181;0
59;181;0
60;181;0
61;181;0
62;181;0
63;181;0
64;181;0
65;181;0
66;181;0
67;181;0
68;181;0
69;181;1
70;181;0
71;181;0
72;181;0
73;181;0
74;181;0
75;181;0
76;181;0
77;181;0
78;181;0
79;181;0
80;181;0
81;181;1
82;181;0
84;181;0
85;181;0
86;181;0
87;181;0
88;181;0
89;181;0
90;181;0
91;181;0
92;181;0
93;181;0
94;181;0
95;181;1
96;181;0
97;181;0
98;181;0
99;181;0
100;181;0
101;181;0
102;181;0
103;181;0
104;181;0
105;181;0
106;181;0
107;181;0
108;181;0
109;181;0
110;181;0
111;181;0
112;181;1
113;181;0
114;181;0
115;181;0
116;181;0
117;181;0
118;181;0
119;181;1
120;181;1
121;181;0
122;181;0
123;181;1
124;181;0
125;181;1
126;181;1
127;181;0
128;181;0
129;181;0
130;181;0
131;181;0
132;181;1
133;181;0
134;181;0
135;181;1
136;181;0
137;181;0
138;181;1
139;181;0
140;181;0
141;181;0
142;181;0
143;181;0
144;181;0
145;181;0
146;181;0
147;181;0
148;181;0
149;181;0
150;181;0
151;181;0
152;181;0
153;181;0
154;181;0
155;181;0
156;181;0
157;181;0
158;181;0
159;181;0
160;181;0
161;181;0
162;181;0
163;181;0
164;181;0
165;181;0
166;181;0
167;181;0
168;181;0
169;181;0
170;181;0
171;181;0
172;181;0
173;181;0
174;181;0
175;181;0
176;181;1
177;181;0
178;181;0
179;181;0
180;181;0
181;181;0
182;181;0
183;181;0
184;181;0
185;181;0
186;181;0
187;181;0
188;181;0
189;181;0
190;181;0
191;181;0
192;181;0
193;181;0
194;181;0
195;181;0
196;181;0
197;181;1
198;181;0
1;182;0
2;182;1
3;182;1
4;182;1
5;182;0
6;182;0
7;182;1
8;182;0
9;182;0
10;182;1
11;182;1
12;182;1
13;182;1
14;182;1
15;182;1
16;182;0
17;182;0
18;182;1
19;182;0
20;182;1
21;182;0
22;182;0
23;182;0
24;182;0
25;182;0
26;182;1
27;182;0
28;182;1
29;182;0
30;182;0
31;182;0
32;182;0
33;182;1
34;182;0
35;182;0
36;182;0
37;182;0
38;182;0
39;182;0
40;182;0
41;182;0
42;182;0
43;182;0
44;182;1
45;182;0
46;182;0
47;182;0
48;182;1
49;182;0
50;182;1
51;182;0
52;182;0
53;182;0
54;182;0
55;182;0
56;182;0
57;182;0
58;182;0
59;182;0
60;182;0
61;182;0
62;182;0
63;182;0
64;182;0
65;182;0
66;182;0
67;182;0
68;182;0
69;182;0
70;182;0
71;182;0
72;182;0
73;182;1
74;182;0
75;182;0
76;182;0
77;182;0
78;182;0
79;182;0
80;182;0
81;182;0
82;182;0
84;182;0
85;182;1
86;182;0
87;182;0
88;182;0
89;182;0
90;182;0
91;182;1
92;182;0
93;182;0
94;182;0
95;182;0
96;182;0
97;182;0
98;182;0
99;182;0
100;182;1
101;182;0
102;182;0
103;182;0
104;182;0
105;182;0
106;182;0
107;182;0
108;182;0
109;182;0
110;182;1
111;182;0
112;182;0
113;182;1
114;182;0
115;182;1
116;182;1
117;182;0
118;182;0
119;182;0
120;182;0
121;182;0
122;182;0
123;182;1
124;182;0
125;182;0
126;182;0
127;182;1
128;182;0
129;182;0
130;182;1
131;182;0
132;182;0
133;182;0
134;182;0
135;182;0
136;182;1
137;182;0
138;182;1
139;182;0
140;182;0
141;182;0
142;182;0
143;182;0
144;182;0
145;182;0
146;182;0
147;182;0
148;182;0
149;182;0
150;182;0
151;182;0
152;182;0
153;182;0
154;182;0
155;182;0
156;182;0
157;182;1
158;182;0
159;182;0
160;182;0
161;182;0
162;182;0
163;182;0
164;182;0
165;182;0
166;182;0
167;182;0
168;182;0
169;182;0
170;182;0
171;182;0
172;182;0
173;182;0
174;182;0
175;182;0
176;182;0
177;182;0
178;182;0
179;182;0
180;182;0
181;182;0
182;182;0
183;182;0
184;182;0
185;182;1
186;182;0
187;182;0
188;182;0
189;182;0
190;182;0
191;182;0
192;182;0
193;182;0
194;182;1
195;182;0
196;182;0
197;182;1
198;182;0
1;191;0
2;191;0
3;191;0
4;191;0
5;191;0
6;191;0
7;191;0
8;191;1
9;191;0
10;191;0
11;191;0
12;191;0
13;191;0
14;191;0
15;191;0
16;191;0
17;191;0
18;191;0
19;191;0
20;191;0
21;191;0
22;191;0
23;191;0
24;191;0
25;191;0
26;191;0
27;191;0
28;191;0
29;191;0
30;191;0
31;191;0
32;191;0
33;191;0
34;191;0
35;191;0
36;191;0
37;191;0
38;191;0
39;191;0
40;191;0
41;191;0
42;191;0
43;191;0
44;191;0
45;191;0
46;191;0
47;191;0
48;191;0
49;191;0
50;191;0
51;191;0
52;191;0
53;191;0
54;191;0
55;191;0
56;191;0
57;191;0
58;191;0
59;191;0
60;191;0
61;191;0
62;191;0
63;191;0
64;191;0
65;191;0
66;191;0
67;191;0
68;191;0
69;191;0
70;191;0
71;191;0
72;191;0
73;191;0
74;191;0
75;191;0
76;191;0
77;191;0
78;191;1
79;191;0
80;191;0
81;191;0
82;191;0
84;191;0
85;191;0
86;191;0
87;191;0
88;191;0
89;191;0
90;191;0
91;191;0
92;191;0
93;191;0
94;191;0
95;191;0
96;191;0
97;191;0
98;191;0
99;191;0
100;191;0
101;191;0
102;191;0
103;191;0
104;191;0
105;191;0
106;191;0
107;191;0
108;191;0
109;191;0
110;191;0
111;191;0
112;191;0
113;191;0
114;191;0
115;191;0
116;191;0
117;191;0
118;191;0
119;191;0
120;191;0
121;191;0
122;191;0
123;191;0
124;191;0
125;191;0
126;191;0
127;191;0
128;191;0
129;191;0
130;191;0
131;191;0
132;191;0
133;191;0
134;191;0
135;191;0
136;191;0
137;191;0
138;191;0
139;191;0
140;191;0
141;191;0
142;191;0
143;191;0
144;191;0
145;191;0
146;191;0
147;191;0
148;191;0
149;191;0
150;191;0
151;191;0
152;191;0
153;191;0
154;191;0
155;191;0
156;191;0
157;191;0
158;191;0
159;191;0
160;191;0
161;191;0
162;191;0
163;191;0
164;191;0
165;191;0
166;191;0
167;191;0
168;191;0
169;191;0
170;191;0
171;191;0
172;191;0
173;191;0
174;191;0
175;191;0
176;191;0
177;191;0
178;191;0
179;191;0
180;191;0
181;191;0
182;191;0
183;191;0
184;191;0
185;191;0
186;191;0
187;191;0
188;191;0
189;191;0
190;191;0
191;191;0
192;191;0
193;191;0
194;191;0
195;191;0
196;191;0
197;191;0
198;191;0
1;192;0
2;192;0
3;192;0
4;192;0
5;192;0
6;192;0
7;192;0
8;192;0
9;192;0
10;192;0
11;192;1
12;192;0
13;192;0
14;192;0
15;192;0
16;192;0
17;192;0
18;192;0
19;192;0
20;192;0
21;192;0
22;192;0
23;192;0
24;192;0
25;192;0
26;192;0
27;192;0
28;192;0
29;192;0
30;192;0
31;192;0
32;192;0
33;192;0
34;192;0
35;192;0
36;192;0
37;192;0
38;192;0
39;192;0
40;192;0
41;192;0
42;192;0
43;192;0
44;192;0
45;192;0
46;192;0
47;192;0
48;192;0
49;192;0
50;192;0
51;192;0
52;192;0
53;192;0
54;192;0
55;192;0
56;192;0
57;192;0
58;192;0
59;192;0
60;192;0
61;192;0
62;192;0
63;192;0
64;192;0
65;192;0
66;192;0
67;192;0
68;192;0
69;192;0
70;192;0
71;192;0
72;192;0
73;192;0
74;192;0
75;192;0
76;192;0
77;192;0
78;192;0
79;192;0
80;192;0
81;192;0
82;192;0
84;192;0
85;192;0
86;192;0
87;192;0
88;192;0
89;192;0
90;192;0
91;192;0
92;192;0
93;192;0
94;192;0
95;192;0
96;192;0
97;192;0
98;192;0
99;192;0
100;192;0
101;192;0
102;192;0
103;192;0
104;192;0
105;192;0
106;192;0
107;192;0
108;192;0
109;192;0
110;192;0
111;192;0
112;192;1
113;192;0
114;192;0
115;192;0
116;192;0
117;192;0
118;192;0
119;192;0
120;192;0
121;192;0
122;192;0
123;192;0
124;192;0
125;192;0
126;192;0
127;192;0
128;192;0
129;192;0
130;192;0
131;192;0
132;192;0
133;192;0
134;192;0
135;192;0
136;192;0
137;192;0
138;192;0
139;192;0
140;192;0
141;192;0
142;192;0
143;192;0
144;192;0
145;192;0
146;192;0
147;192;0
148;192;0
149;192;0
150;192;0
151;192;0
152;192;0
153;192;0
154;192;0
155;192;0
156;192;0
157;192;0
158;192;0
159;192;0
160;192;0
161;192;0
162;192;0
163;192;0
164;192;0
165;192;0
166;192;0
167;192;0
168;192;0
169;192;0
170;192;0
171;192;0
172;192;0
173;192;0
174;192;0
175;192;0
176;192;0
177;192;0
178;192;0
179;192;0
180;192;0
181;192;0
182;192;0
183;192;0
184;192;1
185;192;0
186;192;0
187;192;0
188;192;0
189;192;0
190;192;0
191;192;0
192;192;0
193;192;0
194;192;0
195;192;0
196;192;0
197;192;0
198;192;0
1;201;0
2;201;1
3;201;0
4;201;1
5;201;0
6;201;0
7;201;0
8;201;0
9;201;0
10;201;0
11;201;0
12;201;0
13;201;0
14;201;0
15;201;0
16;201;0
17;201;0
18;201;0
19;201;0
20;201;0
21;201;0
22;201;0
23;201;1
24;201;0
25;201;0
26;201;0
27;201;0
28;201;0
29;201;0
30;201;0
31;201;0
32;201;0
33;201;0
34;201;0
35;201;0
36;201;0
37;201;0
38;201;0
39;201;1
40;201;0
41;201;0
42;201;0
43;201;0
44;201;1
45;201;0
46;201;0
47;201;0
48;201;0
49;201;0
50;201;0
51;201;0
52;201;0
53;201;0
54;201;0
55;201;0
56;201;0
57;201;0
58;201;1
59;201;0
60;201;0
61;201;0
62;201;0
63;201;0
64;201;0
65;201;0
66;201;0
67;201;0
68;201;1
69;201;0
70;201;0
71;201;0
72;201;1
73;201;0
74;201;0
75;201;0
76;201;0
77;201;0
78;201;0
79;201;0
80;201;0
81;201;0
82;201;0
84;201;0
85;201;0
86;201;0
87;201;0
88;201;0
89;201;0
90;201;0
91;201;0
92;201;0
93;201;0
94;201;0
95;201;0
96;201;0
97;201;0
98;201;0
99;201;0
100;201;0
101;201;0
102;201;1
103;201;0
104;201;0
105;201;0
106;201;0
107;201;0
108;201;0
109;201;0
110;201;0
111;201;0
112;201;1
113;201;0
114;201;0
115;201;1
116;201;0
117;201;0
118;201;0
119;201;0
120;201;0
121;201;0
122;201;0
123;201;0
124;201;0
125;201;0
126;201;0
127;201;0
128;201;0
129;201;0
130;201;0
131;201;0
132;201;0
133;201;0
134;201;0
135;201;0
136;201;0
137;201;0
138;201;0
139;201;0
140;201;0
141;201;0
142;201;0
143;201;0
144;201;0
145;201;0
146;201;0
147;201;0
148;201;0
149;201;0
150;201;0
151;201;0
152;201;0
153;201;0
154;201;0
155;201;0
156;201;0
157;201;0
158;201;0
159;201;0
160;201;0
161;201;0
162;201;1
163;201;0
164;201;0
165;201;0
166;201;0
167;201;1
168;201;0
169;201;0
170;201;0
171;201;1
172;201;0
173;201;0
174;201;0
175;201;0
176;201;0
177;201;0
178;201;0
179;201;1
180;201;0
181;201;0
182;201;0
183;201;0
184;201;1
185;201;0
186;201;0
187;201;0
188;201;0
189;201;0
190;201;1
191;201;0
192;201;0
193;201;0
194;201;0
195;201;0
196;201;0
197;201;0
198;201;0
1;202;0
2;202;0
3;202;0
4;202;0
5;202;0
6;202;0
7;202;0
8;202;0
9;202;0
10;202;1
11;202;1
12;202;0
13;202;0
14;202;0
15;202;0
16;202;0
17;202;0
18;202;0
19;202;0
20;202;0
21;202;0
22;202;1
23;202;0
24;202;0
25;202;0
26;202;0
27;202;0
28;202;0
29;202;1
30;202;1
31;202;0
32;202;0
33;202;0
34;202;0
35;202;0
36;202;0
37;202;0
38;202;0
39;202;0
40;202;0
41;202;0
42;202;0
43;202;0
44;202;0
45;202;0
46;202;0
47;202;0
48;202;0
49;202;0
50;202;1
51;202;0
52;202;0
53;202;1
54;202;0
55;202;0
56;202;0
57;202;0
58;202;0
59;202;0
60;202;0
61;202;0
62;202;0
63;202;0
64;202;0
65;202;0
66;202;1
67;202;0
68;202;0
69;202;0
70;202;0
71;202;0
72;202;1
73;202;0
74;202;0
75;202;0
76;202;0
77;202;0
78;202;0
79;202;0
80;202;1
81;202;0
82;202;0
84;202;0
85;202;1
86;202;0
87;202;0
88;202;0
89;202;0
90;202;0
91;202;0
92;202;0
93;202;0
94;202;0
95;202;0
96;202;0
97;202;0
98;202;0
99;202;0
100;202;0
101;202;0
102;202;0
103;202;0
104;202;0
105;202;0
106;202;1
107;202;0
108;202;0
109;202;0
110;202;0
111;202;0
112;202;0
113;202;0
114;202;0
115;202;0
116;202;0
117;202;0
118;202;0
119;202;0
120;202;0
121;202;0
122;202;0
123;202;0
124;202;0
125;202;0
126;202;0
127;202;0
128;202;0
129;202;0
130;202;0
131;202;0
132;202;0
133;202;0
134;202;0
135;202;0
136;202;0
137;202;0
138;202;0
139;202;0
140;202;1
141;202;0
142;202;0
143;202;0
144;202;0
145;202;0
146;202;0
147;202;0
148;202;0
149;202;0
150;202;0
151;202;0
152;202;0
153;202;0
154;202;0
155;202;0
156;202;0
157;202;0
158;202;0
159;202;0
160;202;0
161;202;0
162;202;0
163;202;0
164;202;0
165;202;0
166;202;0
167;202;0
168;202;0
169;202;0
170;202;0
171;202;0
172;202;0
173;202;0
174;202;0
175;202;0
176;202;0
177;202;0
178;202;0
179;202;0
180;202;0
181;202;0
182;202;0
183;202;0
184;202;1
185;202;1
186;202;0
187;202;0
188;202;0
189;202;1
190;202;1
191;202;1
192;202;0
193;202;1
194;202;0
195;202;0
196;202;0
197;202;0
198;202;0
1;203;0
2;203;0
3;203;0
4;203;1
5;203;0
6;203;0
7;203;0
8;203;0
9;203;0
10;203;1
11;203;0
12;203;0
13;203;0
14;203;0
15;203;0
16;203;0
17;203;0
18;203;0
19;203;0
20;203;0
21;203;0
22;203;0
23;203;1
24;203;0
25;203;0
26;203;1
27;203;0
28;203;0
29;203;0
30;203;0
31;203;0
32;203;0
33;203;0
34;203;0
35;203;0
36;203;0
37;203;0
38;203;0
39;203;1
40;203;0
41;203;0
42;203;0
43;203;1
44;203;0
45;203;0
46;203;0
47;203;0
48;203;0
49;203;0
50;203;0
51;203;0
52;203;0
53;203;0
54;203;0
55;203;0
56;203;0
57;203;0
58;203;0
59;203;0
60;203;0
61;203;0
62;203;0
63;203;0
64;203;0
65;203;0
66;203;1
67;203;0
68;203;1
69;203;0
70;203;0
71;203;0
72;203;0
73;203;0
74;203;0
75;203;0
76;203;0
77;203;0
78;203;0
79;203;0
80;203;0
81;203;0
82;203;1
84;203;0
85;203;0
86;203;0
87;203;1
88;203;0
89;203;0
90;203;0
91;203;0
92;203;0
93;203;0
94;203;0
95;203;0
96;203;0
97;203;0
98;203;0
99;203;0
100;203;0
101;203;0
102;203;0
103;203;0
104;203;0
105;203;0
106;203;0
107;203;0
108;203;0
109;203;0
110;203;0
111;203;0
112;203;0
113;203;1
114;203;1
115;203;0
116;203;0
117;203;0
118;203;0
119;203;1
120;203;0
121;203;0
122;203;0
123;203;0
124;203;0
125;203;1
126;203;0
127;203;1
128;203;1
129;203;0
130;203;0
131;203;0
132;203;0
133;203;0
134;203;1
135;203;1
136;203;1
137;203;0
138;203;0
139;203;0
140;203;0
141;203;0
142;203;0
143;203;0
144;203;1
145;203;0
146;203;0
147;203;0
148;203;0
149;203;0
150;203;0
151;203;0
152;203;0
153;203;0
154;203;0
155;203;0
156;203;0
157;203;0
158;203;0
159;203;0
160;203;0
161;203;0
162;203;0
163;203;0
164;203;0
165;203;1
166;203;0
167;203;0
168;203;0
169;203;0
170;203;0
171;203;0
172;203;0
173;203;0
174;203;0
175;203;0
176;203;1
177;203;0
178;203;0
179;203;0
180;203;0
181;203;0
182;203;0
183;203;0
184;203;0
185;203;0
186;203;0
187;203;0
188;203;0
189;203;0
190;203;0
191;203;1
192;203;0
193;203;0
194;203;0
195;203;0
196;203;0
197;203;0
198;203;0
1;204;0
2;204;0
3;204;0
4;204;1
5;204;0
6;204;0
7;204;0
8;204;0
9;204;0
10;204;0
11;204;1
12;204;0
13;204;1
14;204;0
15;204;0
16;204;0
17;204;0
18;204;0
19;204;0
20;204;0
21;204;0
22;204;0
23;204;0
24;204;0
25;204;0
26;204;0
27;204;0
28;204;0
29;204;1
30;204;0
31;204;0
32;204;0
33;204;0
34;204;0
35;204;0
36;204;0
37;204;0
38;204;0
39;204;0
40;204;0
41;204;0
42;204;0
43;204;0
44;204;0
45;204;0
46;204;0
47;204;0
48;204;0
49;204;0
50;204;0
51;204;0
52;204;0
53;204;0
54;204;0
55;204;0
56;204;0
57;204;0
58;204;0
59;204;0
60;204;0
61;204;0
62;204;0
63;204;0
64;204;0
65;204;0
66;204;0
67;204;0
68;204;0
69;204;0
70;204;0
71;204;1
72;204;0
73;204;0
74;204;0
75;204;1
76;204;0
77;204;0
78;204;0
79;204;0
80;204;0
81;204;0
82;204;0
84;204;0
85;204;0
86;204;0
87;204;0
88;204;0
89;204;0
90;204;0
91;204;0
92;204;0
93;204;0
94;204;0
95;204;0
96;204;0
97;204;0
98;204;0
99;204;0
100;204;0
101;204;0
102;204;1
103;204;0
104;204;0
105;204;0
106;204;0
107;204;0
108;204;0
109;204;1
110;204;0
111;204;0
112;204;0
113;204;0
114;204;1
115;204;0
116;204;0
117;204;0
118;204;0
119;204;1
120;204;0
121;204;0
122;204;0
123;204;0
124;204;0
125;204;1
126;204;0
127;204;1
128;204;1
129;204;0
130;204;1
131;204;1
132;204;1
133;204;1
134;204;1
135;204;0
136;204;0
137;204;0
138;204;0
139;204;0
140;204;0
141;204;0
142;204;1
143;204;0
144;204;0
145;204;0
146;204;0
147;204;0
148;204;0
149;204;0
150;204;0
151;204;0
152;204;0
153;204;0
154;204;0
155;204;1
156;204;1
157;204;1
158;204;0
159;204;0
160;204;0
161;204;0
162;204;0
163;204;0
164;204;0
165;204;0
166;204;0
167;204;0
168;204;0
169;204;0
170;204;0
171;204;0
172;204;0
173;204;0
174;204;0
175;204;0
176;204;0
177;204;0
178;204;0
179;204;0
180;204;0
181;204;0
182;204;0
183;204;0
184;204;0
185;204;1
186;204;0
187;204;0
188;204;0
189;204;0
190;204;1
191;204;1
192;204;0
193;204;0
194;204;1
195;204;0
196;204;0
197;204;0
198;204;0
1;205;0
2;205;1
3;205;0
4;205;0
5;205;0
6;205;0
7;205;0
8;205;0
9;205;0
10;205;0
11;205;0
12;205;0
13;205;1
14;205;0
15;205;1
16;205;1
17;205;0
18;205;0
19;205;0
20;205;0
21;205;0
22;205;1
23;205;1
24;205;0
25;205;0
26;205;0
27;205;0
28;205;0
29;205;0
30;205;1
31;205;0
32;205;0
33;205;0
34;205;0
35;205;0
36;205;0
37;205;0
38;205;0
39;205;1
40;205;0
41;205;0
42;205;0
43;205;0
44;205;0
45;205;0
46;205;0
47;205;0
48;205;0
49;205;0
50;205;0
51;205;0
52;205;0
53;205;0
54;205;0
55;205;0
56;205;0
57;205;0
58;205;1
59;205;0
60;205;0
61;205;0
62;205;0
63;205;0
64;205;0
65;205;0
66;205;1
67;205;0
68;205;0
69;205;0
70;205;0
71;205;0
72;205;1
73;205;0
74;205;0
75;205;1
76;205;0
77;205;0
78;205;0
79;205;0
80;205;0
81;205;0
82;205;0
84;205;0
85;205;0
86;205;0
87;205;0
88;205;0
89;205;0
90;205;0
91;205;0
92;205;1
93;205;0
94;205;0
95;205;0
96;205;1
97;205;0
98;205;0
99;205;0
100;205;0
101;205;0
102;205;1
103;205;0
104;205;0
105;205;0
106;205;0
107;205;0
108;205;0
109;205;0
110;205;0
111;205;0
112;205;1
113;205;0
114;205;1
115;205;1
116;205;0
117;205;0
118;205;0
119;205;1
120;205;0
121;205;0
122;205;0
123;205;1
124;205;0
125;205;0
126;205;1
127;205;1
128;205;1
129;205;0
130;205;1
131;205;1
132;205;1
133;205;0
134;205;1
135;205;1
136;205;0
137;205;0
138;205;0
139;205;0
140;205;0
141;205;0
142;205;1
143;205;0
144;205;0
145;205;0
146;205;0
147;205;0
148;205;0
149;205;0
150;205;0
151;205;0
152;205;1
153;205;0
154;205;0
155;205;0
156;205;0
157;205;0
158;205;0
159;205;0
160;205;0
161;205;0
162;205;0
163;205;1
164;205;0
165;205;0
166;205;0
167;205;1
168;205;0
169;205;0
170;205;0
171;205;0
172;205;0
173;205;0
174;205;0
175;205;0
176;205;0
177;205;0
178;205;0
179;205;0
180;205;0
181;205;0
182;205;0
183;205;0
184;205;1
185;205;1
186;205;0
187;205;0
188;205;0
189;205;0
190;205;0
191;205;0
192;205;0
193;205;0
194;205;0
195;205;0
196;205;0
197;205;0
198;205;0
1;206;0
2;206;0
3;206;0
4;206;0
5;206;0
6;206;0
7;206;0
8;206;0
9;206;1
10;206;0
11;206;0
12;206;1
13;206;0
14;206;0
15;206;0
16;206;0
17;206;0
18;206;0
19;206;0
20;206;0
21;206;0
22;206;0
23;206;0
24;206;0
25;206;0
26;206;0
27;206;0
28;206;0
29;206;0
30;206;0
31;206;0
32;206;0
33;206;0
34;206;0
35;206;0
36;206;0
37;206;0
38;206;0
39;206;0
40;206;1
41;206;0
42;206;0
43;206;1
44;206;0
45;206;0
46;206;0
47;206;0
48;206;0
49;206;0
50;206;0
51;206;0
52;206;0
53;206;0
54;206;0
55;206;0
56;206;0
57;206;0
58;206;0
59;206;0
60;206;0
61;206;0
62;206;0
63;206;0
64;206;0
65;206;0
66;206;0
67;206;0
68;206;0
69;206;0
70;206;0
71;206;0
72;206;0
73;206;0
74;206;0
75;206;1
76;206;0
77;206;0
78;206;0
79;206;0
80;206;0
81;206;0
82;206;0
84;206;0
85;206;0
86;206;0
87;206;0
88;206;0
89;206;0
90;206;0
91;206;1
92;206;0
93;206;0
94;206;0
95;206;0
96;206;0
97;206;0
98;206;0
99;206;0
100;206;0
101;206;0
102;206;0
103;206;0
104;206;0
105;206;0
106;206;0
107;206;0
108;206;0
109;206;0
110;206;1
111;206;0
112;206;0
113;206;0
114;206;0
115;206;0
116;206;0
117;206;0
118;206;0
119;206;0
120;206;0
121;206;0
122;206;0
123;206;0
124;206;0
125;206;0
126;206;1
127;206;0
128;206;0
129;206;0
130;206;0
131;206;0
132;206;0
133;206;0
134;206;0
135;206;0
136;206;0
137;206;0
138;206;0
139;206;0
140;206;0
141;206;0
142;206;0
143;206;0
144;206;0
145;206;0
146;206;0
147;206;0
148;206;0
149;206;0
150;206;0
151;206;0
152;206;0
153;206;0
154;206;0
155;206;0
156;206;0
157;206;0
158;206;0
159;206;0
160;206;0
161;206;0
162;206;0
163;206;0
164;206;0
165;206;0
166;206;0
167;206;0
168;206;0
169;206;0
170;206;0
171;206;0
172;206;0
173;206;0
174;206;0
175;206;0
176;206;0
177;206;0
178;206;0
179;206;0
180;206;0
181;206;0
182;206;0
183;206;0
184;206;0
185;206;0
186;206;0
187;206;1
188;206;0
189;206;0
190;206;0
191;206;0
192;206;0
193;206;0
194;206;0
195;206;0
196;206;0
197;206;0
198;206;0
1;211;0
2;211;0
3;211;1
4;211;1
5;211;0
6;211;0
7;211;0
8;211;0
9;211;1
10;211;1
11;211;0
12;211;0
13;211;1
14;211;1
15;211;1
16;211;0
17;211;0
18;211;0
19;211;0
20;211;0
21;211;0
22;211;0
23;211;0
24;211;0
25;211;0
26;211;0
27;211;0
28;211;0
29;211;0
30;211;0
31;211;0
32;211;0
33;211;0
34;211;0
35;211;0
36;211;0
37;211;0
38;211;0
39;211;0
40;211;0
41;211;0
42;211;0
43;211;0
44;211;0
45;211;0
46;211;0
47;211;0
48;211;0
49;211;0
50;211;0
51;211;0
52;211;0
53;211;0
54;211;0
55;211;0
56;211;0
57;211;1
58;211;0
59;211;0
60;211;0
61;211;1
62;211;0
63;211;0
64;211;0
65;211;0
66;211;0
67;211;0
68;211;0
69;211;0
70;211;0
71;211;0
72;211;0
73;211;0
74;211;0
75;211;0
76;211;0
77;211;0
78;211;0
79;211;0
80;211;0
81;211;0
82;211;0
84;211;0
85;211;0
86;211;0
87;211;0
88;211;0
89;211;0
90;211;0
91;211;0
92;211;0
93;211;0
94;211;0
95;211;0
96;211;0
97;211;0
98;211;0
99;211;0
100;211;0
101;211;0
102;211;0
103;211;0
104;211;0
105;211;0
106;211;0
107;211;0
108;211;0
109;211;0
110;211;0
111;211;0
112;211;1
113;211;0
114;211;0
115;211;0
116;211;0
117;211;0
118;211;0
119;211;0
120;211;0
121;211;0
122;211;0
123;211;0
124;211;0
125;211;1
126;211;0
127;211;1
128;211;1
129;211;0
130;211;0
131;211;0
132;211;0
133;211;0
134;211;0
135;211;0
136;211;0
137;211;0
138;211;0
139;211;0
140;211;0
141;211;0
142;211;0
143;211;0
144;211;0
145;211;0
146;211;0
147;211;0
148;211;0
149;211;0
150;211;0
151;211;0
152;211;0
153;211;0
154;211;0
155;211;0
156;211;0
157;211;0
158;211;1
159;211;0
160;211;0
161;211;0
162;211;0
163;211;0
164;211;0
165;211;0
166;211;1
167;211;0
168;211;0
169;211;0
170;211;0
171;211;0
172;211;0
173;211;0
174;211;0
175;211;0
176;211;0
177;211;0
178;211;0
179;211;0
180;211;0
181;211;0
182;211;0
183;211;0
184;211;1
185;211;0
186;211;0
187;211;0
188;211;0
189;211;0
190;211;0
191;211;0
192;211;0
193;211;0
194;211;0
195;211;0
196;211;0
197;211;0
198;211;0
1;212;0
2;212;0
3;212;1
4;212;1
5;212;0
6;212;0
7;212;0
8;212;0
9;212;0
10;212;1
11;212;0
12;212;1
13;212;0
14;212;0
15;212;0
16;212;0
17;212;0
18;212;0
19;212;0
20;212;0
21;212;0
22;212;0
23;212;0
24;212;0
25;212;0
26;212;0
27;212;0
28;212;0
29;212;1
30;212;0
31;212;0
32;212;0
33;212;0
34;212;0
35;212;0
36;212;0
37;212;0
38;212;0
39;212;0
40;212;0
41;212;0
42;212;0
43;212;0
44;212;0
45;212;0
46;212;0
47;212;0
48;212;0
49;212;0
50;212;0
51;212;0
52;212;0
53;212;0
54;212;0
55;212;0
56;212;0
57;212;0
58;212;0
59;212;0
60;212;0
61;212;0
62;212;0
63;212;0
64;212;0
65;212;0
66;212;0
67;212;0
68;212;0
69;212;0
70;212;0
71;212;0
72;212;0
73;212;0
74;212;0
75;212;0
76;212;0
77;212;0
78;212;0
79;212;0
80;212;0
81;212;0
82;212;0
84;212;0
85;212;0
86;212;0
87;212;0
88;212;0
89;212;0
90;212;0
91;212;0
92;212;0
93;212;0
94;212;0
95;212;1
96;212;0
97;212;1
98;212;0
99;212;0
100;212;0
101;212;0
102;212;0
103;212;0
104;212;0
105;212;0
106;212;0
107;212;0
108;212;0
109;212;1
110;212;0
111;212;0
112;212;0
113;212;0
114;212;0
115;212;0
116;212;0
117;212;1
118;212;0
119;212;0
120;212;0
121;212;0
122;212;0
123;212;0
124;212;0
125;212;0
126;212;0
127;212;0
128;212;1
129;212;1
130;212;0
131;212;0
132;212;0
133;212;1
134;212;0
135;212;0
136;212;0
137;212;0
138;212;0
139;212;0
140;212;0
141;212;0
142;212;0
143;212;0
144;212;0
145;212;0
146;212;0
147;212;0
148;212;0
149;212;0
150;212;0
151;212;0
152;212;0
153;212;0
154;212;0
155;212;0
156;212;0
157;212;0
158;212;0
159;212;0
160;212;0
161;212;0
162;212;0
163;212;0
164;212;0
165;212;0
166;212;0
167;212;0
168;212;0
169;212;0
170;212;0
171;212;0
172;212;0
173;212;0
174;212;0
175;212;0
176;212;0
177;212;0
178;212;0
179;212;0
180;212;0
181;212;0
182;212;0
183;212;0
184;212;0
185;212;0
186;212;0
187;212;0
188;212;0
189;212;0
190;212;0
191;212;0
192;212;0
193;212;0
194;212;0
195;212;0
196;212;0
197;212;0
198;212;0
1;221;0
2;221;0
3;221;0
4;221;0
5;221;0
6;221;0
7;221;0
8;221;1
9;221;0
10;221;1
11;221;0
12;221;0
13;221;0
14;221;0
15;221;0
16;221;0
17;221;0
18;221;0
19;221;0
20;221;0
21;221;0
22;221;0
23;221;0
24;221;0
25;221;0
26;221;0
27;221;0
28;221;0
29;221;0
30;221;0
31;221;0
32;221;0
33;221;0
34;221;0
35;221;0
36;221;1
37;221;1
38;221;1
39;221;0
40;221;0
41;221;0
42;221;1
43;221;0
44;221;1
45;221;0
46;221;0
47;221;0
48;221;0
49;221;0
50;221;0
51;221;0
52;221;0
53;221;0
54;221;0
55;221;0
56;221;0
57;221;0
58;221;0
59;221;0
60;221;0
61;221;0
62;221;0
63;221;0
64;221;0
65;221;0
66;221;0
67;221;0
68;221;0
69;221;0
70;221;0
71;221;0
72;221;0
73;221;1
74;221;0
75;221;1
76;221;0
77;221;0
78;221;1
79;221;1
80;221;0
81;221;0
82;221;0
84;221;0
85;221;0
86;221;0
87;221;1
88;221;0
89;221;1
90;221;0
91;221;1
92;221;0
93;221;0
94;221;0
95;221;0
96;221;0
97;221;0
98;221;0
99;221;0
100;221;0
101;221;0
102;221;0
103;221;0
104;221;0
105;221;0
106;221;1
107;221;0
108;221;0
109;221;0
110;221;0
111;221;0
112;221;0
113;221;0
114;221;0
115;221;1
116;221;0
117;221;0
118;221;1
119;221;0
120;221;0
121;221;0
122;221;0
123;221;0
124;221;0
125;221;0
126;221;0
127;221;0
128;221;0
129;221;0
130;221;0
131;221;0
132;221;1
133;221;0
134;221;1
135;221;0
136;221;1
137;221;0
138;221;1
139;221;0
140;221;0
141;221;0
142;221;0
143;221;0
144;221;0
145;221;0
146;221;0
147;221;1
148;221;1
149;221;0
150;221;0
151;221;0
152;221;0
153;221;0
154;221;0
155;221;0
156;221;0
157;221;1
158;221;0
159;221;0
160;221;0
161;221;0
162;221;0
163;221;0
164;221;0
165;221;0
166;221;0
167;221;0
168;221;0
169;221;0
170;221;0
171;221;0
172;221;1
173;221;0
174;221;0
175;221;0
176;221;0
177;221;0
178;221;0
179;221;0
180;221;0
181;221;1
182;221;0
183;221;1
184;221;1
185;221;0
186;221;0
187;221;0
188;221;0
189;221;0
190;221;0
191;221;0
192;221;0
193;221;0
194;221;0
195;221;0
196;221;0
197;221;0
198;221;0
1;222;0
2;222;0
3;222;0
4;222;0
5;222;0
6;222;0
7;222;0
8;222;0
9;222;0
10;222;1
11;222;0
12;222;0
13;222;0
14;222;0
15;222;0
16;222;0
17;222;0
18;222;0
19;222;0
20;222;1
21;222;1
22;222;1
23;222;1
24;222;1
25;222;0
26;222;1
27;222;0
28;222;1
29;222;1
30;222;0
31;222;0
32;222;0
33;222;0
34;222;0
35;222;0
36;222;0
37;222;0
38;222;0
39;222;1
40;222;0
41;222;1
42;222;0
43;222;1
44;222;0
45;222;0
46;222;0
47;222;0
48;222;0
49;222;0
50;222;1
51;222;0
52;222;0
53;222;1
54;222;0
55;222;0
56;222;0
57;222;0
58;222;1
59;222;1
60;222;1
61;222;0
62;222;0
63;222;0
64;222;0
65;222;0
66;222;1
67;222;0
68;222;1
69;222;0
70;222;0
71;222;0
72;222;0
73;222;0
74;222;1
75;222;0
76;222;0
77;222;0
78;222;0
79;222;0
80;222;1
81;222;0
82;222;0
84;222;1
85;222;1
86;222;0
87;222;1
88;222;0
89;222;1
90;222;1
91;222;1
92;222;0
93;222;0
94;222;0
95;222;0
96;222;0
97;222;0
98;222;0
99;222;0
100;222;1
101;222;0
102;222;0
103;222;0
104;222;0
105;222;1
106;222;0
107;222;1
108;222;0
109;222;0
110;222;0
111;222;0
112;222;1
113;222;1
114;222;1
115;222;1
116;222;0
117;222;1
118;222;0
119;222;1
120;222;0
121;222;1
122;222;0
123;222;0
124;222;0
125;222;1
126;222;0
127;222;0
128;222;1
129;222;1
130;222;0
131;222;1
132;222;0
133;222;1
134;222;1
135;222;0
136;222;1
137;222;1
138;222;0
139;222;1
140;222;0
141;222;1
142;222;0
143;222;0
144;222;0
145;222;0
146;222;1
147;222;0
148;222;0
149;222;0
150;222;0
151;222;0
152;222;1
153;222;0
154;222;0
155;222;0
156;222;1
157;222;0
158;222;0
159;222;0
160;222;0
161;222;0
162;222;1
163;222;0
164;222;0
165;222;1
166;222;0
167;222;0
168;222;0
169;222;0
170;222;0
171;222;0
172;222;0
173;222;0
174;222;0
175;222;0
176;222;1
177;222;1
178;222;0
179;222;1
180;222;0
181;222;1
182;222;0
183;222;0
184;222;1
185;222;1
186;222;1
187;222;1
188;222;0
189;222;0
190;222;1
191;222;1
192;222;0
193;222;0
194;222;0
195;222;0
196;222;1
197;222;0
198;222;1
1;231;0
2;231;0
3;231;0
4;231;1
5;231;0
6;231;0
7;231;0
8;231;0
9;231;0
10;231;0
11;231;0
12;231;0
13;231;1
14;231;1
15;231;0
16;231;0
17;231;0
18;231;0
19;231;0
20;231;0
21;231;1
22;231;0
23;231;1
24;231;0
25;231;0
26;231;0
27;231;0
28;231;0
29;231;0
30;231;0
31;231;0
32;231;0
33;231;1
34;231;0
35;231;0
36;231;0
37;231;0
38;231;0
39;231;0
40;231;0
41;231;0
42;231;0
43;231;0
44;231;0
45;231;0
46;231;0
47;231;0
48;231;0
49;231;0
50;231;1
51;231;0
52;231;0
53;231;0
54;231;0
55;231;0
56;231;0
57;231;0
58;231;0
59;231;0
60;231;0
61;231;0
62;231;0
63;231;0
64;231;0
65;231;0
66;231;0
67;231;0
68;231;0
69;231;0
70;231;0
71;231;0
72;231;0
73;231;0
74;231;0
75;231;0
76;231;0
77;231;0
78;231;0
79;231;0
80;231;1
81;231;0
82;231;0
84;231;0
85;231;1
86;231;0
87;231;0
88;231;0
89;231;0
90;231;0
91;231;1
92;231;0
93;231;0
94;231;0
95;231;0
96;231;0
97;231;0
98;231;0
99;231;0
100;231;0
101;231;0
102;231;0
103;231;0
104;231;0
105;231;0
106;231;0
107;231;0
108;231;0
109;231;1
110;231;0
111;231;0
112;231;0
113;231;0
114;231;0
115;231;1
116;231;0
117;231;0
118;231;0
119;231;0
120;231;1
121;231;0
122;231;0
123;231;0
124;231;0
125;231;0
126;231;0
127;231;0
128;231;0
129;231;0
130;231;0
131;231;0
132;231;0
133;231;0
134;231;0
135;231;0
136;231;0
137;231;0
138;231;0
139;231;0
140;231;1
141;231;0
142;231;0
143;231;0
144;231;0
145;231;0
146;231;0
147;231;0
148;231;0
149;231;0
150;231;0
151;231;0
152;231;0
153;231;0
154;231;0
155;231;0
156;231;0
157;231;1
158;231;0
159;231;0
160;231;0
161;231;0
162;231;0
163;231;0
164;231;0
165;231;0
166;231;1
167;231;0
168;231;0
169;231;1
170;231;0
171;231;0
172;231;0
173;231;0
174;231;0
175;231;0
176;231;0
177;231;0
178;231;1
179;231;0
180;231;0
181;231;0
182;231;0
183;231;1
184;231;0
185;231;0
186;231;0
187;231;0
188;231;0
189;231;1
190;231;0
191;231;0
192;231;0
193;231;0
194;231;0
195;231;0
196;231;0
197;231;0
198;231;1
1;232;0
2;232;0
3;232;0
4;232;0
5;232;0
6;232;0
7;232;0
8;232;0
9;232;0
10;232;1
11;232;0
12;232;0
13;232;0
14;232;0
15;232;0
16;232;0
17;232;0
18;232;0
19;232;0
20;232;0
21;232;0
22;232;0
23;232;0
24;232;0
25;232;0
26;232;0
27;232;0
28;232;0
29;232;0
30;232;0
31;232;1
32;232;0
33;232;0
34;232;0
35;232;0
36;232;0
37;232;0
38;232;0
39;232;0
40;232;0
41;232;0
42;232;0
43;232;0
44;232;0
45;232;0
46;232;0
47;232;1
48;232;0
49;232;0
50;232;0
51;232;0
52;232;0
53;232;0
54;232;0
55;232;0
56;232;0
57;232;0
58;232;0
59;232;0
60;232;0
61;232;0
62;232;0
63;232;0
64;232;0
65;232;1
66;232;0
67;232;0
68;232;0
69;232;0
70;232;0
71;232;1
72;232;0
73;232;0
74;232;0
75;232;0
76;232;0
77;232;0
78;232;1
79;232;0
80;232;0
81;232;0
82;232;0
84;232;0
85;232;0
86;232;0
87;232;1
88;232;0
89;232;1
90;232;0
91;232;0
92;232;0
93;232;0
94;232;0
95;232;0
96;232;0
97;232;0
98;232;0
99;232;0
100;232;0
101;232;0
102;232;0
103;232;0
104;232;0
105;232;0
106;232;0
107;232;0
108;232;0
109;232;0
110;232;0
111;232;0
112;232;0
113;232;0
114;232;0
115;232;0
116;232;0
117;232;0
118;232;0
119;232;0
120;232;0
121;232;0
122;232;0
123;232;0
124;232;0
125;232;0
126;232;0
127;232;0
128;232;0
129;232;0
130;232;0
131;232;0
132;232;0
133;232;0
134;232;0
135;232;0
136;232;0
137;232;0
138;232;0
139;232;0
140;232;0
141;232;0
142;232;0
143;232;0
144;232;0
145;232;0
146;232;0
147;232;0
148;232;0
149;232;0
150;232;0
151;232;0
152;232;0
153;232;0
154;232;0
155;232;0
156;232;0
157;232;0
158;232;0
159;232;0
160;232;0
161;232;0
162;232;0
163;232;0
164;232;0
165;232;0
166;232;0
167;232;0
168;232;0
169;232;0
170;232;0
171;232;0
172;232;0
173;232;0
174;232;0
175;232;0
176;232;0
177;232;0
178;232;0
179;232;0
180;232;0
181;232;0
182;232;0
183;232;0
184;232;0
185;232;0
186;232;0
187;232;0
188;232;0
189;232;0
190;232;0
191;232;0
192;232;0
193;232;0
194;232;0
195;232;0
196;232;0
197;232;1
198;232;0
1;233;0
2;233;0
3;233;0
4;233;0
5;233;0
6;233;0
7;233;0
8;233;0
9;233;0
10;233;1
11;233;1
12;233;0
13;233;0
14;233;0
15;233;0
16;233;1
17;233;0
18;233;0
19;233;0
20;233;0
21;233;0
22;233;0
23;233;0
24;233;0
25;233;1
26;233;1
27;233;0
28;233;0
29;233;0
30;233;0
31;233;0
32;233;1
33;233;0
34;233;0
35;233;0
36;233;0
37;233;0
38;233;0
39;233;0
40;233;0
41;233;0
42;233;0
43;233;0
44;233;1
45;233;1
46;233;0
47;233;1
48;233;0
49;233;0
50;233;0
51;233;0
52;233;0
53;233;0
54;233;0
55;233;0
56;233;0
57;233;0
58;233;0
59;233;0
60;233;0
61;233;0
62;233;0
63;233;1
64;233;0
65;233;0
66;233;0
67;233;0
68;233;0
69;233;0
70;233;0
71;233;0
72;233;0
73;233;0
74;233;0
75;233;0
76;233;1
77;233;0
78;233;0
79;233;0
80;233;0
81;233;0
82;233;0
84;233;0
85;233;0
86;233;1
87;233;0
88;233;0
89;233;0
90;233;0
91;233;0
92;233;0
93;233;0
94;233;0
95;233;0
96;233;0
97;233;0
98;233;0
99;233;1
100;233;1
101;233;0
102;233;0
103;233;0
104;233;1
105;233;0
106;233;0
107;233;0
108;233;0
109;233;1
110;233;0
111;233;0
112;233;0
113;233;0
114;233;1
115;233;0
116;233;0
117;233;0
118;233;0
119;233;1
120;233;0
121;233;0
122;233;0
123;233;0
124;233;0
125;233;0
126;233;0
127;233;1
128;233;0
129;233;0
130;233;0
131;233;0
132;233;0
133;233;0
134;233;0
135;233;0
136;233;0
137;233;0
138;233;0
139;233;0
140;233;0
141;233;0
142;233;0
143;233;1
144;233;1
145;233;0
146;233;0
147;233;0
148;233;0
149;233;0
150;233;0
151;233;0
152;233;0
153;233;0
154;233;0
155;233;0
156;233;0
157;233;0
158;233;0
159;233;0
160;233;0
161;233;0
162;233;0
163;233;1
164;233;0
165;233;0
166;233;1
167;233;0
168;233;1
169;233;0
170;233;0
171;233;0
172;233;0
173;233;0
174;233;0
175;233;0
176;233;0
177;233;1
178;233;0
179;233;0
180;233;0
181;233;0
182;233;0
183;233;0
184;233;0
185;233;0
186;233;1
187;233;1
188;233;0
189;233;0
190;233;0
191;233;0
192;233;0
193;233;0
194;233;1
195;233;0
196;233;0
197;233;1
198;233;0
1;234;0
2;234;0
3;234;0
4;234;0
5;234;0
6;234;0
7;234;0
8;234;0
9;234;0
10;234;0
11;234;0
12;234;0
13;234;0
14;234;0
15;234;0
16;234;0
17;234;0
18;234;0
19;234;0
20;234;0
21;234;0
22;234;0
23;234;0
24;234;1
25;234;1
26;234;0
27;234;0
28;234;1
29;234;1
30;234;0
31;234;0
32;234;0
33;234;0
34;234;0
35;234;0
36;234;0
37;234;1
38;234;0
39;234;0
40;234;0
41;234;0
42;234;0
43;234;0
44;234;0
45;234;0
46;234;0
47;234;0
48;234;0
49;234;0
50;234;1
51;234;0
52;234;0
53;234;0
54;234;0
55;234;0
56;234;0
57;234;0
58;234;0
59;234;0
60;234;0
61;234;0
62;234;0
63;234;0
64;234;1
65;234;1
66;234;0
67;234;0
68;234;1
69;234;0
70;234;0
71;234;1
72;234;0
73;234;0
74;234;0
75;234;0
76;234;1
77;234;0
78;234;0
79;234;0
80;234;0
81;234;0
82;234;0
84;234;0
85;234;0
86;234;0
87;234;0
88;234;0
89;234;0
90;234;0
91;234;0
92;234;0
93;234;0
94;234;0
95;234;0
96;234;0
97;234;0
98;234;0
99;234;0
100;234;0
101;234;0
102;234;0
103;234;0
104;234;0
105;234;0
106;234;0
107;234;0
108;234;0
109;234;0
110;234;0
111;234;0
112;234;0
113;234;0
114;234;0
115;234;0
116;234;0
117;234;0
118;234;0
119;234;0
120;234;0
121;234;0
122;234;0
123;234;0
124;234;0
125;234;0
126;234;0
127;234;0
128;234;0
129;234;0
130;234;0
131;234;0
132;234;0
133;234;0
134;234;0
135;234;0
136;234;1
137;234;0
138;234;0
139;234;0
140;234;0
141;234;0
142;234;0
143;234;0
144;234;0
145;234;0
146;234;0
147;234;0
148;234;0
149;234;0
150;234;0
151;234;0
152;234;0
153;234;0
154;234;0
155;234;0
156;234;0
157;234;0
158;234;0
159;234;0
160;234;0
161;234;0
162;234;0
163;234;1
164;234;0
165;234;0
166;234;1
167;234;0
168;234;0
169;234;0
170;234;0
171;234;0
172;234;0
173;234;1
174;234;0
175;234;0
176;234;0
177;234;1
178;234;0
179;234;0
180;234;0
181;234;0
182;234;1
183;234;0
184;234;0
185;234;0
186;234;0
187;234;0
188;234;0
189;234;0
190;234;0
191;234;1
192;234;0
193;234;1
194;234;1
195;234;0
196;234;0
197;234;0
198;234;0
1;235;0
2;235;0
3;235;0
4;235;0
5;235;0
6;235;0
7;235;0
8;235;0
9;235;0
10;235;0
11;235;0
12;235;0
13;235;0
14;235;0
15;235;0
16;235;0
17;235;0
18;235;0
19;235;0
20;235;0
21;235;0
22;235;0
23;235;0
24;235;0
25;235;0
26;235;1
27;235;0
28;235;0
29;235;0
30;235;0
31;235;1
32;235;1
33;235;0
34;235;0
35;235;0
36;235;0
37;235;0
38;235;0
39;235;0
40;235;0
41;235;0
42;235;0
43;235;1
44;235;0
45;235;0
46;235;0
47;235;0
48;235;0
49;235;0
50;235;0
51;235;0
52;235;0
53;235;0
54;235;0
55;235;0
56;235;0
57;235;0
58;235;0
59;235;1
60;235;0
61;235;1
62;235;0
63;235;0
64;235;0
65;235;0
66;235;1
67;235;0
68;235;0
69;235;0
70;235;0
71;235;0
72;235;0
73;235;0
74;235;0
75;235;0
76;235;0
77;235;0
78;235;0
79;235;0
80;235;0
81;235;0
82;235;0
84;235;0
85;235;0
86;235;0
87;235;0
88;235;0
89;235;0
90;235;0
91;235;0
92;235;1
93;235;0
94;235;0
95;235;0
96;235;1
97;235;0
98;235;0
99;235;0
100;235;0
101;235;0
102;235;0
103;235;0
104;235;0
105;235;1
106;235;0
107;235;0
108;235;0
109;235;0
110;235;1
111;235;1
112;235;0
113;235;0
114;235;0
115;235;0
116;235;0
117;235;0
118;235;0
119;235;0
120;235;0
121;235;0
122;235;0
123;235;0
124;235;0
125;235;0
126;235;0
127;235;0
128;235;0
129;235;0
130;235;0
131;235;0
132;235;0
133;235;0
134;235;0
135;235;0
136;235;0
137;235;0
138;235;1
139;235;0
140;235;0
141;235;0
142;235;0
143;235;0
144;235;0
145;235;0
146;235;0
147;235;0
148;235;0
149;235;0
150;235;0
151;235;0
152;235;0
153;235;0
154;235;0
155;235;0
156;235;0
157;235;0
158;235;0
159;235;0
160;235;0
161;235;0
162;235;0
163;235;0
164;235;0
165;235;0
166;235;0
167;235;0
168;235;0
169;235;0
170;235;0
171;235;0
172;235;0
173;235;0
174;235;0
175;235;0
176;235;0
177;235;0
178;235;0
179;235;0
180;235;0
181;235;0
182;235;0
183;235;0
184;235;0
185;235;0
186;235;0
187;235;0
188;235;0
189;235;0
190;235;0
191;235;0
192;235;0
193;235;0
194;235;0
195;235;0
196;235;0
197;235;0
198;235;0
1;236;0
2;236;0
3;236;0
4;236;0
5;236;0
6;236;0
7;236;0
8;236;0
9;236;1
10;236;0
11;236;0
12;236;1
13;236;0
14;236;0
15;236;0
16;236;0
17;236;1
18;236;1
19;236;0
20;236;0
21;236;1
22;236;0
23;236;0
24;236;1
25;236;0
26;236;0
27;236;0
28;236;1
29;236;0
30;236;0
31;236;0
32;236;0
33;236;0
34;236;0
35;236;0
36;236;0
37;236;0
38;236;0
39;236;0
40;236;0
41;236;0
42;236;0
43;236;0
44;236;0
45;236;1
46;236;1
47;236;0
48;236;1
49;236;0
50;236;0
51;236;0
52;236;1
53;236;0
54;236;0
55;236;0
56;236;1
57;236;0
58;236;0
59;236;0
60;236;0
61;236;1
62;236;0
63;236;0
64;236;0
65;236;0
66;236;0
67;236;0
68;236;0
69;236;0
70;236;0
71;236;1
72;236;0
73;236;0
74;236;0
75;236;1
76;236;1
77;236;0
78;236;1
79;236;0
80;236;0
81;236;1
82;236;0
84;236;0
85;236;0
86;236;0
87;236;1
88;236;0
89;236;1
90;236;0
91;236;0
92;236;0
93;236;0
94;236;0
95;236;0
96;236;0
97;236;0
98;236;0
99;236;1
100;236;1
101;236;0
102;236;0
103;236;0
104;236;0
105;236;1
106;236;0
107;236;1
108;236;0
109;236;0
110;236;1
111;236;0
112;236;0
113;236;0
114;236;0
115;236;0
116;236;0
117;236;0
118;236;0
119;236;0
120;236;0
121;236;0
122;236;1
123;236;0
124;236;0
125;236;0
126;236;1
127;236;0
128;236;0
129;236;1
130;236;0
131;236;0
132;236;0
133;236;1
134;236;1
135;236;1
136;236;1
137;236;1
138;236;1
139;236;0
140;236;1
141;236;1
142;236;1
143;236;0
144;236;0
145;236;0
146;236;0
147;236;0
148;236;0
149;236;0
150;236;0
151;236;0
152;236;0
153;236;0
154;236;0
155;236;0
156;236;0
157;236;0
158;236;0
159;236;0
160;236;0
161;236;1
162;236;0
163;236;0
164;236;0
165;236;0
166;236;0
167;236;1
168;236;0
169;236;0
170;236;0
171;236;0
172;236;1
173;236;0
174;236;0
175;236;0
176;236;0
177;236;0
178;236;0
179;236;0
180;236;0
181;236;0
182;236;0
183;236;0
184;236;0
185;236;1
186;236;1
187;236;0
188;236;0
189;236;0
190;236;1
191;236;1
192;236;0
193;236;0
194;236;0
195;236;1
196;236;0
197;236;1
198;236;0
1;237;0
2;237;1
3;237;0
4;237;0
5;237;0
6;237;1
7;237;0
8;237;0
9;237;0
10;237;1
11;237;0
12;237;0
13;237;0
14;237;0
15;237;0
16;237;0
17;237;0
18;237;0
19;237;0
20;237;1
21;237;1
22;237;0
23;237;1
24;237;1
25;237;1
26;237;0
27;237;1
28;237;0
29;237;1
30;237;0
31;237;0
32;237;1
33;237;1
34;237;1
35;237;1
36;237;1
37;237;0
38;237;0
39;237;1
40;237;1
41;237;0
42;237;0
43;237;0
44;237;0
45;237;1
46;237;0
47;237;0
48;237;1
49;237;1
50;237;0
51;237;0
52;237;0
53;237;1
54;237;0
55;237;1
56;237;0
57;237;0
58;237;1
59;237;1
60;237;0
61;237;1
62;237;1
63;237;0
64;237;1
65;237;0
66;237;0
67;237;0
68;237;0
69;237;1
70;237;0
71;237;1
72;237;0
73;237;0
74;237;1
75;237;0
76;237;0
77;237;1
78;237;0
79;237;1
80;237;1
81;237;0
82;237;0
84;237;0
85;237;0
86;237;1
87;237;0
88;237;1
89;237;0
90;237;1
91;237;1
92;237;0
93;237;1
94;237;1
95;237;0
96;237;0
97;237;0
98;237;1
99;237;0
100;237;0
101;237;1
102;237;1
103;237;0
104;237;0
105;237;0
106;237;0
107;237;0
108;237;1
109;237;0
110;237;1
111;237;1
112;237;0
113;237;1
114;237;1
115;237;0
116;237;0
117;237;0
118;237;0
119;237;0
120;237;0
121;237;1
122;237;0
123;237;1
124;237;0
125;237;1
126;237;0
127;237;0
128;237;0
129;237;1
130;237;1
131;237;1
132;237;0
133;237;1
134;237;0
135;237;1
136;237;1
137;237;1
138;237;1
139;237;1
140;237;1
141;237;1
142;237;0
143;237;1
144;237;0
145;237;1
146;237;1
147;237;1
148;237;0
149;237;0
150;237;0
151;237;1
152;237;1
153;237;0
154;237;1
155;237;0
156;237;1
157;237;1
158;237;0
159;237;0
160;237;1
161;237;1
162;237;1
163;237;0
164;237;0
165;237;0
166;237;0
167;237;0
168;237;1
169;237;0
170;237;0
171;237;0
172;237;0
173;237;0
174;237;0
175;237;1
176;237;0
177;237;1
178;237;1
179;237;1
180;237;1
181;237;1
182;237;1
183;237;1
184;237;1
185;237;1
186;237;0
187;237;1
188;237;1
189;237;0
190;237;0
191;237;0
192;237;0
193;237;1
194;237;1
195;237;1
196;237;1
197;237;1
198;237;1
1;239;0
2;239;0
3;239;0
4;239;0
5;239;0
6;239;0
7;239;0
8;239;0
9;239;0
10;239;0
11;239;0
12;239;1
13;239;0
14;239;0
15;239;0
16;239;0
17;239;0
18;239;0
19;239;1
20;239;0
21;239;0
22;239;1
23;239;0
24;239;0
25;239;0
26;239;0
27;239;0
28;239;0
29;239;0
30;239;0
31;239;0
32;239;0
33;239;0
34;239;0
35;239;0
36;239;0
37;239;0
38;239;0
39;239;1
40;239;0
41;239;0
42;239;0
43;239;0
44;239;1
45;239;1
46;239;0
47;239;0
48;239;1
49;239;0
50;239;0
51;239;0
52;239;0
53;239;0
54;239;0
55;239;0
56;239;0
57;239;0
58;239;0
59;239;0
60;239;0
61;239;0
62;239;0
63;239;0
64;239;1
65;239;0
66;239;1
67;239;0
68;239;0
69;239;1
70;239;0
71;239;0
72;239;0
73;239;1
74;239;0
75;239;0
76;239;0
77;239;0
78;239;0
79;239;0
80;239;0
81;239;0
82;239;0
84;239;0
85;239;0
86;239;0
87;239;0
88;239;0
89;239;1
90;239;0
91;239;0
92;239;0
93;239;0
94;239;0
95;239;0
96;239;0
97;239;0
98;239;0
99;239;0
100;239;0
101;239;0
102;239;0
103;239;0
104;239;0
105;239;0
106;239;0
107;239;0
108;239;0
109;239;1
110;239;1
111;239;0
112;239;0
113;239;0
114;239;0
115;239;0
116;239;0
117;239;1
118;239;0
119;239;1
120;239;0
121;239;0
122;239;0
123;239;0
124;239;0
125;239;0
126;239;0
127;239;0
128;239;0
129;239;1
130;239;0
131;239;0
132;239;0
133;239;0
134;239;1
135;239;0
136;239;0
137;239;1
138;239;0
139;239;1
140;239;0
141;239;0
142;239;0
143;239;0
144;239;0
145;239;0
146;239;0
147;239;0
148;239;0
149;239;0
150;239;0
151;239;0
152;239;0
153;239;0
154;239;0
155;239;0
156;239;0
157;239;0
158;239;0
159;239;0
160;239;0
161;239;0
162;239;0
163;239;0
164;239;0
165;239;0
166;239;1
167;239;0
168;239;0
169;239;0
170;239;1
171;239;0
172;239;0
173;239;0
174;239;0
175;239;0
176;239;0
177;239;0
178;239;1
179;239;0
180;239;0
181;239;0
182;239;1
183;239;0
184;239;0
185;239;0
186;239;0
187;239;1
188;239;0
189;239;1
190;239;0
191;239;0
192;239;0
193;239;0
194;239;0
195;239;0
196;239;0
197;239;1
198;239;0
1;241;0
2;241;0
3;241;0
4;241;0
5;241;0
6;241;0
7;241;0
8;241;0
9;241;0
10;241;0
11;241;0
12;241;0
13;241;0
14;241;0
15;241;0
16;241;0
17;241;0
18;241;1
19;241;0
20;241;0
21;241;0
22;241;0
23;241;0
24;241;0
25;241;0
26;241;0
27;241;0
28;241;0
29;241;0
30;241;0
31;241;0
32;241;0
33;241;0
34;241;0
35;241;0
36;241;0
37;241;0
38;241;0
39;241;0
40;241;0
41;241;0
42;241;0
43;241;0
44;241;0
45;241;0
46;241;0
47;241;0
48;241;0
49;241;0
50;241;0
51;241;0
52;241;0
53;241;0
54;241;0
55;241;0
56;241;0
57;241;0
58;241;0
59;241;0
60;241;0
61;241;0
62;241;1
63;241;0
64;241;0
65;241;0
66;241;0
67;241;0
68;241;0
69;241;0
70;241;0
71;241;0
72;241;0
73;241;0
74;241;0
75;241;0
76;241;0
77;241;0
78;241;1
79;241;0
80;241;0
81;241;0
82;241;0
84;241;0
85;241;0
86;241;0
87;241;0
88;241;0
89;241;0
90;241;1
91;241;0
92;241;0
93;241;0
94;241;0
95;241;0
96;241;0
97;241;0
98;241;0
99;241;0
100;241;0
101;241;0
102;241;0
103;241;0
104;241;1
105;241;0
106;241;0
107;241;0
108;241;0
109;241;0
110;241;0
111;241;0
112;241;0
113;241;0
114;241;0
115;241;0
116;241;0
117;241;0
118;241;0
119;241;0
120;241;0
121;241;0
122;241;0
123;241;0
124;241;0
125;241;0
126;241;0
127;241;0
128;241;0
129;241;0
130;241;0
131;241;0
132;241;0
133;241;0
134;241;0
135;241;0
136;241;0
137;241;0
138;241;0
139;241;0
140;241;0
141;241;0
142;241;0
143;241;0
144;241;0
145;241;0
146;241;0
147;241;0
148;241;0
149;241;0
150;241;0
151;241;0
152;241;0
153;241;0
154;241;0
155;241;0
156;241;0
157;241;0
158;241;0
159;241;0
160;241;0
161;241;0
162;241;0
163;241;0
164;241;0
165;241;0
166;241;0
167;241;0
168;241;0
169;241;0
170;241;0
171;241;1
172;241;0
173;241;0
174;241;0
175;241;0
176;241;0
177;241;0
178;241;0
179;241;0
180;241;0
181;241;0
182;241;0
183;241;0
184;241;0
185;241;0
186;241;0
187;241;0
188;241;0
189;241;0
190;241;0
191;241;0
192;241;0
193;241;0
194;241;0
195;241;0
196;241;0
197;241;0
198;241;0
1;242;0
2;242;0
3;242;0
4;242;1
5;242;0
6;242;0
7;242;0
8;242;0
9;242;0
10;242;0
11;242;0
12;242;0
13;242;0
14;242;0
15;242;1
16;242;0
17;242;0
18;242;0
19;242;0
20;242;0
21;242;1
22;242;1
23;242;0
24;242;0
25;242;0
26;242;0
27;242;0
28;242;0
29;242;0
30;242;0
31;242;0
32;242;0
33;242;0
34;242;0
35;242;0
36;242;0
37;242;0
38;242;1
39;242;0
40;242;0
41;242;0
42;242;0
43;242;0
44;242;0
45;242;0
46;242;0
47;242;0
48;242;0
49;242;0
50;242;0
51;242;0
52;242;0
53;242;0
54;242;0
55;242;0
56;242;0
57;242;0
58;242;0
59;242;0
60;242;0
61;242;0
62;242;1
63;242;0
64;242;0
65;242;0
66;242;0
67;242;0
68;242;0
69;242;0
70;242;0
71;242;0
72;242;0
73;242;0
74;242;0
75;242;0
76;242;0
77;242;0
78;242;0
79;242;0
80;242;0
81;242;0
82;242;0
84;242;0
85;242;0
86;242;0
87;242;0
88;242;0
89;242;0
90;242;0
91;242;0
92;242;0
93;242;0
94;242;0
95;242;0
96;242;0
97;242;0
98;242;0
99;242;0
100;242;0
101;242;0
102;242;0
103;242;0
104;242;0
105;242;0
106;242;0
107;242;0
108;242;0
109;242;0
110;242;0
111;242;0
112;242;0
113;242;0
114;242;1
115;242;0
116;242;0
117;242;0
118;242;0
119;242;0
120;242;0
121;242;0
122;242;0
123;242;0
124;242;1
125;242;0
126;242;0
127;242;0
128;242;0
129;242;0
130;242;0
131;242;0
132;242;0
133;242;0
134;242;0
135;242;0
136;242;0
137;242;0
138;242;1
139;242;0
140;242;0
141;242;0
142;242;0
143;242;0
144;242;0
145;242;0
146;242;0
147;242;0
148;242;0
149;242;0
150;242;0
151;242;0
152;242;1
153;242;0
154;242;0
155;242;0
156;242;0
157;242;0
158;242;0
159;242;0
160;242;0
161;242;0
162;242;0
163;242;0
164;242;0
165;242;0
166;242;1
167;242;1
168;242;0
169;242;0
170;242;0
171;242;0
172;242;0
173;242;0
174;242;0
175;242;0
176;242;0
177;242;0
178;242;0
179;242;0
180;242;0
181;242;0
182;242;0
183;242;0
184;242;0
185;242;0
186;242;0
187;242;0
188;242;0
189;242;0
190;242;0
191;242;0
192;242;0
193;242;0
194;242;0
195;242;0
196;242;0
197;242;0
198;242;0
1;243;0
2;243;0
3;243;0
4;243;0
5;243;0
6;243;0
7;243;0
8;243;0
9;243;0
10;243;0
11;243;0
12;243;0
13;243;0
14;243;0
15;243;0
16;243;0
17;243;0
18;243;0
19;243;0
20;243;0
21;243;1
22;243;0
23;243;0
24;243;0
25;243;0
26;243;0
27;243;0
28;243;0
29;243;0
30;243;0
31;243;1
32;243;0
33;243;0
34;243;0
35;243;0
36;243;0
37;243;0
38;243;0
39;243;0
40;243;0
41;243;0
42;243;0
43;243;0
44;243;0
45;243;0
46;243;0
47;243;0
48;243;0
49;243;0
50;243;0
51;243;0
52;243;0
53;243;0
54;243;0
55;243;0
56;243;0
57;243;0
58;243;0
59;243;0
60;243;0
61;243;1
62;243;0
63;243;0
64;243;0
65;243;0
66;243;0
67;243;0
68;243;0
69;243;0
70;243;1
71;243;0
72;243;0
73;243;0
74;243;0
75;243;0
76;243;0
77;243;0
78;243;1
79;243;0
80;243;0
81;243;0
82;243;0
84;243;0
85;243;0
86;243;0
87;243;0
88;243;0
89;243;1
90;243;0
91;243;0
92;243;0
93;243;0
94;243;0
95;243;1
96;243;0
97;243;1
98;243;0
99;243;0
100;243;0
101;243;0
102;243;0
103;243;0
104;243;0
105;243;0
106;243;0
107;243;0
108;243;0
109;243;0
110;243;0
111;243;0
112;243;0
113;243;0
114;243;1
115;243;0
116;243;0
117;243;1
118;243;0
119;243;0
120;243;1
121;243;1
122;243;0
123;243;0
124;243;0
125;243;1
126;243;0
127;243;0
128;243;0
129;243;0
130;243;0
131;243;0
132;243;0
133;243;0
134;243;0
135;243;0
136;243;0
137;243;0
138;243;0
139;243;0
140;243;0
141;243;0
142;243;0
143;243;0
144;243;0
145;243;0
146;243;0
147;243;0
148;243;0
149;243;0
150;243;0
151;243;0
152;243;0
153;243;0
154;243;0
155;243;1
156;243;0
157;243;0
158;243;0
159;243;0
160;243;0
161;243;0
162;243;0
163;243;0
164;243;0
165;243;0
166;243;0
167;243;0
168;243;0
169;243;0
170;243;0
171;243;1
172;243;1
173;243;0
174;243;0
175;243;0
176;243;0
177;243;0
178;243;0
179;243;0
180;243;1
181;243;0
182;243;0
183;243;0
184;243;0
185;243;0
186;243;0
187;243;0
188;243;0
189;243;0
190;243;0
191;243;0
192;243;0
193;243;0
194;243;0
195;243;0
196;243;0
197;243;0
198;243;1
1;244;1
2;244;0
3;244;0
4;244;0
5;244;0
6;244;0
7;244;0
8;244;0
9;244;0
10;244;1
11;244;0
12;244;0
13;244;0
14;244;0
15;244;0
16;244;0
17;244;0
18;244;0
19;244;0
20;244;0
21;244;1
22;244;0
23;244;0
24;244;0
25;244;0
26;244;0
27;244;0
28;244;0
29;244;0
30;244;0
31;244;0
32;244;0
33;244;0
34;244;0
35;244;0
36;244;0
37;244;0
38;244;0
39;244;0
40;244;0
41;244;0
42;244;0
43;244;0
44;244;0
45;244;0
46;244;0
47;244;0
48;244;0
49;244;0
50;244;0
51;244;0
52;244;0
53;244;0
54;244;0
55;244;0
56;244;0
57;244;0
58;244;0
59;244;0
60;244;0
61;244;0
62;244;0
63;244;0
64;244;0
65;244;0
66;244;0
67;244;0
68;244;0
69;244;0
70;244;0
71;244;0
72;244;0
73;244;0
74;244;0
75;244;0
76;244;0
77;244;0
78;244;0
79;244;0
80;244;0
81;244;0
82;244;0
84;244;0
85;244;1
86;244;0
87;244;0
88;244;0
89;244;1
90;244;0
91;244;0
92;244;0
93;244;0
94;244;0
95;244;0
96;244;0
97;244;0
98;244;0
99;244;0
100;244;0
101;244;0
102;244;0
103;244;0
104;244;0
105;244;0
106;244;0
107;244;1
108;244;0
109;244;0
110;244;0
111;244;0
112;244;1
113;244;0
114;244;0
115;244;1
116;244;1
117;244;0
118;244;0
119;244;1
120;244;0
121;244;1
122;244;0
123;244;0
124;244;0
125;244;0
126;244;0
127;244;0
128;244;0
129;244;0
130;244;0
131;244;0
132;244;0
133;244;0
134;244;0
135;244;0
136;244;0
137;244;0
138;244;0
139;244;0
140;244;0
141;244;0
142;244;0
143;244;0
144;244;0
145;244;0
146;244;0
147;244;0
148;244;0
149;244;0
150;244;0
151;244;0
152;244;0
153;244;0
154;244;0
155;244;0
156;244;0
157;244;0
158;244;0
159;244;0
160;244;0
161;244;0
162;244;0
163;244;0
164;244;0
165;244;0
166;244;0
167;244;0
168;244;0
169;244;0
170;244;0
171;244;0
172;244;0
173;244;0
174;244;0
175;244;0
176;244;0
177;244;0
178;244;0
179;244;0
180;244;0
181;244;0
182;244;0
183;244;1
184;244;0
185;244;0
186;244;0
187;244;0
188;244;0
189;244;0
190;244;1
191;244;0
192;244;0
193;244;0
194;244;0
195;244;0
196;244;0
197;244;0
198;244;0
1;245;0
2;245;0
3;245;0
4;245;0
5;245;0
6;245;0
7;245;0
8;245;0
9;245;0
10;245;0
11;245;0
12;245;1
13;245;0
14;245;0
15;245;0
16;245;0
17;245;1
18;245;0
19;245;0
20;245;0
21;245;1
22;245;0
23;245;0
24;245;0
25;245;0
26;245;0
27;245;1
28;245;0
29;245;0
30;245;0
31;245;0
32;245;0
33;245;0
34;245;0
35;245;0
36;245;0
37;245;0
38;245;0
39;245;1
40;245;0
41;245;0
42;245;0
43;245;0
44;245;0
45;245;0
46;245;0
47;245;0
48;245;1
49;245;0
50;245;1
51;245;1
52;245;0
53;245;0
54;245;0
55;245;0
56;245;0
57;245;0
58;245;0
59;245;0
60;245;0
61;245;1
62;245;0
63;245;0
64;245;0
65;245;1
66;245;0
67;245;0
68;245;0
69;245;0
70;245;0
71;245;0
72;245;0
73;245;0
74;245;0
75;245;1
76;245;0
77;245;1
78;245;0
79;245;0
80;245;0
81;245;0
82;245;0
84;245;0
85;245;1
86;245;1
87;245;1
88;245;0
89;245;1
90;245;0
91;245;0
92;245;0
93;245;0
94;245;1
95;245;0
96;245;0
97;245;0
98;245;0
99;245;0
100;245;0
101;245;0
102;245;0
103;245;0
104;245;0
105;245;0
106;245;0
107;245;1
108;245;0
109;245;0
110;245;0
111;245;0
112;245;0
113;245;0
114;245;0
115;245;0
116;245;0
117;245;0
118;245;1
119;245;1
120;245;0
121;245;0
122;245;1
123;245;0
124;245;1
125;245;0
126;245;0
127;245;0
128;245;1
129;245;0
130;245;0
131;245;1
132;245;0
133;245;0
134;245;1
135;245;0
136;245;0
137;245;0
138;245;1
139;245;1
140;245;0
141;245;0
142;245;0
143;245;0
144;245;0
145;245;0
146;245;0
147;245;0
148;245;0
149;245;0
150;245;0
151;245;0
152;245;0
153;245;1
154;245;0
155;245;0
156;245;0
157;245;0
158;245;0
159;245;0
160;245;0
161;245;0
162;245;0
163;245;0
164;245;0
165;245;0
166;245;0
167;245;0
168;245;0
169;245;1
170;245;0
171;245;0
172;245;0
173;245;0
174;245;0
175;245;0
176;245;0
177;245;0
178;245;0
179;245;0
180;245;0
181;245;0
182;245;0
183;245;1
184;245;0
185;245;0
186;245;0
187;245;0
188;245;0
189;245;0
190;245;0
191;245;0
192;245;0
193;245;0
194;245;0
195;245;0
196;245;0
197;245;0
198;245;0
1;251;0
2;251;0
3;251;0
4;251;0
5;251;0
6;251;0
7;251;0
8;251;0
9;251;0
10;251;0
11;251;1
12;251;0
13;251;0
14;251;0
15;251;1
16;251;1
17;251;1
18;251;0
19;251;0
20;251;0
21;251;1
22;251;0
23;251;1
24;251;1
25;251;1
26;251;1
27;251;0
28;251;1
29;251;1
30;251;0
31;251;0
32;251;0
33;251;0
34;251;0
35;251;0
36;251;0
37;251;0
38;251;1
39;251;1
40;251;0
41;251;0
42;251;0
43;251;1
44;251;0
45;251;0
46;251;0
47;251;0
48;251;1
49;251;0
50;251;0
51;251;1
52;251;0
53;251;0
54;251;0
55;251;0
56;251;0
57;251;0
58;251;1
59;251;1
60;251;1
61;251;1
62;251;1
63;251;1
64;251;0
65;251;0
66;251;1
67;251;0
68;251;1
69;251;0
70;251;1
71;251;1
72;251;0
73;251;0
74;251;1
75;251;0
76;251;0
77;251;0
78;251;1
79;251;0
80;251;0
81;251;0
82;251;1
84;251;1
85;251;1
86;251;1
87;251;0
88;251;1
89;251;1
90;251;0
91;251;0
92;251;1
93;251;1
94;251;1
95;251;0
96;251;1
97;251;1
98;251;0
99;251;1
100;251;0
101;251;0
102;251;0
103;251;1
104;251;0
105;251;0
106;251;0
107;251;1
108;251;1
109;251;0
110;251;1
111;251;0
112;251;0
113;251;1
114;251;1
115;251;1
116;251;1
117;251;1
118;251;1
119;251;0
120;251;0
121;251;1
122;251;1
123;251;0
124;251;0
125;251;1
126;251;1
127;251;1
128;251;0
129;251;0
130;251;1
131;251;1
132;251;0
133;251;0
134;251;1
135;251;1
136;251;1
137;251;0
138;251;0
139;251;0
140;251;1
141;251;0
142;251;0
143;251;1
144;251;0
145;251;1
146;251;0
147;251;1
148;251;0
149;251;0
150;251;0
151;251;1
152;251;0
153;251;0
154;251;0
155;251;1
156;251;0
157;251;1
158;251;0
159;251;1
160;251;1
161;251;0
162;251;0
163;251;1
164;251;1
165;251;1
166;251;1
167;251;1
168;251;1
169;251;0
170;251;1
171;251;1
172;251;1
173;251;1
174;251;0
175;251;0
176;251;1
177;251;1
178;251;0
179;251;1
180;251;1
181;251;0
182;251;1
183;251;1
184;251;0
185;251;1
186;251;0
187;251;0
188;251;1
189;251;1
190;251;1
191;251;0
192;251;0
193;251;0
194;251;0
195;251;1
196;251;0
197;251;1
198;251;0
1;252;0
2;252;1
3;252;1
4;252;1
5;252;0
6;252;0
7;252;0
8;252;0
9;252;0
10;252;1
11;252;0
12;252;0
13;252;0
14;252;0
15;252;0
16;252;1
17;252;0
18;252;0
19;252;1
20;252;0
21;252;1
22;252;0
23;252;0
24;252;1
25;252;1
26;252;0
27;252;0
28;252;0
29;252;0
30;252;0
31;252;0
32;252;0
33;252;0
34;252;0
35;252;0
36;252;0
37;252;0
38;252;0
39;252;0
40;252;1
41;252;1
42;252;0
43;252;0
44;252;0
45;252;1
46;252;0
47;252;1
48;252;0
49;252;0
50;252;1
51;252;0
52;252;0
53;252;0
54;252;0
55;252;0
56;252;0
57;252;1
58;252;1
59;252;0
60;252;0
61;252;1
62;252;0
63;252;0
64;252;0
65;252;0
66;252;0
67;252;0
68;252;1
69;252;0
70;252;0
71;252;0
72;252;0
73;252;1
74;252;0
75;252;0
76;252;1
77;252;0
78;252;0
79;252;1
80;252;0
81;252;0
82;252;0
84;252;0
85;252;0
86;252;0
87;252;0
88;252;0
89;252;1
90;252;0
91;252;0
92;252;0
93;252;0
94;252;1
95;252;0
96;252;0
97;252;0
98;252;0
99;252;1
100;252;0
101;252;0
102;252;1
103;252;0
104;252;1
105;252;0
106;252;0
107;252;0
108;252;0
109;252;0
110;252;1
111;252;0
112;252;0
113;252;0
114;252;0
115;252;1
116;252;0
117;252;1
118;252;0
119;252;0
120;252;1
121;252;0
122;252;0
123;252;0
124;252;0
125;252;1
126;252;0
127;252;0
128;252;0
129;252;0
130;252;1
131;252;0
132;252;1
133;252;0
134;252;1
135;252;0
136;252;0
137;252;0
138;252;0
139;252;1
140;252;1
141;252;0
142;252;0
143;252;0
144;252;0
145;252;0
146;252;0
147;252;0
148;252;0
149;252;0
150;252;0
151;252;0
152;252;1
153;252;0
154;252;0
155;252;1
156;252;0
157;252;0
158;252;0
159;252;0
160;252;0
161;252;0
162;252;0
163;252;0
164;252;0
165;252;0
166;252;0
167;252;0
168;252;0
169;252;0
170;252;1
171;252;1
172;252;0
173;252;1
174;252;1
175;252;0
176;252;0
177;252;0
178;252;0
179;252;0
180;252;0
181;252;0
182;252;1
183;252;1
184;252;0
185;252;1
186;252;0
187;252;0
188;252;0
189;252;0
190;252;0
191;252;0
192;252;0
193;252;0
194;252;1
195;252;0
196;252;1
197;252;0
198;252;1
1;253;0
2;253;0
3;253;1
4;253;0
5;253;0
6;253;0
7;253;0
8;253;0
9;253;0
10;253;1
11;253;0
12;253;0
13;253;0
14;253;0
15;253;1
16;253;0
17;253;0
18;253;0
19;253;0
20;253;0
21;253;0
22;253;0
23;253;0
24;253;0
25;253;0
26;253;0
27;253;0
28;253;0
29;253;0
30;253;0
31;253;0
32;253;0
33;253;0
34;253;0
35;253;0
36;253;0
37;253;0
38;253;0
39;253;0
40;253;1
41;253;0
42;253;0
43;253;0
44;253;0
45;253;0
46;253;0
47;253;0
48;253;0
49;253;0
50;253;1
51;253;0
52;253;0
53;253;0
54;253;0
55;253;1
56;253;0
57;253;0
58;253;0
59;253;0
60;253;0
61;253;1
62;253;0
63;253;0
64;253;0
65;253;0
66;253;0
67;253;0
68;253;0
69;253;0
70;253;0
71;253;0
72;253;0
73;253;0
74;253;0
75;253;0
76;253;0
77;253;0
78;253;0
79;253;0
80;253;0
81;253;0
82;253;0
84;253;0
85;253;0
86;253;0
87;253;0
88;253;0
89;253;0
90;253;0
91;253;0
92;253;0
93;253;0
94;253;0
95;253;0
96;253;0
97;253;0
98;253;0
99;253;0
100;253;0
101;253;0
102;253;0
103;253;0
104;253;0
105;253;0
106;253;1
107;253;0
108;253;0
109;253;0
110;253;0
111;253;0
112;253;0
113;253;0
114;253;0
115;253;0
116;253;0
117;253;0
118;253;0
119;253;0
120;253;0
121;253;0
122;253;0
123;253;0
124;253;0
125;253;0
126;253;0
127;253;0
128;253;0
129;253;0
130;253;0
131;253;0
132;253;0
133;253;1
134;253;0
135;253;0
136;253;0
137;253;0
138;253;0
139;253;0
140;253;0
141;253;0
142;253;0
143;253;0
144;253;0
145;253;0
146;253;0
147;253;0
148;253;0
149;253;0
150;253;0
151;253;0
152;253;0
153;253;0
154;253;0
155;253;0
156;253;0
157;253;0
158;253;0
159;253;0
160;253;0
161;253;0
162;253;0
163;253;0
164;253;0
165;253;0
166;253;0
167;253;1
168;253;0
169;253;0
170;253;0
171;253;1
172;253;0
173;253;0
174;253;0
175;253;1
176;253;0
177;253;0
178;253;0
179;253;0
180;253;0
181;253;0
182;253;0
183;253;0
184;253;0
185;253;0
186;253;0
187;253;0
188;253;0
189;253;0
190;253;1
191;253;0
192;253;0
193;253;0
194;253;0
195;253;0
196;253;0
197;253;0
198;253;0
1;254;0
2;254;0
3;254;0
4;254;0
5;254;0
6;254;0
7;254;0
8;254;0
9;254;0
10;254;0
11;254;0
12;254;0
13;254;0
14;254;0
15;254;0
16;254;0
17;254;0
18;254;0
19;254;0
20;254;0
21;254;0
22;254;0
23;254;0
24;254;0
25;254;0
26;254;0
27;254;0
28;254;0
29;254;0
30;254;0
31;254;0
32;254;0
33;254;0
34;254;0
35;254;0
36;254;0
37;254;1
38;254;0
39;254;0
40;254;0
41;254;0
42;254;0
43;254;0
44;254;0
45;254;0
46;254;0
47;254;0
48;254;0
49;254;0
50;254;0
51;254;0
52;254;0
53;254;0
54;254;0
55;254;0
56;254;0
57;254;0
58;254;0
59;254;0
60;254;0
61;254;0
62;254;0
63;254;0
64;254;0
65;254;0
66;254;0
67;254;0
68;254;0
69;254;0
70;254;0
71;254;0
72;254;0
73;254;0
74;254;0
75;254;0
76;254;0
77;254;0
78;254;0
79;254;0
80;254;0
81;254;0
82;254;0
84;254;0
85;254;0
86;254;0
87;254;0
88;254;0
89;254;0
90;254;0
91;254;0
92;254;0
93;254;0
94;254;0
95;254;0
96;254;0
97;254;0
98;254;0
99;254;0
100;254;0
101;254;0
102;254;0
103;254;0
104;254;0
105;254;0
106;254;0
107;254;0
108;254;0
109;254;1
110;254;1
111;254;0
112;254;0
113;254;0
114;254;0
115;254;0
116;254;0
117;254;0
118;254;1
119;254;0
120;254;0
121;254;0
122;254;0
123;254;0
124;254;0
125;254;0
126;254;0
127;254;0
128;254;0
129;254;0
130;254;0
131;254;0
132;254;0
133;254;0
134;254;0
135;254;0
136;254;0
137;254;0
138;254;0
139;254;0
140;254;0
141;254;0
142;254;0
143;254;0
144;254;0
145;254;0
146;254;0
147;254;0
148;254;0
149;254;0
150;254;0
151;254;0
152;254;0
153;254;0
154;254;0
155;254;0
156;254;0
157;254;0
158;254;0
159;254;0
160;254;0
161;254;0
162;254;0
163;254;0
164;254;0
165;254;0
166;254;1
167;254;0
168;254;0
169;254;0
170;254;0
171;254;0
172;254;0
173;254;0
174;254;0
175;254;0
176;254;0
177;254;0
178;254;0
179;254;0
180;254;0
181;254;0
182;254;0
183;254;0
184;254;1
185;254;0
186;254;0
187;254;0
188;254;0
189;254;0
190;254;0
191;254;0
192;254;0
193;254;0
194;254;0
195;254;0
196;254;0
197;254;0
198;254;0
1;255;0
2;255;0
3;255;0
4;255;0
5;255;0
6;255;0
7;255;0
8;255;1
9;255;0
10;255;0
11;255;0
12;255;0
13;255;0
14;255;0
15;255;0
16;255;0
17;255;0
18;255;0
19;255;0
20;255;0
21;255;1
22;255;1
23;255;0
24;255;0
25;255;0
26;255;0
27;255;0
28;255;0
29;255;0
30;255;0
31;255;0
32;255;0
33;255;0
34;255;0
35;255;0
36;255;1
37;255;1
38;255;0
39;255;1
40;255;0
41;255;0
42;255;1
43;255;0
44;255;0
45;255;0
46;255;0
47;255;0
48;255;0
49;255;0
50;255;0
51;255;0
52;255;0
53;255;0
54;255;0
55;255;0
56;255;0
57;255;0
58;255;0
59;255;0
60;255;0
61;255;1
62;255;0
63;255;0
64;255;0
65;255;0
66;255;0
67;255;0
68;255;1
69;255;0
70;255;0
71;255;1
72;255;0
73;255;0
74;255;0
75;255;0
76;255;0
77;255;0
78;255;0
79;255;0
80;255;0
81;255;0
82;255;0
84;255;0
85;255;0
86;255;0
87;255;0
88;255;0
89;255;1
90;255;0
91;255;0
92;255;0
93;255;0
94;255;0
95;255;1
96;255;0
97;255;0
98;255;0
99;255;0
100;255;1
101;255;0
102;255;0
103;255;0
104;255;1
105;255;0
106;255;0
107;255;1
108;255;0
109;255;1
110;255;0
111;255;0
112;255;0
113;255;0
114;255;1
115;255;0
116;255;0
117;255;0
118;255;0
119;255;1
120;255;0
121;255;0
122;255;0
123;255;0
124;255;1
125;255;1
126;255;0
127;255;0
128;255;1
129;255;1
130;255;0
131;255;1
132;255;0
133;255;0
134;255;1
135;255;0
136;255;1
137;255;0
138;255;0
139;255;0
140;255;0
141;255;0
142;255;0
143;255;0
144;255;0
145;255;0
146;255;0
147;255;0
148;255;0
149;255;0
150;255;0
151;255;0
152;255;0
153;255;0
154;255;0
155;255;0
156;255;1
157;255;0
158;255;0
159;255;0
160;255;0
161;255;0
162;255;0
163;255;0
164;255;0
165;255;0
166;255;0
167;255;0
168;255;0
169;255;0
170;255;1
171;255;0
172;255;1
173;255;1
174;255;0
175;255;0
176;255;0
177;255;0
178;255;0
179;255;0
180;255;0
181;255;0
182;255;0
183;255;0
184;255;0
185;255;0
186;255;0
187;255;0
188;255;0
189;255;1
190;255;0
191;255;1
192;255;0
193;255;0
194;255;0
195;255;0
196;255;0
197;255;1
198;255;1
1;256;0
2;256;0
3;256;0
4;256;0
5;256;0
6;256;0
7;256;0
8;256;0
9;256;0
10;256;0
11;256;0
12;256;0
13;256;0
14;256;0
15;256;1
16;256;1
17;256;0
18;256;0
19;256;0
20;256;1
21;256;1
22;256;0
23;256;1
24;256;0
25;256;1
26;256;1
27;256;0
28;256;0
29;256;1
30;256;0
31;256;0
32;256;0
33;256;1
34;256;1
35;256;1
36;256;0
37;256;1
38;256;0
39;256;1
40;256;0
41;256;0
42;256;1
43;256;0
44;256;0
45;256;1
46;256;0
47;256;1
48;256;0
49;256;0
50;256;1
51;256;1
52;256;1
53;256;1
54;256;0
55;256;1
56;256;0
57;256;0
58;256;1
59;256;0
60;256;1
61;256;1
62;256;1
63;256;0
64;256;1
65;256;1
66;256;0
67;256;0
68;256;0
69;256;1
70;256;0
71;256;1
72;256;0
73;256;0
74;256;0
75;256;0
76;256;0
77;256;0
78;256;0
79;256;0
80;256;1
81;256;0
82;256;0
84;256;0
85;256;1
86;256;1
87;256;1
88;256;1
89;256;1
90;256;1
91;256;0
92;256;1
93;256;1
94;256;0
95;256;0
96;256;0
97;256;1
98;256;0
99;256;0
100;256;0
101;256;0
102;256;1
103;256;1
104;256;1
105;256;1
106;256;1
107;256;0
108;256;0
109;256;1
110;256;1
111;256;1
112;256;0
113;256;1
114;256;1
115;256;1
116;256;0
117;256;1
118;256;1
119;256;0
120;256;1
121;256;0
122;256;1
123;256;0
124;256;1
125;256;1
126;256;1
127;256;1
128;256;1
129;256;0
130;256;1
131;256;1
132;256;1
133;256;1
134;256;1
135;256;0
136;256;1
137;256;0
138;256;0
139;256;1
140;256;0
141;256;0
142;256;0
143;256;0
144;256;0
145;256;1
146;256;0
147;256;0
148;256;0
149;256;0
150;256;0
151;256;1
152;256;0
153;256;0
154;256;0
155;256;0
156;256;0
157;256;0
158;256;0
159;256;0
160;256;0
161;256;1
162;256;1
163;256;1
164;256;0
165;256;1
166;256;1
167;256;1
168;256;0
169;256;1
170;256;1
171;256;1
172;256;1
173;256;0
174;256;0
175;256;1
176;256;1
177;256;0
178;256;1
179;256;1
180;256;1
181;256;0
182;256;1
183;256;1
184;256;1
185;256;0
186;256;1
187;256;0
188;256;1
189;256;0
190;256;1
191;256;0
192;256;1
193;256;0
194;256;0
195;256;0
196;256;1
197;256;1
198;256;1
1;257;0
2;257;0
3;257;0
4;257;0
5;257;0
6;257;0
7;257;0
8;257;0
9;257;0
10;257;1
11;257;0
12;257;0
13;257;0
14;257;0
15;257;0
16;257;1
17;257;0
18;257;1
19;257;0
20;257;1
21;257;1
22;257;1
23;257;1
24;257;0
25;257;1
26;257;0
27;257;0
28;257;0
29;257;0
30;257;0
31;257;0
32;257;0
33;257;0
34;257;0
35;257;0
36;257;0
37;257;1
38;257;1
39;257;0
40;257;0
41;257;0
42;257;0
43;257;0
44;257;0
45;257;0
46;257;0
47;257;0
48;257;0
49;257;0
50;257;1
51;257;0
52;257;0
53;257;0
54;257;1
55;257;1
56;257;0
57;257;0
58;257;0
59;257;0
60;257;0
61;257;1
62;257;0
63;257;0
64;257;1
65;257;1
66;257;0
67;257;0
68;257;0
69;257;0
70;257;1
71;257;1
72;257;0
73;257;0
74;257;0
75;257;1
76;257;0
77;257;0
78;257;0
79;257;0
80;257;0
81;257;0
82;257;1
84;257;1
85;257;1
86;257;0
87;257;0
88;257;0
89;257;0
90;257;0
91;257;1
92;257;0
93;257;0
94;257;1
95;257;1
96;257;1
97;257;1
98;257;0
99;257;0
100;257;0
101;257;0
102;257;1
103;257;0
104;257;0
105;257;1
106;257;0
107;257;1
108;257;0
109;257;0
110;257;1
111;257;1
112;257;0
113;257;1
114;257;0
115;257;1
116;257;0
117;257;0
118;257;0
119;257;0
120;257;1
121;257;0
122;257;1
123;257;0
124;257;0
125;257;1
126;257;0
127;257;1
128;257;0
129;257;1
130;257;0
131;257;1
132;257;0
133;257;1
134;257;1
135;257;1
136;257;1
137;257;1
138;257;0
139;257;0
140;257;0
141;257;0
142;257;0
143;257;1
144;257;0
145;257;0
146;257;1
147;257;0
148;257;0
149;257;0
150;257;1
151;257;0
152;257;0
153;257;0
154;257;0
155;257;0
156;257;0
157;257;0
158;257;0
159;257;0
160;257;0
161;257;0
162;257;1
163;257;0
164;257;0
165;257;0
166;257;1
167;257;0
168;257;0
169;257;0
170;257;1
171;257;0
172;257;0
173;257;0
174;257;1
175;257;1
176;257;0
177;257;0
178;257;0
179;257;0
180;257;0
181;257;1
182;257;0
183;257;1
184;257;0
185;257;0
186;257;0
187;257;0
188;257;0
189;257;1
190;257;0
191;257;1
192;257;1
193;257;0
194;257;0
195;257;0
196;257;0
197;257;0
198;257;0
1;259;0
2;259;0
3;259;0
4;259;0
5;259;0
6;259;0
7;259;0
8;259;0
9;259;1
10;259;1
11;259;0
12;259;0
13;259;0
14;259;0
15;259;0
16;259;0
17;259;1
18;259;0
19;259;0
20;259;0
21;259;1
22;259;0
23;259;0
24;259;0
25;259;0
26;259;0
27;259;1
28;259;0
29;259;1
30;259;0
31;259;0
32;259;0
33;259;0
34;259;0
35;259;0
36;259;1
37;259;0
38;259;1
39;259;1
40;259;0
41;259;0
42;259;1
43;259;0
44;259;1
45;259;0
46;259;0
47;259;0
48;259;0
49;259;0
50;259;0
51;259;0
52;259;0
53;259;0
54;259;0
55;259;0
56;259;1
57;259;0
58;259;1
59;259;0
60;259;0
61;259;1
62;259;1
63;259;0
64;259;1
65;259;1
66;259;1
67;259;0
68;259;0
69;259;1
70;259;0
71;259;1
72;259;0
73;259;0
74;259;0
75;259;0
76;259;0
77;259;0
78;259;1
79;259;1
80;259;0
81;259;0
82;259;1
84;259;0
85;259;0
86;259;0
87;259;1
88;259;0
89;259;0
90;259;1
91;259;1
92;259;1
93;259;0
94;259;0
95;259;0
96;259;0
97;259;1
98;259;0
99;259;0
100;259;0
101;259;0
102;259;1
103;259;0
104;259;0
105;259;0
106;259;1
107;259;0
108;259;0
109;259;1
110;259;1
111;259;1
112;259;1
113;259;1
114;259;0
115;259;1
116;259;1
117;259;1
118;259;1
119;259;1
120;259;0
121;259;1
122;259;1
123;259;0
124;259;1
125;259;0
126;259;0
127;259;0
128;259;1
129;259;1
130;259;1
131;259;0
132;259;1
133;259;1
134;259;1
135;259;0
136;259;0
137;259;0
138;259;1
139;259;0
140;259;1
141;259;0
142;259;0
143;259;1
144;259;1
145;259;0
146;259;1
147;259;0
148;259;0
149;259;0
150;259;0
151;259;0
152;259;0
153;259;0
154;259;1
155;259;0
156;259;0
157;259;0
158;259;0
159;259;1
160;259;0
161;259;0
162;259;1
163;259;0
164;259;0
165;259;0
166;259;0
167;259;0
168;259;0
169;259;0
170;259;1
171;259;1
172;259;0
173;259;1
174;259;0
175;259;0
176;259;0
177;259;0
178;259;1
179;259;0
180;259;0
181;259;0
182;259;0
183;259;1
184;259;1
185;259;1
186;259;0
187;259;0
188;259;0
189;259;1
190;259;1
191;259;0
192;259;0
193;259;0
194;259;0
195;259;0
196;259;0
197;259;1
198;259;1
1;261;0
2;261;0
3;261;0
4;261;0
5;261;0
6;261;0
7;261;0
8;261;0
9;261;0
10;261;1
11;261;1
12;261;0
13;261;0
14;261;0
15;261;0
16;261;0
17;261;0
18;261;1
19;261;0
20;261;0
21;261;0
22;261;0
23;261;0
24;261;0
25;261;0
26;261;0
27;261;0
28;261;1
29;261;0
30;261;0
31;261;0
32;261;0
33;261;0
34;261;0
35;261;0
36;261;0
37;261;0
38;261;0
39;261;0
40;261;0
41;261;0
42;261;0
43;261;0
44;261;0
45;261;0
46;261;0
47;261;1
48;261;0
49;261;0
50;261;0
51;261;0
52;261;0
53;261;0
54;261;0
55;261;0
56;261;0
57;261;0
58;261;0
59;261;0
60;261;0
61;261;0
62;261;0
63;261;0
64;261;0
65;261;0
66;261;0
67;261;0
68;261;0
69;261;0
70;261;0
71;261;0
72;261;0
73;261;0
74;261;0
75;261;0
76;261;0
77;261;1
78;261;0
79;261;0
80;261;0
81;261;0
82;261;0
84;261;0
85;261;0
86;261;0
87;261;1
88;261;0
89;261;0
90;261;0
91;261;0
92;261;0
93;261;0
94;261;0
95;261;1
96;261;0
97;261;0
98;261;0
99;261;0
100;261;0
101;261;0
102;261;0
103;261;0
104;261;0
105;261;0
106;261;0
107;261;1
108;261;0
109;261;0
110;261;1
111;261;0
112;261;0
113;261;0
114;261;0
115;261;1
116;261;0
117;261;0
118;261;0
119;261;0
120;261;0
121;261;0
122;261;0
123;261;0
124;261;1
125;261;0
126;261;0
127;261;0
128;261;0
129;261;0
130;261;0
131;261;0
132;261;1
133;261;0
134;261;0
135;261;0
136;261;0
137;261;0
138;261;0
139;261;0
140;261;0
141;261;0
142;261;1
143;261;0
144;261;0
145;261;0
146;261;0
147;261;1
148;261;0
149;261;0
150;261;0
151;261;0
152;261;0
153;261;0
154;261;0
155;261;0
156;261;0
157;261;0
158;261;0
159;261;0
160;261;0
161;261;0
162;261;1
163;261;0
164;261;0
165;261;0
166;261;0
167;261;0
168;261;1
169;261;0
170;261;0
171;261;0
172;261;0
173;261;0
174;261;0
175;261;0
176;261;0
177;261;0
178;261;0
179;261;0
180;261;0
181;261;1
182;261;1
183;261;0
184;261;0
185;261;0
186;261;0
187;261;0
188;261;0
189;261;0
190;261;0
191;261;0
192;261;0
193;261;0
194;261;0
195;261;0
196;261;0
197;261;0
198;261;0
1;262;0
2;262;1
3;262;0
4;262;0
5;262;0
6;262;0
7;262;0
8;262;0
9;262;0
10;262;0
11;262;1
12;262;0
13;262;0
14;262;0
15;262;0
16;262;0
17;262;0
18;262;0
19;262;0
20;262;0
21;262;0
22;262;0
23;262;0
24;262;0
25;262;0
26;262;0
27;262;0
28;262;0
29;262;0
30;262;0
31;262;0
32;262;0
33;262;0
34;262;0
35;262;0
36;262;0
37;262;0
38;262;0
39;262;0
40;262;0
41;262;0
42;262;0
43;262;0
44;262;0
45;262;0
46;262;0
47;262;0
48;262;0
49;262;0
50;262;0
51;262;0
52;262;0
53;262;0
54;262;0
55;262;0
56;262;0
57;262;0
58;262;0
59;262;0
60;262;0
61;262;0
62;262;0
63;262;0
64;262;0
65;262;0
66;262;0
67;262;0
68;262;1
69;262;0
70;262;0
71;262;0
72;262;0
73;262;0
74;262;0
75;262;0
76;262;0
77;262;0
78;262;0
79;262;0
80;262;0
81;262;0
82;262;0
84;262;0
85;262;1
86;262;0
87;262;0
88;262;0
89;262;0
90;262;0
91;262;0
92;262;0
93;262;0
94;262;0
95;262;0
96;262;0
97;262;0
98;262;0
99;262;0
100;262;0
101;262;0
102;262;0
103;262;0
104;262;0
105;262;0
106;262;0
107;262;0
108;262;0
109;262;0
110;262;0
111;262;0
112;262;1
113;262;0
114;262;0
115;262;0
116;262;0
117;262;0
118;262;0
119;262;0
120;262;0
121;262;0
122;262;0
123;262;0
124;262;0
125;262;0
126;262;0
127;262;0
128;262;0
129;262;0
130;262;0
131;262;0
132;262;0
133;262;0
134;262;0
135;262;0
136;262;0
137;262;0
138;262;1
139;262;0
140;262;0
141;262;0
142;262;0
143;262;0
144;262;0
145;262;0
146;262;0
147;262;0
148;262;0
149;262;0
150;262;0
151;262;0
152;262;0
153;262;0
154;262;0
155;262;0
156;262;0
157;262;0
158;262;0
159;262;0
160;262;0
161;262;0
162;262;0
163;262;0
164;262;0
165;262;0
166;262;0
167;262;0
168;262;0
169;262;0
170;262;0
171;262;0
172;262;0
173;262;0
174;262;0
175;262;1
176;262;0
177;262;0
178;262;0
179;262;0
180;262;0
181;262;1
182;262;0
183;262;0
184;262;0
185;262;0
186;262;0
187;262;0
188;262;0
189;262;0
190;262;0
191;262;0
192;262;0
193;262;0
194;262;0
195;262;0
196;262;0
197;262;0
198;262;0
1;263;0
2;263;0
3;263;0
4;263;0
5;263;0
6;263;0
7;263;0
8;263;0
9;263;0
10;263;0
11;263;0
12;263;0
13;263;0
14;263;1
15;263;0
16;263;0
17;263;0
18;263;0
19;263;0
20;263;0
21;263;0
22;263;0
23;263;0
24;263;0
25;263;0
26;263;0
27;263;0
28;263;0
29;263;0
30;263;0
31;263;0
32;263;0
33;263;0
34;263;0
35;263;0
36;263;0
37;263;0
38;263;0
39;263;0
40;263;0
41;263;0
42;263;0
43;263;0
44;263;0
45;263;1
46;263;1
47;263;0
48;263;0
49;263;0
50;263;0
51;263;0
52;263;0
53;263;0
54;263;0
55;263;0
56;263;0
57;263;0
58;263;0
59;263;0
60;263;0
61;263;0
62;263;0
63;263;0
64;263;0
65;263;0
66;263;0
67;263;0
68;263;1
69;263;0
70;263;0
71;263;0
72;263;0
73;263;0
74;263;0
75;263;0
76;263;1
77;263;0
78;263;0
79;263;0
80;263;0
81;263;0
82;263;0
84;263;0
85;263;0
86;263;0
87;263;0
88;263;0
89;263;0
90;263;0
91;263;1
92;263;0
93;263;0
94;263;0
95;263;0
96;263;0
97;263;0
98;263;0
99;263;0
100;263;0
101;263;0
102;263;0
103;263;0
104;263;0
105;263;0
106;263;0
107;263;0
108;263;0
109;263;0
110;263;0
111;263;0
112;263;0
113;263;0
114;263;0
115;263;1
116;263;0
117;263;0
118;263;0
119;263;0
120;263;1
121;263;0
122;263;0
123;263;0
124;263;0
125;263;0
126;263;1
127;263;0
128;263;1
129;263;0
130;263;0
131;263;0
132;263;0
133;263;0
134;263;0
135;263;0
136;263;0
137;263;0
138;263;0
139;263;0
140;263;0
141;263;0
142;263;0
143;263;0
144;263;0
145;263;0
146;263;0
147;263;1
148;263;0
149;263;0
150;263;0
151;263;0
152;263;0
153;263;0
154;263;0
155;263;0
156;263;0
157;263;0
158;263;0
159;263;0
160;263;0
161;263;0
162;263;0
163;263;0
164;263;0
165;263;0
166;263;0
167;263;0
168;263;0
169;263;0
170;263;0
171;263;0
172;263;0
173;263;0
174;263;0
175;263;0
176;263;0
177;263;0
178;263;0
179;263;0
180;263;0
181;263;0
182;263;0
183;263;0
184;263;0
185;263;0
186;263;0
187;263;0
188;263;0
189;263;0
190;263;1
191;263;0
192;263;1
193;263;0
194;263;0
195;263;0
196;263;0
197;263;0
198;263;0
1;264;0
2;264;0
3;264;0
4;264;0
5;264;1
6;264;0
7;264;0
8;264;0
9;264;0
10;264;0
11;264;0
12;264;0
13;264;0
14;264;0
15;264;0
16;264;0
17;264;0
18;264;0
19;264;0
20;264;0
21;264;0
22;264;0
23;264;0
24;264;0
25;264;0
26;264;0
27;264;0
28;264;1
29;264;0
30;264;0
31;264;0
32;264;0
33;264;0
34;264;0
35;264;0
36;264;0
37;264;0
38;264;0
39;264;0
40;264;0
41;264;0
42;264;0
43;264;0
44;264;0
45;264;0
46;264;0
47;264;0
48;264;0
49;264;0
50;264;0
51;264;0
52;264;0
53;264;0
54;264;0
55;264;0
56;264;0
57;264;0
58;264;0
59;264;0
60;264;0
61;264;1
62;264;0
63;264;0
64;264;0
65;264;0
66;264;0
67;264;0
68;264;0
69;264;0
70;264;0
71;264;0
72;264;0
73;264;0
74;264;0
75;264;0
76;264;0
77;264;0
78;264;0
79;264;0
80;264;0
81;264;0
82;264;0
84;264;0
85;264;1
86;264;0
87;264;0
88;264;0
89;264;0
90;264;0
91;264;0
92;264;0
93;264;0
94;264;0
95;264;0
96;264;0
97;264;0
98;264;0
99;264;0
100;264;0
101;264;0
102;264;0
103;264;0
104;264;0
105;264;0
106;264;0
107;264;0
108;264;0
109;264;0
110;264;0
111;264;0
112;264;0
113;264;0
114;264;0
115;264;0
116;264;0
117;264;0
118;264;0
119;264;0
120;264;0
121;264;1
122;264;0
123;264;1
124;264;0
125;264;0
126;264;0
127;264;0
128;264;0
129;264;0
130;264;0
131;264;1
132;264;0
133;264;0
134;264;0
135;264;0
136;264;0
137;264;0
138;264;0
139;264;0
140;264;0
141;264;0
142;264;0
143;264;0
144;264;0
145;264;0
146;264;0
147;264;0
148;264;0
149;264;0
150;264;0
151;264;0
152;264;0
153;264;0
154;264;0
155;264;0
156;264;0
157;264;0
158;264;0
159;264;0
160;264;0
161;264;0
162;264;1
163;264;0
164;264;0
165;264;0
166;264;0
167;264;0
168;264;0
169;264;0
170;264;0
171;264;0
172;264;0
173;264;0
174;264;0
175;264;0
176;264;0
177;264;0
178;264;0
179;264;0
180;264;0
181;264;0
182;264;0
183;264;0
184;264;0
185;264;0
186;264;0
187;264;0
188;264;0
189;264;0
190;264;0
191;264;0
192;264;0
193;264;0
194;264;0
195;264;0
196;264;0
197;264;0
198;264;0
1;265;0
2;265;0
3;265;0
4;265;1
5;265;0
6;265;0
7;265;0
8;265;0
9;265;1
10;265;0
11;265;1
12;265;0
13;265;1
14;265;0
15;265;0
16;265;1
17;265;0
18;265;0
19;265;1
20;265;0
21;265;0
22;265;1
23;265;0
24;265;0
25;265;0
26;265;0
27;265;0
28;265;0
29;265;0
30;265;0
31;265;0
32;265;0
33;265;0
34;265;0
35;265;0
36;265;0
37;265;0
38;265;0
39;265;0
40;265;0
41;265;0
42;265;0
43;265;0
44;265;0
45;265;0
46;265;0
47;265;0
48;265;0
49;265;0
50;265;0
51;265;0
52;265;0
53;265;0
54;265;0
55;265;0
56;265;0
57;265;0
58;265;0
59;265;0
60;265;0
61;265;0
62;265;0
63;265;0
64;265;0
65;265;0
66;265;0
67;265;0
68;265;0
69;265;0
70;265;0
71;265;1
72;265;0
73;265;0
74;265;0
75;265;0
76;265;0
77;265;0
78;265;1
79;265;0
80;265;0
81;265;0
82;265;0
84;265;0
85;265;1
86;265;0
87;265;0
88;265;0
89;265;0
90;265;0
91;265;1
92;265;0
93;265;0
94;265;0
95;265;0
96;265;0
97;265;0
98;265;1
99;265;0
100;265;0
101;265;0
102;265;0
103;265;0
104;265;0
105;265;0
106;265;1
107;265;0
108;265;0
109;265;1
110;265;0
111;265;0
112;265;0
113;265;0
114;265;0
115;265;0
116;265;0
117;265;0
118;265;0
119;265;0
120;265;0
121;265;0
122;265;0
123;265;1
124;265;0
125;265;0
126;265;0
127;265;1
128;265;1
129;265;0
130;265;1
131;265;0
132;265;0
133;265;0
134;265;0
135;265;1
136;265;1
137;265;0
138;265;0
139;265;0
140;265;0
141;265;0
142;265;0
143;265;0
144;265;0
145;265;0
146;265;0
147;265;0
148;265;0
149;265;0
150;265;0
151;265;0
152;265;0
153;265;0
154;265;1
155;265;0
156;265;0
157;265;0
158;265;0
159;265;0
160;265;0
161;265;0
162;265;0
163;265;1
164;265;0
165;265;0
166;265;0
167;265;0
168;265;0
169;265;0
170;265;1
171;265;0
172;265;0
173;265;1
174;265;0
175;265;0
176;265;0
177;265;0
178;265;0
179;265;0
180;265;0
181;265;0
182;265;0
183;265;1
184;265;1
185;265;0
186;265;0
187;265;0
188;265;0
189;265;0
190;265;0
191;265;0
192;265;0
193;265;0
194;265;0
195;265;0
196;265;1
197;265;1
198;265;0
1;266;0
2;266;0
3;266;1
4;266;0
5;266;0
6;266;0
7;266;0
8;266;0
9;266;1
10;266;1
11;266;0
12;266;0
13;266;1
14;266;1
15;266;0
16;266;1
17;266;0
18;266;1
19;266;1
20;266;0
21;266;0
22;266;0
23;266;0
24;266;0
25;266;0
26;266;0
27;266;0
28;266;0
29;266;1
30;266;0
31;266;0
32;266;0
33;266;0
34;266;0
35;266;0
36;266;0
37;266;1
38;266;0
39;266;0
40;266;0
41;266;0
42;266;0
43;266;0
44;266;0
45;266;0
46;266;0
47;266;1
48;266;0
49;266;0
50;266;0
51;266;0
52;266;0
53;266;0
54;266;0
55;266;0
56;266;0
57;266;0
58;266;0
59;266;0
60;266;0
61;266;0
62;266;0
63;266;0
64;266;0
65;266;0
66;266;0
67;266;0
68;266;0
69;266;0
70;266;0
71;266;0
72;266;0
73;266;0
74;266;1
75;266;1
76;266;0
77;266;0
78;266;0
79;266;0
80;266;0
81;266;0
82;266;0
84;266;0
85;266;0
86;266;0
87;266;0
88;266;0
89;266;0
90;266;0
91;266;1
92;266;0
93;266;0
94;266;0
95;266;1
96;266;0
97;266;0
98;266;0
99;266;0
100;266;0
101;266;0
102;266;0
103;266;0
104;266;1
105;266;0
106;266;1
107;266;0
108;266;0
109;266;0
110;266;1
111;266;0
112;266;0
113;266;0
114;266;0
115;266;0
116;266;0
117;266;0
118;266;0
119;266;0
120;266;0
121;266;0
122;266;0
123;266;0
124;266;0
125;266;0
126;266;0
127;266;0
128;266;0
129;266;0
130;266;1
131;266;1
132;266;0
133;266;1
134;266;0
135;266;1
136;266;1
137;266;0
138;266;1
139;266;0
140;266;0
141;266;0
142;266;0
143;266;0
144;266;1
145;266;0
146;266;0
147;266;0
148;266;0
149;266;0
150;266;0
151;266;0
152;266;0
153;266;0
154;266;0
155;266;0
156;266;0
157;266;0
158;266;0
159;266;0
160;266;0
161;266;0
162;266;0
163;266;0
164;266;0
165;266;0
166;266;0
167;266;0
168;266;0
169;266;0
170;266;0
171;266;0
172;266;0
173;266;0
174;266;0
175;266;0
176;266;0
177;266;0
178;266;0
179;266;0
180;266;0
181;266;0
182;266;0
183;266;0
184;266;0
185;266;0
186;266;0
187;266;1
188;266;0
189;266;0
190;266;0
191;266;0
192;266;0
193;266;0
194;266;0
195;266;0
196;266;0
197;266;0
198;266;0
1;267;0
2;267;1
3;267;1
4;267;0
5;267;0
6;267;1
7;267;0
8;267;0
9;267;1
10;267;1
11;267;1
12;267;0
13;267;0
14;267;1
15;267;0
16;267;0
17;267;0
18;267;0
19;267;0
20;267;1
21;267;0
22;267;1
23;267;0
24;267;0
25;267;0
26;267;0
27;267;1
28;267;0
29;267;0
30;267;0
31;267;0
32;267;0
33;267;0
34;267;0
35;267;1
36;267;0
37;267;0
38;267;0
39;267;0
40;267;0
41;267;0
42;267;0
43;267;0
44;267;0
45;267;0
46;267;0
47;267;0
48;267;0
49;267;0
50;267;0
51;267;0
52;267;0
53;267;0
54;267;0
55;267;0
56;267;0
57;267;0
58;267;0
59;267;0
60;267;0
61;267;0
62;267;0
63;267;0
64;267;0
65;267;0
66;267;0
67;267;0
68;267;0
69;267;0
70;267;0
71;267;1
72;267;0
73;267;0
74;267;0
75;267;0
76;267;0
77;267;0
78;267;0
79;267;0
80;267;1
81;267;0
82;267;0
84;267;0
85;267;0
86;267;0
87;267;0
88;267;0
89;267;0
90;267;0
91;267;0
92;267;0
93;267;0
94;267;0
95;267;0
96;267;0
97;267;0
98;267;1
99;267;0
100;267;0
101;267;0
102;267;0
103;267;0
104;267;0
105;267;0
106;267;0
107;267;1
108;267;0
109;267;0
110;267;0
111;267;0
112;267;0
113;267;0
114;267;0
115;267;0
116;267;0
117;267;0
118;267;1
119;267;0
120;267;0
121;267;0
122;267;0
123;267;0
124;267;1
125;267;0
126;267;0
127;267;1
128;267;0
129;267;0
130;267;1
131;267;1
132;267;1
133;267;0
134;267;0
135;267;0
136;267;0
137;267;0
138;267;0
139;267;0
140;267;0
141;267;0
142;267;0
143;267;0
144;267;0
145;267;0
146;267;0
147;267;0
148;267;0
149;267;0
150;267;1
151;267;0
152;267;0
153;267;0
154;267;1
155;267;0
156;267;0
157;267;0
158;267;0
159;267;0
160;267;0
161;267;0
162;267;0
163;267;0
164;267;0
165;267;0
166;267;1
167;267;0
168;267;0
169;267;0
170;267;0
171;267;1
172;267;0
173;267;1
174;267;0
175;267;0
176;267;0
177;267;0
178;267;1
179;267;1
180;267;0
181;267;0
182;267;0
183;267;0
184;267;0
185;267;0
186;267;0
187;267;0
188;267;0
189;267;0
190;267;0
191;267;0
192;267;0
193;267;0
194;267;0
195;267;0
196;267;1
197;267;0
198;267;0
1;268;0
2;268;0
3;268;0
4;268;0
5;268;0
6;268;0
7;268;0
8;268;0
9;268;0
10;268;0
11;268;0
12;268;0
13;268;0
14;268;1
15;268;0
16;268;0
17;268;0
18;268;0
19;268;0
20;268;0
21;268;0
22;268;0
23;268;0
24;268;0
25;268;0
26;268;0
27;268;0
28;268;0
29;268;0
30;268;0
31;268;0
32;268;0
33;268;0
34;268;0
35;268;0
36;268;0
37;268;0
38;268;0
39;268;0
40;268;0
41;268;0
42;268;0
43;268;0
44;268;0
45;268;0
46;268;0
47;268;0
48;268;0
49;268;0
50;268;0
51;268;0
52;268;0
53;268;0
54;268;0
55;268;0
56;268;0
57;268;0
58;268;0
59;268;0
60;268;0
61;268;0
62;268;0
63;268;0
64;268;0
65;268;0
66;268;0
67;268;0
68;268;0
69;268;0
70;268;0
71;268;0
72;268;0
73;268;0
74;268;0
75;268;0
76;268;0
77;268;0
78;268;0
79;268;0
80;268;0
81;268;0
82;268;0
84;268;0
85;268;0
86;268;0
87;268;1
88;268;0
89;268;0
90;268;0
91;268;0
92;268;0
93;268;0
94;268;0
95;268;0
96;268;0
97;268;0
98;268;0
99;268;0
100;268;0
101;268;0
102;268;0
103;268;0
104;268;0
105;268;0
106;268;0
107;268;0
108;268;0
109;268;0
110;268;0
111;268;0
112;268;0
113;268;0
114;268;0
115;268;0
116;268;0
117;268;0
118;268;0
119;268;0
120;268;0
121;268;0
122;268;0
123;268;0
124;268;0
125;268;0
126;268;0
127;268;0
128;268;0
129;268;0
130;268;0
131;268;0
132;268;0
133;268;0
134;268;0
135;268;0
136;268;0
137;268;0
138;268;0
139;268;0
140;268;0
141;268;0
142;268;0
143;268;0
144;268;0
145;268;0
146;268;0
147;268;0
148;268;0
149;268;0
150;268;0
151;268;0
152;268;0
153;268;0
154;268;0
155;268;0
156;268;0
157;268;0
158;268;0
159;268;0
160;268;0
161;268;0
162;268;0
163;268;0
164;268;0
165;268;0
166;268;0
167;268;0
168;268;0
169;268;0
170;268;0
171;268;0
172;268;0
173;268;0
174;268;0
175;268;0
176;268;0
177;268;0
178;268;0
179;268;0
180;268;0
181;268;0
182;268;0
183;268;0
184;268;0
185;268;0
186;268;0
187;268;0
188;268;0
189;268;0
190;268;0
191;268;0
192;268;0
193;268;0
194;268;0
195;268;0
196;268;0
197;268;0
198;268;0
1;271;0
2;271;1
3;271;0
4;271;0
5;271;0
6;271;0
7;271;0
8;271;0
9;271;1
10;271;1
11;271;0
12;271;0
13;271;1
14;271;1
15;271;1
16;271;0
17;271;0
18;271;0
19;271;0
20;271;1
21;271;1
22;271;1
23;271;0
24;271;0
25;271;0
26;271;0
27;271;0
28;271;0
29;271;0
30;271;0
31;271;0
32;271;0
33;271;0
34;271;1
35;271;0
36;271;0
37;271;0
38;271;1
39;271;0
40;271;0
41;271;0
42;271;0
43;271;1
44;271;0
45;271;0
46;271;0
47;271;0
48;271;0
49;271;0
50;271;0
51;271;0
52;271;0
53;271;0
54;271;1
55;271;0
56;271;0
57;271;0
58;271;0
59;271;0
60;271;0
61;271;0
62;271;1
63;271;0
64;271;0
65;271;0
66;271;0
67;271;0
68;271;0
69;271;0
70;271;0
71;271;0
72;271;0
73;271;0
74;271;0
75;271;0
76;271;0
77;271;0
78;271;0
79;271;0
80;271;0
81;271;0
82;271;0
84;271;0
85;271;0
86;271;0
87;271;1
88;271;0
89;271;0
90;271;0
91;271;0
92;271;0
93;271;0
94;271;0
95;271;0
96;271;0
97;271;0
98;271;0
99;271;0
100;271;0
101;271;0
102;271;0
103;271;0
104;271;1
105;271;0
106;271;1
107;271;0
108;271;0
109;271;0
110;271;1
111;271;1
112;271;0
113;271;0
114;271;1
115;271;0
116;271;1
117;271;0
118;271;0
119;271;0
120;271;1
121;271;0
122;271;1
123;271;0
124;271;1
125;271;0
126;271;0
127;271;0
128;271;0
129;271;0
130;271;0
131;271;0
132;271;0
133;271;0
134;271;1
135;271;0
136;271;1
137;271;1
138;271;0
139;271;0
140;271;1
141;271;1
142;271;0
143;271;1
144;271;1
145;271;0
146;271;0
147;271;0
148;271;0
149;271;0
150;271;0
151;271;0
152;271;0
153;271;0
154;271;0
155;271;0
156;271;0
157;271;0
158;271;0
159;271;0
160;271;0
161;271;1
162;271;0
163;271;1
164;271;0
165;271;0
166;271;1
167;271;0
168;271;0
169;271;0
170;271;0
171;271;0
172;271;0
173;271;1
174;271;0
175;271;0
176;271;0
177;271;0
178;271;0
179;271;0
180;271;0
181;271;0
182;271;0
183;271;1
184;271;0
185;271;0
186;271;0
187;271;0
188;271;0
189;271;0
190;271;0
191;271;0
192;271;1
193;271;0
194;271;0
195;271;0
196;271;1
197;271;1
198;271;0
1;272;0
2;272;0
3;272;0
4;272;0
5;272;0
6;272;0
7;272;0
8;272;0
9;272;0
10;272;0
11;272;1
12;272;0
13;272;1
14;272;0
15;272;0
16;272;1
17;272;0
18;272;0
19;272;0
20;272;1
21;272;0
22;272;0
23;272;0
24;272;0
25;272;0
26;272;0
27;272;0
28;272;1
29;272;0
30;272;0
31;272;0
32;272;0
33;272;0
34;272;0
35;272;0
36;272;0
37;272;0
38;272;0
39;272;0
40;272;0
41;272;0
42;272;0
43;272;0
44;272;1
45;272;0
46;272;0
47;272;0
48;272;0
49;272;0
50;272;0
51;272;0
52;272;0
53;272;0
54;272;0
55;272;0
56;272;0
57;272;0
58;272;0
59;272;0
60;272;0
61;272;0
62;272;0
63;272;0
64;272;0
65;272;0
66;272;0
67;272;0
68;272;0
69;272;0
70;272;0
71;272;0
72;272;0
73;272;0
74;272;0
75;272;0
76;272;0
77;272;0
78;272;0
79;272;0
80;272;0
81;272;0
82;272;0
84;272;0
85;272;0
86;272;0
87;272;0
88;272;0
89;272;0
90;272;0
91;272;0
92;272;0
93;272;0
94;272;0
95;272;0
96;272;0
97;272;0
98;272;0
99;272;0
100;272;0
101;272;0
102;272;0
103;272;0
104;272;1
105;272;0
106;272;0
107;272;0
108;272;0
109;272;0
110;272;0
111;272;0
112;272;0
113;272;0
114;272;0
115;272;0
116;272;0
117;272;0
118;272;0
119;272;0
120;272;0
121;272;0
122;272;0
123;272;0
124;272;0
125;272;1
126;272;1
127;272;1
128;272;1
129;272;0
130;272;0
131;272;1
132;272;0
133;272;0
134;272;0
135;272;0
136;272;0
137;272;0
138;272;0
139;272;0
140;272;0
141;272;0
142;272;0
143;272;1
144;272;0
145;272;0
146;272;0
147;272;0
148;272;0
149;272;0
150;272;0
151;272;0
152;272;0
153;272;0
154;272;0
155;272;0
156;272;0
157;272;0
158;272;0
159;272;0
160;272;0
161;272;0
162;272;1
163;272;0
164;272;0
165;272;0
166;272;0
167;272;1
168;272;0
169;272;0
170;272;0
171;272;0
172;272;0
173;272;0
174;272;0
175;272;0
176;272;0
177;272;0
178;272;0
179;272;0
180;272;0
181;272;0
182;272;0
183;272;0
184;272;0
185;272;0
186;272;0
187;272;0
188;272;0
189;272;0
190;272;0
191;272;0
192;272;0
193;272;0
194;272;0
195;272;0
196;272;0
197;272;0
198;272;0
1;273;0
2;273;0
3;273;0
4;273;1
5;273;0
6;273;0
7;273;0
8;273;0
9;273;0
10;273;0
11;273;1
12;273;0
13;273;0
14;273;0
15;273;0
16;273;0
17;273;0
18;273;0
19;273;0
20;273;0
21;273;0
22;273;0
23;273;0
24;273;1
25;273;0
26;273;0
27;273;1
28;273;0
29;273;0
30;273;0
31;273;0
32;273;0
33;273;0
34;273;0
35;273;0
36;273;0
37;273;0
38;273;1
39;273;0
40;273;0
41;273;0
42;273;0
43;273;0
44;273;0
45;273;0
46;273;0
47;273;0
48;273;0
49;273;0
50;273;0
51;273;0
52;273;0
53;273;0
54;273;0
55;273;0
56;273;0
57;273;0
58;273;0
59;273;0
60;273;0
61;273;0
62;273;0
63;273;0
64;273;0
65;273;0
66;273;0
67;273;0
68;273;0
69;273;0
70;273;0
71;273;0
72;273;0
73;273;0
74;273;0
75;273;0
76;273;1
77;273;0
78;273;0
79;273;0
80;273;0
81;273;0
82;273;1
84;273;0
85;273;0
86;273;0
87;273;1
88;273;0
89;273;0
90;273;0
91;273;0
92;273;0
93;273;0
94;273;0
95;273;0
96;273;0
97;273;0
98;273;0
99;273;1
100;273;0
101;273;0
102;273;0
103;273;0
104;273;0
105;273;0
106;273;1
107;273;1
108;273;0
109;273;0
110;273;1
111;273;1
112;273;0
113;273;0
114;273;1
115;273;1
116;273;0
117;273;0
118;273;0
119;273;0
120;273;0
121;273;0
122;273;0
123;273;0
124;273;0
125;273;0
126;273;0
127;273;0
128;273;0
129;273;0
130;273;0
131;273;0
132;273;0
133;273;0
134;273;0
135;273;0
136;273;1
137;273;0
138;273;0
139;273;0
140;273;0
141;273;0
142;273;0
143;273;0
144;273;1
145;273;0
146;273;0
147;273;1
148;273;0
149;273;0
150;273;0
151;273;0
152;273;0
153;273;0
154;273;0
155;273;0
156;273;0
157;273;0
158;273;0
159;273;0
160;273;0
161;273;1
162;273;0
163;273;1
164;273;0
165;273;0
166;273;0
167;273;0
168;273;0
169;273;0
170;273;1
171;273;0
172;273;1
173;273;1
174;273;0
175;273;0
176;273;0
177;273;0
178;273;0
179;273;0
180;273;0
181;273;0
182;273;0
183;273;0
184;273;0
185;273;0
186;273;0
187;273;0
188;273;0
189;273;0
190;273;0
191;273;1
192;273;0
193;273;0
194;273;0
195;273;0
196;273;0
197;273;0
198;273;0
1;274;0
2;274;0
3;274;0
4;274;0
5;274;0
6;274;0
7;274;0
8;274;0
9;274;0
10;274;1
11;274;0
12;274;0
13;274;0
14;274;0
15;274;0
16;274;1
17;274;1
18;274;0
19;274;1
20;274;0
21;274;1
22;274;0
23;274;1
24;274;0
25;274;0
26;274;0
27;274;0
28;274;0
29;274;0
30;274;0
31;274;0
32;274;0
33;274;0
34;274;0
35;274;1
36;274;0
37;274;1
38;274;0
39;274;0
40;274;1
41;274;0
42;274;0
43;274;0
44;274;0
45;274;0
46;274;0
47;274;0
48;274;0
49;274;0
50;274;0
51;274;0
52;274;1
53;274;0
54;274;0
55;274;0
56;274;0
57;274;0
58;274;0
59;274;0
60;274;0
61;274;0
62;274;0
63;274;0
64;274;0
65;274;0
66;274;0
67;274;0
68;274;0
69;274;0
70;274;0
71;274;1
72;274;0
73;274;0
74;274;0
75;274;0
76;274;0
77;274;0
78;274;0
79;274;0
80;274;0
81;274;0
82;274;0
84;274;0
85;274;0
86;274;0
87;274;0
88;274;0
89;274;0
90;274;0
91;274;0
92;274;0
93;274;0
94;274;1
95;274;0
96;274;0
97;274;0
98;274;0
99;274;0
100;274;0
101;274;0
102;274;0
103;274;0
104;274;0
105;274;0
106;274;1
107;274;0
108;274;0
109;274;0
110;274;0
111;274;1
112;274;0
113;274;0
114;274;0
115;274;0
116;274;1
117;274;0
118;274;1
119;274;0
120;274;0
121;274;0
122;274;0
123;274;0
124;274;0
125;274;0
126;274;1
127;274;0
128;274;0
129;274;1
130;274;0
131;274;1
132;274;0
133;274;1
134;274;0
135;274;0
136;274;0
137;274;0
138;274;0
139;274;0
140;274;0
141;274;0
142;274;0
143;274;0
144;274;0
145;274;0
146;274;0
147;274;0
148;274;0
149;274;0
150;274;0
151;274;0
152;274;0
153;274;0
154;274;0
155;274;0
156;274;0
157;274;0
158;274;0
159;274;0
160;274;0
161;274;0
162;274;1
163;274;1
164;274;0
165;274;0
166;274;0
167;274;0
168;274;0
169;274;0
170;274;0
171;274;0
172;274;1
173;274;0
174;274;1
175;274;0
176;274;0
177;274;0
178;274;0
179;274;0
180;274;0
181;274;1
182;274;0
183;274;0
184;274;0
185;274;0
186;274;0
187;274;0
188;274;0
189;274;0
190;274;0
191;274;0
192;274;0
193;274;0
194;274;0
195;274;0
196;274;0
197;274;0
198;274;0
1;275;0
2;275;0
3;275;0
4;275;0
5;275;0
6;275;0
7;275;0
8;275;0
9;275;0
10;275;0
11;275;0
12;275;0
13;275;0
14;275;1
15;275;0
16;275;0
17;275;0
18;275;0
19;275;0
20;275;0
21;275;0
22;275;0
23;275;0
24;275;0
25;275;0
26;275;0
27;275;0
28;275;0
29;275;0
30;275;0
31;275;0
32;275;0
33;275;0
34;275;0
35;275;0
36;275;0
37;275;0
38;275;0
39;275;0
40;275;0
41;275;1
42;275;0
43;275;0
44;275;0
45;275;0
46;275;0
47;275;0
48;275;0
49;275;1
50;275;0
51;275;0
52;275;1
53;275;0
54;275;0
55;275;0
56;275;0
57;275;0
58;275;0
59;275;0
60;275;0
61;275;0
62;275;0
63;275;0
64;275;0
65;275;0
66;275;0
67;275;0
68;275;0
69;275;0
70;275;0
71;275;0
72;275;0
73;275;1
74;275;0
75;275;0
76;275;0
77;275;0
78;275;0
79;275;0
80;275;0
81;275;0
82;275;0
84;275;0
85;275;0
86;275;0
87;275;0
88;275;0
89;275;1
90;275;0
91;275;0
92;275;0
93;275;0
94;275;0
95;275;0
96;275;0
97;275;0
98;275;1
99;275;0
100;275;0
101;275;0
102;275;0
103;275;0
104;275;0
105;275;1
106;275;0
107;275;0
108;275;0
109;275;0
110;275;1
111;275;0
112;275;0
113;275;0
114;275;0
115;275;0
116;275;0
117;275;0
118;275;0
119;275;0
120;275;1
121;275;0
122;275;0
123;275;0
124;275;0
125;275;1
126;275;0
127;275;0
128;275;0
129;275;0
130;275;0
131;275;0
132;275;0
133;275;0
134;275;0
135;275;0
136;275;0
137;275;0
138;275;0
139;275;0
140;275;0
141;275;0
142;275;0
143;275;1
144;275;0
145;275;0
146;275;0
147;275;0
148;275;0
149;275;0
150;275;1
151;275;0
152;275;0
153;275;0
154;275;0
155;275;0
156;275;0
157;275;0
158;275;0
159;275;0
160;275;0
161;275;0
162;275;1
163;275;1
164;275;0
165;275;0
166;275;0
167;275;0
168;275;0
169;275;0
170;275;0
171;275;0
172;275;0
173;275;0
174;275;0
175;275;0
176;275;0
177;275;0
178;275;0
179;275;1
180;275;0
181;275;0
182;275;0
183;275;1
184;275;0
185;275;0
186;275;0
187;275;1
188;275;0
189;275;0
190;275;0
191;275;1
192;275;0
193;275;0
194;275;0
195;275;0
196;275;0
197;275;0
198;275;0
1;279;0
2;279;0
3;279;0
4;279;0
5;279;0
6;279;0
7;279;0
8;279;0
9;279;0
10;279;1
11;279;0
12;279;0
13;279;0
14;279;0
15;279;0
16;279;1
17;279;0
18;279;0
19;279;0
20;279;1
21;279;0
22;279;0
23;279;0
24;279;0
25;279;0
26;279;1
27;279;0
28;279;0
29;279;0
30;279;0
31;279;0
32;279;0
33;279;0
34;279;0
35;279;0
36;279;0
37;279;0
38;279;1
39;279;0
40;279;0
41;279;0
42;279;0
43;279;0
44;279;0
45;279;0
46;279;0
47;279;0
48;279;0
49;279;0
50;279;0
51;279;0
52;279;0
53;279;0
54;279;0
55;279;0
56;279;0
57;279;0
58;279;0
59;279;0
60;279;0
61;279;0
62;279;0
63;279;1
64;279;0
65;279;0
66;279;0
67;279;0
68;279;1
69;279;0
70;279;0
71;279;0
72;279;0
73;279;1
74;279;0
75;279;0
76;279;0
77;279;0
78;279;1
79;279;0
80;279;0
81;279;0
82;279;0
84;279;0
85;279;0
86;279;0
87;279;0
88;279;1
89;279;0
90;279;0
91;279;1
92;279;0
93;279;0
94;279;0
95;279;0
96;279;0
97;279;0
98;279;0
99;279;0
100;279;0
101;279;0
102;279;0
103;279;0
104;279;0
105;279;0
106;279;0
107;279;0
108;279;0
109;279;0
110;279;0
111;279;0
112;279;0
113;279;0
114;279;0
115;279;0
116;279;0
117;279;0
118;279;0
119;279;0
120;279;0
121;279;0
122;279;0
123;279;1
124;279;1
125;279;0
126;279;1
127;279;0
128;279;0
129;279;1
130;279;0
131;279;1
132;279;0
133;279;0
134;279;0
135;279;0
136;279;0
137;279;0
138;279;0
139;279;1
140;279;0
141;279;1
142;279;0
143;279;0
144;279;0
145;279;0
146;279;0
147;279;0
148;279;0
149;279;0
150;279;0
151;279;0
152;279;0
153;279;0
154;279;0
155;279;0
156;279;0
157;279;0
158;279;0
159;279;0
160;279;0
161;279;0
162;279;1
163;279;1
164;279;0
165;279;0
166;279;1
167;279;0
168;279;0
169;279;0
170;279;1
171;279;0
172;279;0
173;279;0
174;279;0
175;279;0
176;279;0
177;279;0
178;279;1
179;279;0
180;279;0
181;279;1
182;279;0
183;279;1
184;279;0
185;279;0
186;279;0
187;279;1
188;279;0
189;279;0
190;279;0
191;279;1
192;279;0
193;279;0
194;279;0
195;279;0
196;279;0
197;279;1
198;279;0
1;281;0
2;281;0
3;281;1
4;281;1
5;281;0
6;281;0
7;281;0
8;281;0
9;281;0
10;281;0
11;281;0
12;281;0
13;281;0
14;281;0
15;281;1
16;281;0
17;281;0
18;281;0
19;281;0
20;281;0
21;281;0
22;281;0
23;281;0
24;281;0
25;281;0
26;281;0
27;281;0
28;281;0
29;281;0
30;281;0
31;281;0
32;281;0
33;281;0
34;281;0
35;281;0
36;281;0
37;281;0
38;281;0
39;281;0
40;281;0
41;281;0
42;281;0
43;281;0
44;281;1
45;281;0
46;281;0
47;281;0
48;281;0
49;281;0
50;281;1
51;281;0
52;281;0
53;281;0
54;281;0
55;281;0
56;281;0
57;281;0
58;281;0
59;281;0
60;281;0
61;281;0
62;281;0
63;281;0
64;281;0
65;281;0
66;281;0
67;281;0
68;281;0
69;281;0
70;281;0
71;281;0
72;281;0
73;281;0
74;281;0
75;281;0
76;281;0
77;281;0
78;281;0
79;281;0
80;281;0
81;281;0
82;281;1
84;281;0
85;281;1
86;281;0
87;281;0
88;281;0
89;281;0
90;281;0
91;281;0
92;281;0
93;281;0
94;281;0
95;281;1
96;281;0
97;281;0
98;281;0
99;281;0
100;281;0
101;281;0
102;281;0
103;281;0
104;281;1
105;281;0
106;281;0
107;281;0
108;281;0
109;281;0
110;281;0
111;281;0
112;281;0
113;281;1
114;281;0
115;281;1
116;281;0
117;281;0
118;281;0
119;281;0
120;281;0
121;281;0
122;281;0
123;281;0
124;281;0
125;281;0
126;281;0
127;281;1
128;281;0
129;281;0
130;281;0
131;281;0
132;281;0
133;281;0
134;281;0
135;281;0
136;281;0
137;281;0
138;281;0
139;281;0
140;281;0
141;281;0
142;281;0
143;281;0
144;281;1
145;281;0
146;281;0
147;281;0
148;281;0
149;281;0
150;281;0
151;281;0
152;281;0
153;281;0
154;281;0
155;281;0
156;281;0
157;281;0
158;281;0
159;281;0
160;281;0
161;281;0
162;281;0
163;281;0
164;281;0
165;281;0
166;281;0
167;281;0
168;281;0
169;281;0
170;281;0
171;281;0
172;281;0
173;281;0
174;281;0
175;281;0
176;281;0
177;281;0
178;281;0
179;281;0
180;281;0
181;281;0
182;281;0
183;281;1
184;281;0
185;281;0
186;281;0
187;281;0
188;281;0
189;281;0
190;281;0
191;281;0
192;281;0
193;281;0
194;281;1
195;281;0
196;281;1
197;281;0
198;281;0
1;282;0
2;282;0
3;282;0
4;282;0
5;282;0
6;282;0
7;282;0
8;282;0
9;282;0
10;282;0
11;282;0
12;282;0
13;282;0
14;282;0
15;282;0
16;282;1
17;282;1
18;282;0
19;282;0
20;282;0
21;282;1
22;282;0
23;282;0
24;282;1
25;282;1
26;282;0
27;282;0
28;282;0
29;282;0
30;282;0
31;282;0
32;282;0
33;282;0
34;282;0
35;282;0
36;282;0
37;282;0
38;282;1
39;282;0
40;282;0
41;282;0
42;282;0
43;282;0
44;282;1
45;282;1
46;282;0
47;282;0
48;282;0
49;282;0
50;282;0
51;282;0
52;282;0
53;282;0
54;282;0
55;282;0
56;282;0
57;282;0
58;282;0
59;282;0
60;282;0
61;282;1
62;282;1
63;282;0
64;282;0
65;282;0
66;282;0
67;282;0
68;282;0
69;282;0
70;282;1
71;282;1
72;282;0
73;282;0
74;282;0
75;282;0
76;282;0
77;282;0
78;282;0
79;282;0
80;282;0
81;282;0
82;282;0
84;282;0
85;282;1
86;282;0
87;282;0
88;282;0
89;282;0
90;282;1
91;282;0
92;282;0
93;282;0
94;282;0
95;282;0
96;282;0
97;282;0
98;282;0
99;282;1
100;282;0
101;282;0
102;282;0
103;282;0
104;282;1
105;282;0
106;282;1
107;282;0
108;282;0
109;282;0
110;282;1
111;282;0
112;282;0
113;282;1
114;282;1
115;282;0
116;282;1
117;282;1
118;282;0
119;282;1
120;282;0
121;282;0
122;282;0
123;282;0
124;282;0
125;282;0
126;282;0
127;282;1
128;282;0
129;282;1
130;282;0
131;282;0
132;282;1
133;282;0
134;282;0
135;282;0
136;282;1
137;282;0
138;282;0
139;282;1
140;282;1
141;282;0
142;282;0
143;282;1
144;282;0
145;282;0
146;282;0
147;282;0
148;282;0
149;282;0
150;282;0
151;282;0
152;282;1
153;282;0
154;282;0
155;282;0
156;282;1
157;282;0
158;282;0
159;282;0
160;282;0
161;282;0
162;282;1
163;282;0
164;282;0
165;282;0
166;282;0
167;282;0
168;282;1
169;282;1
170;282;0
171;282;0
172;282;0
173;282;0
174;282;0
175;282;0
176;282;1
177;282;0
178;282;0
179;282;0
180;282;0
181;282;0
182;282;0
183;282;0
184;282;1
185;282;0
186;282;0
187;282;0
188;282;0
189;282;0
190;282;1
191;282;0
192;282;0
193;282;1
194;282;1
195;282;0
196;282;1
197;282;1
198;282;0
1;283;0
2;283;0
3;283;0
4;283;0
5;283;0
6;283;0
7;283;0
8;283;0
9;283;0
10;283;0
11;283;0
12;283;1
13;283;0
14;283;0
15;283;0
16;283;0
17;283;0
18;283;0
19;283;0
20;283;0
21;283;0
22;283;0
23;283;0
24;283;0
25;283;0
26;283;0
27;283;0
28;283;0
29;283;0
30;283;0
31;283;1
32;283;1
33;283;0
34;283;1
35;283;1
36;283;0
37;283;1
38;283;1
39;283;1
40;283;0
41;283;0
42;283;1
43;283;0
44;283;1
45;283;1
46;283;0
47;283;0
48;283;0
49;283;0
50;283;1
51;283;0
52;283;0
53;283;0
54;283;0
55;283;0
56;283;0
57;283;0
58;283;0
59;283;1
60;283;1
61;283;0
62;283;0
63;283;0
64;283;0
65;283;0
66;283;0
67;283;0
68;283;0
69;283;0
70;283;0
71;283;1
72;283;0
73;283;1
74;283;1
75;283;0
76;283;0
77;283;0
78;283;0
79;283;0
80;283;0
81;283;0
82;283;0
84;283;0
85;283;0
86;283;1
87;283;0
88;283;1
89;283;1
90;283;0
91;283;0
92;283;0
93;283;0
94;283;0
95;283;1
96;283;0
97;283;0
98;283;1
99;283;0
100;283;0
101;283;1
102;283;0
103;283;0
104;283;0
105;283;0
106;283;1
107;283;1
108;283;0
109;283;0
110;283;0
111;283;1
112;283;0
113;283;0
114;283;0
115;283;0
116;283;0
117;283;0
118;283;0
119;283;0
120;283;0
121;283;0
122;283;1
123;283;0
124;283;1
125;283;0
126;283;0
127;283;0
128;283;0
129;283;0
130;283;0
131;283;0
132;283;0
133;283;0
134;283;0
135;283;0
136;283;0
137;283;0
138;283;0
139;283;0
140;283;0
141;283;0
142;283;1
143;283;0
144;283;0
145;283;0
146;283;0
147;283;0
148;283;0
149;283;0
150;283;0
151;283;0
152;283;0
153;283;0
154;283;0
155;283;0
156;283;0
157;283;0
158;283;1
159;283;0
160;283;0
161;283;0
162;283;0
163;283;1
164;283;0
165;283;0
166;283;0
167;283;1
168;283;0
169;283;1
170;283;0
171;283;0
172;283;0
173;283;0
174;283;0
175;283;0
176;283;0
177;283;0
178;283;0
179;283;0
180;283;0
181;283;0
182;283;0
183;283;0
184;283;0
185;283;1
186;283;0
187;283;0
188;283;0
189;283;0
190;283;0
191;283;1
192;283;0
193;283;0
194;283;0
195;283;0
196;283;0
197;283;0
198;283;0
1;284;0
2;284;0
3;284;0
4;284;0
5;284;0
6;284;0
7;284;0
8;284;0
9;284;0
10;284;0
11;284;1
12;284;0
13;284;0
14;284;1
15;284;0
16;284;0
17;284;0
18;284;0
19;284;0
20;284;1
21;284;1
22;284;1
23;284;0
24;284;0
25;284;0
26;284;0
27;284;1
28;284;0
29;284;0
30;284;0
31;284;0
32;284;0
33;284;0
34;284;0
35;284;0
36;284;0
37;284;0
38;284;1
39;284;0
40;284;0
41;284;0
42;284;0
43;284;0
44;284;0
45;284;0
46;284;1
47;284;0
48;284;0
49;284;0
50;284;0
51;284;0
52;284;0
53;284;1
54;284;0
55;284;1
56;284;0
57;284;0
58;284;1
59;284;0
60;284;0
61;284;1
62;284;1
63;284;0
64;284;0
65;284;0
66;284;0
67;284;0
68;284;0
69;284;0
70;284;0
71;284;0
72;284;1
73;284;1
74;284;0
75;284;0
76;284;0
77;284;1
78;284;0
79;284;0
80;284;0
81;284;0
82;284;1
84;284;0
85;284;0
86;284;0
87;284;1
88;284;0
89;284;0
90;284;0
91;284;1
92;284;0
93;284;0
94;284;0
95;284;0
96;284;0
97;284;0
98;284;1
99;284;0
100;284;0
101;284;0
102;284;0
103;284;0
104;284;1
105;284;1
106;284;0
107;284;0
108;284;0
109;284;0
110;284;1
111;284;1
112;284;0
113;284;0
114;284;0
115;284;0
116;284;1
117;284;0
118;284;1
119;284;1
120;284;0
121;284;0
122;284;0
123;284;0
124;284;0
125;284;1
126;284;0
127;284;1
128;284;1
129;284;0
130;284;1
131;284;0
132;284;0
133;284;0
134;284;1
135;284;0
136;284;1
137;284;0
138;284;0
139;284;1
140;284;0
141;284;0
142;284;0
143;284;0
144;284;0
145;284;0
146;284;0
147;284;0
148;284;0
149;284;1
150;284;0
151;284;0
152;284;0
153;284;0
154;284;0
155;284;1
156;284;1
157;284;1
158;284;0
159;284;0
160;284;0
161;284;0
162;284;1
163;284;0
164;284;0
165;284;0
166;284;0
167;284;0
168;284;1
169;284;0
170;284;0
171;284;1
172;284;0
173;284;1
174;284;0
175;284;0
176;284;0
177;284;0
178;284;0
179;284;0
180;284;1
181;284;1
182;284;0
183;284;1
184;284;0
185;284;0
186;284;0
187;284;0
188;284;0
189;284;0
190;284;0
191;284;0
192;284;0
193;284;0
194;284;0
195;284;0
196;284;0
197;284;0
198;284;0
1;289;0
2;289;0
3;289;1
4;289;0
5;289;0
6;289;0
7;289;0
8;289;0
9;289;0
10;289;1
11;289;0
12;289;0
13;289;0
14;289;0
15;289;0
16;289;0
17;289;1
18;289;0
19;289;0
20;289;1
21;289;1
22;289;0
23;289;0
24;289;0
25;289;0
26;289;0
27;289;0
28;289;1
29;289;0
30;289;0
31;289;0
32;289;0
33;289;0
34;289;0
35;289;0
36;289;0
37;289;0
38;289;0
39;289;1
40;289;1
41;289;0
42;289;0
43;289;0
44;289;1
45;289;0
46;289;1
47;289;0
48;289;0
49;289;0
50;289;0
51;289;0
52;289;0
53;289;0
54;289;0
55;289;0
56;289;0
57;289;0
58;289;0
59;289;0
60;289;1
61;289;1
62;289;1
63;289;0
64;289;1
65;289;0
66;289;0
67;289;1
68;289;0
69;289;0
70;289;1
71;289;0
72;289;0
73;289;0
74;289;0
75;289;0
76;289;1
77;289;0
78;289;1
79;289;0
80;289;1
81;289;1
82;289;1
84;289;0
85;289;0
86;289;0
87;289;1
88;289;0
89;289;1
90;289;0
91;289;1
92;289;0
93;289;0
94;289;0
95;289;0
96;289;0
97;289;0
98;289;0
99;289;0
100;289;0
101;289;0
102;289;0
103;289;0
104;289;1
105;289;0
106;289;1
107;289;0
108;289;1
109;289;0
110;289;0
111;289;0
112;289;0
113;289;0
114;289;0
115;289;1
116;289;1
117;289;0
118;289;0
119;289;1
120;289;0
121;289;1
122;289;0
123;289;0
124;289;1
125;289;0
126;289;0
127;289;0
128;289;0
129;289;0
130;289;0
131;289;0
132;289;1
133;289;1
134;289;1
135;289;0
136;289;0
137;289;0
138;289;0
139;289;1
140;289;0
141;289;1
142;289;0
143;289;1
144;289;0
145;289;0
146;289;0
147;289;0
148;289;0
149;289;0
150;289;0
151;289;0
152;289;0
153;289;0
154;289;0
155;289;0
156;289;0
157;289;0
158;289;0
159;289;0
160;289;0
161;289;0
162;289;1
163;289;0
164;289;0
165;289;0
166;289;0
167;289;0
168;289;0
169;289;1
170;289;1
171;289;0
172;289;0
173;289;1
174;289;0
175;289;1
176;289;1
177;289;0
178;289;0
179;289;0
180;289;0
181;289;0
182;289;0
183;289;1
184;289;1
185;289;1
186;289;0
187;289;0
188;289;0
189;289;1
190;289;1
191;289;1
192;289;0
193;289;0
194;289;0
195;289;0
196;289;1
197;289;0
198;289;1
1;291;0
2;291;0
3;291;0
4;291;0
5;291;0
6;291;0
7;291;0
8;291;0
9;291;0
10;291;0
11;291;0
12;291;0
13;291;0
14;291;0
15;291;0
16;291;0
17;291;0
18;291;0
19;291;0
20;291;0
21;291;0
22;291;0
23;291;0
24;291;0
25;291;0
26;291;0
27;291;0
28;291;0
29;291;0
30;291;0
31;291;0
32;291;0
33;291;0
34;291;0
35;291;0
36;291;0
37;291;0
38;291;1
39;291;0
40;291;0
41;291;0
42;291;0
43;291;0
44;291;0
45;291;0
46;291;0
47;291;1
48;291;0
49;291;0
50;291;0
51;291;0
52;291;0
53;291;0
54;291;0
55;291;0
56;291;0
57;291;0
58;291;0
59;291;0
60;291;0
61;291;0
62;291;0
63;291;0
64;291;0
65;291;0
66;291;0
67;291;0
68;291;0
69;291;0
70;291;0
71;291;0
72;291;0
73;291;0
74;291;0
75;291;0
76;291;0
77;291;0
78;291;0
79;291;0
80;291;0
81;291;0
82;291;0
84;291;0
85;291;1
86;291;0
87;291;1
88;291;0
89;291;0
90;291;0
91;291;0
92;291;0
93;291;0
94;291;0
95;291;0
96;291;0
97;291;0
98;291;0
99;291;0
100;291;0
101;291;0
102;291;0
103;291;0
104;291;0
105;291;0
106;291;0
107;291;0
108;291;0
109;291;0
110;291;1
111;291;0
112;291;0
113;291;0
114;291;0
115;291;0
116;291;0
117;291;0
118;291;0
119;291;0
120;291;0
121;291;0
122;291;0
123;291;0
124;291;0
125;291;0
126;291;0
127;291;0
128;291;0
129;291;0
130;291;0
131;291;0
132;291;0
133;291;0
134;291;0
135;291;0
136;291;0
137;291;0
138;291;0
139;291;0
140;291;0
141;291;0
142;291;0
143;291;0
144;291;0
145;291;0
146;291;0
147;291;0
148;291;0
149;291;0
150;291;0
151;291;0
152;291;0
153;291;0
154;291;0
155;291;0
156;291;0
157;291;0
158;291;0
159;291;0
160;291;0
161;291;0
162;291;0
163;291;0
164;291;0
165;291;0
166;291;0
167;291;0
168;291;0
169;291;0
170;291;0
171;291;0
172;291;0
173;291;0
174;291;0
175;291;0
176;291;0
177;291;0
178;291;0
179;291;0
180;291;1
181;291;0
182;291;0
183;291;0
184;291;0
185;291;0
186;291;0
187;291;0
188;291;0
189;291;0
190;291;0
191;291;0
192;291;0
193;291;0
194;291;0
195;291;0
196;291;0
197;291;0
198;291;0
1;292;0
2;292;0
3;292;0
4;292;0
5;292;0
6;292;0
7;292;0
8;292;0
9;292;0
10;292;0
11;292;0
12;292;0
13;292;0
14;292;0
15;292;0
16;292;1
17;292;1
18;292;0
19;292;0
20;292;0
21;292;0
22;292;0
23;292;1
24;292;0
25;292;0
26;292;0
27;292;0
28;292;0
29;292;0
30;292;0
31;292;0
32;292;0
33;292;0
34;292;0
35;292;0
36;292;0
37;292;1
38;292;1
39;292;1
40;292;1
41;292;0
42;292;0
43;292;0
44;292;0
45;292;1
46;292;0
47;292;0
48;292;0
49;292;0
50;292;0
51;292;0
52;292;0
53;292;0
54;292;0
55;292;1
56;292;0
57;292;0
58;292;0
59;292;0
60;292;0
61;292;0
62;292;0
63;292;0
64;292;0
65;292;0
66;292;0
67;292;0
68;292;0
69;292;1
70;292;0
71;292;1
72;292;1
73;292;0
74;292;0
75;292;0
76;292;0
77;292;0
78;292;0
79;292;0
80;292;1
81;292;0
82;292;0
84;292;0
85;292;1
86;292;1
87;292;1
88;292;0
89;292;0
90;292;1
91;292;0
92;292;0
93;292;0
94;292;0
95;292;0
96;292;0
97;292;0
98;292;0
99;292;0
100;292;0
101;292;0
102;292;0
103;292;0
104;292;0
105;292;0
106;292;1
107;292;1
108;292;1
109;292;0
110;292;1
111;292;0
112;292;0
113;292;0
114;292;0
115;292;1
116;292;0
117;292;0
118;292;0
119;292;1
120;292;0
121;292;0
122;292;0
123;292;0
124;292;0
125;292;1
126;292;1
127;292;0
128;292;1
129;292;0
130;292;0
131;292;1
132;292;0
133;292;0
134;292;0
135;292;0
136;292;1
137;292;0
138;292;0
139;292;0
140;292;1
141;292;0
142;292;0
143;292;0
144;292;0
145;292;0
146;292;0
147;292;0
148;292;1
149;292;0
150;292;0
151;292;0
152;292;0
153;292;0
154;292;0
155;292;0
156;292;0
157;292;0
158;292;0
159;292;0
160;292;0
161;292;0
162;292;0
163;292;0
164;292;0
165;292;1
166;292;1
167;292;1
168;292;0
169;292;1
170;292;0
171;292;0
172;292;0
173;292;0
174;292;0
175;292;0
176;292;0
177;292;0
178;292;0
179;292;0
180;292;0
181;292;0
182;292;0
183;292;1
184;292;0
185;292;0
186;292;0
187;292;0
188;292;0
189;292;0
190;292;1
191;292;1
192;292;0
193;292;0
194;292;0
195;292;0
196;292;0
197;292;0
198;292;1
1;293;0
2;293;0
3;293;0
4;293;0
5;293;0
6;293;0
7;293;0
8;293;0
9;293;0
10;293;0
11;293;0
12;293;0
13;293;0
14;293;0
15;293;0
16;293;0
17;293;0
18;293;0
19;293;0
20;293;0
21;293;0
22;293;0
23;293;0
24;293;1
25;293;0
26;293;1
27;293;0
28;293;0
29;293;0
30;293;0
31;293;0
32;293;0
33;293;0
34;293;0
35;293;0
36;293;0
37;293;0
38;293;1
39;293;1
40;293;0
41;293;0
42;293;0
43;293;1
44;293;1
45;293;0
46;293;0
47;293;0
48;293;0
49;293;0
50;293;0
51;293;0
52;293;0
53;293;0
54;293;0
55;293;0
56;293;0
57;293;0
58;293;0
59;293;0
60;293;1
61;293;1
62;293;1
63;293;0
64;293;0
65;293;1
66;293;0
67;293;0
68;293;0
69;293;0
70;293;0
71;293;0
72;293;0
73;293;0
74;293;0
75;293;0
76;293;0
77;293;0
78;293;0
79;293;0
80;293;0
81;293;1
82;293;1
84;293;0
85;293;1
86;293;0
87;293;1
88;293;1
89;293;1
90;293;0
91;293;1
92;293;1
93;293;0
94;293;0
95;293;0
96;293;0
97;293;0
98;293;1
99;293;0
100;293;0
101;293;0
102;293;0
103;293;0
104;293;1
105;293;0
106;293;0
107;293;1
108;293;0
109;293;0
110;293;1
111;293;1
112;293;0
113;293;1
114;293;0
115;293;0
116;293;1
117;293;0
118;293;0
119;293;0
120;293;0
121;293;0
122;293;1
123;293;0
124;293;0
125;293;0
126;293;0
127;293;1
128;293;1
129;293;0
130;293;0
131;293;1
132;293;0
133;293;1
134;293;0
135;293;0
136;293;0
137;293;1
138;293;0
139;293;0
140;293;0
141;293;0
142;293;0
143;293;0
144;293;0
145;293;0
146;293;0
147;293;0
148;293;0
149;293;0
150;293;0
151;293;1
152;293;0
153;293;0
154;293;0
155;293;0
156;293;0
157;293;0
158;293;0
159;293;0
160;293;0
161;293;0
162;293;0
163;293;0
164;293;0
165;293;0
166;293;0
167;293;0
168;293;0
169;293;0
170;293;0
171;293;0
172;293;0
173;293;0
174;293;0
175;293;0
176;293;0
177;293;0
178;293;1
179;293;0
180;293;0
181;293;1
182;293;0
183;293;1
184;293;0
185;293;0
186;293;0
187;293;1
188;293;0
189;293;0
190;293;0
191;293;1
192;293;0
193;293;0
194;293;1
195;293;0
196;293;1
197;293;0
198;293;0
1;301;1
2;301;1
3;301;1
4;301;0
5;301;0
6;301;0
7;301;0
8;301;0
9;301;0
10;301;0
11;301;1
12;301;0
13;301;1
14;301;1
15;301;0
16;301;1
17;301;0
18;301;1
19;301;1
20;301;1
21;301;1
22;301;0
23;301;0
24;301;0
25;301;0
26;301;0
27;301;0
28;301;1
29;301;0
30;301;0
31;301;0
32;301;0
33;301;0
34;301;0
35;301;1
36;301;0
37;301;0
38;301;0
39;301;0
40;301;0
41;301;0
42;301;0
43;301;0
44;301;1
45;301;0
46;301;0
47;301;0
48;301;0
49;301;0
50;301;1
51;301;0
52;301;0
53;301;0
54;301;0
55;301;0
56;301;0
57;301;0
58;301;0
59;301;0
60;301;1
61;301;0
62;301;0
63;301;0
64;301;0
65;301;0
66;301;0
67;301;0
68;301;0
69;301;0
70;301;0
71;301;0
72;301;0
73;301;1
74;301;0
75;301;1
76;301;0
77;301;0
78;301;0
79;301;0
80;301;1
81;301;0
82;301;0
84;301;0
85;301;0
86;301;0
87;301;0
88;301;0
89;301;1
90;301;0
91;301;0
92;301;0
93;301;0
94;301;0
95;301;0
96;301;0
97;301;0
98;301;0
99;301;0
100;301;0
101;301;0
102;301;0
103;301;0
104;301;0
105;301;1
106;301;0
107;301;1
108;301;0
109;301;0
110;301;0
111;301;0
112;301;0
113;301;0
114;301;0
115;301;0
116;301;0
117;301;0
118;301;0
119;301;0
120;301;0
121;301;0
122;301;0
123;301;0
124;301;0
125;301;0
126;301;1
127;301;0
128;301;1
129;301;0
130;301;0
131;301;0
132;301;0
133;301;0
134;301;1
135;301;0
136;301;0
137;301;0
138;301;1
139;301;0
140;301;0
141;301;0
142;301;1
143;301;0
144;301;0
145;301;0
146;301;0
147;301;0
148;301;0
149;301;0
150;301;0
151;301;0
152;301;0
153;301;0
154;301;0
155;301;0
156;301;0
157;301;1
158;301;1
159;301;0
160;301;0
161;301;0
162;301;0
163;301;0
164;301;0
165;301;0
166;301;0
167;301;0
168;301;0
169;301;0
170;301;0
171;301;0
172;301;0
173;301;0
174;301;1
175;301;0
176;301;0
177;301;0
178;301;0
179;301;0
180;301;0
181;301;0
182;301;0
183;301;0
184;301;1
185;301;1
186;301;0
187;301;0
188;301;0
189;301;0
190;301;0
191;301;1
192;301;0
193;301;1
194;301;0
195;301;0
196;301;0
197;301;0
198;301;0
1;302;0
2;302;0
3;302;0
4;302;0
5;302;1
6;302;0
7;302;1
8;302;0
9;302;0
10;302;1
11;302;0
12;302;0
13;302;0
14;302;0
15;302;1
16;302;0
17;302;0
18;302;0
19;302;0
20;302;0
21;302;0
22;302;0
23;302;1
24;302;0
25;302;0
26;302;0
27;302;0
28;302;0
29;302;0
30;302;0
31;302;0
32;302;0
33;302;0
34;302;0
35;302;0
36;302;0
37;302;0
38;302;0
39;302;0
40;302;0
41;302;0
42;302;0
43;302;0
44;302;0
45;302;0
46;302;0
47;302;0
48;302;0
49;302;0
50;302;0
51;302;0
52;302;0
53;302;0
54;302;0
55;302;0
56;302;0
57;302;0
58;302;0
59;302;0
60;302;0
61;302;0
62;302;0
63;302;0
64;302;0
65;302;0
66;302;0
67;302;0
68;302;0
69;302;0
70;302;0
71;302;0
72;302;0
73;302;0
74;302;0
75;302;0
76;302;0
77;302;0
78;302;0
79;302;0
80;302;0
81;302;0
82;302;0
84;302;0
85;302;1
86;302;0
87;302;0
88;302;0
89;302;0
90;302;0
91;302;0
92;302;0
93;302;0
94;302;0
95;302;0
96;302;0
97;302;0
98;302;0
99;302;0
100;302;0
101;302;0
102;302;0
103;302;0
104;302;0
105;302;0
106;302;0
107;302;0
108;302;0
109;302;0
110;302;0
111;302;0
112;302;0
113;302;0
114;302;1
115;302;0
116;302;0
117;302;0
118;302;0
119;302;0
120;302;0
121;302;0
122;302;0
123;302;0
124;302;0
125;302;1
126;302;0
127;302;0
128;302;0
129;302;0
130;302;0
131;302;0
132;302;0
133;302;0
134;302;0
135;302;0
136;302;0
137;302;1
138;302;0
139;302;0
140;302;1
141;302;0
142;302;0
143;302;0
144;302;0
145;302;0
146;302;0
147;302;0
148;302;0
149;302;0
150;302;0
151;302;0
152;302;0
153;302;0
154;302;0
155;302;0
156;302;0
157;302;0
158;302;0
159;302;0
160;302;0
161;302;0
162;302;0
163;302;1
164;302;0
165;302;0
166;302;0
167;302;1
168;302;0
169;302;0
170;302;0
171;302;0
172;302;0
173;302;0
174;302;0
175;302;0
176;302;0
177;302;0
178;302;0
179;302;0
180;302;0
181;302;0
182;302;0
183;302;0
184;302;0
185;302;0
186;302;0
187;302;0
188;302;0
189;302;0
190;302;0
191;302;0
192;302;0
193;302;0
194;302;0
195;302;0
196;302;0
197;302;0
198;302;0
1;303;0
2;303;0
3;303;0
4;303;0
5;303;0
6;303;0
7;303;0
8;303;0
9;303;0
10;303;0
11;303;0
12;303;0
13;303;0
14;303;0
15;303;0
16;303;0
17;303;0
18;303;1
19;303;0
20;303;0
21;303;0
22;303;0
23;303;1
24;303;0
25;303;0
26;303;0
27;303;0
28;303;0
29;303;0
30;303;0
31;303;0
32;303;0
33;303;0
34;303;0
35;303;0
36;303;0
37;303;0
38;303;0
39;303;0
40;303;0
41;303;0
42;303;0
43;303;0
44;303;0
45;303;0
46;303;0
47;303;0
48;303;0
49;303;0
50;303;0
51;303;0
52;303;0
53;303;0
54;303;0
55;303;0
56;303;0
57;303;0
58;303;0
59;303;0
60;303;0
61;303;0
62;303;0
63;303;0
64;303;0
65;303;0
66;303;0
67;303;0
68;303;0
69;303;0
70;303;0
71;303;0
72;303;0
73;303;0
74;303;0
75;303;0
76;303;0
77;303;0
78;303;0
79;303;0
80;303;0
81;303;0
82;303;0
84;303;0
85;303;0
86;303;0
87;303;0
88;303;0
89;303;0
90;303;0
91;303;1
92;303;0
93;303;0
94;303;0
95;303;1
96;303;0
97;303;0
98;303;0
99;303;0
100;303;0
101;303;0
102;303;0
103;303;0
104;303;1
105;303;0
106;303;0
107;303;0
108;303;0
109;303;0
110;303;0
111;303;0
112;303;0
113;303;0
114;303;0
115;303;1
116;303;0
117;303;0
118;303;0
119;303;0
120;303;0
121;303;0
122;303;0
123;303;0
124;303;0
125;303;1
126;303;0
127;303;0
128;303;0
129;303;0
130;303;0
131;303;0
132;303;0
133;303;0
134;303;0
135;303;0
136;303;1
137;303;0
138;303;1
139;303;0
140;303;0
141;303;0
142;303;0
143;303;0
144;303;0
145;303;0
146;303;0
147;303;0
148;303;0
149;303;0
150;303;0
151;303;0
152;303;0
153;303;0
154;303;0
155;303;0
156;303;1
157;303;0
158;303;0
159;303;0
160;303;0
161;303;0
162;303;0
163;303;0
164;303;0
165;303;0
166;303;0
167;303;0
168;303;0
169;303;0
170;303;0
171;303;0
172;303;0
173;303;0
174;303;1
175;303;0
176;303;0
177;303;0
178;303;0
179;303;0
180;303;0
181;303;1
182;303;0
183;303;1
184;303;0
185;303;0
186;303;0
187;303;0
188;303;0
189;303;0
190;303;0
191;303;0
192;303;0
193;303;0
194;303;0
195;303;0
196;303;0
197;303;0
198;303;0
1;309;1
2;309;0
3;309;0
4;309;0
5;309;0
6;309;0
7;309;0
8;309;0
9;309;0
10;309;0
11;309;0
12;309;0
13;309;0
14;309;0
15;309;0
16;309;1
17;309;0
18;309;0
19;309;1
20;309;0
21;309;1
22;309;0
23;309;0
24;309;1
25;309;0
26;309;0
27;309;1
28;309;0
29;309;0
30;309;0
31;309;0
32;309;0
33;309;0
34;309;1
35;309;0
36;309;0
37;309;0
38;309;0
39;309;0
40;309;0
41;309;0
42;309;0
43;309;1
44;309;0
45;309;0
46;309;0
47;309;0
48;309;0
49;309;0
50;309;0
51;309;0
52;309;0
53;309;1
54;309;0
55;309;0
56;309;0
57;309;1
58;309;0
59;309;0
60;309;0
61;309;0
62;309;0
63;309;1
64;309;1
65;309;0
66;309;0
67;309;0
68;309;0
69;309;0
70;309;0
71;309;0
72;309;0
73;309;0
74;309;0
75;309;0
76;309;0
77;309;0
78;309;0
79;309;0
80;309;0
81;309;0
82;309;0
84;309;0
85;309;0
86;309;0
87;309;0
88;309;0
89;309;0
90;309;0
91;309;0
92;309;0
93;309;0
94;309;1
95;309;0
96;309;0
97;309;0
98;309;0
99;309;0
100;309;0
101;309;0
102;309;0
103;309;0
104;309;0
105;309;0
106;309;0
107;309;0
108;309;0
109;309;0
110;309;1
111;309;0
112;309;0
113;309;0
114;309;0
115;309;1
116;309;0
117;309;0
118;309;0
119;309;1
120;309;0
121;309;0
122;309;0
123;309;0
124;309;0
125;309;0
126;309;0
127;309;0
128;309;0
129;309;0
130;309;1
131;309;0
132;309;0
133;309;0
134;309;0
135;309;0
136;309;0
137;309;0
138;309;0
139;309;0
140;309;0
141;309;0
142;309;0
143;309;0
144;309;0
145;309;0
146;309;0
147;309;0
148;309;0
149;309;0
150;309;0
151;309;0
152;309;0
153;309;0
154;309;0
155;309;0
156;309;0
157;309;0
158;309;0
159;309;0
160;309;0
161;309;0
162;309;0
163;309;0
164;309;0
165;309;0
166;309;0
167;309;1
168;309;0
169;309;0
170;309;0
171;309;0
172;309;0
173;309;0
174;309;0
175;309;0
176;309;0
177;309;0
178;309;0
179;309;0
180;309;0
181;309;0
182;309;1
183;309;0
184;309;0
185;309;0
186;309;0
187;309;0
188;309;0
189;309;0
190;309;0
191;309;0
192;309;0
193;309;0
194;309;1
195;309;0
196;309;0
197;309;0
198;309;0
1;310;0
2;310;0
3;310;0
4;310;0
5;310;0
6;310;0
7;310;0
8;310;0
9;310;0
10;310;1
11;310;0
12;310;0
13;310;0
14;310;0
15;310;0
16;310;1
17;310;1
18;310;0
19;310;0
20;310;1
21;310;0
22;310;0
23;310;0
24;310;0
25;310;0
26;310;1
27;310;1
28;310;0
29;310;1
30;310;0
31;310;0
32;310;1
33;310;1
34;310;1
35;310;1
36;310;0
37;310;0
38;310;1
39;310;0
40;310;0
41;310;0
42;310;0
43;310;0
44;310;1
45;310;1
46;310;1
47;310;1
48;310;1
49;310;0
50;310;0
51;310;1
52;310;0
53;310;1
54;310;0
55;310;0
56;310;0
57;310;1
58;310;0
59;310;0
60;310;0
61;310;0
62;310;0
63;310;0
64;310;0
65;310;0
66;310;0
67;310;0
68;310;0
69;310;0
70;310;1
71;310;0
72;310;0
73;310;1
74;310;0
75;310;0
76;310;1
77;310;0
78;310;0
79;310;0
80;310;1
81;310;1
82;310;1
84;310;0
85;310;1
86;310;1
87;310;1
88;310;0
89;310;0
90;310;0
91;310;1
92;310;0
93;310;0
94;310;0
95;310;0
96;310;1
97;310;1
98;310;0
99;310;0
100;310;0
101;310;1
102;310;0
103;310;0
104;310;1
105;310;1
106;310;1
107;310;0
108;310;1
109;310;1
110;310;0
111;310;1
112;310;0
113;310;0
114;310;1
115;310;0
116;310;1
117;310;0
118;310;0
119;310;1
120;310;1
121;310;1
122;310;1
123;310;1
124;310;0
125;310;1
126;310;0
127;310;0
128;310;0
129;310;0
130;310;1
131;310;0
132;310;0
133;310;1
134;310;0
135;310;1
136;310;0
137;310;0
138;310;0
139;310;0
140;310;0
141;310;0
142;310;0
143;310;0
144;310;0
145;310;0
146;310;0
147;310;0
148;310;0
149;310;0
150;310;0
151;310;0
152;310;0
153;310;0
154;310;1
155;310;0
156;310;0
157;310;1
158;310;0
159;310;0
160;310;0
161;310;1
162;310;1
163;310;0
164;310;1
165;310;0
166;310;0
167;310;0
168;310;1
169;310;0
170;310;0
171;310;0
172;310;1
173;310;1
174;310;0
175;310;1
176;310;0
177;310;1
178;310;0
179;310;0
180;310;1
181;310;1
182;310;0
183;310;0
184;310;0
185;310;1
186;310;0
187;310;1
188;310;0
189;310;0
190;310;0
191;310;1
192;310;1
193;310;0
194;310;1
195;310;1
196;310;1
197;310;1
198;310;1
1;321;0
2;321;0
3;321;0
4;321;0
5;321;0
6;321;0
7;321;1
8;321;1
9;321;1
10;321;1
11;321;0
12;321;0
13;321;0
14;321;1
15;321;0
16;321;1
17;321;1
18;321;0
19;321;0
20;321;1
21;321;1
22;321;1
23;321;1
24;321;0
25;321;0
26;321;0
27;321;0
28;321;0
29;321;0
30;321;0
31;321;0
32;321;0
33;321;0
34;321;0
35;321;1
36;321;0
37;321;0
38;321;0
39;321;0
40;321;1
41;321;0
42;321;0
43;321;0
44;321;0
45;321;0
46;321;0
47;321;1
48;321;1
49;321;0
50;321;1
51;321;0
52;321;0
53;321;0
54;321;0
55;321;0
56;321;0
57;321;0
58;321;0
59;321;0
60;321;0
61;321;1
62;321;0
63;321;1
64;321;0
65;321;0
66;321;0
67;321;0
68;321;0
69;321;0
70;321;0
71;321;1
72;321;0
73;321;0
74;321;0
75;321;1
76;321;0
77;321;0
78;321;0
79;321;0
80;321;0
81;321;0
82;321;1
84;321;0
85;321;1
86;321;0
87;321;0
88;321;1
89;321;0
90;321;0
91;321;1
92;321;0
93;321;0
94;321;1
95;321;0
96;321;0
97;321;0
98;321;0
99;321;0
100;321;0
101;321;1
102;321;0
103;321;0
104;321;0
105;321;0
106;321;1
107;321;0
108;321;0
109;321;1
110;321;0
111;321;0
112;321;0
113;321;0
114;321;1
115;321;0
116;321;0
117;321;0
118;321;0
119;321;0
120;321;0
121;321;0
122;321;1
123;321;1
124;321;1
125;321;0
126;321;1
127;321;0
128;321;0
129;321;1
130;321;1
131;321;0
132;321;0
133;321;0
134;321;0
135;321;1
136;321;0
137;321;0
138;321;0
139;321;1
140;321;0
141;321;0
142;321;0
143;321;0
144;321;1
145;321;0
146;321;0
147;321;0
148;321;0
149;321;0
150;321;0
151;321;0
152;321;0
153;321;0
154;321;0
155;321;0
156;321;0
157;321;0
158;321;1
159;321;0
160;321;0
161;321;0
162;321;1
163;321;0
164;321;0
165;321;0
166;321;0
167;321;0
168;321;0
169;321;0
170;321;0
171;321;0
172;321;0
173;321;0
174;321;0
175;321;0
176;321;0
177;321;0
178;321;0
179;321;0
180;321;1
181;321;0
182;321;0
183;321;1
184;321;0
185;321;0
186;321;0
187;321;0
188;321;0
189;321;0
190;321;0
191;321;0
192;321;0
193;321;1
194;321;0
195;321;0
196;321;0
197;321;1
198;321;0
1;322;1
2;322;0
3;322;0
4;322;0
5;322;0
6;322;1
7;322;1
8;322;1
9;322;0
10;322;0
11;322;0
12;322;1
13;322;0
14;322;0
15;322;0
16;322;1
17;322;1
18;322;0
19;322;0
20;322;1
21;322;0
22;322;0
23;322;0
24;322;0
25;322;0
26;322;0
27;322;0
28;322;1
29;322;0
30;322;0
31;322;0
32;322;0
33;322;0
34;322;0
35;322;0
36;322;0
37;322;0
38;322;0
39;322;0
40;322;0
41;322;0
42;322;0
43;322;0
44;322;0
45;322;0
46;322;1
47;322;0
48;322;0
49;322;0
50;322;0
51;322;0
52;322;0
53;322;0
54;322;0
55;322;0
56;322;0
57;322;0
58;322;0
59;322;0
60;322;0
61;322;0
62;322;0
63;322;0
64;322;0
65;322;0
66;322;0
67;322;0
68;322;0
69;322;0
70;322;0
71;322;0
72;322;0
73;322;0
74;322;0
75;322;1
76;322;0
77;322;0
78;322;0
79;322;1
80;322;0
81;322;0
82;322;0
84;322;0
85;322;0
86;322;0
87;322;0
88;322;0
89;322;0
90;322;1
91;322;1
92;322;0
93;322;0
94;322;0
95;322;0
96;322;0
97;322;0
98;322;0
99;322;0
100;322;0
101;322;0
102;322;0
103;322;0
104;322;0
105;322;0
106;322;1
107;322;0
108;322;0
109;322;0
110;322;0
111;322;0
112;322;0
113;322;0
114;322;0
115;322;0
116;322;0
117;322;0
118;322;1
119;322;1
120;322;0
121;322;0
122;322;1
123;322;0
124;322;0
125;322;0
126;322;1
127;322;0
128;322;1
129;322;0
130;322;0
131;322;0
132;322;0
133;322;0
134;322;0
135;322;0
136;322;1
137;322;0
138;322;1
139;322;0
140;322;0
141;322;0
142;322;0
143;322;0
144;322;0
145;322;0
146;322;0
147;322;0
148;322;0
149;322;0
150;322;1
151;322;0
152;322;0
153;322;0
154;322;0
155;322;0
156;322;0
157;322;0
158;322;0
159;322;0
160;322;0
161;322;0
162;322;0
163;322;0
164;322;0
165;322;0
166;322;0
167;322;0
168;322;0
169;322;0
170;322;0
171;322;0
172;322;0
173;322;0
174;322;0
175;322;0
176;322;0
177;322;0
178;322;0
179;322;0
180;322;0
181;322;0
182;322;0
183;322;0
184;322;0
185;322;0
186;322;0
187;322;0
188;322;0
189;322;0
190;322;0
191;322;0
192;322;0
193;322;1
194;322;0
195;322;0
196;322;0
197;322;0
198;322;0
1;323;0
2;323;0
3;323;0
4;323;0
5;323;0
6;323;0
7;323;0
8;323;0
9;323;0
10;323;1
11;323;0
12;323;0
13;323;0
14;323;0
15;323;0
16;323;0
17;323;0
18;323;0
19;323;0
20;323;1
21;323;0
22;323;1
23;323;0
24;323;0
25;323;0
26;323;1
27;323;0
28;323;1
29;323;0
30;323;0
31;323;0
32;323;0
33;323;0
34;323;0
35;323;0
36;323;0
37;323;0
38;323;0
39;323;1
40;323;0
41;323;0
42;323;0
43;323;0
44;323;1
45;323;1
46;323;1
47;323;0
48;323;1
49;323;1
50;323;0
51;323;0
52;323;1
53;323;0
54;323;0
55;323;0
56;323;0
57;323;0
58;323;0
59;323;0
60;323;0
61;323;0
62;323;0
63;323;0
64;323;0
65;323;0
66;323;0
67;323;0
68;323;0
69;323;0
70;323;0
71;323;0
72;323;0
73;323;0
74;323;0
75;323;0
76;323;0
77;323;0
78;323;1
79;323;0
80;323;1
81;323;1
82;323;0
84;323;1
85;323;1
86;323;0
87;323;0
88;323;0
89;323;0
90;323;0
91;323;0
92;323;0
93;323;0
94;323;0
95;323;0
96;323;0
97;323;0
98;323;0
99;323;0
100;323;0
101;323;0
102;323;0
103;323;0
104;323;0
105;323;1
106;323;0
107;323;0
108;323;0
109;323;0
110;323;0
111;323;0
112;323;0
113;323;0
114;323;1
115;323;0
116;323;0
117;323;0
118;323;0
119;323;1
120;323;0
121;323;0
122;323;0
123;323;0
124;323;0
125;323;0
126;323;0
127;323;0
128;323;1
129;323;1
130;323;0
131;323;0
132;323;1
133;323;0
134;323;1
135;323;0
136;323;0
137;323;0
138;323;0
139;323;1
140;323;0
141;323;0
142;323;1
143;323;0
144;323;0
145;323;1
146;323;0
147;323;0
148;323;0
149;323;0
150;323;0
151;323;0
152;323;0
153;323;0
154;323;0
155;323;1
156;323;0
157;323;0
158;323;0
159;323;0
160;323;1
161;323;0
162;323;0
163;323;0
164;323;0
165;323;1
166;323;0
167;323;0
168;323;0
169;323;0
170;323;0
171;323;0
172;323;0
173;323;0
174;323;1
175;323;0
176;323;0
177;323;0
178;323;0
179;323;0
180;323;0
181;323;0
182;323;0
183;323;0
184;323;0
185;323;0
186;323;0
187;323;0
188;323;0
189;323;0
190;323;0
191;323;0
192;323;0
193;323;1
194;323;0
195;323;0
196;323;1
197;323;0
198;323;0
1;324;0
2;324;0
3;324;0
4;324;0
5;324;0
6;324;0
7;324;0
8;324;0
9;324;0
10;324;0
11;324;0
12;324;0
13;324;0
14;324;0
15;324;0
16;324;1
17;324;0
18;324;0
19;324;0
20;324;0
21;324;0
22;324;0
23;324;1
24;324;0
25;324;0
26;324;1
27;324;1
28;324;0
29;324;0
30;324;0
31;324;0
32;324;1
33;324;0
34;324;0
35;324;0
36;324;0
37;324;0
38;324;0
39;324;0
40;324;0
41;324;0
42;324;0
43;324;0
44;324;0
45;324;0
46;324;0
47;324;0
48;324;0
49;324;0
50;324;0
51;324;0
52;324;0
53;324;0
54;324;0
55;324;0
56;324;0
57;324;0
58;324;0
59;324;0
60;324;0
61;324;0
62;324;0
63;324;0
64;324;0
65;324;0
66;324;0
67;324;0
68;324;0
69;324;0
70;324;1
71;324;0
72;324;0
73;324;0
74;324;0
75;324;0
76;324;0
77;324;0
78;324;0
79;324;0
80;324;0
81;324;0
82;324;0
84;324;0
85;324;0
86;324;1
87;324;1
88;324;0
89;324;0
90;324;0
91;324;0
92;324;0
93;324;0
94;324;0
95;324;0
96;324;0
97;324;0
98;324;0
99;324;0
100;324;0
101;324;0
102;324;0
103;324;1
104;324;0
105;324;1
106;324;0
107;324;0
108;324;0
109;324;0
110;324;0
111;324;0
112;324;0
113;324;0
114;324;0
115;324;0
116;324;0
117;324;1
118;324;0
119;324;0
120;324;0
121;324;0
122;324;0
123;324;0
124;324;0
125;324;0
126;324;1
127;324;0
128;324;0
129;324;1
130;324;0
131;324;0
132;324;0
133;324;0
134;324;0
135;324;0
136;324;0
137;324;0
138;324;0
139;324;0
140;324;0
141;324;0
142;324;0
143;324;0
144;324;0
145;324;0
146;324;0
147;324;0
148;324;0
149;324;0
150;324;0
151;324;0
152;324;0
153;324;0
154;324;0
155;324;0
156;324;0
157;324;1
158;324;0
159;324;0
160;324;0
161;324;0
162;324;0
163;324;0
164;324;0
165;324;0
166;324;1
167;324;0
168;324;0
169;324;0
170;324;0
171;324;0
172;324;1
173;324;0
174;324;0
175;324;0
176;324;0
177;324;0
178;324;0
179;324;0
180;324;0
181;324;0
182;324;0
183;324;1
184;324;0
185;324;0
186;324;0
187;324;0
188;324;0
189;324;0
190;324;0
191;324;0
192;324;0
193;324;0
194;324;0
195;324;0
196;324;0
197;324;0
198;324;0
1;325;0
2;325;1
3;325;0
4;325;0
5;325;0
6;325;0
7;325;0
8;325;0
9;325;1
10;325;0
11;325;0
12;325;0
13;325;0
14;325;1
15;325;0
16;325;0
17;325;0
18;325;0
19;325;0
20;325;0
21;325;0
22;325;0
23;325;1
24;325;0
25;325;0
26;325;0
27;325;0
28;325;0
29;325;0
30;325;0
31;325;0
32;325;0
33;325;0
34;325;0
35;325;0
36;325;0
37;325;0
38;325;0
39;325;0
40;325;0
41;325;0
42;325;0
43;325;0
44;325;0
45;325;0
46;325;1
47;325;0
48;325;0
49;325;0
50;325;0
51;325;0
52;325;0
53;325;0
54;325;0
55;325;0
56;325;0
57;325;0
58;325;0
59;325;0
60;325;0
61;325;0
62;325;0
63;325;0
64;325;0
65;325;0
66;325;0
67;325;0
68;325;0
69;325;0
70;325;0
71;325;1
72;325;0
73;325;0
74;325;0
75;325;0
76;325;0
77;325;0
78;325;0
79;325;0
80;325;0
81;325;0
82;325;0
84;325;0
85;325;0
86;325;0
87;325;0
88;325;0
89;325;1
90;325;0
91;325;1
92;325;0
93;325;0
94;325;0
95;325;1
96;325;1
97;325;0
98;325;0
99;325;0
100;325;0
101;325;0
102;325;0
103;325;0
104;325;1
105;325;1
106;325;1
107;325;0
108;325;0
109;325;0
110;325;0
111;325;0
112;325;0
113;325;0
114;325;0
115;325;1
116;325;0
117;325;0
118;325;0
119;325;0
120;325;0
121;325;0
122;325;0
123;325;1
124;325;0
125;325;0
126;325;0
127;325;0
128;325;0
129;325;1
130;325;0
131;325;0
132;325;0
133;325;1
134;325;0
135;325;0
136;325;0
137;325;0
138;325;0
139;325;1
140;325;0
141;325;0
142;325;0
143;325;0
144;325;0
145;325;0
146;325;0
147;325;0
148;325;0
149;325;0
150;325;0
151;325;0
152;325;0
153;325;0
154;325;1
155;325;0
156;325;0
157;325;0
158;325;0
159;325;0
160;325;0
161;325;0
162;325;0
163;325;0
164;325;0
165;325;1
166;325;0
167;325;0
168;325;0
169;325;0
170;325;0
171;325;0
172;325;0
173;325;0
174;325;0
175;325;0
176;325;0
177;325;0
178;325;0
179;325;0
180;325;0
181;325;0
182;325;0
183;325;1
184;325;0
185;325;0
186;325;0
187;325;0
188;325;0
189;325;0
190;325;0
191;325;0
192;325;0
193;325;0
194;325;0
195;325;0
196;325;0
197;325;0
198;325;0
1;329;0
2;329;0
3;329;0
4;329;0
5;329;0
6;329;0
7;329;0
8;329;0
9;329;0
10;329;0
11;329;1
12;329;0
13;329;0
14;329;1
15;329;0
16;329;1
17;329;0
18;329;0
19;329;0
20;329;1
21;329;0
22;329;0
23;329;0
24;329;0
25;329;0
26;329;0
27;329;0
28;329;0
29;329;0
30;329;0
31;329;1
32;329;0
33;329;0
34;329;0
35;329;0
36;329;0
37;329;0
38;329;0
39;329;0
40;329;0
41;329;0
42;329;0
43;329;1
44;329;0
45;329;0
46;329;0
47;329;0
48;329;0
49;329;1
50;329;1
51;329;0
52;329;0
53;329;0
54;329;0
55;329;0
56;329;0
57;329;0
58;329;0
59;329;0
60;329;0
61;329;0
62;329;0
63;329;0
64;329;0
65;329;0
66;329;0
67;329;0
68;329;0
69;329;0
70;329;0
71;329;0
72;329;0
73;329;1
74;329;0
75;329;1
76;329;0
77;329;0
78;329;0
79;329;0
80;329;0
81;329;0
82;329;0
84;329;0
85;329;0
86;329;1
87;329;0
88;329;0
89;329;1
90;329;0
91;329;1
92;329;0
93;329;0
94;329;0
95;329;0
96;329;0
97;329;1
98;329;0
99;329;1
100;329;0
101;329;1
102;329;0
103;329;0
104;329;0
105;329;0
106;329;0
107;329;0
108;329;0
109;329;0
110;329;0
111;329;0
112;329;0
113;329;1
114;329;0
115;329;0
116;329;0
117;329;0
118;329;0
119;329;1
120;329;1
121;329;1
122;329;0
123;329;0
124;329;0
125;329;0
126;329;0
127;329;0
128;329;0
129;329;0
130;329;1
131;329;0
132;329;0
133;329;1
134;329;0
135;329;0
136;329;1
137;329;0
138;329;0
139;329;0
140;329;0
141;329;0
142;329;0
143;329;0
144;329;0
145;329;0
146;329;0
147;329;0
148;329;0
149;329;0
150;329;0
151;329;0
152;329;0
153;329;0
154;329;0
155;329;0
156;329;0
157;329;0
158;329;0
159;329;0
160;329;0
161;329;0
162;329;0
163;329;1
164;329;0
165;329;0
166;329;0
167;329;1
168;329;0
169;329;0
170;329;0
171;329;0
172;329;0
173;329;0
174;329;0
175;329;1
176;329;0
177;329;0
178;329;0
179;329;0
180;329;1
181;329;0
182;329;0
183;329;0
184;329;0
185;329;0
186;329;0
187;329;0
188;329;0
189;329;0
190;329;0
191;329;0
192;329;0
193;329;0
194;329;0
195;329;0
196;329;0
197;329;0
198;329;0
1;331;0
2;331;0
3;331;0
4;331;0
5;331;0
6;331;0
7;331;0
8;331;1
9;331;0
10;331;1
11;331;0
12;331;0
13;331;0
14;331;0
15;331;1
16;331;1
17;331;0
18;331;1
19;331;0
20;331;1
21;331;0
22;331;0
23;331;0
24;331;0
25;331;0
26;331;1
27;331;0
28;331;0
29;331;0
30;331;0
31;331;0
32;331;0
33;331;0
34;331;0
35;331;0
36;331;0
37;331;0
38;331;0
39;331;1
40;331;0
41;331;0
42;331;0
43;331;0
44;331;0
45;331;0
46;331;0
47;331;1
48;331;0
49;331;0
50;331;0
51;331;0
52;331;0
53;331;0
54;331;0
55;331;0
56;331;0
57;331;0
58;331;0
59;331;0
60;331;1
61;331;1
62;331;0
63;331;0
64;331;0
65;331;0
66;331;0
67;331;0
68;331;1
69;331;0
70;331;1
71;331;1
72;331;1
73;331;0
74;331;0
75;331;1
76;331;1
77;331;0
78;331;0
79;331;0
80;331;0
81;331;0
82;331;0
84;331;0
85;331;0
86;331;0
87;331;0
88;331;1
89;331;0
90;331;0
91;331;0
92;331;1
93;331;0
94;331;0
95;331;1
96;331;0
97;331;0
98;331;0
99;331;0
100;331;1
101;331;0
102;331;0
103;331;0
104;331;0
105;331;0
106;331;1
107;331;0
108;331;0
109;331;0
110;331;0
111;331;0
112;331;0
113;331;1
114;331;0
115;331;0
116;331;0
117;331;0
118;331;0
119;331;0
120;331;0
121;331;0
122;331;0
123;331;1
124;331;0
125;331;0
126;331;1
127;331;1
128;331;1
129;331;0
130;331;0
131;331;0
132;331;1
133;331;0
134;331;1
135;331;1
136;331;0
137;331;1
138;331;0
139;331;1
140;331;0
141;331;0
142;331;0
143;331;0
144;331;0
145;331;0
146;331;0
147;331;0
148;331;0
149;331;0
150;331;0
151;331;0
152;331;0
153;331;0
154;331;0
155;331;0
156;331;0
157;331;1
158;331;0
159;331;0
160;331;0
161;331;0
162;331;0
163;331;0
164;331;0
165;331;0
166;331;0
167;331;0
168;331;0
169;331;0
170;331;0
171;331;0
172;331;1
173;331;0
174;331;0
175;331;0
176;331;0
177;331;0
178;331;0
179;331;0
180;331;0
181;331;1
182;331;1
183;331;0
184;331;1
185;331;0
186;331;0
187;331;0
188;331;0
189;331;0
190;331;0
191;331;0
192;331;0
193;331;0
194;331;0
195;331;0
196;331;0
197;331;0
198;331;0
1;332;0
2;332;0
3;332;0
4;332;0
5;332;0
6;332;0
7;332;1
8;332;0
9;332;0
10;332;1
11;332;0
12;332;0
13;332;0
14;332;1
15;332;1
16;332;1
17;332;0
18;332;0
19;332;1
20;332;0
21;332;0
22;332;1
23;332;1
24;332;0
25;332;0
26;332;0
27;332;0
28;332;1
29;332;0
30;332;0
31;332;0
32;332;0
33;332;0
34;332;0
35;332;1
36;332;0
37;332;0
38;332;0
39;332;0
40;332;0
41;332;0
42;332;0
43;332;0
44;332;1
45;332;0
46;332;1
47;332;0
48;332;0
49;332;0
50;332;0
51;332;1
52;332;0
53;332;0
54;332;0
55;332;0
56;332;0
57;332;0
58;332;1
59;332;0
60;332;0
61;332;0
62;332;1
63;332;0
64;332;0
65;332;0
66;332;0
67;332;0
68;332;1
69;332;0
70;332;1
71;332;0
72;332;0
73;332;0
74;332;0
75;332;1
76;332;1
77;332;0
78;332;1
79;332;0
80;332;0
81;332;1
82;332;0
84;332;0
85;332;1
86;332;0
87;332;1
88;332;0
89;332;0
90;332;1
91;332;0
92;332;0
93;332;0
94;332;0
95;332;0
96;332;0
97;332;0
98;332;0
99;332;0
100;332;1
101;332;0
102;332;1
103;332;1
104;332;1
105;332;0
106;332;1
107;332;0
108;332;0
109;332;0
110;332;1
111;332;0
112;332;0
113;332;0
114;332;1
115;332;1
116;332;0
117;332;0
118;332;1
119;332;0
120;332;0
121;332;0
122;332;0
123;332;0
124;332;0
125;332;1
126;332;0
127;332;1
128;332;0
129;332;1
130;332;0
131;332;0
132;332;0
133;332;0
134;332;1
135;332;1
136;332;1
137;332;0
138;332;1
139;332;0
140;332;0
141;332;0
142;332;0
143;332;0
144;332;0
145;332;0
146;332;0
147;332;0
148;332;0
149;332;0
150;332;0
151;332;0
152;332;0
153;332;0
154;332;0
155;332;0
156;332;0
157;332;0
158;332;1
159;332;0
160;332;0
161;332;0
162;332;0
163;332;0
164;332;0
165;332;0
166;332;0
167;332;1
168;332;0
169;332;1
170;332;0
171;332;0
172;332;1
173;332;0
174;332;0
175;332;0
176;332;0
177;332;0
178;332;0
179;332;0
180;332;0
181;332;0
182;332;0
183;332;1
184;332;1
185;332;0
186;332;1
187;332;1
188;332;0
189;332;0
190;332;1
191;332;1
192;332;0
193;332;0
194;332;0
195;332;1
196;332;0
197;332;0
198;332;0
1;351;0
2;351;0
3;351;1
4;351;0
5;351;0
6;351;0
7;351;0
8;351;0
9;351;0
10;351;0
11;351;0
12;351;0
13;351;1
14;351;0
15;351;0
16;351;0
17;351;0
18;351;0
19;351;0
20;351;1
21;351;0
22;351;0
23;351;0
24;351;0
25;351;0
26;351;0
27;351;0
28;351;1
29;351;0
30;351;0
31;351;0
32;351;0
33;351;0
34;351;0
35;351;0
36;351;0
37;351;0
38;351;0
39;351;0
40;351;0
41;351;0
42;351;0
43;351;0
44;351;0
45;351;0
46;351;0
47;351;0
48;351;0
49;351;0
50;351;0
51;351;0
52;351;0
53;351;0
54;351;0
55;351;0
56;351;0
57;351;0
58;351;0
59;351;0
60;351;0
61;351;1
62;351;0
63;351;0
64;351;0
65;351;0
66;351;0
67;351;0
68;351;1
69;351;0
70;351;0
71;351;0
72;351;0
73;351;0
74;351;0
75;351;1
76;351;0
77;351;0
78;351;1
79;351;0
80;351;0
81;351;0
82;351;0
84;351;0
85;351;0
86;351;0
87;351;1
88;351;0
89;351;1
90;351;0
91;351;0
92;351;0
93;351;0
94;351;0
95;351;1
96;351;0
97;351;0
98;351;0
99;351;0
100;351;0
101;351;0
102;351;0
103;351;0
104;351;0
105;351;0
106;351;1
107;351;0
108;351;0
109;351;0
110;351;0
111;351;0
112;351;0
113;351;1
114;351;0
115;351;1
116;351;0
117;351;0
118;351;0
119;351;0
120;351;0
121;351;0
122;351;0
123;351;0
124;351;0
125;351;0
126;351;0
127;351;0
128;351;0
129;351;0
130;351;0
131;351;0
132;351;0
133;351;0
134;351;0
135;351;0
136;351;0
137;351;0
138;351;0
139;351;0
140;351;0
141;351;0
142;351;0
143;351;0
144;351;0
145;351;0
146;351;0
147;351;0
148;351;0
149;351;0
150;351;0
151;351;0
152;351;0
153;351;0
154;351;0
155;351;1
156;351;0
157;351;0
158;351;1
159;351;0
160;351;0
161;351;0
162;351;0
163;351;0
164;351;0
165;351;0
166;351;0
167;351;0
168;351;0
169;351;0
170;351;0
171;351;0
172;351;1
173;351;0
174;351;0
175;351;0
176;351;0
177;351;0
178;351;0
179;351;0
180;351;0
181;351;0
182;351;0
183;351;1
184;351;0
185;351;0
186;351;0
187;351;0
188;351;0
189;351;0
190;351;0
191;351;0
192;351;0
193;351;0
194;351;0
195;351;0
196;351;0
197;351;0
198;351;0
1;352;0
2;352;0
3;352;0
4;352;0
5;352;0
6;352;0
7;352;0
8;352;1
9;352;0
10;352;0
11;352;1
12;352;0
13;352;0
14;352;0
15;352;0
16;352;0
17;352;0
18;352;0
19;352;0
20;352;0
21;352;0
22;352;0
23;352;0
24;352;0
25;352;0
26;352;0
27;352;0
28;352;1
29;352;0
30;352;0
31;352;0
32;352;0
33;352;0
34;352;0
35;352;0
36;352;0
37;352;0
38;352;0
39;352;0
40;352;0
41;352;0
42;352;0
43;352;0
44;352;0
45;352;0
46;352;0
47;352;0
48;352;0
49;352;0
50;352;0
51;352;0
52;352;0
53;352;0
54;352;0
55;352;0
56;352;0
57;352;0
58;352;0
59;352;0
60;352;0
61;352;0
62;352;1
63;352;0
64;352;0
65;352;0
66;352;1
67;352;0
68;352;0
69;352;0
70;352;0
71;352;0
72;352;0
73;352;0
74;352;0
75;352;1
76;352;0
77;352;0
78;352;1
79;352;0
80;352;0
81;352;0
82;352;0
84;352;0
85;352;0
86;352;0
87;352;1
88;352;0
89;352;0
90;352;0
91;352;0
92;352;0
93;352;0
94;352;0
95;352;0
96;352;0
97;352;0
98;352;0
99;352;0
100;352;1
101;352;0
102;352;0
103;352;0
104;352;0
105;352;0
106;352;0
107;352;0
108;352;0
109;352;0
110;352;0
111;352;0
112;352;0
113;352;0
114;352;0
115;352;0
116;352;0
117;352;0
118;352;0
119;352;0
120;352;0
121;352;0
122;352;0
123;352;0
124;352;0
125;352;0
126;352;0
127;352;0
128;352;0
129;352;0
130;352;0
131;352;0
132;352;0
133;352;0
134;352;0
135;352;0
136;352;0
137;352;0
138;352;0
139;352;0
140;352;0
141;352;0
142;352;0
143;352;0
144;352;0
145;352;0
146;352;0
147;352;0
148;352;0
149;352;0
150;352;0
151;352;0
152;352;0
153;352;0
154;352;0
155;352;0
156;352;0
157;352;0
158;352;0
159;352;0
160;352;0
161;352;0
162;352;0
163;352;0
164;352;0
165;352;0
166;352;0
167;352;0
168;352;0
169;352;0
170;352;0
171;352;0
172;352;0
173;352;0
174;352;0
175;352;0
176;352;0
177;352;0
178;352;0
179;352;0
180;352;0
181;352;0
182;352;0
183;352;0
184;352;0
185;352;0
186;352;0
187;352;0
188;352;0
189;352;0
190;352;0
191;352;0
192;352;0
193;352;0
194;352;0
195;352;0
196;352;1
197;352;0
198;352;0
1;353;0
2;353;0
3;353;0
4;353;0
5;353;0
6;353;0
7;353;0
8;353;0
9;353;0
10;353;0
11;353;1
12;353;0
13;353;0
14;353;0
15;353;0
16;353;0
17;353;0
18;353;0
19;353;0
20;353;0
21;353;1
22;353;0
23;353;0
24;353;0
25;353;0
26;353;1
27;353;1
28;353;1
29;353;0
30;353;0
31;353;0
32;353;1
33;353;1
34;353;0
35;353;0
36;353;0
37;353;0
38;353;0
39;353;0
40;353;0
41;353;0
42;353;0
43;353;0
44;353;0
45;353;0
46;353;0
47;353;0
48;353;0
49;353;0
50;353;0
51;353;0
52;353;0
53;353;0
54;353;0
55;353;0
56;353;0
57;353;0
58;353;1
59;353;0
60;353;0
61;353;1
62;353;1
63;353;0
64;353;0
65;353;0
66;353;0
67;353;0
68;353;1
69;353;0
70;353;1
71;353;1
72;353;0
73;353;1
74;353;0
75;353;0
76;353;1
77;353;0
78;353;1
79;353;0
80;353;0
81;353;0
82;353;0
84;353;0
85;353;1
86;353;1
87;353;1
88;353;0
89;353;0
90;353;0
91;353;0
92;353;0
93;353;0
94;353;1
95;353;0
96;353;0
97;353;0
98;353;0
99;353;1
100;353;0
101;353;0
102;353;1
103;353;0
104;353;1
105;353;0
106;353;1
107;353;0
108;353;0
109;353;0
110;353;1
111;353;0
112;353;0
113;353;1
114;353;0
115;353;1
116;353;0
117;353;0
118;353;0
119;353;0
120;353;1
121;353;0
122;353;0
123;353;1
124;353;0
125;353;0
126;353;1
127;353;1
128;353;0
129;353;0
130;353;0
131;353;0
132;353;0
133;353;0
134;353;0
135;353;0
136;353;0
137;353;0
138;353;1
139;353;0
140;353;0
141;353;0
142;353;0
143;353;1
144;353;0
145;353;0
146;353;0
147;353;0
148;353;0
149;353;0
150;353;0
151;353;0
152;353;0
153;353;0
154;353;0
155;353;0
156;353;0
157;353;0
158;353;0
159;353;0
160;353;1
161;353;0
162;353;0
163;353;0
164;353;0
165;353;0
166;353;0
167;353;0
168;353;0
169;353;0
170;353;0
171;353;1
172;353;1
173;353;1
174;353;0
175;353;0
176;353;0
177;353;1
178;353;0
179;353;0
180;353;0
181;353;0
182;353;0
183;353;1
184;353;0
185;353;0
186;353;0
187;353;0
188;353;0
189;353;1
190;353;1
191;353;0
192;353;0
193;353;1
194;353;0
195;353;0
196;353;0
197;353;0
198;353;0
1;360;0
2;360;0
3;360;0
4;360;0
5;360;0
6;360;0
7;360;0
8;360;0
9;360;0
10;360;0
11;360;0
12;360;0
13;360;1
14;360;0
15;360;0
16;360;0
17;360;0
18;360;0
19;360;0
20;360;0
21;360;0
22;360;0
23;360;0
24;360;1
25;360;0
26;360;0
27;360;1
28;360;0
29;360;0
30;360;0
31;360;0
32;360;0
33;360;1
34;360;0
35;360;1
36;360;0
37;360;1
38;360;1
39;360;1
40;360;0
41;360;1
42;360;0
43;360;0
44;360;0
45;360;0
46;360;1
47;360;0
48;360;1
49;360;0
50;360;0
51;360;0
52;360;0
53;360;0
54;360;0
55;360;1
56;360;0
57;360;0
58;360;1
59;360;0
60;360;1
61;360;1
62;360;0
63;360;0
64;360;0
65;360;1
66;360;1
67;360;0
68;360;0
69;360;0
70;360;0
71;360;1
72;360;0
73;360;0
74;360;0
75;360;1
76;360;0
77;360;0
78;360;0
79;360;0
80;360;0
81;360;0
82;360;0
84;360;0
85;360;1
86;360;0
87;360;0
88;360;0
89;360;1
90;360;0
91;360;1
92;360;0
93;360;0
94;360;0
95;360;1
96;360;0
97;360;1
98;360;0
99;360;0
100;360;0
101;360;0
102;360;0
103;360;0
104;360;1
105;360;0
106;360;0
107;360;0
108;360;0
109;360;0
110;360;0
111;360;0
112;360;0
113;360;0
114;360;0
115;360;1
116;360;0
117;360;0
118;360;0
119;360;0
120;360;0
121;360;0
122;360;1
123;360;0
124;360;1
125;360;1
126;360;0
127;360;1
128;360;0
129;360;1
130;360;0
131;360;0
132;360;0
133;360;0
134;360;0
135;360;0
136;360;0
137;360;0
138;360;1
139;360;0
140;360;0
141;360;0
142;360;0
143;360;0
144;360;0
145;360;0
146;360;1
147;360;0
148;360;0
149;360;0
150;360;0
151;360;0
152;360;0
153;360;0
154;360;0
155;360;0
156;360;0
157;360;1
158;360;0
159;360;0
160;360;0
161;360;0
162;360;0
163;360;1
164;360;0
165;360;0
166;360;0
167;360;1
168;360;0
169;360;0
170;360;0
171;360;0
172;360;1
173;360;1
174;360;0
175;360;0
176;360;0
177;360;0
178;360;0
179;360;0
180;360;0
181;360;1
182;360;0
183;360;0
184;360;0
185;360;0
186;360;0
187;360;0
188;360;0
189;360;0
190;360;0
191;360;1
192;360;0
193;360;0
194;360;0
195;360;0
196;360;1
197;360;1
198;360;1
1;370;0
2;370;0
3;370;0
4;370;0
5;370;0
6;370;0
7;370;0
8;370;1
9;370;0
10;370;0
11;370;0
12;370;0
13;370;0
14;370;0
15;370;0
16;370;0
17;370;0
18;370;0
19;370;0
20;370;0
21;370;1
22;370;0
23;370;0
24;370;1
25;370;0
26;370;0
27;370;0
28;370;0
29;370;0
30;370;0
31;370;0
32;370;0
33;370;0
34;370;0
35;370;0
36;370;0
37;370;1
38;370;0
39;370;0
40;370;0
41;370;1
42;370;0
43;370;1
44;370;0
45;370;0
46;370;1
47;370;0
48;370;0
49;370;1
50;370;1
51;370;0
52;370;0
53;370;1
54;370;0
55;370;0
56;370;0
57;370;0
58;370;1
59;370;0
60;370;0
61;370;1
62;370;0
63;370;1
64;370;0
65;370;0
66;370;0
67;370;0
68;370;1
69;370;0
70;370;1
71;370;0
72;370;0
73;370;0
74;370;0
75;370;0
76;370;0
77;370;0
78;370;0
79;370;0
80;370;1
81;370;1
82;370;0
84;370;0
85;370;1
86;370;0
87;370;0
88;370;1
89;370;0
90;370;0
91;370;1
92;370;0
93;370;1
94;370;0
95;370;0
96;370;0
97;370;1
98;370;0
99;370;0
100;370;0
101;370;0
102;370;1
103;370;0
104;370;0
105;370;0
106;370;0
107;370;1
108;370;0
109;370;0
110;370;0
111;370;0
112;370;1
113;370;0
114;370;0
115;370;0
116;370;0
117;370;1
118;370;0
119;370;0
120;370;0
121;370;0
122;370;0
123;370;0
124;370;0
125;370;0
126;370;1
127;370;1
128;370;0
129;370;1
130;370;0
131;370;1
132;370;0
133;370;0
134;370;1
135;370;0
136;370;1
137;370;0
138;370;1
139;370;0
140;370;0
141;370;0
142;370;0
143;370;0
144;370;0
145;370;0
146;370;1
147;370;0
148;370;0
149;370;1
150;370;0
151;370;0
152;370;1
153;370;0
154;370;0
155;370;0
156;370;0
157;370;0
158;370;0
159;370;0
160;370;0
161;370;1
162;370;0
163;370;0
164;370;0
165;370;0
166;370;1
167;370;0
168;370;0
169;370;1
170;370;0
171;370;0
172;370;1
173;370;0
174;370;1
175;370;0
176;370;0
177;370;0
178;370;0
179;370;0
180;370;0
181;370;0
182;370;0
183;370;0
184;370;1
185;370;0
186;370;0
187;370;1
188;370;0
189;370;1
190;370;1
191;370;1
192;370;0
193;370;0
194;370;0
195;370;0
196;370;0
197;370;0
198;370;0
1;381;0
2;381;0
3;381;0
4;381;0
5;381;0
6;381;0
7;381;0
8;381;1
9;381;0
10;381;0
11;381;0
12;381;0
13;381;0
14;381;0
15;381;0
16;381;0
17;381;0
18;381;1
19;381;0
20;381;1
21;381;0
22;381;0
23;381;0
24;381;0
25;381;0
26;381;0
27;381;0
28;381;1
29;381;0
30;381;0
31;381;0
32;381;0
33;381;0
34;381;0
35;381;0
36;381;0
37;381;1
38;381;1
39;381;1
40;381;0
41;381;1
42;381;0
43;381;0
44;381;0
45;381;0
46;381;1
47;381;0
48;381;0
49;381;0
50;381;1
51;381;0
52;381;1
53;381;0
54;381;0
55;381;0
56;381;0
57;381;0
58;381;1
59;381;0
60;381;0
61;381;0
62;381;0
63;381;0
64;381;1
65;381;0
66;381;0
67;381;0
68;381;1
69;381;0
70;381;1
71;381;0
72;381;0
73;381;0
74;381;1
75;381;0
76;381;1
77;381;1
78;381;1
79;381;0
80;381;1
81;381;0
82;381;0
84;381;1
85;381;0
86;381;0
87;381;1
88;381;0
89;381;0
90;381;0
91;381;1
92;381;0
93;381;0
94;381;0
95;381;0
96;381;0
97;381;0
98;381;0
99;381;0
100;381;1
101;381;0
102;381;0
103;381;0
104;381;1
105;381;0
106;381;0
107;381;1
108;381;0
109;381;1
110;381;1
111;381;0
112;381;0
113;381;1
114;381;1
115;381;1
116;381;0
117;381;1
118;381;0
119;381;0
120;381;1
121;381;0
122;381;0
123;381;0
124;381;0
125;381;0
126;381;0
127;381;0
128;381;0
129;381;1
130;381;1
131;381;0
132;381;1
133;381;0
134;381;1
135;381;0
136;381;0
137;381;1
138;381;0
139;381;1
140;381;0
141;381;0
142;381;1
143;381;0
144;381;1
145;381;0
146;381;0
147;381;0
148;381;0
149;381;0
150;381;0
151;381;0
152;381;0
153;381;0
154;381;0
155;381;0
156;381;0
157;381;1
158;381;0
159;381;0
160;381;0
161;381;1
162;381;1
163;381;1
164;381;0
165;381;0
166;381;1
167;381;1
168;381;1
169;381;1
170;381;0
171;381;0
172;381;0
173;381;1
174;381;0
175;381;0
176;381;1
177;381;1
178;381;1
179;381;0
180;381;0
181;381;1
182;381;0
183;381;1
184;381;1
185;381;0
186;381;0
187;381;0
188;381;0
189;381;0
190;381;0
191;381;1
192;381;0
193;381;0
194;381;1
195;381;0
196;381;1
197;381;1
198;381;1
1;382;0
2;382;0
3;382;0
4;382;0
5;382;0
6;382;0
7;382;0
8;382;0
9;382;1
10;382;0
11;382;0
12;382;0
13;382;0
14;382;0
15;382;1
16;382;0
17;382;0
18;382;1
19;382;0
20;382;0
21;382;0
22;382;0
23;382;0
24;382;0
25;382;0
26;382;1
27;382;0
28;382;0
29;382;0
30;382;0
31;382;0
32;382;0
33;382;0
34;382;0
35;382;1
36;382;0
37;382;0
38;382;0
39;382;1
40;382;0
41;382;1
42;382;1
43;382;0
44;382;0
45;382;0
46;382;0
47;382;1
48;382;0
49;382;0
50;382;0
51;382;0
52;382;0
53;382;0
54;382;1
55;382;0
56;382;0
57;382;0
58;382;0
59;382;0
60;382;0
61;382;1
62;382;0
63;382;0
64;382;0
65;382;0
66;382;0
67;382;1
68;382;1
69;382;1
70;382;0
71;382;0
72;382;0
73;382;0
74;382;1
75;382;1
76;382;0
77;382;0
78;382;0
79;382;0
80;382;0
81;382;0
82;382;0
84;382;1
85;382;1
86;382;0
87;382;1
88;382;0
89;382;0
90;382;0
91;382;0
92;382;0
93;382;0
94;382;1
95;382;1
96;382;0
97;382;1
98;382;0
99;382;1
100;382;0
101;382;0
102;382;0
103;382;0
104;382;0
105;382;0
106;382;0
107;382;0
108;382;0
109;382;0
110;382;1
111;382;0
112;382;1
113;382;1
114;382;1
115;382;0
116;382;0
117;382;0
118;382;0
119;382;0
120;382;0
121;382;1
122;382;0
123;382;1
124;382;0
125;382;0
126;382;0
127;382;1
128;382;1
129;382;1
130;382;1
131;382;0
132;382;0
133;382;0
134;382;0
135;382;0
136;382;1
137;382;0
138;382;0
139;382;0
140;382;0
141;382;0
142;382;0
143;382;0
144;382;0
145;382;0
146;382;1
147;382;0
148;382;0
149;382;0
150;382;0
151;382;0
152;382;0
153;382;0
154;382;0
155;382;0
156;382;1
157;382;0
158;382;0
159;382;0
160;382;0
161;382;0
162;382;1
163;382;1
164;382;0
165;382;0
166;382;0
167;382;0
168;382;1
169;382;0
170;382;0
171;382;0
172;382;0
173;382;0
174;382;0
175;382;0
176;382;1
177;382;0
178;382;1
179;382;0
180;382;0
181;382;0
182;382;0
183;382;1
184;382;1
185;382;0
186;382;0
187;382;0
188;382;0
189;382;1
190;382;0
191;382;1
192;382;0
193;382;0
194;382;1
195;382;0
196;382;0
197;382;0
198;382;0
1;383;0
2;383;1
3;383;0
4;383;0
5;383;0
6;383;0
7;383;0
8;383;0
9;383;1
10;383;1
11;383;0
12;383;0
13;383;0
14;383;0
15;383;1
16;383;0
17;383;1
18;383;0
19;383;0
20;383;0
21;383;1
22;383;1
23;383;1
24;383;0
25;383;0
26;383;0
27;383;0
28;383;0
29;383;0
30;383;0
31;383;0
32;383;0
33;383;0
34;383;0
35;383;0
36;383;0
37;383;1
38;383;1
39;383;1
40;383;0
41;383;0
42;383;0
43;383;1
44;383;0
45;383;0
46;383;1
47;383;0
48;383;1
49;383;0
50;383;0
51;383;0
52;383;0
53;383;1
54;383;0
55;383;0
56;383;0
57;383;0
58;383;0
59;383;0
60;383;0
61;383;0
62;383;0
63;383;0
64;383;0
65;383;0
66;383;0
67;383;0
68;383;0
69;383;0
70;383;0
71;383;0
72;383;0
73;383;0
74;383;0
75;383;0
76;383;0
77;383;1
78;383;0
79;383;0
80;383;0
81;383;1
82;383;0
84;383;1
85;383;0
86;383;0
87;383;1
88;383;0
89;383;0
90;383;0
91;383;0
92;383;1
93;383;1
94;383;0
95;383;0
96;383;1
97;383;0
98;383;0
99;383;0
100;383;0
101;383;1
102;383;1
103;383;1
104;383;1
105;383;0
106;383;1
107;383;1
108;383;1
109;383;0
110;383;1
111;383;0
112;383;0
113;383;0
114;383;0
115;383;1
116;383;1
117;383;1
118;383;1
119;383;0
120;383;0
121;383;1
122;383;1
123;383;0
124;383;1
125;383;0
126;383;0
127;383;1
128;383;0
129;383;0
130;383;0
131;383;1
132;383;0
133;383;1
134;383;0
135;383;0
136;383;0
137;383;0
138;383;1
139;383;0
140;383;0
141;383;0
142;383;0
143;383;0
144;383;1
145;383;0
146;383;1
147;383;0
148;383;0
149;383;0
150;383;0
151;383;0
152;383;0
153;383;0
154;383;1
155;383;0
156;383;0
157;383;0
158;383;0
159;383;0
160;383;0
161;383;1
162;383;1
163;383;0
164;383;1
165;383;1
166;383;0
167;383;0
168;383;0
169;383;0
170;383;0
171;383;0
172;383;0
173;383;0
174;383;0
175;383;0
176;383;0
177;383;0
178;383;0
179;383;1
180;383;0
181;383;0
182;383;0
183;383;0
184;383;0
185;383;0
186;383;1
187;383;0
188;383;1
189;383;0
190;383;0
191;383;0
192;383;0
193;383;0
194;383;0
195;383;0
196;383;0
197;383;1
198;383;0
1;390;0
2;390;1
3;390;1
4;390;0
5;390;0
6;390;0
7;390;0
8;390;1
9;390;0
10;390;0
11;390;0
12;390;1
13;390;0
14;390;0
15;390;0
16;390;0
17;390;0
18;390;0
19;390;0
20;390;0
21;390;0
22;390;1
23;390;0
24;390;0
25;390;0
26;390;1
27;390;0
28;390;0
29;390;0
30;390;0
31;390;0
32;390;0
33;390;0
34;390;0
35;390;0
36;390;0
37;390;0
38;390;0
39;390;0
40;390;0
41;390;1
42;390;0
43;390;0
44;390;0
45;390;0
46;390;0
47;390;0
48;390;0
49;390;0
50;390;0
51;390;0
52;390;0
53;390;0
54;390;0
55;390;0
56;390;0
57;390;0
58;390;0
59;390;0
60;390;1
61;390;0
62;390;0
63;390;0
64;390;0
65;390;0
66;390;0
67;390;1
68;390;0
69;390;0
70;390;0
71;390;0
72;390;0
73;390;0
74;390;0
75;390;0
76;390;0
77;390;0
78;390;0
79;390;0
80;390;1
81;390;0
82;390;0
84;390;0
85;390;0
86;390;0
87;390;0
88;390;0
89;390;1
90;390;0
91;390;0
92;390;0
93;390;0
94;390;0
95;390;1
96;390;0
97;390;1
98;390;0
99;390;0
100;390;0
101;390;0
102;390;1
103;390;0
104;390;0
105;390;0
106;390;0
107;390;0
108;390;0
109;390;0
110;390;0
111;390;1
112;390;0
113;390;0
114;390;0
115;390;0
116;390;0
117;390;0
118;390;0
119;390;0
120;390;0
121;390;0
122;390;0
123;390;0
124;390;0
125;390;0
126;390;0
127;390;1
128;390;1
129;390;0
130;390;0
131;390;1
132;390;0
133;390;0
134;390;0
135;390;1
136;390;0
137;390;1
138;390;0
139;390;0
140;390;0
141;390;0
142;390;0
143;390;0
144;390;0
145;390;0
146;390;1
147;390;0
148;390;0
149;390;0
150;390;0
151;390;0
152;390;0
153;390;0
154;390;1
155;390;0
156;390;0
157;390;0
158;390;0
159;390;0
160;390;0
161;390;0
162;390;0
163;390;0
164;390;0
165;390;0
166;390;0
167;390;0
168;390;0
169;390;0
170;390;0
171;390;0
172;390;0
173;390;0
174;390;0
175;390;0
176;390;0
177;390;0
178;390;0
179;390;0
180;390;0
181;390;0
182;390;0
183;390;0
184;390;1
185;390;0
186;390;0
187;390;0
188;390;0
189;390;0
190;390;0
191;390;1
192;390;0
193;390;0
194;390;0
195;390;0
196;390;0
197;390;0
198;390;0
1;411;1
2;411;1
3;411;1
4;411;0
5;411;0
6;411;1
7;411;1
8;411;0
9;411;0
10;411;0
11;411;1
12;411;1
13;411;0
14;411;1
15;411;1
16;411;1
17;411;1
18;411;0
19;411;1
20;411;1
21;411;1
22;411;1
23;411;1
24;411;0
25;411;0
26;411;0
27;411;0
28;411;1
29;411;0
30;411;0
31;411;0
32;411;0
33;411;0
34;411;0
35;411;0
36;411;0
37;411;1
38;411;0
39;411;1
40;411;0
41;411;0
42;411;0
43;411;0
44;411;0
45;411;0
46;411;0
47;411;0
48;411;0
49;411;0
50;411;1
51;411;0
52;411;0
53;411;0
54;411;0
55;411;1
56;411;0
57;411;0
58;411;0
59;411;0
60;411;0
61;411;0
62;411;0
63;411;0
64;411;0
65;411;0
66;411;0
67;411;0
68;411;0
69;411;0
70;411;0
71;411;0
72;411;0
73;411;0
74;411;0
75;411;1
76;411;0
77;411;0
78;411;0
79;411;0
80;411;0
81;411;1
82;411;0
84;411;1
85;411;1
86;411;1
87;411;1
88;411;1
89;411;1
90;411;0
91;411;1
92;411;1
93;411;0
94;411;0
95;411;0
96;411;1
97;411;1
98;411;0
99;411;0
100;411;0
101;411;1
102;411;0
103;411;1
104;411;1
105;411;0
106;411;0
107;411;0
108;411;0
109;411;0
110;411;1
111;411;0
112;411;1
113;411;0
114;411;1
115;411;1
116;411;0
117;411;0
118;411;0
119;411;0
120;411;0
121;411;1
122;411;1
123;411;1
124;411;1
125;411;0
126;411;1
127;411;1
128;411;1
129;411;1
130;411;1
131;411;1
132;411;0
133;411;0
134;411;0
135;411;1
136;411;1
137;411;1
138;411;0
139;411;1
140;411;0
141;411;0
142;411;0
143;411;0
144;411;0
145;411;1
146;411;0
147;411;0
148;411;0
149;411;0
150;411;0
151;411;1
152;411;0
153;411;0
154;411;0
155;411;0
156;411;0
157;411;0
158;411;0
159;411;1
160;411;0
161;411;0
162;411;0
163;411;1
164;411;1
165;411;0
166;411;0
167;411;0
168;411;0
169;411;0
170;411;0
171;411;0
172;411;0
173;411;0
174;411;1
175;411;0
176;411;0
177;411;0
178;411;0
179;411;0
180;411;0
181;411;0
182;411;0
183;411;0
184;411;0
185;411;1
186;411;0
187;411;0
188;411;0
189;411;1
190;411;0
191;411;0
192;411;0
193;411;1
194;411;0
195;411;0
196;411;1
197;411;0
198;411;1
1;412;0
2;412;0
3;412;1
4;412;0
5;412;0
6;412;0
7;412;0
8;412;0
9;412;0
10;412;0
11;412;1
12;412;0
13;412;1
14;412;0
15;412;1
16;412;1
17;412;1
18;412;1
19;412;1
20;412;1
21;412;0
22;412;1
23;412;0
24;412;1
25;412;0
26;412;0
27;412;1
28;412;0
29;412;1
30;412;0
31;412;0
32;412;0
33;412;1
34;412;0
35;412;0
36;412;0
37;412;1
38;412;1
39;412;0
40;412;0
41;412;1
42;412;0
43;412;0
44;412;1
45;412;1
46;412;0
47;412;1
48;412;0
49;412;0
50;412;0
51;412;1
52;412;1
53;412;1
54;412;0
55;412;1
56;412;1
57;412;0
58;412;1
59;412;0
60;412;1
61;412;0
62;412;1
63;412;0
64;412;1
65;412;0
66;412;1
67;412;0
68;412;0
69;412;1
70;412;0
71;412;1
72;412;1
73;412;0
74;412;0
75;412;1
76;412;0
77;412;0
78;412;1
79;412;1
80;412;1
81;412;0
82;412;0
84;412;0
85;412;0
86;412;0
87;412;0
88;412;1
89;412;1
90;412;1
91;412;1
92;412;1
93;412;1
94;412;0
95;412;0
96;412;1
97;412;1
98;412;1
99;412;1
100;412;1
101;412;1
102;412;1
103;412;1
104;412;1
105;412;1
106;412;1
107;412;0
108;412;1
109;412;1
110;412;1
111;412;0
112;412;0
113;412;1
114;412;1
115;412;1
116;412;0
117;412;1
118;412;1
119;412;1
120;412;0
121;412;1
122;412;1
123;412;0
124;412;1
125;412;1
126;412;1
127;412;1
128;412;1
129;412;1
130;412;1
131;412;1
132;412;1
133;412;1
134;412;1
135;412;1
136;412;1
137;412;1
138;412;0
139;412;1
140;412;1
141;412;0
142;412;1
143;412;1
144;412;0
145;412;1
146;412;1
147;412;0
148;412;0
149;412;0
150;412;1
151;412;1
152;412;0
153;412;1
154;412;1
155;412;0
156;412;1
157;412;1
158;412;1
159;412;1
160;412;0
161;412;1
162;412;0
163;412;0
164;412;0
165;412;1
166;412;0
167;412;0
168;412;1
169;412;1
170;412;1
171;412;1
172;412;1
173;412;1
174;412;1
175;412;1
176;412;0
177;412;0
178;412;1
179;412;0
180;412;0
181;412;0
182;412;1
183;412;0
184;412;1
185;412;1
186;412;0
187;412;1
188;412;1
189;412;1
190;412;1
191;412;0
192;412;1
193;412;1
194;412;0
195;412;1
196;412;1
197;412;0
198;412;1
1;421;1
2;421;0
3;421;0
4;421;0
5;421;0
6;421;0
7;421;0
8;421;0
9;421;0
10;421;1
11;421;1
12;421;0
13;421;1
14;421;0
15;421;1
16;421;1
17;421;0
18;421;0
19;421;0
20;421;0
21;421;0
22;421;0
23;421;1
24;421;1
25;421;0
26;421;0
27;421;0
28;421;0
29;421;0
30;421;0
31;421;0
32;421;0
33;421;1
34;421;0
35;421;1
36;421;0
37;421;1
38;421;0
39;421;0
40;421;0
41;421;0
42;421;0
43;421;0
44;421;1
45;421;0
46;421;0
47;421;1
48;421;0
49;421;0
50;421;0
51;421;0
52;421;0
53;421;0
54;421;0
55;421;0
56;421;1
57;421;0
58;421;0
59;421;1
60;421;1
61;421;1
62;421;0
63;421;0
64;421;0
65;421;0
66;421;1
67;421;0
68;421;0
69;421;0
70;421;0
71;421;0
72;421;1
73;421;0
74;421;1
75;421;0
76;421;0
77;421;0
78;421;0
79;421;0
80;421;1
81;421;0
82;421;0
84;421;0
85;421;1
86;421;0
87;421;1
88;421;1
89;421;0
90;421;0
91;421;0
92;421;1
93;421;0
94;421;0
95;421;0
96;421;0
97;421;0
98;421;0
99;421;0
100;421;0
101;421;1
102;421;1
103;421;0
104;421;0
105;421;1
106;421;0
107;421;0
108;421;0
109;421;1
110;421;1
111;421;0
112;421;0
113;421;0
114;421;1
115;421;0
116;421;0
117;421;0
118;421;0
119;421;0
120;421;0
121;421;1
122;421;0
123;421;0
124;421;1
125;421;0
126;421;0
127;421;1
128;421;0
129;421;1
130;421;1
131;421;1
132;421;0
133;421;0
134;421;1
135;421;1
136;421;1
137;421;0
138;421;0
139;421;1
140;421;0
141;421;1
142;421;1
143;421;0
144;421;0
145;421;0
146;421;0
147;421;0
148;421;1
149;421;0
150;421;0
151;421;0
152;421;0
153;421;0
154;421;0
155;421;0
156;421;0
157;421;0
158;421;0
159;421;0
160;421;0
161;421;1
162;421;0
163;421;1
164;421;0
165;421;0
166;421;0
167;421;0
168;421;1
169;421;0
170;421;0
171;421;0
172;421;1
173;421;0
174;421;0
175;421;1
176;421;1
177;421;0
178;421;0
179;421;1
180;421;0
181;421;0
182;421;1
183;421;0
184;421;0
185;421;1
186;421;0
187;421;0
188;421;0
189;421;0
190;421;0
191;421;0
192;421;1
193;421;1
194;421;1
195;421;1
196;421;0
197;421;0
198;421;0
1;422;1
2;422;0
3;422;1
4;422;0
5;422;0
6;422;0
7;422;0
8;422;0
9;422;0
10;422;1
11;422;1
12;422;0
13;422;0
14;422;0
15;422;1
16;422;1
17;422;1
18;422;0
19;422;1
20;422;1
21;422;1
22;422;1
23;422;0
24;422;0
25;422;0
26;422;0
27;422;0
28;422;0
29;422;0
30;422;0
31;422;0
32;422;0
33;422;1
34;422;0
35;422;0
36;422;0
37;422;0
38;422;0
39;422;0
40;422;0
41;422;1
42;422;0
43;422;0
44;422;1
45;422;1
46;422;0
47;422;1
48;422;0
49;422;0
50;422;0
51;422;0
52;422;1
53;422;0
54;422;0
55;422;0
56;422;0
57;422;0
58;422;1
59;422;1
60;422;0
61;422;1
62;422;0
63;422;0
64;422;0
65;422;0
66;422;0
67;422;1
68;422;1
69;422;1
70;422;0
71;422;1
72;422;1
73;422;0
74;422;0
75;422;1
76;422;0
77;422;1
78;422;0
79;422;0
80;422;0
81;422;1
82;422;0
84;422;0
85;422;0
86;422;0
87;422;0
88;422;0
89;422;0
90;422;0
91;422;0
92;422;0
93;422;1
94;422;0
95;422;0
96;422;0
97;422;0
98;422;0
99;422;1
100;422;0
101;422;0
102;422;0
103;422;0
104;422;1
105;422;0
106;422;1
107;422;0
108;422;1
109;422;0
110;422;0
111;422;0
112;422;0
113;422;0
114;422;1
115;422;1
116;422;1
117;422;0
118;422;1
119;422;0
120;422;1
121;422;1
122;422;1
123;422;0
124;422;1
125;422;0
126;422;1
127;422;1
128;422;1
129;422;0
130;422;1
131;422;0
132;422;0
133;422;1
134;422;0
135;422;1
136;422;1
137;422;0
138;422;0
139;422;0
140;422;1
141;422;0
142;422;0
143;422;1
144;422;0
145;422;1
146;422;1
147;422;0
148;422;0
149;422;0
150;422;1
151;422;1
152;422;1
153;422;0
154;422;1
155;422;0
156;422;0
157;422;0
158;422;0
159;422;0
160;422;0
161;422;1
162;422;0
163;422;0
164;422;0
165;422;1
166;422;1
167;422;0
168;422;0
169;422;0
170;422;0
171;422;0
172;422;1
173;422;1
174;422;0
175;422;1
176;422;0
177;422;0
178;422;1
179;422;0
180;422;0
181;422;0
182;422;0
183;422;0
184;422;1
185;422;0
186;422;0
187;422;0
188;422;0
189;422;0
190;422;0
191;422;0
192;422;1
193;422;0
194;422;1
195;422;1
196;422;1
197;422;0
198;422;0
1;429;0
2;429;0
3;429;0
4;429;0
5;429;0
6;429;0
7;429;0
8;429;0
9;429;0
10;429;0
11;429;0
12;429;1
13;429;0
14;429;0
15;429;1
16;429;1
17;429;1
18;429;0
19;429;0
20;429;0
21;429;1
22;429;1
23;429;0
24;429;1
25;429;0
26;429;0
27;429;1
28;429;0
29;429;0
30;429;0
31;429;0
32;429;1
33;429;1
34;429;1
35;429;0
36;429;0
37;429;0
38;429;0
39;429;0
40;429;0
41;429;1
42;429;0
43;429;1
44;429;0
45;429;1
46;429;0
47;429;0
48;429;1
49;429;0
50;429;1
51;429;1
52;429;1
53;429;0
54;429;0
55;429;1
56;429;0
57;429;1
58;429;0
59;429;1
60;429;1
61;429;0
62;429;1
63;429;1
64;429;1
65;429;1
66;429;0
67;429;1
68;429;1
69;429;1
70;429;0
71;429;1
72;429;1
73;429;0
74;429;0
75;429;0
76;429;0
77;429;0
78;429;0
79;429;1
80;429;0
81;429;0
82;429;1
84;429;0
85;429;1
86;429;0
87;429;0
88;429;1
89;429;0
90;429;0
91;429;0
92;429;0
93;429;1
94;429;1
95;429;0
96;429;0
97;429;0
98;429;0
99;429;0
100;429;0
101;429;1
102;429;1
103;429;0
104;429;1
105;429;0
106;429;1
107;429;1
108;429;0
109;429;0
110;429;1
111;429;0
112;429;1
113;429;0
114;429;1
115;429;0
116;429;0
117;429;1
118;429;0
119;429;0
120;429;0
121;429;0
122;429;1
123;429;1
124;429;0
125;429;1
126;429;0
127;429;1
128;429;1
129;429;0
130;429;0
131;429;1
132;429;0
133;429;1
134;429;0
135;429;1
136;429;0
137;429;0
138;429;1
139;429;0
140;429;0
141;429;0
142;429;1
143;429;1
144;429;0
145;429;1
146;429;1
147;429;0
148;429;0
149;429;0
150;429;1
151;429;0
152;429;0
153;429;1
154;429;1
155;429;0
156;429;1
157;429;0
158;429;0
159;429;1
160;429;0
161;429;0
162;429;0
163;429;0
164;429;1
165;429;0
166;429;1
167;429;1
168;429;0
169;429;1
170;429;0
171;429;1
172;429;0
173;429;1
174;429;1
175;429;1
176;429;0
177;429;0
178;429;0
179;429;0
180;429;0
181;429;0
182;429;0
183;429;0
184;429;1
185;429;0
186;429;0
187;429;1
188;429;1
189;429;1
190;429;0
191;429;0
192;429;0
193;429;1
194;429;0
195;429;0
196;429;1
197;429;1
198;429;1
1;431;0
2;431;0
3;431;0
4;431;0
5;431;0
6;431;0
7;431;1
8;431;0
9;431;0
10;431;0
11;431;0
12;431;0
13;431;0
14;431;0
15;431;1
16;431;1
17;431;1
18;431;1
19;431;1
20;431;0
21;431;1
22;431;1
23;431;0
24;431;1
25;431;1
26;431;1
27;431;1
28;431;1
29;431;0
30;431;0
31;431;0
32;431;1
33;431;1
34;431;1
35;431;1
36;431;1
37;431;1
38;431;0
39;431;0
40;431;1
41;431;1
42;431;1
43;431;0
44;431;0
45;431;0
46;431;0
47;431;1
48;431;1
49;431;0
50;431;0
51;431;0
52;431;0
53;431;1
54;431;0
55;431;1
56;431;1
57;431;1
58;431;0
59;431;1
60;431;1
61;431;0
62;431;1
63;431;0
64;431;0
65;431;0
66;431;1
67;431;0
68;431;0
69;431;0
70;431;0
71;431;1
72;431;1
73;431;0
74;431;0
75;431;0
76;431;1
77;431;0
78;431;1
79;431;1
80;431;1
81;431;1
82;431;0
84;431;0
85;431;0
86;431;1
87;431;1
88;431;0
89;431;0
90;431;1
91;431;0
92;431;1
93;431;0
94;431;1
95;431;0
96;431;0
97;431;0
98;431;1
99;431;1
100;431;1
101;431;1
102;431;1
103;431;1
104;431;0
105;431;1
106;431;1
107;431;1
108;431;1
109;431;1
110;431;1
111;431;0
112;431;0
113;431;1
114;431;1
115;431;1
116;431;1
117;431;1
118;431;1
119;431;0
120;431;1
121;431;1
122;431;1
123;431;0
124;431;1
125;431;1
126;431;1
127;431;1
128;431;0
129;431;1
130;431;0
131;431;1
132;431;0
133;431;1
134;431;1
135;431;1
136;431;1
137;431;1
138;431;1
139;431;1
140;431;0
141;431;0
142;431;1
143;431;0
144;431;0
145;431;0
146;431;0
147;431;0
148;431;1
149;431;1
150;431;1
151;431;1
152;431;0
153;431;0
154;431;1
155;431;1
156;431;1
157;431;0
158;431;0
159;431;0
160;431;1
161;431;1
162;431;0
163;431;1
164;431;1
165;431;1
166;431;1
167;431;1
168;431;1
169;431;1
170;431;0
171;431;1
172;431;0
173;431;1
174;431;1
175;431;1
176;431;0
177;431;1
178;431;0
179;431;0
180;431;0
181;431;0
182;431;1
183;431;1
184;431;1
185;431;1
186;431;0
187;431;0
188;431;0
189;431;1
190;431;1
191;431;0
192;431;1
193;431;1
194;431;0
195;431;0
196;431;0
197;431;1
198;431;1
1;432;0
2;432;0
3;432;1
4;432;0
5;432;0
6;432;0
7;432;0
8;432;0
9;432;0
10;432;1
11;432;1
12;432;0
13;432;0
14;432;1
15;432;1
16;432;1
17;432;1
18;432;1
19;432;1
20;432;1
21;432;1
22;432;1
23;432;1
24;432;0
25;432;0
26;432;1
27;432;0
28;432;1
29;432;0
30;432;0
31;432;0
32;432;1
33;432;0
34;432;0
35;432;0
36;432;0
37;432;0
38;432;1
39;432;0
40;432;0
41;432;0
42;432;0
43;432;1
44;432;0
45;432;0
46;432;0
47;432;0
48;432;0
49;432;0
50;432;0
51;432;0
52;432;1
53;432;0
54;432;0
55;432;1
56;432;0
57;432;0
58;432;1
59;432;1
60;432;0
61;432;1
62;432;1
63;432;0
64;432;1
65;432;0
66;432;0
67;432;1
68;432;1
69;432;0
70;432;1
71;432;0
72;432;0
73;432;0
74;432;1
75;432;1
76;432;0
77;432;0
78;432;1
79;432;0
80;432;1
81;432;1
82;432;1
84;432;0
85;432;1
86;432;0
87;432;1
88;432;0
89;432;1
90;432;1
91;432;0
92;432;1
93;432;1
94;432;0
95;432;1
96;432;0
97;432;1
98;432;0
99;432;1
100;432;0
101;432;0
102;432;1
103;432;0
104;432;0
105;432;0
106;432;1
107;432;0
108;432;1
109;432;0
110;432;1
111;432;0
112;432;1
113;432;0
114;432;1
115;432;1
116;432;0
117;432;0
118;432;1
119;432;1
120;432;0
121;432;1
122;432;1
123;432;0
124;432;1
125;432;1
126;432;1
127;432;1
128;432;1
129;432;1
130;432;1
131;432;1
132;432;1
133;432;1
134;432;1
135;432;1
136;432;1
137;432;1
138;432;1
139;432;1
140;432;0
141;432;0
142;432;0
143;432;0
144;432;0
145;432;0
146;432;0
147;432;0
148;432;0
149;432;0
150;432;0
151;432;1
152;432;0
153;432;0
154;432;0
155;432;1
156;432;0
157;432;0
158;432;1
159;432;0
160;432;0
161;432;0
162;432;0
163;432;0
164;432;0
165;432;0
166;432;1
167;432;0
168;432;0
169;432;1
170;432;1
171;432;1
172;432;1
173;432;0
174;432;1
175;432;1
176;432;0
177;432;0
178;432;1
179;432;0
180;432;0
181;432;0
182;432;0
183;432;0
184;432;1
185;432;0
186;432;0
187;432;0
188;432;1
189;432;1
190;432;1
191;432;0
192;432;0
193;432;1
194;432;0
195;432;0
196;432;0
197;432;0
198;432;0
1;433;0
2;433;0
3;433;0
4;433;0
5;433;0
6;433;0
7;433;0
8;433;0
9;433;0
10;433;0
11;433;0
12;433;0
13;433;0
14;433;0
15;433;1
16;433;1
17;433;1
18;433;1
19;433;1
20;433;1
21;433;1
22;433;1
23;433;1
24;433;0
25;433;0
26;433;1
27;433;0
28;433;1
29;433;1
30;433;0
31;433;1
32;433;0
33;433;0
34;433;0
35;433;1
36;433;1
37;433;1
38;433;1
39;433;1
40;433;1
41;433;0
42;433;0
43;433;1
44;433;1
45;433;1
46;433;0
47;433;1
48;433;0
49;433;0
50;433;1
51;433;0
52;433;1
53;433;1
54;433;0
55;433;0
56;433;0
57;433;0
58;433;0
59;433;1
60;433;1
61;433;0
62;433;1
63;433;0
64;433;0
65;433;0
66;433;1
67;433;1
68;433;1
69;433;0
70;433;0
71;433;1
72;433;1
73;433;1
74;433;0
75;433;1
76;433;1
77;433;0
78;433;1
79;433;1
80;433;1
81;433;1
82;433;1
84;433;1
85;433;1
86;433;1
87;433;1
88;433;1
89;433;1
90;433;1
91;433;1
92;433;1
93;433;1
94;433;0
95;433;0
96;433;1
97;433;1
98;433;1
99;433;1
100;433;0
101;433;1
102;433;1
103;433;0
104;433;0
105;433;1
106;433;0
107;433;0
108;433;0
109;433;1
110;433;1
111;433;0
112;433;0
113;433;1
114;433;1
115;433;1
116;433;0
117;433;0
118;433;1
119;433;1
120;433;0
121;433;1
122;433;1
123;433;0
124;433;1
125;433;1
126;433;1
127;433;1
128;433;1
129;433;1
130;433;1
131;433;1
132;433;1
133;433;1
134;433;1
135;433;1
136;433;1
137;433;0
138;433;1
139;433;1
140;433;0
141;433;0
142;433;1
143;433;0
144;433;0
145;433;0
146;433;0
147;433;0
148;433;0
149;433;0
150;433;0
151;433;1
152;433;0
153;433;0
154;433;0
155;433;1
156;433;0
157;433;1
158;433;0
159;433;0
160;433;0
161;433;1
162;433;0
163;433;0
164;433;0
165;433;0
166;433;0
167;433;0
168;433;0
169;433;0
170;433;1
171;433;0
172;433;1
173;433;0
174;433;1
175;433;1
176;433;0
177;433;0
178;433;1
179;433;1
180;433;0
181;433;0
182;433;1
183;433;0
184;433;1
185;433;1
186;433;0
187;433;0
188;433;1
189;433;1
190;433;1
191;433;0
192;433;1
193;433;1
194;433;1
195;433;1
196;433;1
197;433;1
198;433;1
1;439;1
2;439;0
3;439;1
4;439;1
5;439;0
6;439;0
7;439;0
8;439;0
9;439;1
10;439;1
11;439;1
12;439;0
13;439;0
14;439;1
15;439;1
16;439;1
17;439;1
18;439;1
19;439;1
20;439;1
21;439;1
22;439;1
23;439;1
24;439;1
25;439;0
26;439;0
27;439;0
28;439;0
29;439;0
30;439;0
31;439;0
32;439;0
33;439;0
34;439;1
35;439;1
36;439;0
37;439;1
38;439;1
39;439;0
40;439;0
41;439;0
42;439;0
43;439;1
44;439;1
45;439;1
46;439;0
47;439;1
48;439;0
49;439;0
50;439;1
51;439;1
52;439;1
53;439;0
54;439;0
55;439;1
56;439;1
57;439;1
58;439;1
59;439;0
60;439;1
61;439;1
62;439;0
63;439;0
64;439;0
65;439;0
66;439;0
67;439;1
68;439;1
69;439;0
70;439;0
71;439;0
72;439;1
73;439;0
74;439;0
75;439;0
76;439;0
77;439;0
78;439;1
79;439;1
80;439;1
81;439;1
82;439;0
84;439;1
85;439;1
86;439;1
87;439;0
88;439;0
89;439;1
90;439;1
91;439;0
92;439;1
93;439;1
94;439;0
95;439;0
96;439;1
97;439;1
98;439;1
99;439;1
100;439;0
101;439;1
102;439;0
103;439;1
104;439;0
105;439;0
106;439;1
107;439;0
108;439;1
109;439;0
110;439;1
111;439;0
112;439;0
113;439;0
114;439;1
115;439;0
116;439;1
117;439;0
118;439;1
119;439;0
120;439;1
121;439;1
122;439;1
123;439;0
124;439;0
125;439;1
126;439;1
127;439;1
128;439;1
129;439;1
130;439;1
131;439;1
132;439;0
133;439;1
134;439;1
135;439;1
136;439;1
137;439;1
138;439;1
139;439;1
140;439;0
141;439;0
142;439;0
143;439;0
144;439;0
145;439;0
146;439;1
147;439;0
148;439;0
149;439;0
150;439;0
151;439;1
152;439;1
153;439;0
154;439;0
155;439;1
156;439;0
157;439;0
158;439;0
159;439;1
160;439;0
161;439;0
162;439;0
163;439;0
164;439;0
165;439;0
166;439;0
167;439;0
168;439;1
169;439;0
170;439;1
171;439;0
172;439;1
173;439;1
174;439;0
175;439;1
176;439;0
177;439;1
178;439;1
179;439;0
180;439;0
181;439;0
182;439;1
183;439;1
184;439;1
185;439;1
186;439;0
187;439;0
188;439;1
189;439;1
190;439;0
191;439;0
192;439;1
193;439;1
194;439;1
195;439;0
196;439;0
197;439;0
198;439;1
1;451;0
2;451;0
3;451;1
4;451;1
5;451;0
6;451;0
7;451;0
8;451;0
9;451;0
10;451;0
11;451;1
12;451;0
13;451;1
14;451;1
15;451;1
16;451;1
17;451;1
18;451;1
19;451;1
20;451;1
21;451;1
22;451;1
23;451;1
24;451;0
25;451;0
26;451;0
27;451;0
28;451;1
29;451;0
30;451;0
31;451;0
32;451;1
33;451;1
34;451;0
35;451;1
36;451;0
37;451;1
38;451;1
39;451;1
40;451;1
41;451;1
42;451;0
43;451;0
44;451;1
45;451;0
46;451;1
47;451;0
48;451;0
49;451;0
50;451;0
51;451;0
52;451;0
53;451;0
54;451;0
55;451;0
56;451;0
57;451;0
58;451;0
59;451;0
60;451;0
61;451;0
62;451;0
63;451;0
64;451;0
65;451;0
66;451;0
67;451;0
68;451;0
69;451;0
70;451;0
71;451;0
72;451;0
73;451;0
74;451;0
75;451;0
76;451;0
77;451;0
78;451;0
79;451;0
80;451;0
81;451;0
82;451;1
84;451;1
85;451;0
86;451;1
87;451;0
88;451;1
89;451;1
90;451;1
91;451;0
92;451;0
93;451;1
94;451;0
95;451;1
96;451;0
97;451;0
98;451;0
99;451;0
100;451;0
101;451;1
102;451;0
103;451;0
104;451;1
105;451;0
106;451;0
107;451;1
108;451;0
109;451;0
110;451;0
111;451;1
112;451;0
113;451;1
114;451;1
115;451;1
116;451;0
117;451;0
118;451;0
119;451;0
120;451;0
121;451;1
122;451;0
123;451;1
124;451;1
125;451;1
126;451;1
127;451;1
128;451;1
129;451;1
130;451;1
131;451;1
132;451;0
133;451;1
134;451;1
135;451;1
136;451;1
137;451;0
138;451;1
139;451;1
140;451;1
141;451;0
142;451;1
143;451;0
144;451;0
145;451;0
146;451;1
147;451;0
148;451;0
149;451;0
150;451;0
151;451;0
152;451;0
153;451;0
154;451;0
155;451;0
156;451;0
157;451;1
158;451;0
159;451;0
160;451;0
161;451;0
162;451;1
163;451;0
164;451;0
165;451;0
166;451;0
167;451;0
168;451;0
169;451;0
170;451;1
171;451;0
172;451;0
173;451;0
174;451;1
175;451;1
176;451;0
177;451;0
178;451;0
179;451;0
180;451;0
181;451;0
182;451;0
183;451;1
184;451;1
185;451;1
186;451;0
187;451;1
188;451;0
189;451;0
190;451;0
191;451;1
192;451;0
193;451;0
194;451;0
195;451;0
196;451;1
197;451;1
198;451;0
1;452;0
2;452;0
3;452;0
4;452;0
5;452;0
6;452;0
7;452;0
8;452;0
9;452;0
10;452;0
11;452;0
12;452;0
13;452;0
14;452;1
15;452;1
16;452;1
17;452;1
18;452;1
19;452;1
20;452;1
21;452;1
22;452;1
23;452;1
24;452;1
25;452;0
26;452;0
27;452;0
28;452;1
29;452;1
30;452;0
31;452;0
32;452;0
33;452;1
34;452;1
35;452;1
36;452;0
37;452;1
38;452;1
39;452;1
40;452;1
41;452;1
42;452;0
43;452;1
44;452;0
45;452;1
46;452;1
47;452;0
48;452;0
49;452;0
50;452;1
51;452;0
52;452;1
53;452;0
54;452;0
55;452;0
56;452;0
57;452;0
58;452;0
59;452;1
60;452;1
61;452;1
62;452;0
63;452;0
64;452;0
65;452;0
66;452;0
67;452;0
68;452;0
69;452;0
70;452;0
71;452;1
72;452;1
73;452;0
74;452;1
75;452;1
76;452;0
77;452;0
78;452;0
79;452;1
80;452;1
81;452;1
82;452;0
84;452;1
85;452;1
86;452;1
87;452;0
88;452;1
89;452;1
90;452;1
91;452;1
92;452;1
93;452;0
94;452;0
95;452;1
96;452;0
97;452;1
98;452;0
99;452;0
100;452;0
101;452;1
102;452;0
103;452;0
104;452;0
105;452;0
106;452;1
107;452;0
108;452;0
109;452;0
110;452;0
111;452;1
112;452;1
113;452;1
114;452;1
115;452;1
116;452;0
117;452;0
118;452;0
119;452;0
120;452;0
121;452;0
122;452;1
123;452;0
124;452;1
125;452;0
126;452;1
127;452;1
128;452;1
129;452;1
130;452;1
131;452;0
132;452;1
133;452;1
134;452;1
135;452;1
136;452;1
137;452;1
138;452;1
139;452;1
140;452;0
141;452;0
142;452;1
143;452;1
144;452;0
145;452;0
146;452;1
147;452;0
148;452;0
149;452;0
150;452;0
151;452;0
152;452;0
153;452;0
154;452;0
155;452;1
156;452;0
157;452;0
158;452;0
159;452;0
160;452;0
161;452;0
162;452;0
163;452;0
164;452;0
165;452;1
166;452;0
167;452;0
168;452;1
169;452;0
170;452;1
171;452;1
172;452;0
173;452;0
174;452;0
175;452;1
176;452;0
177;452;1
178;452;1
179;452;1
180;452;0
181;452;0
182;452;0
183;452;0
184;452;0
185;452;1
186;452;1
187;452;1
188;452;1
189;452;1
190;452;1
191;452;0
192;452;0
193;452;1
194;452;1
195;452;1
196;452;1
197;452;0
198;452;0
1;453;0
2;453;0
3;453;1
4;453;0
5;453;0
6;453;0
7;453;0
8;453;1
9;453;0
10;453;1
11;453;1
12;453;0
13;453;1
14;453;0
15;453;1
16;453;1
17;453;1
18;453;1
19;453;1
20;453;1
21;453;1
22;453;1
23;453;1
24;453;0
25;453;0
26;453;0
27;453;0
28;453;0
29;453;0
30;453;0
31;453;0
32;453;1
33;453;0
34;453;0
35;453;1
36;453;1
37;453;0
38;453;1
39;453;1
40;453;0
41;453;1
42;453;0
43;453;0
44;453;1
45;453;0
46;453;0
47;453;0
48;453;0
49;453;0
50;453;0
51;453;0
52;453;0
53;453;1
54;453;0
55;453;0
56;453;0
57;453;0
58;453;0
59;453;0
60;453;0
61;453;0
62;453;0
63;453;0
64;453;0
65;453;0
66;453;0
67;453;0
68;453;0
69;453;0
70;453;0
71;453;0
72;453;1
73;453;0
74;453;0
75;453;0
76;453;1
77;453;0
78;453;0
79;453;0
80;453;0
81;453;1
82;453;0
84;453;0
85;453;1
86;453;0
87;453;0
88;453;0
89;453;0
90;453;0
91;453;0
92;453;0
93;453;0
94;453;0
95;453;1
96;453;1
97;453;0
98;453;0
99;453;0
100;453;1
101;453;0
102;453;0
103;453;0
104;453;0
105;453;1
106;453;1
107;453;0
108;453;0
109;453;0
110;453;1
111;453;0
112;453;0
113;453;0
114;453;0
115;453;0
116;453;0
117;453;0
118;453;0
119;453;0
120;453;0
121;453;0
122;453;0
123;453;1
124;453;1
125;453;1
126;453;1
127;453;1
128;453;1
129;453;1
130;453;1
131;453;0
132;453;1
133;453;1
134;453;1
135;453;1
136;453;1
137;453;1
138;453;0
139;453;1
140;453;0
141;453;0
142;453;0
143;453;0
144;453;0
145;453;0
146;453;0
147;453;0
148;453;0
149;453;0
150;453;0
151;453;0
152;453;0
153;453;0
154;453;0
155;453;0
156;453;0
157;453;1
158;453;0
159;453;0
160;453;1
161;453;0
162;453;0
163;453;0
164;453;0
165;453;0
166;453;0
167;453;0
168;453;0
169;453;1
170;453;0
171;453;1
172;453;0
173;453;0
174;453;0
175;453;0
176;453;0
177;453;0
178;453;0
179;453;0
180;453;0
181;453;0
182;453;0
183;453;0
184;453;1
185;453;0
186;453;0
187;453;0
188;453;0
189;453;0
190;453;0
191;453;0
192;453;0
193;453;0
194;453;0
195;453;0
196;453;0
197;453;0
198;453;0
1;454;1
2;454;0
3;454;0
4;454;0
5;454;0
6;454;0
7;454;0
8;454;0
9;454;0
10;454;0
11;454;1
12;454;0
13;454;0
14;454;0
15;454;0
16;454;1
17;454;1
18;454;1
19;454;1
20;454;1
21;454;1
22;454;1
23;454;0
24;454;1
25;454;0
26;454;0
27;454;1
28;454;1
29;454;0
30;454;0
31;454;0
32;454;0
33;454;0
34;454;0
35;454;1
36;454;0
37;454;1
38;454;1
39;454;1
40;454;0
41;454;1
42;454;0
43;454;0
44;454;1
45;454;0
46;454;1
47;454;0
48;454;0
49;454;0
50;454;0
51;454;0
52;454;1
53;454;0
54;454;0
55;454;0
56;454;1
57;454;1
58;454;0
59;454;0
60;454;0
61;454;0
62;454;0
63;454;0
64;454;0
65;454;0
66;454;0
67;454;0
68;454;0
69;454;0
70;454;1
71;454;1
72;454;1
73;454;0
74;454;0
75;454;0
76;454;1
77;454;0
78;454;0
79;454;1
80;454;1
81;454;1
82;454;0
84;454;0
85;454;0
86;454;0
87;454;0
88;454;0
89;454;0
90;454;0
91;454;1
92;454;0
93;454;0
94;454;0
95;454;0
96;454;0
97;454;1
98;454;0
99;454;0
100;454;1
101;454;0
102;454;0
103;454;0
104;454;0
105;454;0
106;454;1
107;454;1
108;454;0
109;454;0
110;454;1
111;454;0
112;454;1
113;454;0
114;454;1
115;454;1
116;454;0
117;454;0
118;454;0
119;454;0
120;454;0
121;454;0
122;454;0
123;454;1
124;454;0
125;454;1
126;454;1
127;454;1
128;454;1
129;454;0
130;454;0
131;454;0
132;454;1
133;454;1
134;454;0
135;454;1
136;454;1
137;454;1
138;454;1
139;454;0
140;454;0
141;454;1
142;454;1
143;454;1
144;454;1
145;454;0
146;454;1
147;454;0
148;454;0
149;454;0
150;454;0
151;454;0
152;454;0
153;454;0
154;454;0
155;454;0
156;454;0
157;454;0
158;454;0
159;454;0
160;454;0
161;454;0
162;454;0
163;454;0
164;454;0
165;454;0
166;454;0
167;454;0
168;454;0
169;454;0
170;454;0
171;454;1
172;454;0
173;454;0
174;454;1
175;454;0
176;454;1
177;454;0
178;454;0
179;454;0
180;454;0
181;454;1
182;454;0
183;454;1
184;454;1
185;454;0
186;454;0
187;454;1
188;454;0
189;454;0
190;454;1
191;454;0
192;454;0
193;454;1
194;454;1
195;454;0
196;454;0
197;454;0
198;454;0
1;461;1
2;461;1
3;461;1
4;461;1
5;461;0
6;461;0
7;461;1
8;461;1
9;461;1
10;461;1
11;461;1
12;461;1
13;461;0
14;461;1
15;461;1
16;461;1
17;461;1
18;461;1
19;461;1
20;461;1
21;461;1
22;461;1
23;461;1
24;461;0
25;461;0
26;461;0
27;461;0
28;461;0
29;461;0
30;461;1
31;461;1
32;461;0
33;461;0
34;461;0
35;461;1
36;461;0
37;461;0
38;461;1
39;461;1
40;461;0
41;461;0
42;461;0
43;461;0
44;461;0
45;461;0
46;461;0
47;461;1
48;461;0
49;461;0
50;461;0
51;461;0
52;461;0
53;461;0
54;461;0
55;461;0
56;461;0
57;461;0
58;461;0
59;461;0
60;461;0
61;461;0
62;461;0
63;461;0
64;461;0
65;461;1
66;461;0
67;461;0
68;461;0
69;461;0
70;461;1
71;461;0
72;461;0
73;461;0
74;461;0
75;461;0
76;461;0
77;461;0
78;461;0
79;461;0
80;461;1
81;461;0
82;461;0
84;461;0
85;461;0
86;461;0
87;461;0
88;461;0
89;461;0
90;461;0
91;461;0
92;461;0
93;461;1
94;461;0
95;461;0
96;461;1
97;461;1
98;461;0
99;461;0
100;461;0
101;461;0
102;461;0
103;461;0
104;461;0
105;461;1
106;461;1
107;461;0
108;461;0
109;461;0
110;461;0
111;461;1
112;461;1
113;461;0
114;461;1
115;461;0
116;461;0
117;461;0
118;461;0
119;461;1
120;461;0
121;461;0
122;461;1
123;461;1
124;461;0
125;461;1
126;461;1
127;461;1
128;461;1
129;461;0
130;461;0
131;461;0
132;461;0
133;461;1
134;461;0
135;461;1
136;461;1
137;461;1
138;461;1
139;461;1
140;461;1
141;461;0
142;461;0
143;461;0
144;461;1
145;461;0
146;461;1
147;461;0
148;461;0
149;461;0
150;461;0
151;461;1
152;461;1
153;461;0
154;461;0
155;461;0
156;461;0
157;461;0
158;461;0
159;461;0
160;461;0
161;461;1
162;461;0
163;461;0
164;461;0
165;461;1
166;461;0
167;461;0
168;461;0
169;461;0
170;461;0
171;461;0
172;461;0
173;461;0
174;461;0
175;461;0
176;461;0
177;461;0
178;461;0
179;461;0
180;461;0
181;461;0
182;461;0
183;461;0
184;461;1
185;461;0
186;461;0
187;461;0
188;461;0
189;461;0
190;461;0
191;461;0
192;461;0
193;461;1
194;461;0
195;461;1
196;461;0
197;461;1
198;461;0
1;462;0
2;462;0
3;462;0
4;462;0
5;462;0
6;462;0
7;462;1
8;462;0
9;462;0
10;462;0
11;462;0
12;462;1
13;462;1
14;462;0
15;462;0
16;462;0
17;462;1
18;462;0
19;462;1
20;462;0
21;462;1
22;462;1
23;462;1
24;462;1
25;462;1
26;462;0
27;462;0
28;462;0
29;462;1
30;462;1
31;462;0
32;462;1
33;462;0
34;462;1
35;462;1
36;462;1
37;462;1
38;462;1
39;462;0
40;462;1
41;462;1
42;462;1
43;462;0
44;462;0
45;462;1
46;462;0
47;462;1
48;462;0
49;462;1
50;462;1
51;462;1
52;462;1
53;462;0
54;462;0
55;462;1
56;462;0
57;462;0
58;462;0
59;462;0
60;462;0
61;462;0
62;462;0
63;462;0
64;462;0
65;462;0
66;462;0
67;462;0
68;462;0
69;462;0
70;462;1
71;462;0
72;462;1
73;462;1
74;462;1
75;462;1
76;462;1
77;462;0
78;462;0
79;462;1
80;462;1
81;462;1
82;462;0
84;462;1
85;462;0
86;462;1
87;462;0
88;462;0
89;462;0
90;462;0
91;462;0
92;462;0
93;462;1
94;462;1
95;462;1
96;462;1
97;462;0
98;462;0
99;462;1
100;462;1
101;462;0
102;462;1
103;462;0
104;462;0
105;462;1
106;462;0
107;462;0
108;462;0
109;462;0
110;462;0
111;462;1
112;462;1
113;462;0
114;462;1
115;462;0
116;462;0
117;462;0
118;462;0
119;462;0
120;462;0
121;462;0
122;462;1
123;462;0
124;462;1
125;462;1
126;462;0
127;462;0
128;462;1
129;462;0
130;462;0
131;462;0
132;462;0
133;462;1
134;462;0
135;462;0
136;462;1
137;462;0
138;462;0
139;462;0
140;462;0
141;462;0
142;462;0
143;462;1
144;462;0
145;462;1
146;462;0
147;462;0
148;462;0
149;462;1
150;462;0
151;462;0
152;462;0
153;462;0
154;462;0
155;462;0
156;462;1
157;462;1
158;462;0
159;462;1
160;462;0
161;462;0
162;462;1
163;462;0
164;462;0
165;462;1
166;462;0
167;462;0
168;462;1
169;462;1
170;462;0
171;462;1
172;462;0
173;462;1
174;462;1
175;462;1
176;462;0
177;462;0
178;462;0
179;462;1
180;462;0
181;462;0
182;462;1
183;462;0
184;462;0
185;462;0
186;462;0
187;462;0
188;462;0
189;462;0
190;462;0
191;462;0
192;462;0
193;462;1
194;462;1
195;462;0
196;462;1
197;462;0
198;462;0
1;463;0
2;463;1
3;463;1
4;463;0
5;463;0
6;463;0
7;463;0
8;463;0
9;463;1
10;463;1
11;463;0
12;463;0
13;463;0
14;463;0
15;463;1
16;463;1
17;463;1
18;463;1
19;463;1
20;463;0
21;463;0
22;463;1
23;463;1
24;463;0
25;463;0
26;463;0
27;463;0
28;463;0
29;463;0
30;463;0
31;463;0
32;463;0
33;463;1
34;463;0
35;463;1
36;463;0
37;463;0
38;463;1
39;463;1
40;463;0
41;463;1
42;463;0
43;463;1
44;463;0
45;463;0
46;463;1
47;463;0
48;463;0
49;463;0
50;463;0
51;463;1
52;463;0
53;463;0
54;463;0
55;463;0
56;463;0
57;463;1
58;463;0
59;463;0
60;463;0
61;463;0
62;463;0
63;463;0
64;463;0
65;463;0
66;463;0
67;463;0
68;463;0
69;463;1
70;463;1
71;463;1
72;463;0
73;463;1
74;463;1
75;463;1
76;463;1
77;463;0
78;463;0
79;463;0
80;463;0
81;463;0
82;463;0
84;463;0
85;463;0
86;463;0
87;463;0
88;463;0
89;463;0
90;463;0
91;463;0
92;463;0
93;463;1
94;463;0
95;463;1
96;463;0
97;463;0
98;463;0
99;463;0
100;463;1
101;463;1
102;463;0
103;463;0
104;463;0
105;463;0
106;463;1
107;463;0
108;463;0
109;463;0
110;463;0
111;463;1
112;463;0
113;463;0
114;463;1
115;463;0
116;463;0
117;463;0
118;463;1
119;463;0
120;463;1
121;463;0
122;463;0
123;463;1
124;463;1
125;463;1
126;463;1
127;463;1
128;463;1
129;463;1
130;463;0
131;463;0
132;463;1
133;463;0
134;463;1
135;463;0
136;463;1
137;463;1
138;463;0
139;463;1
140;463;0
141;463;0
142;463;1
143;463;1
144;463;0
145;463;0
146;463;1
147;463;0
148;463;0
149;463;1
150;463;1
151;463;0
152;463;0
153;463;0
154;463;0
155;463;0
156;463;0
157;463;1
158;463;0
159;463;1
160;463;0
161;463;0
162;463;0
163;463;0
164;463;0
165;463;0
166;463;0
167;463;1
168;463;0
169;463;1
170;463;0
171;463;0
172;463;0
173;463;0
174;463;0
175;463;0
176;463;0
177;463;0
178;463;0
179;463;0
180;463;0
181;463;0
182;463;0
183;463;0
184;463;0
185;463;0
186;463;0
187;463;1
188;463;0
189;463;0
190;463;0
191;463;0
192;463;0
193;463;1
194;463;0
195;463;0
196;463;0
197;463;0
198;463;0
1;464;1
2;464;1
3;464;1
4;464;1
5;464;0
6;464;1
7;464;1
8;464;1
9;464;1
10;464;1
11;464;1
12;464;1
13;464;1
14;464;1
15;464;1
16;464;1
17;464;1
18;464;1
19;464;1
20;464;1
21;464;1
22;464;1
23;464;0
24;464;0
25;464;0
26;464;0
27;464;0
28;464;0
29;464;0
30;464;0
31;464;0
32;464;0
33;464;0
34;464;0
35;464;0
36;464;0
37;464;0
38;464;0
39;464;0
40;464;0
41;464;0
42;464;0
43;464;0
44;464;0
45;464;0
46;464;0
47;464;0
48;464;0
49;464;0
50;464;0
51;464;0
52;464;0
53;464;0
54;464;0
55;464;0
56;464;0
57;464;0
58;464;0
59;464;0
60;464;0
61;464;0
62;464;0
63;464;0
64;464;0
65;464;0
66;464;0
67;464;0
68;464;0
69;464;0
70;464;0
71;464;0
72;464;0
73;464;0
74;464;0
75;464;0
76;464;0
77;464;0
78;464;0
79;464;0
80;464;0
81;464;0
82;464;0
84;464;0
85;464;0
86;464;0
87;464;0
88;464;0
89;464;0
90;464;0
91;464;0
92;464;0
93;464;0
94;464;0
95;464;0
96;464;0
97;464;0
98;464;1
99;464;0
100;464;0
101;464;0
102;464;0
103;464;0
104;464;0
105;464;0
106;464;0
107;464;0
108;464;0
109;464;0
110;464;0
111;464;0
112;464;0
113;464;0
114;464;0
115;464;0
116;464;0
117;464;0
118;464;0
119;464;0
120;464;0
121;464;0
122;464;0
123;464;1
124;464;0
125;464;1
126;464;1
127;464;1
128;464;1
129;464;0
130;464;0
131;464;0
132;464;1
133;464;1
134;464;0
135;464;1
136;464;1
137;464;0
138;464;0
139;464;0
140;464;0
141;464;0
142;464;0
143;464;0
144;464;0
145;464;0
146;464;0
147;464;0
148;464;0
149;464;0
150;464;0
151;464;0
152;464;0
153;464;0
154;464;0
155;464;0
156;464;0
157;464;0
158;464;1
159;464;0
160;464;0
161;464;0
162;464;0
163;464;0
164;464;0
165;464;0
166;464;1
167;464;0
168;464;0
169;464;0
170;464;0
171;464;0
172;464;0
173;464;1
174;464;0
175;464;0
176;464;0
177;464;0
178;464;0
179;464;0
180;464;0
181;464;0
182;464;0
183;464;0
184;464;1
185;464;0
186;464;0
187;464;0
188;464;0
189;464;0
190;464;0
191;464;0
192;464;0
193;464;0
194;464;0
195;464;0
196;464;0
197;464;0
198;464;0
1;465;1
2;465;1
3;465;1
4;465;1
5;465;0
6;465;1
7;465;1
8;465;0
9;465;1
10;465;1
11;465;1
12;465;1
13;465;1
14;465;1
15;465;1
16;465;1
17;465;1
18;465;1
19;465;1
20;465;0
21;465;1
22;465;1
23;465;0
24;465;0
25;465;0
26;465;0
27;465;0
28;465;0
29;465;0
30;465;0
31;465;0
32;465;0
33;465;0
34;465;0
35;465;0
36;465;0
37;465;0
38;465;0
39;465;0
40;465;0
41;465;0
42;465;0
43;465;0
44;465;0
45;465;0
46;465;0
47;465;0
48;465;0
49;465;0
50;465;0
51;465;0
52;465;0
53;465;0
54;465;0
55;465;0
56;465;0
57;465;0
58;465;0
59;465;0
60;465;0
61;465;0
62;465;0
63;465;0
64;465;0
65;465;0
66;465;0
67;465;0
68;465;0
69;465;0
70;465;0
71;465;0
72;465;0
73;465;0
74;465;0
75;465;1
76;465;0
77;465;0
78;465;0
79;465;0
80;465;0
81;465;0
82;465;0
84;465;0
85;465;1
86;465;0
87;465;1
88;465;0
89;465;0
90;465;0
91;465;0
92;465;0
93;465;0
94;465;0
95;465;0
96;465;0
97;465;0
98;465;0
99;465;0
100;465;0
101;465;0
102;465;0
103;465;0
104;465;0
105;465;0
106;465;0
107;465;0
108;465;0
109;465;0
110;465;0
111;465;0
112;465;0
113;465;0
114;465;0
115;465;1
116;465;0
117;465;0
118;465;0
119;465;0
120;465;0
121;465;0
122;465;0
123;465;1
124;465;0
125;465;0
126;465;0
127;465;1
128;465;0
129;465;1
130;465;0
131;465;0
132;465;0
133;465;0
134;465;0
135;465;0
136;465;0
137;465;0
138;465;0
139;465;0
140;465;0
141;465;0
142;465;0
143;465;0
144;465;0
145;465;0
146;465;0
147;465;0
148;465;0
149;465;0
150;465;0
151;465;0
152;465;0
153;465;0
154;465;0
155;465;0
156;465;0
157;465;0
158;465;0
159;465;0
160;465;0
161;465;0
162;465;0
163;465;0
164;465;0
165;465;0
166;465;0
167;465;0
168;465;0
169;465;0
170;465;0
171;465;1
172;465;0
173;465;0
174;465;0
175;465;0
176;465;0
177;465;0
178;465;0
179;465;0
180;465;0
181;465;0
182;465;0
183;465;0
184;465;0
185;465;0
186;465;0
187;465;0
188;465;0
189;465;0
190;465;0
191;465;0
192;465;0
193;465;0
194;465;0
195;465;0
196;465;0
197;465;0
198;465;0
1;466;0
2;466;0
3;466;1
4;466;1
5;466;0
6;466;0
7;466;0
8;466;0
9;466;1
10;466;1
11;466;1
12;466;0
13;466;1
14;466;1
15;466;1
16;466;1
17;466;1
18;466;0
19;466;1
20;466;0
21;466;1
22;466;1
23;466;1
24;466;0
25;466;0
26;466;0
27;466;0
28;466;0
29;466;1
30;466;0
31;466;0
32;466;1
33;466;0
34;466;0
35;466;1
36;466;0
37;466;0
38;466;1
39;466;0
40;466;0
41;466;0
42;466;0
43;466;0
44;466;1
45;466;0
46;466;0
47;466;0
48;466;0
49;466;0
50;466;0
51;466;0
52;466;0
53;466;0
54;466;0
55;466;0
56;466;0
57;466;0
58;466;1
59;466;0
60;466;0
61;466;0
62;466;0
63;466;0
64;466;0
65;466;0
66;466;0
67;466;1
68;466;0
69;466;0
70;466;0
71;466;0
72;466;0
73;466;0
74;466;1
75;466;0
76;466;1
77;466;0
78;466;0
79;466;0
80;466;0
81;466;0
82;466;0
84;466;0
85;466;0
86;466;0
87;466;1
88;466;0
89;466;0
90;466;0
91;466;0
92;466;0
93;466;0
94;466;0
95;466;1
96;466;1
97;466;0
98;466;0
99;466;0
100;466;0
101;466;0
102;466;0
103;466;0
104;466;1
105;466;0
106;466;0
107;466;0
108;466;0
109;466;0
110;466;0
111;466;0
112;466;1
113;466;0
114;466;0
115;466;1
116;466;0
117;466;0
118;466;0
119;466;0
120;466;0
121;466;1
122;466;1
123;466;1
124;466;0
125;466;0
126;466;1
127;466;1
128;466;1
129;466;0
130;466;0
131;466;1
132;466;0
133;466;0
134;466;0
135;466;1
136;466;1
137;466;0
138;466;1
139;466;1
140;466;0
141;466;0
142;466;0
143;466;0
144;466;0
145;466;0
146;466;0
147;466;0
148;466;1
149;466;0
150;466;0
151;466;0
152;466;0
153;466;0
154;466;0
155;466;0
156;466;0
157;466;0
158;466;0
159;466;0
160;466;0
161;466;0
162;466;0
163;466;0
164;466;0
165;466;0
166;466;0
167;466;0
168;466;0
169;466;0
170;466;0
171;466;0
172;466;0
173;466;1
174;466;0
175;466;0
176;466;0
177;466;0
178;466;0
179;466;0
180;466;0
181;466;0
182;466;0
183;466;0
184;466;1
185;466;0
186;466;0
187;466;1
188;466;0
189;466;0
190;466;0
191;466;0
192;466;0
193;466;0
194;466;0
195;466;0
196;466;0
197;466;0
198;466;0
1;467;0
2;467;0
3;467;0
4;467;0
5;467;0
6;467;0
7;467;0
8;467;0
9;467;0
10;467;1
11;467;1
12;467;0
13;467;0
14;467;0
15;467;1
16;467;1
17;467;1
18;467;0
19;467;1
20;467;1
21;467;1
22;467;1
23;467;1
24;467;0
25;467;0
26;467;0
27;467;0
28;467;1
29;467;0
30;467;0
31;467;1
32;467;0
33;467;0
34;467;0
35;467;1
36;467;0
37;467;1
38;467;0
39;467;1
40;467;0
41;467;1
42;467;1
43;467;0
44;467;1
45;467;0
46;467;0
47;467;0
48;467;0
49;467;0
50;467;0
51;467;0
52;467;0
53;467;1
54;467;0
55;467;0
56;467;0
57;467;0
58;467;1
59;467;0
60;467;0
61;467;1
62;467;1
63;467;0
64;467;0
65;467;0
66;467;0
67;467;0
68;467;0
69;467;0
70;467;1
71;467;0
72;467;0
73;467;0
74;467;1
75;467;0
76;467;0
77;467;0
78;467;1
79;467;1
80;467;0
81;467;0
82;467;0
84;467;0
85;467;1
86;467;1
87;467;1
88;467;1
89;467;0
90;467;0
91;467;0
92;467;0
93;467;0
94;467;0
95;467;1
96;467;0
97;467;1
98;467;1
99;467;0
100;467;0
101;467;0
102;467;0
103;467;0
104;467;1
105;467;0
106;467;0
107;467;0
108;467;0
109;467;0
110;467;0
111;467;0
112;467;1
113;467;1
114;467;1
115;467;0
116;467;0
117;467;0
118;467;0
119;467;0
120;467;0
121;467;1
122;467;0
123;467;1
124;467;1
125;467;0
126;467;1
127;467;1
128;467;1
129;467;0
130;467;1
131;467;1
132;467;0
133;467;1
134;467;0
135;467;1
136;467;1
137;467;0
138;467;0
139;467;1
140;467;0
141;467;0
142;467;0
143;467;0
144;467;0
145;467;0
146;467;0
147;467;0
148;467;1
149;467;0
150;467;0
151;467;0
152;467;0
153;467;1
154;467;0
155;467;0
156;467;1
157;467;1
158;467;0
159;467;0
160;467;1
161;467;0
162;467;1
163;467;0
164;467;0
165;467;0
166;467;0
167;467;0
168;467;1
169;467;0
170;467;0
171;467;1
172;467;0
173;467;1
174;467;1
175;467;0
176;467;0
177;467;1
178;467;0
179;467;1
180;467;0
181;467;0
182;467;1
183;467;0
184;467;0
185;467;0
186;467;1
187;467;0
188;467;0
189;467;0
190;467;0
191;467;0
192;467;0
193;467;0
194;467;0
195;467;0
196;467;0
197;467;1
198;467;1
1;469;1
2;469;1
3;469;1
4;469;1
5;469;0
6;469;0
7;469;1
8;469;0
9;469;1
10;469;1
11;469;1
12;469;1
13;469;1
14;469;1
15;469;1
16;469;1
17;469;1
18;469;1
19;469;1
20;469;1
21;469;1
22;469;1
23;469;0
24;469;0
25;469;0
26;469;0
27;469;0
28;469;0
29;469;0
30;469;0
31;469;0
32;469;0
33;469;0
34;469;0
35;469;0
36;469;0
37;469;0
38;469;0
39;469;0
40;469;1
41;469;0
42;469;0
43;469;0
44;469;0
45;469;0
46;469;0
47;469;0
48;469;0
49;469;0
50;469;0
51;469;0
52;469;0
53;469;0
54;469;0
55;469;0
56;469;0
57;469;0
58;469;0
59;469;0
60;469;0
61;469;0
62;469;0
63;469;0
64;469;0
65;469;0
66;469;0
67;469;0
68;469;0
69;469;0
70;469;0
71;469;0
72;469;0
73;469;0
74;469;0
75;469;1
76;469;0
77;469;0
78;469;0
79;469;0
80;469;0
81;469;0
82;469;0
84;469;1
85;469;1
86;469;0
87;469;0
88;469;0
89;469;0
90;469;0
91;469;0
92;469;0
93;469;0
94;469;0
95;469;0
96;469;0
97;469;0
98;469;0
99;469;0
100;469;0
101;469;0
102;469;0
103;469;0
104;469;0
105;469;0
106;469;0
107;469;0
108;469;0
109;469;0
110;469;0
111;469;0
112;469;0
113;469;0
114;469;0
115;469;0
116;469;0
117;469;0
118;469;0
119;469;0
120;469;0
121;469;0
122;469;0
123;469;1
124;469;0
125;469;0
126;469;1
127;469;1
128;469;1
129;469;0
130;469;0
131;469;0
132;469;0
133;469;1
134;469;0
135;469;1
136;469;1
137;469;1
138;469;1
139;469;1
140;469;0
141;469;0
142;469;0
143;469;0
144;469;0
145;469;0
146;469;0
147;469;0
148;469;0
149;469;0
150;469;0
151;469;0
152;469;0
153;469;0
154;469;0
155;469;0
156;469;0
157;469;0
158;469;0
159;469;0
160;469;1
161;469;0
162;469;0
163;469;0
164;469;0
165;469;0
166;469;0
167;469;0
168;469;0
169;469;0
170;469;0
171;469;0
172;469;0
173;469;0
174;469;0
175;469;0
176;469;0
177;469;0
178;469;0
179;469;0
180;469;0
181;469;0
182;469;0
183;469;0
184;469;0
185;469;0
186;469;0
187;469;0
188;469;0
189;469;0
190;469;0
191;469;0
192;469;0
193;469;0
194;469;0
195;469;0
196;469;0
197;469;0
198;469;0
1;471;0
2;471;0
3;471;1
4;471;0
5;471;0
6;471;0
7;471;0
8;471;0
9;471;1
10;471;1
11;471;1
12;471;0
13;471;0
14;471;0
15;471;1
16;471;0
17;471;0
18;471;0
19;471;1
20;471;0
21;471;0
22;471;0
23;471;0
24;471;0
25;471;0
26;471;0
27;471;0
28;471;1
29;471;0
30;471;0
31;471;0
32;471;1
33;471;0
34;471;1
35;471;0
36;471;0
37;471;0
38;471;0
39;471;1
40;471;0
41;471;1
42;471;1
43;471;1
44;471;0
45;471;0
46;471;0
47;471;0
48;471;1
49;471;1
50;471;0
51;471;1
52;471;1
53;471;1
54;471;0
55;471;1
56;471;1
57;471;0
58;471;0
59;471;0
60;471;0
61;471;0
62;471;0
63;471;1
64;471;1
65;471;0
66;471;0
67;471;0
68;471;0
69;471;0
70;471;0
71;471;0
72;471;0
73;471;0
74;471;1
75;471;0
76;471;1
77;471;1
78;471;0
79;471;0
80;471;1
81;471;1
82;471;0
84;471;0
85;471;0
86;471;0
87;471;0
88;471;1
89;471;0
90;471;0
91;471;0
92;471;0
93;471;1
94;471;0
95;471;0
96;471;1
97;471;1
98;471;1
99;471;1
100;471;0
101;471;1
102;471;0
103;471;0
104;471;0
105;471;1
106;471;1
107;471;0
108;471;0
109;471;1
110;471;0
111;471;0
112;471;0
113;471;0
114;471;0
115;471;0
116;471;0
117;471;1
118;471;0
119;471;0
120;471;0
121;471;0
122;471;1
123;471;1
124;471;0
125;471;0
126;471;0
127;471;0
128;471;0
129;471;1
130;471;1
131;471;1
132;471;0
133;471;0
134;471;1
135;471;0
136;471;0
137;471;0
138;471;0
139;471;0
140;471;1
141;471;0
142;471;1
143;471;0
144;471;0
145;471;0
146;471;0
147;471;0
148;471;0
149;471;0
150;471;1
151;471;0
152;471;0
153;471;1
154;471;0
155;471;0
156;471;0
157;471;0
158;471;0
159;471;0
160;471;1
161;471;0
162;471;1
163;471;0
164;471;1
165;471;1
166;471;0
167;471;1
168;471;0
169;471;1
170;471;0
171;471;0
172;471;0
173;471;0
174;471;1
175;471;1
176;471;0
177;471;0
178;471;0
179;471;0
180;471;1
181;471;0
182;471;1
183;471;1
184;471;0
185;471;0
186;471;0
187;471;0
188;471;0
189;471;0
190;471;1
191;471;1
192;471;1
193;471;1
194;471;0
195;471;0
196;471;0
197;471;0
198;471;0
1;472;0
2;472;0
3;472;0
4;472;0
5;472;0
6;472;0
7;472;0
8;472;0
9;472;0
10;472;0
11;472;0
12;472;0
13;472;0
14;472;0
15;472;1
16;472;1
17;472;1
18;472;1
19;472;1
20;472;1
21;472;1
22;472;1
23;472;0
24;472;0
25;472;0
26;472;0
27;472;1
28;472;0
29;472;0
30;472;1
31;472;1
32;472;0
33;472;0
34;472;1
35;472;1
36;472;1
37;472;1
38;472;0
39;472;1
40;472;1
41;472;1
42;472;1
43;472;1
44;472;1
45;472;1
46;472;0
47;472;1
48;472;0
49;472;1
50;472;1
51;472;1
52;472;0
53;472;1
54;472;1
55;472;0
56;472;0
57;472;0
58;472;0
59;472;1
60;472;0
61;472;0
62;472;1
63;472;0
64;472;0
65;472;0
66;472;1
67;472;1
68;472;0
69;472;0
70;472;1
71;472;1
72;472;1
73;472;1
74;472;1
75;472;0
76;472;1
77;472;0
78;472;1
79;472;1
80;472;1
81;472;1
82;472;0
84;472;1
85;472;0
86;472;1
87;472;0
88;472;1
89;472;1
90;472;1
91;472;1
92;472;1
93;472;1
94;472;0
95;472;0
96;472;1
97;472;1
98;472;1
99;472;1
100;472;0
101;472;1
102;472;0
103;472;1
104;472;1
105;472;1
106;472;1
107;472;1
108;472;1
109;472;1
110;472;1
111;472;0
112;472;1
113;472;1
114;472;1
115;472;0
116;472;1
117;472;1
118;472;0
119;472;1
120;472;0
121;472;1
122;472;1
123;472;0
124;472;1
125;472;1
126;472;1
127;472;1
128;472;1
129;472;1
130;472;1
131;472;1
132;472;1
133;472;1
134;472;1
135;472;1
136;472;1
137;472;1
138;472;1
139;472;1
140;472;0
141;472;1
142;472;1
143;472;0
144;472;0
145;472;0
146;472;1
147;472;0
148;472;0
149;472;0
150;472;0
151;472;0
152;472;0
153;472;0
154;472;0
155;472;0
156;472;0
157;472;0
158;472;0
159;472;0
160;472;1
161;472;1
162;472;0
163;472;1
164;472;1
165;472;1
166;472;1
167;472;0
168;472;1
169;472;1
170;472;1
171;472;0
172;472;1
173;472;1
174;472;0
175;472;1
176;472;0
177;472;0
178;472;1
179;472;1
180;472;0
181;472;1
182;472;0
183;472;0
184;472;1
185;472;1
186;472;0
187;472;0
188;472;1
189;472;1
190;472;1
191;472;1
192;472;1
193;472;0
194;472;0
195;472;0
196;472;0
197;472;0
198;472;1
1;473;0
2;473;0
3;473;0
4;473;0
5;473;0
6;473;1
7;473;0
8;473;0
9;473;0
10;473;0
11;473;0
12;473;0
13;473;0
14;473;1
15;473;1
16;473;0
17;473;1
18;473;0
19;473;0
20;473;0
21;473;0
22;473;1
23;473;0
24;473;1
25;473;1
26;473;0
27;473;0
28;473;0
29;473;0
30;473;1
31;473;1
32;473;0
33;473;1
34;473;0
35;473;1
36;473;1
37;473;1
38;473;1
39;473;1
40;473;1
41;473;1
42;473;1
43;473;1
44;473;1
45;473;0
46;473;1
47;473;0
48;473;0
49;473;0
50;473;0
51;473;0
52;473;0
53;473;0
54;473;1
55;473;0
56;473;1
57;473;0
58;473;0
59;473;0
60;473;1
61;473;1
62;473;0
63;473;0
64;473;0
65;473;0
66;473;1
67;473;0
68;473;0
69;473;0
70;473;1
71;473;1
72;473;0
73;473;1
74;473;1
75;473;1
76;473;0
77;473;0
78;473;0
79;473;1
80;473;1
81;473;0
82;473;1
84;473;0
85;473;1
86;473;0
87;473;0
88;473;1
89;473;1
90;473;1
91;473;0
92;473;0
93;473;0
94;473;0
95;473;0
96;473;0
97;473;0
98;473;0
99;473;1
100;473;0
101;473;1
102;473;0
103;473;0
104;473;0
105;473;1
106;473;0
107;473;1
108;473;1
109;473;0
110;473;0
111;473;0
112;473;0
113;473;0
114;473;0
115;473;0
116;473;0
117;473;1
118;473;0
119;473;0
120;473;0
121;473;0
122;473;0
123;473;1
124;473;1
125;473;1
126;473;0
127;473;1
128;473;1
129;473;0
130;473;0
131;473;1
132;473;0
133;473;1
134;473;0
135;473;1
136;473;1
137;473;1
138;473;1
139;473;1
140;473;1
141;473;1
142;473;1
143;473;1
144;473;1
145;473;0
146;473;1
147;473;0
148;473;0
149;473;0
150;473;0
151;473;0
152;473;1
153;473;1
154;473;0
155;473;1
156;473;1
157;473;1
158;473;1
159;473;0
160;473;0
161;473;0
162;473;0
163;473;0
164;473;0
165;473;1
166;473;0
167;473;0
168;473;0
169;473;1
170;473;1
171;473;1
172;473;0
173;473;0
174;473;1
175;473;0
176;473;0
177;473;1
178;473;1
179;473;0
180;473;0
181;473;0
182;473;0
183;473;0
184;473;1
185;473;0
186;473;1
187;473;0
188;473;0
189;473;0
190;473;1
191;473;0
192;473;0
193;473;1
194;473;0
195;473;0
196;473;1
197;473;1
198;473;1
1;474;1
2;474;0
3;474;1
4;474;1
5;474;0
6;474;1
7;474;1
8;474;0
9;474;1
10;474;0
11;474;1
12;474;1
13;474;1
14;474;1
15;474;1
16;474;1
17;474;1
18;474;0
19;474;0
20;474;1
21;474;1
22;474;0
23;474;0
24;474;0
25;474;0
26;474;1
27;474;1
28;474;1
29;474;1
30;474;0
31;474;0
32;474;0
33;474;0
34;474;1
35;474;1
36;474;0
37;474;0
38;474;0
39;474;1
40;474;0
41;474;1
42;474;1
43;474;0
44;474;0
45;474;0
46;474;1
47;474;0
48;474;0
49;474;0
50;474;0
51;474;0
52;474;1
53;474;0
54;474;0
55;474;0
56;474;0
57;474;0
58;474;0
59;474;0
60;474;0
61;474;0
62;474;0
63;474;0
64;474;0
65;474;0
66;474;0
67;474;0
68;474;0
69;474;0
70;474;0
71;474;0
72;474;0
73;474;0
74;474;0
75;474;0
76;474;1
77;474;0
78;474;0
79;474;0
80;474;0
81;474;0
82;474;0
84;474;1
85;474;1
86;474;0
87;474;0
88;474;0
89;474;0
90;474;0
91;474;0
92;474;0
93;474;0
94;474;0
95;474;0
96;474;0
97;474;0
98;474;0
99;474;0
100;474;0
101;474;0
102;474;0
103;474;0
104;474;0
105;474;0
106;474;0
107;474;0
108;474;1
109;474;0
110;474;1
111;474;0
112;474;0
113;474;0
114;474;1
115;474;1
116;474;1
117;474;0
118;474;0
119;474;0
120;474;0
121;474;0
122;474;0
123;474;1
124;474;1
125;474;0
126;474;1
127;474;1
128;474;1
129;474;0
130;474;1
131;474;0
132;474;1
133;474;1
134;474;0
135;474;0
136;474;1
137;474;1
138;474;1
139;474;0
140;474;0
141;474;0
142;474;1
143;474;0
144;474;0
145;474;1
146;474;0
147;474;0
148;474;0
149;474;0
150;474;0
151;474;0
152;474;0
153;474;0
154;474;1
155;474;0
156;474;0
157;474;0
158;474;0
159;474;0
160;474;0
161;474;0
162;474;0
163;474;0
164;474;0
165;474;1
166;474;1
167;474;1
168;474;0
169;474;0
170;474;0
171;474;0
172;474;0
173;474;0
174;474;1
175;474;0
176;474;0
177;474;1
178;474;1
179;474;0
180;474;0
181;474;0
182;474;0
183;474;0
184;474;0
185;474;0
186;474;0
187;474;1
188;474;0
189;474;1
190;474;0
191;474;1
192;474;0
193;474;1
194;474;0
195;474;0
196;474;1
197;474;0
198;474;0
1;475;0
2;475;0
3;475;0
4;475;0
5;475;0
6;475;0
7;475;0
8;475;0
9;475;1
10;475;1
11;475;0
12;475;0
13;475;0
14;475;1
15;475;1
16;475;1
17;475;1
18;475;1
19;475;1
20;475;1
21;475;1
22;475;1
23;475;0
24;475;0
25;475;1
26;475;0
27;475;0
28;475;1
29;475;0
30;475;0
31;475;1
32;475;0
33;475;0
34;475;0
35;475;1
36;475;0
37;475;1
38;475;0
39;475;1
40;475;1
41;475;1
42;475;1
43;475;0
44;475;0
45;475;0
46;475;1
47;475;0
48;475;1
49;475;0
50;475;1
51;475;0
52;475;1
53;475;0
54;475;0
55;475;0
56;475;0
57;475;0
58;475;0
59;475;0
60;475;1
61;475;0
62;475;0
63;475;0
64;475;0
65;475;0
66;475;1
67;475;1
68;475;0
69;475;0
70;475;1
71;475;1
72;475;0
73;475;1
74;475;0
75;475;1
76;475;1
77;475;0
78;475;0
79;475;0
80;475;0
81;475;0
82;475;0
84;475;1
85;475;1
86;475;1
87;475;0
88;475;1
89;475;0
90;475;0
91;475;1
92;475;0
93;475;0
94;475;0
95;475;1
96;475;1
97;475;1
98;475;0
99;475;1
100;475;0
101;475;0
102;475;0
103;475;0
104;475;0
105;475;1
106;475;1
107;475;0
108;475;1
109;475;0
110;475;1
111;475;1
112;475;0
113;475;0
114;475;1
115;475;0
116;475;0
117;475;0
118;475;1
119;475;0
120;475;0
121;475;0
122;475;1
123;475;0
124;475;1
125;475;1
126;475;1
127;475;1
128;475;1
129;475;1
130;475;1
131;475;1
132;475;1
133;475;1
134;475;1
135;475;1
136;475;1
137;475;1
138;475;1
139;475;1
140;475;1
141;475;0
142;475;1
143;475;0
144;475;1
145;475;0
146;475;1
147;475;0
148;475;0
149;475;0
150;475;0
151;475;0
152;475;0
153;475;1
154;475;0
155;475;1
156;475;0
157;475;1
158;475;0
159;475;1
160;475;0
161;475;0
162;475;1
163;475;0
164;475;0
165;475;1
166;475;0
167;475;0
168;475;1
169;475;1
170;475;1
171;475;1
172;475;1
173;475;1
174;475;1
175;475;0
176;475;0
177;475;0
178;475;1
179;475;1
180;475;0
181;475;1
182;475;1
183;475;0
184;475;1
185;475;1
186;475;0
187;475;1
188;475;1
189;475;1
190;475;0
191;475;1
192;475;1
193;475;1
194;475;1
195;475;0
196;475;1
197;475;1
198;475;1
1;476;0
2;476;1
3;476;1
4;476;0
5;476;0
6;476;1
7;476;1
8;476;1
9;476;1
10;476;0
11;476;1
12;476;0
13;476;1
14;476;1
15;476;1
16;476;1
17;476;1
18;476;1
19;476;0
20;476;0
21;476;1
22;476;0
23;476;0
24;476;0
25;476;0
26;476;0
27;476;1
28;476;0
29;476;0
30;476;0
31;476;0
32;476;0
33;476;0
34;476;0
35;476;1
36;476;0
37;476;0
38;476;0
39;476;0
40;476;0
41;476;0
42;476;0
43;476;1
44;476;0
45;476;1
46;476;0
47;476;0
48;476;1
49;476;0
50;476;0
51;476;0
52;476;1
53;476;0
54;476;0
55;476;0
56;476;0
57;476;0
58;476;0
59;476;0
60;476;1
61;476;0
62;476;0
63;476;1
64;476;0
65;476;1
66;476;0
67;476;0
68;476;0
69;476;0
70;476;1
71;476;0
72;476;1
73;476;1
74;476;0
75;476;0
76;476;1
77;476;0
78;476;0
79;476;1
80;476;1
81;476;0
82;476;0
84;476;0
85;476;0
86;476;0
87;476;1
88;476;1
89;476;1
90;476;0
91;476;0
92;476;0
93;476;0
94;476;0
95;476;0
96;476;0
97;476;1
98;476;0
99;476;0
100;476;0
101;476;0
102;476;0
103;476;0
104;476;0
105;476;0
106;476;1
107;476;0
108;476;0
109;476;1
110;476;0
111;476;0
112;476;0
113;476;0
114;476;0
115;476;0
116;476;0
117;476;0
118;476;0
119;476;1
120;476;0
121;476;0
122;476;1
123;476;0
124;476;1
125;476;0
126;476;0
127;476;1
128;476;0
129;476;1
130;476;1
131;476;0
132;476;0
133;476;1
134;476;1
135;476;1
136;476;0
137;476;0
138;476;0
139;476;1
140;476;0
141;476;1
142;476;1
143;476;0
144;476;0
145;476;0
146;476;1
147;476;0
148;476;0
149;476;0
150;476;0
151;476;0
152;476;0
153;476;0
154;476;0
155;476;0
156;476;0
157;476;0
158;476;0
159;476;0
160;476;1
161;476;0
162;476;0
163;476;1
164;476;1
165;476;0
166;476;0
167;476;1
168;476;1
169;476;0
170;476;0
171;476;0
172;476;1
173;476;0
174;476;0
175;476;0
176;476;1
177;476;0
178;476;0
179;476;0
180;476;0
181;476;0
182;476;0
183;476;0
184;476;1
185;476;1
186;476;0
187;476;0
188;476;0
189;476;1
190;476;0
191;476;0
192;476;0
193;476;1
194;476;0
195;476;0
196;476;0
197;476;0
198;476;0
1;477;0
2;477;0
3;477;1
4;477;0
5;477;0
6;477;0
7;477;1
8;477;1
9;477;0
10;477;1
11;477;1
12;477;1
13;477;0
14;477;1
15;477;1
16;477;1
17;477;1
18;477;0
19;477;1
20;477;1
21;477;0
22;477;0
23;477;0
24;477;0
25;477;0
26;477;0
27;477;0
28;477;0
29;477;0
30;477;0
31;477;0
32;477;1
33;477;0
34;477;0
35;477;1
36;477;1
37;477;1
38;477;0
39;477;1
40;477;1
41;477;0
42;477;1
43;477;1
44;477;0
45;477;0
46;477;1
47;477;1
48;477;0
49;477;0
50;477;0
51;477;1
52;477;0
53;477;0
54;477;0
55;477;0
56;477;0
57;477;0
58;477;0
59;477;1
60;477;1
61;477;0
62;477;0
63;477;0
64;477;0
65;477;1
66;477;0
67;477;0
68;477;0
69;477;0
70;477;0
71;477;0
72;477;1
73;477;1
74;477;0
75;477;1
76;477;0
77;477;0
78;477;0
79;477;1
80;477;0
81;477;0
82;477;0
84;477;1
85;477;1
86;477;1
87;477;0
88;477;1
89;477;0
90;477;0
91;477;1
92;477;0
93;477;1
94;477;1
95;477;0
96;477;1
97;477;0
98;477;0
99;477;0
100;477;0
101;477;0
102;477;0
103;477;0
104;477;0
105;477;0
106;477;0
107;477;0
108;477;0
109;477;0
110;477;1
111;477;0
112;477;0
113;477;0
114;477;1
115;477;0
116;477;1
117;477;0
118;477;0
119;477;0
120;477;0
121;477;0
122;477;1
123;477;0
124;477;1
125;477;0
126;477;1
127;477;1
128;477;0
129;477;0
130;477;1
131;477;1
132;477;0
133;477;1
134;477;0
135;477;1
136;477;0
137;477;0
138;477;0
139;477;1
140;477;0
141;477;0
142;477;1
143;477;0
144;477;0
145;477;0
146;477;0
147;477;0
148;477;0
149;477;1
150;477;0
151;477;1
152;477;0
153;477;1
154;477;1
155;477;0
156;477;0
157;477;0
158;477;0
159;477;0
160;477;0
161;477;0
162;477;0
163;477;0
164;477;0
165;477;1
166;477;1
167;477;0
168;477;0
169;477;0
170;477;0
171;477;1
172;477;0
173;477;1
174;477;0
175;477;1
176;477;0
177;477;1
178;477;0
179;477;0
180;477;1
181;477;1
182;477;0
183;477;0
184;477;1
185;477;1
186;477;0
187;477;0
188;477;0
189;477;1
190;477;0
191;477;0
192;477;1
193;477;1
194;477;1
195;477;0
196;477;0
197;477;1
198;477;0
1;478;0
2;478;0
3;478;0
4;478;0
5;478;0
6;478;0
7;478;1
8;478;1
9;478;0
10;478;1
11;478;0
12;478;0
13;478;0
14;478;1
15;478;1
16;478;1
17;478;1
18;478;1
19;478;1
20;478;1
21;478;1
22;478;1
23;478;1
24;478;0
25;478;0
26;478;0
27;478;0
28;478;1
29;478;0
30;478;0
31;478;1
32;478;0
33;478;0
34;478;1
35;478;1
36;478;0
37;478;1
38;478;0
39;478;1
40;478;1
41;478;1
42;478;0
43;478;1
44;478;1
45;478;1
46;478;1
47;478;1
48;478;1
49;478;0
50;478;1
51;478;1
52;478;0
53;478;1
54;478;0
55;478;0
56;478;1
57;478;0
58;478;0
59;478;1
60;478;0
61;478;0
62;478;1
63;478;1
64;478;0
65;478;0
66;478;0
67;478;0
68;478;0
69;478;0
70;478;1
71;478;0
72;478;1
73;478;1
74;478;0
75;478;1
76;478;0
77;478;0
78;478;0
79;478;1
80;478;1
81;478;0
82;478;0
84;478;1
85;478;0
86;478;1
87;478;0
88;478;1
89;478;0
90;478;0
91;478;0
92;478;0
93;478;1
94;478;1
95;478;1
96;478;1
97;478;1
98;478;1
99;478;1
100;478;1
101;478;1
102;478;1
103;478;0
104;478;0
105;478;1
106;478;1
107;478;1
108;478;1
109;478;1
110;478;0
111;478;0
112;478;0
113;478;0
114;478;0
115;478;0
116;478;1
117;478;1
118;478;0
119;478;0
120;478;0
121;478;0
122;478;1
123;478;0
124;478;1
125;478;0
126;478;0
127;478;0
128;478;0
129;478;1
130;478;1
131;478;1
132;478;1
133;478;0
134;478;0
135;478;0
136;478;1
137;478;0
138;478;0
139;478;1
140;478;0
141;478;0
142;478;0
143;478;0
144;478;1
145;478;0
146;478;1
147;478;0
148;478;0
149;478;0
150;478;0
151;478;1
152;478;1
153;478;1
154;478;0
155;478;1
156;478;1
157;478;1
158;478;0
159;478;0
160;478;0
161;478;1
162;478;1
163;478;1
164;478;1
165;478;1
166;478;1
167;478;0
168;478;1
169;478;0
170;478;0
171;478;1
172;478;0
173;478;0
174;478;0
175;478;1
176;478;0
177;478;0
178;478;0
179;478;0
180;478;1
181;478;0
182;478;0
183;478;0
184;478;1
185;478;1
186;478;0
187;478;1
188;478;1
189;478;0
190;478;1
191;478;0
192;478;1
193;478;1
194;478;1
195;478;1
196;478;1
197;478;0
198;478;0
1;479;1
2;479;1
3;479;1
4;479;0
5;479;0
6;479;0
7;479;0
8;479;0
9;479;1
10;479;0
11;479;0
12;479;1
13;479;1
14;479;1
15;479;1
16;479;1
17;479;1
18;479;1
19;479;1
20;479;1
21;479;1
22;479;1
23;479;1
24;479;1
25;479;0
26;479;0
27;479;0
28;479;0
29;479;1
30;479;0
31;479;1
32;479;1
33;479;0
34;479;0
35;479;1
36;479;0
37;479;1
38;479;1
39;479;1
40;479;0
41;479;1
42;479;1
43;479;1
44;479;0
45;479;0
46;479;0
47;479;0
48;479;0
49;479;1
50;479;0
51;479;0
52;479;0
53;479;0
54;479;1
55;479;0
56;479;0
57;479;0
58;479;0
59;479;0
60;479;0
61;479;0
62;479;1
63;479;0
64;479;0
65;479;0
66;479;1
67;479;0
68;479;0
69;479;0
70;479;0
71;479;1
72;479;0
73;479;0
74;479;0
75;479;1
76;479;0
77;479;0
78;479;0
79;479;0
80;479;1
81;479;1
82;479;0
84;479;0
85;479;1
86;479;1
87;479;0
88;479;1
89;479;1
90;479;0
91;479;0
92;479;0
93;479;0
94;479;0
95;479;0
96;479;0
97;479;0
98;479;0
99;479;0
100;479;1
101;479;1
102;479;0
103;479;0
104;479;0
105;479;1
106;479;0
107;479;0
108;479;0
109;479;0
110;479;1
111;479;1
112;479;0
113;479;0
114;479;1
115;479;1
116;479;1
117;479;0
118;479;1
119;479;1
120;479;0
121;479;0
122;479;1
123;479;0
124;479;0
125;479;0
126;479;1
127;479;1
128;479;1
129;479;1
130;479;1
131;479;1
132;479;1
133;479;1
134;479;1
135;479;1
136;479;0
137;479;1
138;479;1
139;479;1
140;479;0
141;479;1
142;479;1
143;479;0
144;479;0
145;479;0
146;479;1
147;479;0
148;479;0
149;479;0
150;479;0
151;479;0
152;479;0
153;479;0
154;479;0
155;479;0
156;479;0
157;479;1
158;479;0
159;479;0
160;479;0
161;479;0
162;479;0
163;479;0
164;479;0
165;479;0
166;479;1
167;479;0
168;479;0
169;479;0
170;479;0
171;479;1
172;479;1
173;479;1
174;479;0
175;479;1
176;479;0
177;479;0
178;479;0
179;479;0
180;479;0
181;479;0
182;479;1
183;479;0
184;479;0
185;479;0
186;479;0
187;479;0
188;479;0
189;479;0
190;479;0
191;479;0
192;479;1
193;479;1
194;479;0
195;479;0
196;479;0
197;479;0
198;479;0
1;491;0
2;491;0
3;491;0
4;491;0
5;491;0
6;491;0
7;491;0
8;491;1
9;491;0
10;491;0
11;491;0
12;491;0
13;491;0
14;491;0
15;491;0
16;491;0
17;491;0
18;491;0
19;491;0
20;491;0
21;491;0
22;491;0
23;491;0
24;491;0
25;491;0
26;491;0
27;491;0
28;491;0
29;491;0
30;491;0
31;491;0
32;491;0
33;491;0
34;491;0
35;491;0
36;491;0
37;491;0
38;491;0
39;491;0
40;491;0
41;491;0
42;491;0
43;491;0
44;491;0
45;491;0
46;491;0
47;491;0
48;491;0
49;491;0
50;491;0
51;491;0
52;491;0
53;491;0
54;491;0
55;491;0
56;491;0
57;491;0
58;491;0
59;491;0
60;491;0
61;491;0
62;491;0
63;491;0
64;491;0
65;491;0
66;491;0
67;491;0
68;491;0
69;491;0
70;491;0
71;491;0
72;491;0
73;491;0
74;491;0
75;491;0
76;491;0
77;491;0
78;491;0
79;491;0
80;491;0
81;491;0
82;491;0
84;491;0
85;491;0
86;491;0
87;491;0
88;491;0
89;491;0
90;491;0
91;491;1
92;491;0
93;491;0
94;491;0
95;491;0
96;491;0
97;491;0
98;491;0
99;491;0
100;491;0
101;491;0
102;491;0
103;491;0
104;491;0
105;491;0
106;491;0
107;491;0
108;491;0
109;491;0
110;491;0
111;491;0
112;491;0
113;491;0
114;491;0
115;491;0
116;491;0
117;491;0
118;491;0
119;491;0
120;491;0
121;491;0
122;491;0
123;491;0
124;491;0
125;491;0
126;491;0
127;491;0
128;491;0
129;491;0
130;491;0
131;491;0
132;491;0
133;491;0
134;491;0
135;491;0
136;491;0
137;491;0
138;491;0
139;491;0
140;491;0
141;491;0
142;491;0
143;491;0
144;491;0
145;491;0
146;491;0
147;491;0
148;491;0
149;491;0
150;491;0
151;491;0
152;491;0
153;491;0
154;491;0
155;491;0
156;491;0
157;491;0
158;491;0
159;491;0
160;491;0
161;491;0
162;491;0
163;491;0
164;491;0
165;491;0
166;491;0
167;491;0
168;491;0
169;491;0
170;491;0
171;491;0
172;491;0
173;491;0
174;491;0
175;491;0
176;491;0
177;491;0
178;491;0
179;491;0
180;491;0
181;491;0
182;491;0
183;491;0
184;491;0
185;491;0
186;491;0
187;491;0
188;491;0
189;491;0
190;491;0
191;491;0
192;491;0
193;491;0
194;491;0
195;491;0
196;491;0
197;491;0
198;491;0
1;492;0
2;492;0
3;492;1
4;492;0
5;492;0
6;492;0
7;492;0
8;492;0
9;492;1
10;492;0
11;492;0
12;492;0
13;492;1
14;492;0
15;492;0
16;492;0
17;492;0
18;492;0
19;492;0
20;492;0
21;492;1
22;492;0
23;492;0
24;492;0
25;492;0
26;492;0
27;492;0
28;492;0
29;492;0
30;492;0
31;492;0
32;492;0
33;492;0
34;492;0
35;492;0
36;492;0
37;492;0
38;492;0
39;492;0
40;492;0
41;492;0
42;492;0
43;492;0
44;492;0
45;492;0
46;492;0
47;492;0
48;492;0
49;492;0
50;492;0
51;492;0
52;492;0
53;492;0
54;492;0
55;492;0
56;492;0
57;492;0
58;492;0
59;492;0
60;492;0
61;492;0
62;492;0
63;492;0
64;492;0
65;492;0
66;492;0
67;492;0
68;492;0
69;492;0
70;492;0
71;492;0
72;492;0
73;492;0
74;492;0
75;492;0
76;492;0
77;492;1
78;492;0
79;492;0
80;492;0
81;492;0
82;492;0
84;492;0
85;492;0
86;492;0
87;492;0
88;492;0
89;492;0
90;492;0
91;492;1
92;492;0
93;492;0
94;492;0
95;492;0
96;492;0
97;492;0
98;492;0
99;492;0
100;492;0
101;492;0
102;492;0
103;492;0
104;492;0
105;492;0
106;492;0
107;492;0
108;492;0
109;492;0
110;492;0
111;492;0
112;492;0
113;492;0
114;492;0
115;492;0
116;492;0
117;492;0
118;492;0
119;492;0
120;492;0
121;492;0
122;492;0
123;492;0
124;492;1
125;492;0
126;492;0
127;492;0
128;492;0
129;492;0
130;492;0
131;492;0
132;492;0
133;492;0
134;492;0
135;492;0
136;492;0
137;492;0
138;492;0
139;492;0
140;492;0
141;492;0
142;492;0
143;492;0
144;492;0
145;492;0
146;492;0
147;492;0
148;492;0
149;492;0
150;492;0
151;492;0
152;492;0
153;492;0
154;492;0
155;492;0
156;492;0
157;492;0
158;492;0
159;492;0
160;492;0
161;492;0
162;492;0
163;492;0
164;492;0
165;492;0
166;492;0
167;492;0
168;492;0
169;492;0
170;492;0
171;492;0
172;492;0
173;492;0
174;492;0
175;492;0
176;492;0
177;492;0
178;492;0
179;492;0
180;492;0
181;492;0
182;492;0
183;492;0
184;492;1
185;492;0
186;492;0
187;492;0
188;492;0
189;492;0
190;492;0
191;492;0
192;492;0
193;492;0
194;492;0
195;492;0
196;492;0
197;492;0
198;492;0
1;493;0
2;493;0
3;493;0
4;493;0
5;493;0
6;493;0
7;493;1
8;493;0
9;493;1
10;493;0
11;493;0
12;493;0
13;493;0
14;493;0
15;493;0
16;493;0
17;493;0
18;493;0
19;493;0
20;493;0
21;493;0
22;493;0
23;493;0
24;493;0
25;493;0
26;493;0
27;493;0
28;493;1
29;493;0
30;493;0
31;493;0
32;493;0
33;493;0
34;493;0
35;493;0
36;493;0
37;493;0
38;493;1
39;493;0
40;493;0
41;493;0
42;493;0
43;493;1
44;493;0
45;493;0
46;493;1
47;493;0
48;493;0
49;493;0
50;493;0
51;493;0
52;493;0
53;493;0
54;493;0
55;493;0
56;493;0
57;493;0
58;493;0
59;493;0
60;493;0
61;493;1
62;493;0
63;493;0
64;493;0
65;493;0
66;493;0
67;493;0
68;493;0
69;493;0
70;493;0
71;493;0
72;493;0
73;493;0
74;493;0
75;493;1
76;493;0
77;493;0
78;493;0
79;493;0
80;493;0
81;493;0
82;493;0
84;493;0
85;493;1
86;493;0
87;493;0
88;493;0
89;493;0
90;493;0
91;493;0
92;493;0
93;493;0
94;493;0
95;493;1
96;493;0
97;493;0
98;493;0
99;493;0
100;493;0
101;493;0
102;493;0
103;493;0
104;493;1
105;493;0
106;493;1
107;493;1
108;493;0
109;493;0
110;493;0
111;493;0
112;493;0
113;493;0
114;493;0
115;493;1
116;493;0
117;493;0
118;493;0
119;493;0
120;493;1
121;493;0
122;493;0
123;493;0
124;493;0
125;493;0
126;493;0
127;493;0
128;493;0
129;493;0
130;493;0
131;493;0
132;493;0
133;493;0
134;493;0
135;493;0
136;493;0
137;493;0
138;493;0
139;493;0
140;493;0
141;493;0
142;493;0
143;493;1
144;493;0
145;493;0
146;493;0
147;493;0
148;493;0
149;493;0
150;493;0
151;493;0
152;493;0
153;493;0
154;493;0
155;493;0
156;493;0
157;493;0
158;493;0
159;493;0
160;493;0
161;493;0
162;493;0
163;493;0
164;493;0
165;493;0
166;493;0
167;493;1
168;493;0
169;493;0
170;493;0
171;493;0
172;493;0
173;493;1
174;493;0
175;493;0
176;493;0
177;493;0
178;493;0
179;493;0
180;493;0
181;493;1
182;493;0
183;493;1
184;493;0
185;493;0
186;493;0
187;493;1
188;493;1
189;493;1
190;493;1
191;493;1
192;493;1
193;493;0
194;493;0
195;493;0
196;493;0
197;493;1
198;493;0
1;494;0
2;494;0
3;494;0
4;494;0
5;494;0
6;494;0
7;494;0
8;494;0
9;494;0
10;494;0
11;494;0
12;494;0
13;494;0
14;494;0
15;494;1
16;494;0
17;494;1
18;494;1
19;494;0
20;494;0
21;494;1
22;494;1
23;494;1
24;494;0
25;494;0
26;494;0
27;494;0
28;494;0
29;494;1
30;494;0
31;494;1
32;494;1
33;494;0
34;494;0
35;494;1
36;494;0
37;494;1
38;494;1
39;494;1
40;494;1
41;494;1
42;494;1
43;494;1
44;494;1
45;494;0
46;494;0
47;494;0
48;494;0
49;494;0
50;494;1
51;494;0
52;494;0
53;494;1
54;494;0
55;494;1
56;494;0
57;494;1
58;494;0
59;494;0
60;494;1
61;494;1
62;494;0
63;494;0
64;494;0
65;494;1
66;494;1
67;494;0
68;494;0
69;494;1
70;494;1
71;494;0
72;494;0
73;494;1
74;494;1
75;494;0
76;494;1
77;494;0
78;494;0
79;494;1
80;494;0
81;494;0
82;494;1
84;494;1
85;494;1
86;494;1
87;494;0
88;494;1
89;494;1
90;494;1
91;494;0
92;494;1
93;494;1
94;494;1
95;494;1
96;494;1
97;494;1
98;494;0
99;494;1
100;494;1
101;494;1
102;494;1
103;494;1
104;494;0
105;494;1
106;494;1
107;494;1
108;494;1
109;494;0
110;494;1
111;494;1
112;494;1
113;494;1
114;494;1
115;494;1
116;494;0
117;494;0
118;494;1
119;494;0
120;494;0
121;494;0
122;494;1
123;494;0
124;494;1
125;494;1
126;494;1
127;494;1
128;494;1
129;494;1
130;494;1
131;494;1
132;494;1
133;494;1
134;494;1
135;494;0
136;494;1
137;494;1
138;494;1
139;494;1
140;494;1
141;494;0
142;494;0
143;494;0
144;494;0
145;494;1
146;494;0
147;494;0
148;494;1
149;494;0
150;494;0
151;494;0
152;494;0
153;494;0
154;494;1
155;494;0
156;494;1
157;494;0
158;494;1
159;494;0
160;494;1
161;494;0
162;494;0
163;494;0
164;494;0
165;494;0
166;494;0
167;494;0
168;494;0
169;494;1
170;494;1
171;494;0
172;494;0
173;494;0
174;494;0
175;494;1
176;494;0
177;494;1
178;494;1
179;494;1
180;494;0
181;494;0
182;494;1
183;494;1
184;494;1
185;494;0
186;494;1
187;494;0
188;494;0
189;494;1
190;494;0
191;494;1
192;494;1
193;494;0
194;494;0
195;494;0
196;494;1
197;494;1
198;494;0
1;495;0
2;495;0
3;495;1
4;495;0
5;495;0
6;495;0
7;495;0
8;495;0
9;495;0
10;495;0
11;495;0
12;495;0
13;495;0
14;495;0
15;495;0
16;495;0
17;495;0
18;495;0
19;495;0
20;495;0
21;495;0
22;495;0
23;495;0
24;495;0
25;495;0
26;495;0
27;495;0
28;495;0
29;495;0
30;495;0
31;495;0
32;495;0
33;495;0
34;495;0
35;495;0
36;495;0
37;495;0
38;495;0
39;495;0
40;495;0
41;495;0
42;495;0
43;495;0
44;495;0
45;495;0
46;495;0
47;495;0
48;495;0
49;495;0
50;495;0
51;495;0
52;495;0
53;495;0
54;495;0
55;495;0
56;495;0
57;495;0
58;495;0
59;495;0
60;495;0
61;495;0
62;495;0
63;495;0
64;495;0
65;495;0
66;495;0
67;495;0
68;495;0
69;495;0
70;495;0
71;495;0
72;495;0
73;495;0
74;495;0
75;495;0
76;495;0
77;495;0
78;495;0
79;495;0
80;495;0
81;495;0
82;495;0
84;495;0
85;495;0
86;495;0
87;495;0
88;495;0
89;495;0
90;495;0
91;495;0
92;495;0
93;495;0
94;495;0
95;495;0
96;495;0
97;495;0
98;495;0
99;495;0
100;495;0
101;495;0
102;495;0
103;495;0
104;495;0
105;495;0
106;495;0
107;495;0
108;495;0
109;495;0
110;495;0
111;495;0
112;495;0
113;495;0
114;495;0
115;495;0
116;495;0
117;495;0
118;495;0
119;495;0
120;495;0
121;495;0
122;495;0
123;495;0
124;495;0
125;495;0
126;495;0
127;495;0
128;495;0
129;495;0
130;495;0
131;495;0
132;495;0
133;495;0
134;495;0
135;495;0
136;495;0
137;495;0
138;495;0
139;495;0
140;495;0
141;495;0
142;495;0
143;495;0
144;495;0
145;495;0
146;495;1
147;495;0
148;495;0
149;495;0
150;495;0
151;495;0
152;495;0
153;495;0
154;495;0
155;495;0
156;495;0
157;495;0
158;495;1
159;495;0
160;495;0
161;495;0
162;495;0
163;495;0
164;495;0
165;495;0
166;495;0
167;495;0
168;495;0
169;495;0
170;495;0
171;495;0
172;495;0
173;495;0
174;495;0
175;495;0
176;495;0
177;495;0
178;495;0
179;495;0
180;495;0
181;495;0
182;495;0
183;495;0
184;495;0
185;495;0
186;495;0
187;495;0
188;495;0
189;495;0
190;495;0
191;495;0
192;495;0
193;495;0
194;495;0
195;495;0
196;495;0
197;495;0
198;495;0
1;502;0
2;502;0
3;502;0
4;502;0
5;502;1
6;502;0
7;502;0
8;502;0
9;502;0
10;502;0
11;502;1
12;502;0
13;502;0
14;502;1
15;502;0
16;502;0
17;502;1
18;502;0
19;502;0
20;502;0
21;502;0
22;502;0
23;502;0
24;502;0
25;502;0
26;502;0
27;502;0
28;502;0
29;502;0
30;502;0
31;502;0
32;502;0
33;502;0
34;502;0
35;502;0
36;502;0
37;502;0
38;502;0
39;502;0
40;502;0
41;502;0
42;502;0
43;502;0
44;502;0
45;502;0
46;502;0
47;502;0
48;502;0
49;502;0
50;502;0
51;502;0
52;502;0
53;502;0
54;502;0
55;502;0
56;502;0
57;502;0
58;502;0
59;502;0
60;502;0
61;502;0
62;502;0
63;502;0
64;502;0
65;502;0
66;502;0
67;502;0
68;502;0
69;502;0
70;502;0
71;502;0
72;502;0
73;502;0
74;502;0
75;502;0
76;502;0
77;502;0
78;502;0
79;502;0
80;502;0
81;502;0
82;502;0
84;502;0
85;502;0
86;502;0
87;502;0
88;502;0
89;502;0
90;502;0
91;502;0
92;502;0
93;502;0
94;502;0
95;502;0
96;502;0
97;502;0
98;502;0
99;502;0
100;502;0
101;502;0
102;502;0
103;502;0
104;502;0
105;502;0
106;502;0
107;502;0
108;502;0
109;502;0
110;502;0
111;502;0
112;502;0
113;502;0
114;502;0
115;502;0
116;502;0
117;502;0
118;502;0
119;502;0
120;502;0
121;502;0
122;502;0
123;502;0
124;502;0
125;502;0
126;502;0
127;502;0
128;502;0
129;502;0
130;502;0
131;502;0
132;502;0
133;502;0
134;502;0
135;502;0
136;502;0
137;502;0
138;502;0
139;502;0
140;502;0
141;502;0
142;502;0
143;502;0
144;502;0
145;502;0
146;502;0
147;502;0
148;502;0
149;502;0
150;502;0
151;502;0
152;502;0
153;502;0
154;502;0
155;502;0
156;502;0
157;502;0
158;502;0
159;502;0
160;502;0
161;502;0
162;502;0
163;502;0
164;502;0
165;502;0
166;502;0
167;502;0
168;502;0
169;502;0
170;502;0
171;502;0
172;502;0
173;502;0
174;502;0
175;502;0
176;502;0
177;502;0
178;502;0
179;502;0
180;502;0
181;502;0
182;502;0
183;502;0
184;502;0
185;502;0
186;502;0
187;502;0
188;502;0
189;502;0
190;502;0
191;502;0
192;502;0
193;502;0
194;502;0
195;502;0
196;502;0
197;502;0
198;502;0
1;503;1
2;503;0
3;503;0
4;503;1
5;503;0
6;503;0
7;503;0
8;503;0
9;503;0
10;503;0
11;503;1
12;503;0
13;503;1
14;503;0
15;503;0
16;503;1
17;503;0
18;503;0
19;503;0
20;503;1
21;503;0
22;503;0
23;503;0
24;503;0
25;503;0
26;503;0
27;503;0
28;503;0
29;503;0
30;503;0
31;503;0
32;503;0
33;503;0
34;503;0
35;503;0
36;503;0
37;503;0
38;503;0
39;503;0
40;503;0
41;503;0
42;503;0
43;503;0
44;503;0
45;503;0
46;503;0
47;503;0
48;503;0
49;503;0
50;503;0
51;503;0
52;503;1
53;503;0
54;503;0
55;503;0
56;503;0
57;503;0
58;503;0
59;503;1
60;503;0
61;503;0
62;503;0
63;503;0
64;503;0
65;503;0
66;503;0
67;503;0
68;503;0
69;503;0
70;503;0
71;503;0
72;503;0
73;503;0
74;503;0
75;503;0
76;503;1
77;503;0
78;503;0
79;503;0
80;503;1
81;503;0
82;503;0
84;503;0
85;503;0
86;503;0
87;503;0
88;503;0
89;503;0
90;503;0
91;503;0
92;503;0
93;503;0
94;503;0
95;503;0
96;503;0
97;503;0
98;503;0
99;503;0
100;503;0
101;503;0
102;503;0
103;503;0
104;503;0
105;503;1
106;503;0
107;503;0
108;503;0
109;503;0
110;503;0
111;503;0
112;503;0
113;503;0
114;503;1
115;503;0
116;503;0
117;503;0
118;503;0
119;503;0
120;503;0
121;503;0
122;503;0
123;503;0
124;503;0
125;503;0
126;503;1
127;503;0
128;503;0
129;503;0
130;503;0
131;503;0
132;503;0
133;503;1
134;503;1
135;503;1
136;503;0
137;503;1
138;503;0
139;503;0
140;503;0
141;503;0
142;503;0
143;503;0
144;503;0
145;503;0
146;503;1
147;503;0
148;503;0
149;503;0
150;503;0
151;503;1
152;503;0
153;503;0
154;503;0
155;503;0
156;503;0
157;503;0
158;503;0
159;503;1
160;503;0
161;503;0
162;503;0
163;503;0
164;503;0
165;503;0
166;503;0
167;503;0
168;503;1
169;503;0
170;503;0
171;503;0
172;503;1
173;503;0
174;503;0
175;503;0
176;503;0
177;503;0
178;503;0
179;503;0
180;503;0
181;503;1
182;503;0
183;503;0
184;503;1
185;503;1
186;503;0
187;503;0
188;503;0
189;503;0
190;503;0
191;503;0
192;503;0
193;503;0
194;503;0
195;503;0
196;503;0
197;503;0
198;503;0
1;504;0
2;504;0
3;504;0
4;504;1
5;504;0
6;504;0
7;504;1
8;504;0
9;504;0
10;504;0
11;504;0
12;504;0
13;504;0
14;504;0
15;504;0
16;504;0
17;504;1
18;504;0
19;504;0
20;504;0
21;504;1
22;504;0
23;504;0
24;504;0
25;504;0
26;504;0
27;504;1
28;504;0
29;504;0
30;504;0
31;504;0
32;504;0
33;504;0
34;504;0
35;504;1
36;504;0
37;504;0
38;504;0
39;504;0
40;504;0
41;504;0
42;504;0
43;504;0
44;504;0
45;504;0
46;504;0
47;504;0
48;504;0
49;504;0
50;504;0
51;504;0
52;504;0
53;504;0
54;504;0
55;504;0
56;504;0
57;504;0
58;504;0
59;504;0
60;504;0
61;504;0
62;504;0
63;504;0
64;504;1
65;504;0
66;504;1
67;504;0
68;504;0
69;504;0
70;504;0
71;504;0
72;504;0
73;504;0
74;504;0
75;504;0
76;504;1
77;504;0
78;504;0
79;504;0
80;504;1
81;504;0
82;504;0
84;504;0
85;504;0
86;504;0
87;504;1
88;504;0
89;504;0
90;504;0
91;504;0
92;504;0
93;504;1
94;504;0
95;504;0
96;504;0
97;504;0
98;504;0
99;504;0
100;504;0
101;504;0
102;504;0
103;504;0
104;504;0
105;504;0
106;504;0
107;504;0
108;504;0
109;504;0
110;504;0
111;504;0
112;504;0
113;504;0
114;504;1
115;504;0
116;504;0
117;504;0
118;504;0
119;504;0
120;504;0
121;504;0
122;504;0
123;504;0
124;504;0
125;504;1
126;504;0
127;504;1
128;504;0
129;504;0
130;504;0
131;504;0
132;504;0
133;504;0
134;504;0
135;504;1
136;504;0
137;504;0
138;504;0
139;504;0
140;504;0
141;504;0
142;504;0
143;504;0
144;504;0
145;504;0
146;504;1
147;504;0
148;504;0
149;504;0
150;504;0
151;504;0
152;504;0
153;504;0
154;504;0
155;504;0
156;504;0
157;504;0
158;504;0
159;504;0
160;504;0
161;504;0
162;504;0
163;504;0
164;504;0
165;504;0
166;504;0
167;504;0
168;504;0
169;504;0
170;504;0
171;504;0
172;504;1
173;504;0
174;504;0
175;504;0
176;504;0
177;504;0
178;504;0
179;504;0
180;504;0
181;504;0
182;504;0
183;504;0
184;504;0
185;504;1
186;504;0
187;504;0
188;504;0
189;504;0
190;504;0
191;504;0
192;504;0
193;504;0
194;504;0
195;504;0
196;504;0
197;504;0
198;504;0
1;511;0
2;511;0
3;511;0
4;511;0
5;511;0
6;511;1
7;511;1
8;511;1
9;511;0
10;511;1
11;511;1
12;511;1
13;511;0
14;511;0
15;511;0
16;511;0
17;511;0
18;511;0
19;511;1
20;511;1
21;511;0
22;511;0
23;511;0
24;511;0
25;511;0
26;511;0
27;511;0
28;511;0
29;511;0
30;511;0
31;511;0
32;511;0
33;511;0
34;511;0
35;511;0
36;511;0
37;511;0
38;511;0
39;511;0
40;511;0
41;511;0
42;511;0
43;511;0
44;511;0
45;511;0
46;511;0
47;511;0
48;511;0
49;511;0
50;511;0
51;511;0
52;511;0
53;511;0
54;511;0
55;511;0
56;511;0
57;511;0
58;511;0
59;511;0
60;511;0
61;511;0
62;511;0
63;511;0
64;511;0
65;511;0
66;511;0
67;511;0
68;511;0
69;511;0
70;511;0
71;511;0
72;511;0
73;511;0
74;511;0
75;511;0
76;511;0
77;511;0
78;511;0
79;511;0
80;511;0
81;511;0
82;511;0
84;511;0
85;511;0
86;511;0
87;511;0
88;511;0
89;511;0
90;511;0
91;511;0
92;511;0
93;511;0
94;511;0
95;511;0
96;511;0
97;511;0
98;511;0
99;511;0
100;511;0
101;511;0
102;511;0
103;511;0
104;511;0
105;511;0
106;511;0
107;511;0
108;511;0
109;511;0
110;511;0
111;511;0
112;511;0
113;511;0
114;511;0
115;511;0
116;511;0
117;511;0
118;511;0
119;511;0
120;511;0
121;511;0
122;511;0
123;511;0
124;511;0
125;511;0
126;511;0
127;511;0
128;511;0
129;511;0
130;511;0
131;511;0
132;511;0
133;511;0
134;511;1
135;511;1
136;511;0
137;511;0
138;511;0
139;511;1
140;511;0
141;511;0
142;511;0
143;511;1
144;511;0
145;511;0
146;511;1
147;511;0
148;511;0
149;511;0
150;511;0
151;511;0
152;511;0
153;511;0
154;511;0
155;511;0
156;511;0
157;511;0
158;511;0
159;511;0
160;511;0
161;511;0
162;511;0
163;511;0
164;511;0
165;511;0
166;511;0
167;511;0
168;511;0
169;511;0
170;511;1
171;511;0
172;511;0
173;511;0
174;511;0
175;511;0
176;511;0
177;511;0
178;511;0
179;511;0
180;511;0
181;511;0
182;511;0
183;511;0
184;511;0
185;511;0
186;511;0
187;511;0
188;511;0
189;511;0
190;511;0
191;511;0
192;511;0
193;511;0
194;511;0
195;511;0
196;511;0
197;511;0
198;511;0
1;512;0
2;512;0
3;512;0
4;512;0
5;512;0
6;512;0
7;512;0
8;512;0
9;512;0
10;512;0
11;512;0
12;512;0
13;512;0
14;512;0
15;512;0
16;512;0
17;512;0
18;512;1
19;512;0
20;512;0
21;512;0
22;512;0
23;512;0
24;512;0
25;512;0
26;512;0
27;512;0
28;512;0
29;512;0
30;512;0
31;512;0
32;512;0
33;512;0
34;512;0
35;512;0
36;512;0
37;512;0
38;512;0
39;512;0
40;512;0
41;512;0
42;512;0
43;512;0
44;512;0
45;512;0
46;512;0
47;512;0
48;512;0
49;512;0
50;512;0
51;512;0
52;512;0
53;512;0
54;512;0
55;512;0
56;512;0
57;512;0
58;512;0
59;512;0
60;512;0
61;512;0
62;512;0
63;512;0
64;512;0
65;512;0
66;512;0
67;512;0
68;512;0
69;512;0
70;512;0
71;512;0
72;512;0
73;512;0
74;512;0
75;512;0
76;512;0
77;512;0
78;512;0
79;512;0
80;512;0
81;512;0
82;512;0
84;512;0
85;512;0
86;512;0
87;512;0
88;512;0
89;512;0
90;512;0
91;512;0
92;512;0
93;512;0
94;512;0
95;512;0
96;512;0
97;512;0
98;512;0
99;512;0
100;512;0
101;512;0
102;512;0
103;512;0
104;512;0
105;512;0
106;512;0
107;512;0
108;512;0
109;512;0
110;512;0
111;512;0
112;512;0
113;512;0
114;512;0
115;512;0
116;512;0
117;512;0
118;512;0
119;512;0
120;512;0
121;512;0
122;512;0
123;512;0
124;512;0
125;512;0
126;512;0
127;512;0
128;512;0
129;512;0
130;512;0
131;512;0
132;512;0
133;512;0
134;512;0
135;512;0
136;512;0
137;512;0
138;512;0
139;512;1
140;512;0
141;512;0
142;512;0
143;512;0
144;512;0
145;512;0
146;512;0
147;512;0
148;512;0
149;512;0
150;512;0
151;512;0
152;512;0
153;512;0
154;512;0
155;512;0
156;512;0
157;512;0
158;512;0
159;512;0
160;512;0
161;512;0
162;512;0
163;512;0
164;512;0
165;512;0
166;512;0
167;512;0
168;512;0
169;512;0
170;512;0
171;512;0
172;512;0
173;512;0
174;512;0
175;512;0
176;512;0
177;512;0
178;512;0
179;512;0
180;512;0
181;512;0
182;512;0
183;512;0
184;512;0
185;512;0
186;512;0
187;512;0
188;512;0
189;512;0
190;512;0
191;512;0
192;512;0
193;512;0
194;512;0
195;512;0
196;512;0
197;512;0
198;512;0
1;521;0
2;521;0
3;521;1
4;521;1
5;521;0
6;521;0
7;521;0
8;521;0
9;521;1
10;521;0
11;521;0
12;521;0
13;521;1
14;521;0
15;521;1
16;521;1
17;521;0
18;521;0
19;521;1
20;521;0
21;521;1
22;521;1
23;521;1
24;521;0
25;521;0
26;521;0
27;521;0
28;521;0
29;521;0
30;521;0
31;521;0
32;521;0
33;521;0
34;521;0
35;521;0
36;521;0
37;521;0
38;521;1
39;521;0
40;521;0
41;521;0
42;521;0
43;521;0
44;521;0
45;521;0
46;521;0
47;521;0
48;521;0
49;521;0
50;521;0
51;521;0
52;521;0
53;521;0
54;521;1
55;521;0
56;521;0
57;521;1
58;521;0
59;521;0
60;521;0
61;521;0
62;521;0
63;521;0
64;521;0
65;521;0
66;521;0
67;521;0
68;521;0
69;521;0
70;521;0
71;521;0
72;521;0
73;521;0
74;521;0
75;521;1
76;521;1
77;521;0
78;521;1
79;521;0
80;521;0
81;521;0
82;521;0
84;521;0
85;521;0
86;521;0
87;521;1
88;521;0
89;521;1
90;521;0
91;521;0
92;521;0
93;521;0
94;521;0
95;521;0
96;521;0
97;521;0
98;521;0
99;521;1
100;521;0
101;521;0
102;521;0
103;521;0
104;521;1
105;521;0
106;521;0
107;521;1
108;521;1
109;521;0
110;521;0
111;521;0
112;521;1
113;521;0
114;521;0
115;521;0
116;521;0
117;521;0
118;521;0
119;521;0
120;521;0
121;521;0
122;521;0
123;521;1
124;521;1
125;521;1
126;521;1
127;521;0
128;521;0
129;521;1
130;521;1
131;521;1
132;521;0
133;521;0
134;521;0
135;521;0
136;521;1
137;521;0
138;521;0
139;521;1
140;521;0
141;521;0
142;521;0
143;521;0
144;521;0
145;521;0
146;521;0
147;521;0
148;521;0
149;521;0
150;521;0
151;521;0
152;521;1
153;521;0
154;521;0
155;521;1
156;521;0
157;521;0
158;521;0
159;521;1
160;521;1
161;521;1
162;521;0
163;521;0
164;521;0
165;521;0
166;521;0
167;521;1
168;521;0
169;521;1
170;521;1
171;521;0
172;521;0
173;521;0
174;521;0
175;521;1
176;521;0
177;521;0
178;521;0
179;521;0
180;521;0
181;521;1
182;521;0
183;521;0
184;521;0
185;521;0
186;521;0
187;521;0
188;521;0
189;521;0
190;521;0
191;521;0
192;521;0
193;521;1
194;521;0
195;521;0
196;521;0
197;521;0
198;521;1
1;522;0
2;522;1
3;522;0
4;522;0
5;522;0
6;522;0
7;522;0
8;522;1
9;522;0
10;522;0
11;522;0
12;522;0
13;522;0
14;522;0
15;522;0
16;522;0
17;522;1
18;522;1
19;522;1
20;522;0
21;522;1
22;522;0
23;522;1
24;522;0
25;522;0
26;522;0
27;522;0
28;522;0
29;522;0
30;522;0
31;522;0
32;522;0
33;522;0
34;522;0
35;522;0
36;522;0
37;522;0
38;522;0
39;522;0
40;522;0
41;522;0
42;522;0
43;522;0
44;522;0
45;522;0
46;522;0
47;522;0
48;522;0
49;522;0
50;522;0
51;522;0
52;522;0
53;522;0
54;522;0
55;522;0
56;522;0
57;522;0
58;522;0
59;522;0
60;522;0
61;522;0
62;522;0
63;522;0
64;522;0
65;522;0
66;522;0
67;522;0
68;522;0
69;522;0
70;522;0
71;522;0
72;522;0
73;522;0
74;522;0
75;522;0
76;522;0
77;522;0
78;522;0
79;522;0
80;522;0
81;522;0
82;522;0
84;522;0
85;522;0
86;522;0
87;522;0
88;522;0
89;522;1
90;522;0
91;522;0
92;522;0
93;522;0
94;522;0
95;522;0
96;522;0
97;522;0
98;522;0
99;522;0
100;522;0
101;522;0
102;522;0
103;522;0
104;522;0
105;522;0
106;522;0
107;522;0
108;522;0
109;522;0
110;522;0
111;522;0
112;522;0
113;522;0
114;522;0
115;522;0
116;522;0
117;522;0
118;522;0
119;522;0
120;522;0
121;522;0
122;522;0
123;522;1
124;522;0
125;522;0
126;522;0
127;522;1
128;522;0
129;522;1
130;522;0
131;522;0
132;522;0
133;522;1
134;522;0
135;522;0
136;522;1
137;522;0
138;522;0
139;522;1
140;522;0
141;522;0
142;522;0
143;522;0
144;522;0
145;522;0
146;522;0
147;522;0
148;522;0
149;522;0
150;522;0
151;522;0
152;522;0
153;522;0
154;522;0
155;522;0
156;522;0
157;522;0
158;522;0
159;522;0
160;522;1
161;522;0
162;522;0
163;522;0
164;522;0
165;522;0
166;522;0
167;522;0
168;522;0
169;522;0
170;522;0
171;522;0
172;522;0
173;522;0
174;522;0
175;522;0
176;522;0
177;522;0
178;522;0
179;522;0
180;522;0
181;522;0
182;522;0
183;522;0
184;522;1
185;522;0
186;522;0
187;522;0
188;522;0
189;522;0
190;522;0
191;522;0
192;522;0
193;522;0
194;522;0
195;522;0
196;522;0
197;522;0
198;522;0
1;531;0
2;531;0
3;531;0
4;531;0
5;531;0
6;531;0
7;531;0
8;531;0
9;531;0
10;531;0
11;531;0
12;531;0
13;531;1
14;531;0
15;531;0
16;531;0
17;531;0
18;531;0
19;531;0
20;531;0
21;531;0
22;531;0
23;531;0
24;531;0
25;531;0
26;531;0
27;531;0
28;531;0
29;531;0
30;531;0
31;531;0
32;531;0
33;531;0
34;531;0
35;531;0
36;531;0
37;531;0
38;531;0
39;531;0
40;531;0
41;531;0
42;531;0
43;531;0
44;531;0
45;531;0
46;531;0
47;531;0
48;531;0
49;531;0
50;531;0
51;531;0
52;531;0
53;531;0
54;531;0
55;531;0
56;531;0
57;531;0
58;531;0
59;531;0
60;531;0
61;531;0
62;531;0
63;531;0
64;531;0
65;531;0
66;531;0
67;531;0
68;531;0
69;531;0
70;531;0
71;531;0
72;531;0
73;531;0
74;531;0
75;531;0
76;531;0
77;531;0
78;531;0
79;531;0
80;531;0
81;531;0
82;531;0
84;531;0
85;531;0
86;531;0
87;531;0
88;531;0
89;531;0
90;531;0
91;531;0
92;531;0
93;531;0
94;531;0
95;531;0
96;531;0
97;531;0
98;531;0
99;531;0
100;531;0
101;531;0
102;531;0
103;531;0
104;531;0
105;531;0
106;531;0
107;531;0
108;531;0
109;531;0
110;531;0
111;531;0
112;531;0
113;531;0
114;531;0
115;531;0
116;531;0
117;531;0
118;531;0
119;531;0
120;531;0
121;531;0
122;531;0
123;531;0
124;531;0
125;531;0
126;531;0
127;531;0
128;531;0
129;531;0
130;531;0
131;531;0
132;531;0
133;531;0
134;531;0
135;531;0
136;531;0
137;531;0
138;531;0
139;531;0
140;531;0
141;531;0
142;531;0
143;531;0
144;531;0
145;531;0
146;531;0
147;531;0
148;531;0
149;531;0
150;531;0
151;531;0
152;531;0
153;531;0
154;531;0
155;531;0
156;531;0
157;531;0
158;531;0
159;531;0
160;531;0
161;531;0
162;531;0
163;531;0
164;531;0
165;531;0
166;531;0
167;531;0
168;531;0
169;531;0
170;531;0
171;531;0
172;531;0
173;531;0
174;531;0
175;531;0
176;531;0
177;531;0
178;531;0
179;531;0
180;531;0
181;531;0
182;531;0
183;531;0
184;531;0
185;531;0
186;531;0
187;531;0
188;531;0
189;531;0
190;531;0
191;531;0
192;531;0
193;531;0
194;531;0
195;531;0
196;531;0
197;531;0
198;531;0
1;532;0
2;532;0
3;532;1
4;532;0
5;532;0
6;532;0
7;532;1
8;532;0
9;532;1
10;532;1
11;532;1
12;532;0
13;532;1
14;532;1
15;532;1
16;532;1
17;532;1
18;532;1
19;532;1
20;532;1
21;532;1
22;532;1
23;532;1
24;532;1
25;532;0
26;532;0
27;532;1
28;532;0
29;532;0
30;532;0
31;532;1
32;532;0
33;532;0
34;532;0
35;532;1
36;532;0
37;532;0
38;532;0
39;532;0
40;532;1
41;532;0
42;532;0
43;532;0
44;532;0
45;532;1
46;532;1
47;532;0
48;532;0
49;532;1
50;532;0
51;532;0
52;532;0
53;532;0
54;532;0
55;532;1
56;532;1
57;532;0
58;532;0
59;532;0
60;532;0
61;532;0
62;532;0
63;532;0
64;532;0
65;532;0
66;532;0
67;532;0
68;532;0
69;532;0
70;532;0
71;532;1
72;532;0
73;532;0
74;532;0
75;532;1
76;532;0
77;532;0
78;532;0
79;532;0
80;532;1
81;532;1
82;532;0
84;532;0
85;532;0
86;532;0
87;532;0
88;532;0
89;532;0
90;532;1
91;532;0
92;532;0
93;532;0
94;532;0
95;532;0
96;532;0
97;532;0
98;532;0
99;532;0
100;532;0
101;532;0
102;532;0
103;532;1
104;532;0
105;532;1
106;532;1
107;532;0
108;532;1
109;532;0
110;532;0
111;532;0
112;532;1
113;532;0
114;532;0
115;532;0
116;532;0
117;532;0
118;532;0
119;532;0
120;532;1
121;532;1
122;532;1
123;532;0
124;532;0
125;532;1
126;532;1
127;532;1
128;532;1
129;532;1
130;532;1
131;532;1
132;532;0
133;532;1
134;532;1
135;532;1
136;532;0
137;532;1
138;532;0
139;532;1
140;532;0
141;532;0
142;532;0
143;532;0
144;532;1
145;532;1
146;532;0
147;532;0
148;532;0
149;532;0
150;532;0
151;532;0
152;532;1
153;532;1
154;532;0
155;532;0
156;532;0
157;532;0
158;532;0
159;532;1
160;532;0
161;532;0
162;532;0
163;532;0
164;532;1
165;532;0
166;532;0
167;532;0
168;532;0
169;532;1
170;532;1
171;532;0
172;532;0
173;532;1
174;532;0
175;532;1
176;532;0
177;532;0
178;532;0
179;532;0
180;532;0
181;532;0
182;532;1
183;532;0
184;532;0
185;532;0
186;532;0
187;532;0
188;532;1
189;532;1
190;532;0
191;532;0
192;532;0
193;532;0
194;532;0
195;532;0
196;532;0
197;532;1
198;532;0
1;551;1
2;551;1
3;551;1
4;551;0
5;551;1
6;551;1
7;551;1
8;551;0
9;551;0
10;551;0
11;551;0
12;551;0
13;551;0
14;551;0
15;551;0
16;551;0
17;551;0
18;551;0
19;551;1
20;551;0
21;551;0
22;551;0
23;551;0
24;551;0
25;551;0
26;551;1
27;551;0
28;551;0
29;551;0
30;551;0
31;551;1
32;551;0
33;551;0
34;551;0
35;551;0
36;551;0
37;551;0
38;551;0
39;551;0
40;551;0
41;551;0
42;551;0
43;551;0
44;551;1
45;551;0
46;551;0
47;551;0
48;551;1
49;551;0
50;551;0
51;551;0
52;551;1
53;551;0
54;551;0
55;551;0
56;551;0
57;551;1
58;551;0
59;551;0
60;551;1
61;551;0
62;551;0
63;551;0
64;551;1
65;551;1
66;551;1
67;551;0
68;551;0
69;551;1
70;551;1
71;551;0
72;551;0
73;551;0
74;551;1
75;551;0
76;551;0
77;551;0
78;551;0
79;551;0
80;551;1
81;551;0
82;551;0
84;551;0
85;551;0
86;551;1
87;551;0
88;551;0
89;551;1
90;551;0
91;551;0
92;551;0
93;551;0
94;551;0
95;551;0
96;551;0
97;551;0
98;551;0
99;551;0
100;551;1
101;551;0
102;551;0
103;551;1
104;551;1
105;551;0
106;551;1
107;551;0
108;551;0
109;551;1
110;551;0
111;551;0
112;551;0
113;551;0
114;551;1
115;551;0
116;551;0
117;551;0
118;551;0
119;551;0
120;551;0
121;551;0
122;551;0
123;551;1
124;551;0
125;551;0
126;551;0
127;551;0
128;551;0
129;551;0
130;551;0
131;551;0
132;551;0
133;551;0
134;551;0
135;551;1
136;551;0
137;551;0
138;551;0
139;551;0
140;551;0
141;551;0
142;551;1
143;551;0
144;551;0
145;551;0
146;551;1
147;551;0
148;551;0
149;551;0
150;551;0
151;551;0
152;551;0
153;551;0
154;551;0
155;551;0
156;551;0
157;551;0
158;551;0
159;551;0
160;551;0
161;551;0
162;551;0
163;551;0
164;551;0
165;551;0
166;551;0
167;551;0
168;551;1
169;551;0
170;551;0
171;551;0
172;551;0
173;551;0
174;551;0
175;551;0
176;551;0
177;551;1
178;551;1
179;551;1
180;551;0
181;551;0
182;551;0
183;551;0
184;551;1
185;551;1
186;551;0
187;551;0
188;551;1
189;551;1
190;551;0
191;551;0
192;551;1
193;551;1
194;551;1
195;551;0
196;551;1
197;551;0
198;551;1
1;552;0
2;552;0
3;552;1
4;552;0
5;552;0
6;552;1
7;552;1
8;552;0
9;552;0
10;552;0
11;552;0
12;552;1
13;552;0
14;552;1
15;552;0
16;552;0
17;552;0
18;552;0
19;552;1
20;552;0
21;552;0
22;552;1
23;552;0
24;552;0
25;552;0
26;552;1
27;552;0
28;552;0
29;552;1
30;552;1
31;552;1
32;552;1
33;552;1
34;552;0
35;552;0
36;552;0
37;552;1
38;552;0
39;552;0
40;552;0
41;552;0
42;552;1
43;552;0
44;552;0
45;552;1
46;552;0
47;552;0
48;552;1
49;552;0
50;552;0
51;552;0
52;552;1
53;552;0
54;552;0
55;552;0
56;552;1
57;552;1
58;552;0
59;552;0
60;552;1
61;552;0
62;552;0
63;552;1
64;552;1
65;552;1
66;552;1
67;552;1
68;552;0
69;552;1
70;552;0
71;552;1
72;552;1
73;552;0
74;552;1
75;552;0
76;552;0
77;552;1
78;552;0
79;552;1
80;552;1
81;552;1
82;552;0
84;552;1
85;552;0
86;552;1
87;552;0
88;552;0
89;552;0
90;552;1
91;552;0
92;552;0
93;552;1
94;552;0
95;552;0
96;552;1
97;552;0
98;552;0
99;552;1
100;552;1
101;552;0
102;552;1
103;552;1
104;552;1
105;552;0
106;552;1
107;552;0
108;552;0
109;552;1
110;552;0
111;552;1
112;552;0
113;552;0
114;552;0
115;552;1
116;552;1
117;552;1
118;552;0
119;552;0
120;552;1
121;552;1
122;552;0
123;552;0
124;552;0
125;552;0
126;552;0
127;552;0
128;552;0
129;552;0
130;552;1
131;552;0
132;552;0
133;552;0
134;552;0
135;552;0
136;552;0
137;552;1
138;552;1
139;552;0
140;552;1
141;552;0
142;552;1
143;552;1
144;552;1
145;552;0
146;552;1
147;552;0
148;552;0
149;552;0
150;552;1
151;552;0
152;552;0
153;552;0
154;552;0
155;552;1
156;552;0
157;552;0
158;552;0
159;552;0
160;552;0
161;552;1
162;552;0
163;552;0
164;552;1
165;552;1
166;552;1
167;552;0
168;552;1
169;552;0
170;552;1
171;552;0
172;552;0
173;552;0
174;552;1
175;552;0
176;552;0
177;552;1
178;552;1
179;552;0
180;552;0
181;552;0
182;552;1
183;552;0
184;552;1
185;552;1
186;552;1
187;552;0
188;552;0
189;552;1
190;552;0
191;552;0
192;552;1
193;552;1
194;552;1
195;552;1
196;552;1
197;552;0
198;552;0
1;553;0
2;553;0
3;553;0
4;553;1
5;553;0
6;553;0
7;553;0
8;553;0
9;553;0
10;553;1
11;553;0
12;553;1
13;553;0
14;553;0
15;553;0
16;553;1
17;553;0
18;553;1
19;553;0
20;553;0
21;553;0
22;553;0
23;553;1
24;553;0
25;553;1
26;553;1
27;553;0
28;553;0
29;553;0
30;553;0
31;553;0
32;553;0
33;553;1
34;553;0
35;553;0
36;553;0
37;553;0
38;553;0
39;553;0
40;553;0
41;553;0
42;553;0
43;553;0
44;553;0
45;553;0
46;553;1
47;553;1
48;553;0
49;553;0
50;553;0
51;553;0
52;553;0
53;553;0
54;553;0
55;553;0
56;553;0
57;553;0
58;553;0
59;553;0
60;553;1
61;553;0
62;553;1
63;553;0
64;553;1
65;553;0
66;553;0
67;553;0
68;553;0
69;553;1
70;553;0
71;553;0
72;553;1
73;553;1
74;553;0
75;553;0
76;553;0
77;553;0
78;553;0
79;553;0
80;553;0
81;553;0
82;553;0
84;553;0
85;553;0
86;553;0
87;553;0
88;553;1
89;553;1
90;553;1
91;553;1
92;553;0
93;553;1
94;553;0
95;553;0
96;553;0
97;553;1
98;553;0
99;553;0
100;553;0
101;553;0
102;553;1
103;553;0
104;553;0
105;553;0
106;553;1
107;553;0
108;553;0
109;553;1
110;553;0
111;553;0
112;553;0
113;553;0
114;553;1
115;553;0
116;553;0
117;553;0
118;553;0
119;553;1
120;553;0
121;553;0
122;553;0
123;553;0
124;553;0
125;553;0
126;553;1
127;553;0
128;553;0
129;553;0
130;553;1
131;553;0
132;553;0
133;553;0
134;553;0
135;553;0
136;553;1
137;553;0
138;553;0
139;553;0
140;553;0
141;553;1
142;553;1
143;553;0
144;553;1
145;553;1
146;553;0
147;553;1
148;553;0
149;553;0
150;553;1
151;553;0
152;553;0
153;553;0
154;553;0
155;553;0
156;553;1
157;553;0
158;553;0
159;553;0
160;553;0
161;553;0
162;553;0
163;553;0
164;553;1
165;553;0
166;553;0
167;553;0
168;553;1
169;553;0
170;553;0
171;553;0
172;553;0
173;553;0
174;553;0
175;553;0
176;553;0
177;553;0
178;553;1
179;553;0
180;553;0
181;553;0
182;553;0
183;553;0
184;553;1
185;553;1
186;553;0
187;553;1
188;553;1
189;553;0
190;553;1
191;553;1
192;553;0
193;553;1
194;553;0
195;553;0
196;553;1
197;553;0
198;553;0
1;559;1
2;559;0
3;559;0
4;559;0
5;559;0
6;559;1
7;559;1
8;559;0
9;559;0
10;559;0
11;559;0
12;559;0
13;559;0
14;559;1
15;559;0
16;559;0
17;559;0
18;559;0
19;559;1
20;559;0
21;559;1
22;559;0
23;559;0
24;559;1
25;559;0
26;559;0
27;559;1
28;559;1
29;559;0
30;559;0
31;559;1
32;559;0
33;559;0
34;559;0
35;559;0
36;559;1
37;559;0
38;559;1
39;559;0
40;559;0
41;559;1
42;559;0
43;559;0
44;559;0
45;559;1
46;559;1
47;559;0
48;559;0
49;559;0
50;559;0
51;559;0
52;559;0
53;559;0
54;559;0
55;559;0
56;559;1
57;559;1
58;559;0
59;559;0
60;559;1
61;559;1
62;559;1
63;559;0
64;559;0
65;559;1
66;559;0
67;559;0
68;559;0
69;559;1
70;559;0
71;559;1
72;559;1
73;559;1
74;559;0
75;559;1
76;559;1
77;559;0
78;559;0
79;559;0
80;559;1
81;559;0
82;559;0
84;559;0
85;559;1
86;559;0
87;559;1
88;559;0
89;559;1
90;559;0
91;559;1
92;559;0
93;559;0
94;559;0
95;559;1
96;559;0
97;559;0
98;559;0
99;559;0
100;559;1
101;559;0
102;559;0
103;559;1
104;559;1
105;559;0
106;559;1
107;559;0
108;559;0
109;559;1
110;559;0
111;559;0
112;559;1
113;559;1
114;559;1
115;559;0
116;559;1
117;559;0
118;559;0
119;559;0
120;559;0
121;559;0
122;559;0
123;559;0
124;559;0
125;559;0
126;559;0
127;559;0
128;559;0
129;559;0
130;559;0
131;559;0
132;559;0
133;559;0
134;559;0
135;559;0
136;559;0
137;559;1
138;559;1
139;559;0
140;559;0
141;559;0
142;559;1
143;559;1
144;559;1
145;559;1
146;559;1
147;559;0
148;559;0
149;559;0
150;559;1
151;559;0
152;559;0
153;559;0
154;559;1
155;559;0
156;559;0
157;559;0
158;559;0
159;559;0
160;559;0
161;559;1
162;559;0
163;559;0
164;559;0
165;559;0
166;559;0
167;559;1
168;559;0
169;559;0
170;559;0
171;559;0
172;559;1
173;559;1
174;559;0
175;559;0
176;559;0
177;559;0
178;559;0
179;559;0
180;559;1
181;559;0
182;559;0
183;559;0
184;559;0
185;559;1
186;559;0
187;559;0
188;559;0
189;559;1
190;559;0
191;559;1
192;559;1
193;559;1
194;559;0
195;559;0
196;559;0
197;559;1
198;559;0
1;561;1
2;561;1
3;561;1
4;561;0
5;561;0
6;561;1
7;561;1
8;561;0
9;561;1
10;561;0
11;561;0
12;561;1
13;561;0
14;561;1
15;561;1
16;561;1
17;561;1
18;561;1
19;561;1
20;561;1
21;561;1
22;561;0
23;561;0
24;561;0
25;561;0
26;561;0
27;561;0
28;561;1
29;561;0
30;561;0
31;561;1
32;561;0
33;561;0
34;561;0
35;561;0
36;561;0
37;561;0
38;561;0
39;561;1
40;561;1
41;561;1
42;561;0
43;561;0
44;561;1
45;561;0
46;561;0
47;561;0
48;561;0
49;561;0
50;561;0
51;561;0
52;561;1
53;561;0
54;561;0
55;561;0
56;561;0
57;561;0
58;561;0
59;561;0
60;561;1
61;561;0
62;561;0
63;561;0
64;561;0
65;561;0
66;561;0
67;561;0
68;561;0
69;561;0
70;561;0
71;561;1
72;561;0
73;561;1
74;561;1
75;561;1
76;561;0
77;561;0
78;561;0
79;561;1
80;561;1
81;561;1
82;561;0
84;561;0
85;561;0
86;561;1
87;561;0
88;561;1
89;561;1
90;561;1
91;561;1
92;561;0
93;561;0
94;561;0
95;561;0
96;561;0
97;561;0
98;561;0
99;561;1
100;561;1
101;561;0
102;561;0
103;561;1
104;561;1
105;561;1
106;561;1
107;561;0
108;561;0
109;561;0
110;561;0
111;561;0
112;561;0
113;561;0
114;561;1
115;561;0
116;561;0
117;561;0
118;561;0
119;561;0
120;561;0
121;561;0
122;561;1
123;561;0
124;561;0
125;561;0
126;561;1
127;561;0
128;561;1
129;561;0
130;561;1
131;561;1
132;561;0
133;561;1
134;561;1
135;561;1
136;561;1
137;561;1
138;561;0
139;561;0
140;561;1
141;561;0
142;561;1
143;561;1
144;561;1
145;561;0
146;561;1
147;561;0
148;561;0
149;561;0
150;561;0
151;561;0
152;561;0
153;561;0
154;561;0
155;561;0
156;561;0
157;561;0
158;561;0
159;561;0
160;561;0
161;561;0
162;561;0
163;561;0
164;561;0
165;561;0
166;561;0
167;561;0
168;561;1
169;561;0
170;561;0
171;561;0
172;561;0
173;561;0
174;561;1
175;561;0
176;561;0
177;561;1
178;561;1
179;561;1
180;561;1
181;561;0
182;561;0
183;561;0
184;561;1
185;561;1
186;561;0
187;561;1
188;561;1
189;561;1
190;561;0
191;561;0
192;561;1
193;561;1
194;561;1
195;561;0
196;561;1
197;561;0
198;561;0
1;562;0
2;562;0
3;562;0
4;562;1
5;562;0
6;562;0
7;562;0
8;562;0
9;562;1
10;562;0
11;562;1
12;562;0
13;562;0
14;562;1
15;562;0
16;562;1
17;562;1
18;562;0
19;562;1
20;562;1
21;562;1
22;562;1
23;562;0
24;562;0
25;562;0
26;562;0
27;562;0
28;562;1
29;562;0
30;562;0
31;562;0
32;562;0
33;562;0
34;562;0
35;562;1
36;562;0
37;562;1
38;562;1
39;562;0
40;562;1
41;562;0
42;562;0
43;562;0
44;562;0
45;562;0
46;562;1
47;562;0
48;562;0
49;562;1
50;562;1
51;562;1
52;562;1
53;562;1
54;562;0
55;562;0
56;562;0
57;562;0
58;562;0
59;562;1
60;562;0
61;562;0
62;562;0
63;562;0
64;562;0
65;562;0
66;562;0
67;562;1
68;562;0
69;562;0
70;562;0
71;562;1
72;562;1
73;562;0
74;562;1
75;562;1
76;562;1
77;562;0
78;562;0
79;562;0
80;562;0
81;562;0
82;562;0
84;562;0
85;562;1
86;562;0
87;562;0
88;562;0
89;562;0
90;562;1
91;562;0
92;562;0
93;562;0
94;562;1
95;562;0
96;562;1
97;562;1
98;562;0
99;562;0
100;562;0
101;562;0
102;562;0
103;562;0
104;562;1
105;562;0
106;562;0
107;562;1
108;562;0
109;562;1
110;562;0
111;562;1
112;562;0
113;562;1
114;562;0
115;562;0
116;562;0
117;562;0
118;562;0
119;562;0
120;562;0
121;562;1
122;562;1
123;562;0
124;562;1
125;562;0
126;562;1
127;562;1
128;562;1
129;562;1
130;562;0
131;562;1
132;562;0
133;562;1
134;562;1
135;562;1
136;562;0
137;562;1
138;562;0
139;562;1
140;562;0
141;562;0
142;562;1
143;562;0
144;562;0
145;562;1
146;562;0
147;562;0
148;562;0
149;562;1
150;562;0
151;562;0
152;562;0
153;562;0
154;562;0
155;562;0
156;562;0
157;562;0
158;562;1
159;562;0
160;562;0
161;562;0
162;562;0
163;562;0
164;562;1
165;562;0
166;562;1
167;562;0
168;562;1
169;562;1
170;562;0
171;562;0
172;562;1
173;562;0
174;562;0
175;562;1
176;562;0
177;562;0
178;562;1
179;562;0
180;562;0
181;562;0
182;562;0
183;562;0
184;562;1
185;562;0
186;562;0
187;562;0
188;562;0
189;562;1
190;562;0
191;562;1
192;562;0
193;562;0
194;562;1
195;562;0
196;562;0
197;562;0
198;562;1
1;563;0
2;563;0
3;563;0
4;563;0
5;563;0
6;563;0
7;563;1
8;563;0
9;563;0
10;563;0
11;563;0
12;563;0
13;563;0
14;563;0
15;563;1
16;563;0
17;563;0
18;563;0
19;563;0
20;563;0
21;563;0
22;563;0
23;563;0
24;563;0
25;563;1
26;563;1
27;563;0
28;563;0
29;563;0
30;563;1
31;563;1
32;563;1
33;563;1
34;563;1
35;563;1
36;563;1
37;563;1
38;563;0
39;563;1
40;563;1
41;563;1
42;563;1
43;563;1
44;563;1
45;563;1
46;563;1
47;563;1
48;563;1
49;563;1
50;563;1
51;563;1
52;563;1
53;563;1
54;563;1
55;563;1
56;563;1
57;563;0
58;563;1
59;563;1
60;563;1
61;563;0
62;563;1
63;563;1
64;563;0
65;563;0
66;563;1
67;563;1
68;563;0
69;563;1
70;563;1
71;563;1
72;563;1
73;563;1
74;563;1
75;563;0
76;563;1
77;563;0
78;563;1
79;563;1
80;563;1
81;563;0
82;563;0
84;563;1
85;563;0
86;563;1
87;563;0
88;563;1
89;563;1
90;563;1
91;563;1
92;563;1
93;563;1
94;563;1
95;563;0
96;563;1
97;563;0
98;563;1
99;563;1
100;563;1
101;563;1
102;563;1
103;563;1
104;563;1
105;563;1
106;563;1
107;563;0
108;563;1
109;563;1
110;563;1
111;563;1
112;563;1
113;563;1
114;563;1
115;563;0
116;563;1
117;563;1
118;563;1
119;563;1
120;563;1
121;563;1
122;563;1
123;563;0
124;563;1
125;563;0
126;563;0
127;563;0
128;563;0
129;563;1
130;563;1
131;563;1
132;563;1
133;563;0
134;563;1
135;563;1
136;563;1
137;563;1
138;563;0
139;563;0
140;563;1
141;563;1
142;563;1
143;563;0
144;563;1
145;563;1
146;563;1
147;563;0
148;563;1
149;563;1
150;563;1
151;563;1
152;563;1
153;563;1
154;563;0
155;563;1
156;563;0
157;563;0
158;563;1
159;563;1
160;563;0
161;563;1
162;563;1
163;563;1
164;563;1
165;563;1
166;563;1
167;563;1
168;563;1
169;563;1
170;563;1
171;563;1
172;563;1
173;563;0
174;563;1
175;563;1
176;563;1
177;563;1
178;563;1
179;563;1
180;563;1
181;563;1
182;563;1
183;563;0
184;563;1
185;563;1
186;563;1
187;563;1
188;563;1
189;563;1
190;563;1
191;563;0
192;563;0
193;563;1
194;563;1
195;563;0
196;563;0
197;563;1
198;563;1
1;581;1
2;581;1
3;581;1
4;581;0
5;581;0
6;581;1
7;581;1
8;581;1
9;581;0
10;581;1
11;581;1
12;581;1
13;581;1
14;581;1
15;581;0
16;581;0
17;581;0
18;581;0
19;581;0
20;581;0
21;581;0
22;581;0
23;581;0
24;581;0
25;581;0
26;581;0
27;581;0
28;581;0
29;581;0
30;581;0
31;581;0
32;581;0
33;581;0
34;581;0
35;581;0
36;581;0
37;581;0
38;581;0
39;581;0
40;581;0
41;581;0
42;581;0
43;581;0
44;581;0
45;581;0
46;581;0
47;581;0
48;581;0
49;581;0
50;581;0
51;581;0
52;581;0
53;581;0
54;581;0
55;581;0
56;581;0
57;581;0
58;581;0
59;581;0
60;581;0
61;581;0
62;581;0
63;581;0
64;581;0
65;581;0
66;581;0
67;581;0
68;581;0
69;581;0
70;581;0
71;581;0
72;581;0
73;581;0
74;581;0
75;581;0
76;581;0
77;581;0
78;581;0
79;581;0
80;581;0
81;581;0
82;581;0
84;581;0
85;581;0
86;581;0
87;581;1
88;581;0
89;581;0
90;581;0
91;581;0
92;581;0
93;581;0
94;581;0
95;581;1
96;581;0
97;581;0
98;581;0
99;581;0
100;581;0
101;581;0
102;581;0
103;581;0
104;581;0
105;581;0
106;581;0
107;581;0
108;581;0
109;581;0
110;581;0
111;581;0
112;581;0
113;581;0
114;581;0
115;581;0
116;581;0
117;581;0
118;581;0
119;581;0
120;581;0
121;581;0
122;581;0
123;581;0
124;581;0
125;581;0
126;581;0
127;581;0
128;581;0
129;581;0
130;581;0
131;581;0
132;581;1
133;581;0
134;581;0
135;581;1
136;581;0
137;581;0
138;581;0
139;581;0
140;581;0
141;581;0
142;581;0
143;581;0
144;581;0
145;581;0
146;581;0
147;581;0
148;581;0
149;581;0
150;581;0
151;581;0
152;581;0
153;581;0
154;581;0
155;581;0
156;581;0
157;581;0
158;581;0
159;581;1
160;581;0
161;581;0
162;581;0
163;581;0
164;581;0
165;581;0
166;581;0
167;581;0
168;581;0
169;581;0
170;581;0
171;581;1
172;581;0
173;581;0
174;581;0
175;581;0
176;581;1
177;581;0
178;581;0
179;581;0
180;581;0
181;581;0
182;581;0
183;581;0
184;581;0
185;581;0
186;581;0
187;581;0
188;581;0
189;581;0
190;581;0
191;581;1
192;581;0
193;581;0
194;581;0
195;581;0
196;581;0
197;581;1
198;581;0
1;582;1
2;582;1
3;582;1
4;582;0
5;582;0
6;582;1
7;582;1
8;582;1
9;582;0
10;582;0
11;582;1
12;582;1
13;582;1
14;582;1
15;582;0
16;582;1
17;582;0
18;582;1
19;582;1
20;582;0
21;582;0
22;582;0
23;582;0
24;582;0
25;582;0
26;582;0
27;582;0
28;582;1
29;582;0
30;582;0
31;582;0
32;582;0
33;582;0
34;582;0
35;582;0
36;582;0
37;582;0
38;582;0
39;582;0
40;582;0
41;582;0
42;582;0
43;582;0
44;582;0
45;582;0
46;582;0
47;582;0
48;582;1
49;582;0
50;582;0
51;582;0
52;582;0
53;582;0
54;582;0
55;582;0
56;582;0
57;582;0
58;582;0
59;582;0
60;582;0
61;582;0
62;582;0
63;582;0
64;582;0
65;582;0
66;582;0
67;582;0
68;582;0
69;582;0
70;582;0
71;582;0
72;582;0
73;582;0
74;582;0
75;582;1
76;582;0
77;582;0
78;582;0
79;582;0
80;582;0
81;582;0
82;582;0
84;582;0
85;582;0
86;582;0
87;582;0
88;582;0
89;582;0
90;582;0
91;582;0
92;582;0
93;582;0
94;582;0
95;582;0
96;582;0
97;582;0
98;582;0
99;582;0
100;582;0
101;582;0
102;582;0
103;582;0
104;582;0
105;582;0
106;582;0
107;582;0
108;582;0
109;582;0
110;582;0
111;582;0
112;582;0
113;582;0
114;582;0
115;582;0
116;582;0
117;582;0
118;582;0
119;582;0
120;582;0
121;582;0
122;582;0
123;582;0
124;582;0
125;582;0
126;582;0
127;582;1
128;582;0
129;582;0
130;582;0
131;582;0
132;582;0
133;582;1
134;582;0
135;582;1
136;582;0
137;582;0
138;582;0
139;582;0
140;582;0
141;582;0
142;582;0
143;582;0
144;582;0
145;582;0
146;582;0
147;582;0
148;582;0
149;582;0
150;582;0
151;582;0
152;582;0
153;582;0
154;582;0
155;582;0
156;582;0
157;582;0
158;582;0
159;582;0
160;582;0
161;582;0
162;582;0
163;582;0
164;582;0
165;582;0
166;582;0
167;582;0
168;582;0
169;582;0
170;582;0
171;582;0
172;582;0
173;582;0
174;582;0
175;582;0
176;582;0
177;582;0
178;582;0
179;582;0
180;582;0
181;582;0
182;582;0
183;582;0
184;582;0
185;582;0
186;582;0
187;582;1
188;582;0
189;582;0
190;582;0
191;582;0
192;582;0
193;582;0
194;582;0
195;582;0
196;582;0
197;582;0
198;582;0
1;591;1
2;591;1
3;591;1
4;591;0
5;591;0
6;591;1
7;591;1
8;591;1
9;591;1
10;591;0
11;591;1
12;591;1
13;591;1
14;591;1
15;591;1
16;591;1
17;591;1
18;591;0
19;591;1
20;591;0
21;591;0
22;591;0
23;591;0
24;591;0
25;591;0
26;591;0
27;591;0
28;591;0
29;591;0
30;591;0
31;591;0
32;591;0
33;591;0
34;591;0
35;591;0
36;591;0
37;591;0
38;591;0
39;591;0
40;591;1
41;591;0
42;591;0
43;591;0
44;591;0
45;591;0
46;591;0
47;591;0
48;591;0
49;591;0
50;591;0
51;591;0
52;591;0
53;591;0
54;591;0
55;591;0
56;591;0
57;591;0
58;591;0
59;591;0
60;591;0
61;591;0
62;591;0
63;591;0
64;591;1
65;591;0
66;591;0
67;591;0
68;591;0
69;591;0
70;591;0
71;591;1
72;591;0
73;591;0
74;591;0
75;591;0
76;591;0
77;591;0
78;591;0
79;591;0
80;591;0
81;591;0
82;591;0
84;591;0
85;591;0
86;591;0
87;591;0
88;591;0
89;591;0
90;591;0
91;591;0
92;591;0
93;591;0
94;591;0
95;591;0
96;591;0
97;591;0
98;591;0
99;591;0
100;591;0
101;591;0
102;591;0
103;591;0
104;591;0
105;591;0
106;591;0
107;591;0
108;591;1
109;591;0
110;591;0
111;591;0
112;591;0
113;591;0
114;591;0
115;591;0
116;591;0
117;591;0
118;591;0
119;591;0
120;591;0
121;591;0
122;591;0
123;591;0
124;591;0
125;591;0
126;591;1
127;591;1
128;591;1
129;591;0
130;591;0
131;591;0
132;591;0
133;591;1
134;591;0
135;591;1
136;591;0
137;591;0
138;591;0
139;591;1
140;591;0
141;591;0
142;591;0
143;591;0
144;591;0
145;591;0
146;591;0
147;591;0
148;591;0
149;591;0
150;591;0
151;591;0
152;591;0
153;591;0
154;591;0
155;591;0
156;591;0
157;591;0
158;591;0
159;591;0
160;591;0
161;591;0
162;591;0
163;591;0
164;591;0
165;591;0
166;591;0
167;591;0
168;591;0
169;591;0
170;591;0
171;591;0
172;591;0
173;591;0
174;591;0
175;591;0
176;591;0
177;591;0
178;591;0
179;591;0
180;591;0
181;591;0
182;591;0
183;591;0
184;591;0
185;591;0
186;591;0
187;591;0
188;591;0
189;591;0
190;591;0
191;591;0
192;591;0
193;591;0
194;591;0
195;591;0
196;591;0
197;591;0
198;591;0
1;592;1
2;592;1
3;592;1
4;592;0
5;592;0
6;592;1
7;592;1
8;592;0
9;592;1
10;592;0
11;592;1
12;592;1
13;592;0
14;592;1
15;592;0
16;592;1
17;592;1
18;592;0
19;592;0
20;592;1
21;592;1
22;592;0
23;592;1
24;592;0
25;592;0
26;592;0
27;592;0
28;592;0
29;592;0
30;592;0
31;592;0
32;592;0
33;592;0
34;592;0
35;592;0
36;592;0
37;592;0
38;592;1
39;592;0
40;592;1
41;592;0
42;592;0
43;592;0
44;592;0
45;592;0
46;592;0
47;592;0
48;592;0
49;592;0
50;592;0
51;592;0
52;592;0
53;592;0
54;592;0
55;592;0
56;592;0
57;592;0
58;592;0
59;592;0
60;592;0
61;592;0
62;592;1
63;592;0
64;592;0
65;592;0
66;592;0
67;592;0
68;592;0
69;592;0
70;592;0
71;592;0
72;592;0
73;592;0
74;592;0
75;592;0
76;592;0
77;592;0
78;592;0
79;592;0
80;592;0
81;592;0
82;592;1
84;592;0
85;592;0
86;592;0
87;592;0
88;592;0
89;592;0
90;592;0
91;592;0
92;592;0
93;592;0
94;592;0
95;592;0
96;592;0
97;592;0
98;592;0
99;592;0
100;592;0
101;592;0
102;592;0
103;592;0
104;592;0
105;592;0
106;592;0
107;592;0
108;592;0
109;592;0
110;592;0
111;592;0
112;592;0
113;592;0
114;592;0
115;592;0
116;592;0
117;592;0
118;592;0
119;592;0
120;592;0
121;592;0
122;592;0
123;592;0
124;592;1
125;592;0
126;592;0
127;592;0
128;592;1
129;592;0
130;592;1
131;592;0
132;592;0
133;592;1
134;592;1
135;592;1
136;592;0
137;592;0
138;592;0
139;592;0
140;592;0
141;592;0
142;592;0
143;592;0
144;592;0
145;592;0
146;592;0
147;592;0
148;592;0
149;592;0
150;592;0
151;592;0
152;592;0
153;592;0
154;592;0
155;592;0
156;592;0
157;592;1
158;592;0
159;592;0
160;592;0
161;592;0
162;592;0
163;592;0
164;592;0
165;592;0
166;592;0
167;592;0
168;592;0
169;592;0
170;592;1
171;592;0
172;592;0
173;592;0
174;592;0
175;592;0
176;592;0
177;592;0
178;592;0
179;592;0
180;592;0
181;592;0
182;592;1
183;592;0
184;592;0
185;592;0
186;592;0
187;592;0
188;592;0
189;592;0
190;592;0
191;592;0
192;592;0
193;592;0
194;592;0
195;592;0
196;592;0
197;592;0
198;592;0
1;601;1
2;601;1
3;601;1
4;601;0
5;601;0
6;601;1
7;601;0
8;601;1
9;601;1
10;601;0
11;601;1
12;601;0
13;601;1
14;601;0
15;601;0
16;601;0
17;601;0
18;601;0
19;601;0
20;601;0
21;601;0
22;601;0
23;601;0
24;601;1
25;601;0
26;601;0
27;601;0
28;601;0
29;601;0
30;601;0
31;601;0
32;601;0
33;601;0
34;601;0
35;601;0
36;601;0
37;601;1
38;601;0
39;601;1
40;601;0
41;601;1
42;601;0
43;601;0
44;601;1
45;601;0
46;601;0
47;601;0
48;601;0
49;601;0
50;601;0
51;601;0
52;601;1
53;601;0
54;601;0
55;601;0
56;601;0
57;601;0
58;601;0
59;601;0
60;601;0
61;601;1
62;601;0
63;601;0
64;601;0
65;601;1
66;601;0
67;601;0
68;601;0
69;601;0
70;601;0
71;601;1
72;601;0
73;601;0
74;601;0
75;601;1
76;601;1
77;601;0
78;601;0
79;601;0
80;601;1
81;601;0
82;601;0
84;601;0
85;601;0
86;601;0
87;601;0
88;601;0
89;601;0
90;601;0
91;601;0
92;601;0
93;601;0
94;601;0
95;601;1
96;601;0
97;601;0
98;601;1
99;601;0
100;601;0
101;601;0
102;601;0
103;601;0
104;601;1
105;601;0
106;601;0
107;601;0
108;601;0
109;601;0
110;601;0
111;601;0
112;601;0
113;601;0
114;601;0
115;601;1
116;601;1
117;601;0
118;601;0
119;601;0
120;601;1
121;601;0
122;601;0
123;601;1
124;601;1
125;601;1
126;601;0
127;601;0
128;601;0
129;601;0
130;601;1
131;601;0
132;601;0
133;601;0
134;601;0
135;601;0
136;601;0
137;601;0
138;601;0
139;601;0
140;601;0
141;601;0
142;601;0
143;601;0
144;601;0
145;601;0
146;601;0
147;601;0
148;601;0
149;601;0
150;601;1
151;601;0
152;601;0
153;601;1
154;601;0
155;601;0
156;601;0
157;601;0
158;601;0
159;601;0
160;601;0
161;601;0
162;601;0
163;601;0
164;601;1
165;601;0
166;601;0
167;601;0
168;601;1
169;601;1
170;601;0
171;601;0
172;601;1
173;601;1
174;601;1
175;601;0
176;601;0
177;601;1
178;601;0
179;601;0
180;601;1
181;601;1
182;601;0
183;601;0
184;601;0
185;601;0
186;601;0
187;601;0
188;601;0
189;601;0
190;601;0
191;601;0
192;601;0
193;601;1
194;601;0
195;601;0
196;601;0
197;601;0
198;601;0
1;602;0
2;602;0
3;602;1
4;602;0
5;602;1
6;602;0
7;602;0
8;602;1
9;602;0
10;602;1
11;602;1
12;602;0
13;602;1
14;602;1
15;602;0
16;602;0
17;602;0
18;602;0
19;602;0
20;602;0
21;602;0
22;602;1
23;602;0
24;602;0
25;602;0
26;602;0
27;602;0
28;602;1
29;602;0
30;602;0
31;602;0
32;602;0
33;602;0
34;602;0
35;602;0
36;602;0
37;602;0
38;602;0
39;602;0
40;602;0
41;602;0
42;602;0
43;602;0
44;602;0
45;602;0
46;602;1
47;602;0
48;602;1
49;602;0
50;602;0
51;602;0
52;602;0
53;602;0
54;602;0
55;602;0
56;602;0
57;602;0
58;602;0
59;602;0
60;602;0
61;602;0
62;602;0
63;602;1
64;602;0
65;602;1
66;602;0
67;602;0
68;602;1
69;602;0
70;602;0
71;602;1
72;602;0
73;602;0
74;602;0
75;602;1
76;602;0
77;602;0
78;602;0
79;602;0
80;602;0
81;602;1
82;602;0
84;602;0
85;602;0
86;602;0
87;602;0
88;602;0
89;602;0
90;602;0
91;602;0
92;602;0
93;602;0
94;602;0
95;602;0
96;602;0
97;602;1
98;602;0
99;602;0
100;602;0
101;602;0
102;602;0
103;602;0
104;602;0
105;602;0
106;602;1
107;602;0
108;602;0
109;602;0
110;602;0
111;602;0
112;602;0
113;602;0
114;602;0
115;602;0
116;602;1
117;602;0
118;602;0
119;602;0
120;602;0
121;602;0
122;602;0
123;602;1
124;602;0
125;602;0
126;602;0
127;602;0
128;602;0
129;602;0
130;602;0
131;602;0
132;602;0
133;602;0
134;602;0
135;602;0
136;602;0
137;602;0
138;602;0
139;602;0
140;602;0
141;602;0
142;602;0
143;602;1
144;602;0
145;602;0
146;602;0
147;602;0
148;602;0
149;602;0
150;602;0
151;602;0
152;602;0
153;602;0
154;602;0
155;602;1
156;602;0
157;602;0
158;602;0
159;602;0
160;602;0
161;602;0
162;602;0
163;602;0
164;602;0
165;602;0
166;602;0
167;602;0
168;602;0
169;602;0
170;602;0
171;602;0
172;602;1
173;602;1
174;602;0
175;602;0
176;602;0
177;602;0
178;602;0
179;602;0
180;602;0
181;602;1
182;602;0
183;602;0
184;602;0
185;602;0
186;602;0
187;602;0
188;602;0
189;602;0
190;602;1
191;602;0
192;602;1
193;602;0
194;602;1
195;602;0
196;602;0
197;602;0
198;602;0
1;611;1
2;611;0
3;611;0
4;611;0
5;611;0
6;611;0
7;611;0
8;611;0
9;611;1
10;611;1
11;611;1
12;611;0
13;611;1
14;611;0
15;611;0
16;611;0
17;611;0
18;611;0
19;611;0
20;611;0
21;611;0
22;611;0
23;611;0
24;611;0
25;611;0
26;611;0
27;611;0
28;611;0
29;611;0
30;611;0
31;611;0
32;611;0
33;611;0
34;611;0
35;611;0
36;611;0
37;611;0
38;611;0
39;611;0
40;611;0
41;611;0
42;611;0
43;611;0
44;611;0
45;611;0
46;611;0
47;611;0
48;611;0
49;611;0
50;611;0
51;611;0
52;611;0
53;611;0
54;611;0
55;611;0
56;611;0
57;611;0
58;611;0
59;611;0
60;611;0
61;611;1
62;611;0
63;611;0
64;611;0
65;611;0
66;611;0
67;611;0
68;611;0
69;611;0
70;611;1
71;611;0
72;611;0
73;611;0
74;611;0
75;611;1
76;611;0
77;611;0
78;611;0
79;611;0
80;611;0
81;611;0
82;611;0
84;611;0
85;611;0
86;611;0
87;611;0
88;611;0
89;611;0
90;611;0
91;611;0
92;611;0
93;611;0
94;611;0
95;611;0
96;611;0
97;611;0
98;611;0
99;611;0
100;611;0
101;611;0
102;611;0
103;611;0
104;611;0
105;611;0
106;611;0
107;611;0
108;611;0
109;611;0
110;611;0
111;611;0
112;611;0
113;611;0
114;611;0
115;611;0
116;611;0
117;611;0
118;611;0
119;611;0
120;611;1
121;611;0
122;611;0
123;611;1
124;611;0
125;611;0
126;611;0
127;611;0
128;611;0
129;611;0
130;611;0
131;611;0
132;611;0
133;611;0
134;611;0
135;611;0
136;611;0
137;611;0
138;611;0
139;611;0
140;611;0
141;611;0
142;611;0
143;611;0
144;611;0
145;611;0
146;611;0
147;611;0
148;611;0
149;611;0
150;611;0
151;611;0
152;611;0
153;611;0
154;611;0
155;611;0
156;611;0
157;611;0
158;611;0
159;611;0
160;611;0
161;611;0
162;611;1
163;611;0
164;611;0
165;611;0
166;611;0
167;611;0
168;611;1
169;611;0
170;611;0
171;611;0
172;611;0
173;611;1
174;611;0
175;611;0
176;611;0
177;611;0
178;611;0
179;611;1
180;611;0
181;611;0
182;611;0
183;611;0
184;611;0
185;611;0
186;611;0
187;611;1
188;611;0
189;611;0
190;611;0
191;611;0
192;611;0
193;611;0
194;611;0
195;611;0
196;611;0
197;611;0
198;611;0
1;612;0
2;612;0
3;612;0
4;612;0
5;612;0
6;612;0
7;612;0
8;612;0
9;612;1
10;612;0
11;612;1
12;612;0
13;612;0
14;612;0
15;612;0
16;612;0
17;612;0
18;612;0
19;612;0
20;612;0
21;612;0
22;612;0
23;612;0
24;612;0
25;612;0
26;612;0
27;612;0
28;612;0
29;612;0
30;612;0
31;612;0
32;612;0
33;612;0
34;612;0
35;612;0
36;612;0
37;612;0
38;612;0
39;612;0
40;612;0
41;612;0
42;612;0
43;612;0
44;612;0
45;612;0
46;612;0
47;612;0
48;612;0
49;612;0
50;612;0
51;612;0
52;612;0
53;612;0
54;612;0
55;612;0
56;612;0
57;612;0
58;612;0
59;612;0
60;612;0
61;612;0
62;612;0
63;612;0
64;612;0
65;612;0
66;612;0
67;612;0
68;612;0
69;612;0
70;612;0
71;612;0
72;612;0
73;612;0
74;612;0
75;612;0
76;612;0
77;612;0
78;612;0
79;612;0
80;612;0
81;612;0
82;612;0
84;612;0
85;612;0
86;612;0
87;612;0
88;612;0
89;612;0
90;612;0
91;612;0
92;612;0
93;612;0
94;612;0
95;612;0
96;612;0
97;612;0
98;612;0
99;612;0
100;612;0
101;612;0
102;612;0
103;612;0
104;612;0
105;612;0
106;612;0
107;612;0
108;612;0
109;612;0
110;612;0
111;612;0
112;612;0
113;612;0
114;612;0
115;612;0
116;612;0
117;612;0
118;612;0
119;612;0
120;612;0
121;612;0
122;612;0
123;612;1
124;612;0
125;612;0
126;612;0
127;612;1
128;612;0
129;612;0
130;612;0
131;612;0
132;612;0
133;612;0
134;612;0
135;612;0
136;612;0
137;612;0
138;612;0
139;612;0
140;612;0
141;612;0
142;612;0
143;612;0
144;612;0
145;612;0
146;612;0
147;612;0
148;612;0
149;612;0
150;612;0
151;612;0
152;612;0
153;612;1
154;612;0
155;612;0
156;612;0
157;612;0
158;612;0
159;612;0
160;612;0
161;612;0
162;612;0
163;612;0
164;612;0
165;612;0
166;612;0
167;612;0
168;612;0
169;612;0
170;612;0
171;612;0
172;612;0
173;612;0
174;612;0
175;612;0
176;612;0
177;612;0
178;612;0
179;612;0
180;612;0
181;612;0
182;612;0
183;612;0
184;612;0
185;612;0
186;612;0
187;612;0
188;612;0
189;612;0
190;612;0
191;612;0
192;612;0
193;612;0
194;612;0
195;612;1
196;612;0
197;612;0
198;612;0
1;613;0
2;613;0
3;613;0
4;613;0
5;613;0
6;613;0
7;613;0
8;613;0
9;613;1
10;613;0
11;613;1
12;613;0
13;613;0
14;613;1
15;613;1
16;613;0
17;613;0
18;613;0
19;613;0
20;613;0
21;613;0
22;613;0
23;613;0
24;613;0
25;613;0
26;613;0
27;613;0
28;613;1
29;613;0
30;613;0
31;613;0
32;613;0
33;613;0
34;613;0
35;613;0
36;613;0
37;613;1
38;613;0
39;613;0
40;613;0
41;613;0
42;613;0
43;613;0
44;613;0
45;613;0
46;613;0
47;613;0
48;613;0
49;613;0
50;613;0
51;613;0
52;613;0
53;613;0
54;613;0
55;613;0
56;613;0
57;613;0
58;613;0
59;613;0
60;613;0
61;613;0
62;613;0
63;613;0
64;613;0
65;613;0
66;613;0
67;613;0
68;613;0
69;613;0
70;613;0
71;613;0
72;613;0
73;613;0
74;613;0
75;613;0
76;613;0
77;613;0
78;613;0
79;613;0
80;613;0
81;613;0
82;613;0
84;613;0
85;613;0
86;613;0
87;613;0
88;613;0
89;613;0
90;613;0
91;613;0
92;613;0
93;613;0
94;613;0
95;613;0
96;613;0
97;613;0
98;613;0
99;613;0
100;613;0
101;613;0
102;613;0
103;613;0
104;613;0
105;613;0
106;613;0
107;613;0
108;613;0
109;613;0
110;613;0
111;613;0
112;613;0
113;613;0
114;613;0
115;613;0
116;613;0
117;613;0
118;613;0
119;613;0
120;613;0
121;613;0
122;613;0
123;613;0
124;613;0
125;613;0
126;613;0
127;613;0
128;613;0
129;613;0
130;613;0
131;613;0
132;613;0
133;613;0
134;613;0
135;613;0
136;613;1
137;613;0
138;613;0
139;613;0
140;613;0
141;613;0
142;613;0
143;613;0
144;613;0
145;613;0
146;613;0
147;613;0
148;613;0
149;613;0
150;613;0
151;613;0
152;613;0
153;613;0
154;613;0
155;613;0
156;613;0
157;613;0
158;613;0
159;613;0
160;613;0
161;613;0
162;613;0
163;613;0
164;613;0
165;613;0
166;613;0
167;613;0
168;613;0
169;613;0
170;613;0
171;613;0
172;613;0
173;613;0
174;613;0
175;613;0
176;613;0
177;613;0
178;613;0
179;613;0
180;613;0
181;613;0
182;613;0
183;613;0
184;613;0
185;613;0
186;613;0
187;613;0
188;613;0
189;613;0
190;613;0
191;613;0
192;613;0
193;613;0
194;613;0
195;613;0
196;613;0
197;613;0
198;613;0
1;619;1
2;619;1
3;619;1
4;619;1
5;619;0
6;619;0
7;619;0
8;619;0
9;619;0
10;619;0
11;619;1
12;619;1
13;619;1
14;619;1
15;619;1
16;619;0
17;619;1
18;619;0
19;619;1
20;619;0
21;619;0
22;619;1
23;619;0
24;619;0
25;619;0
26;619;0
27;619;0
28;619;1
29;619;0
30;619;0
31;619;0
32;619;0
33;619;0
34;619;1
35;619;0
36;619;0
37;619;0
38;619;1
39;619;0
40;619;0
41;619;0
42;619;0
43;619;1
44;619;0
45;619;1
46;619;0
47;619;0
48;619;0
49;619;0
50;619;1
51;619;0
52;619;0
53;619;0
54;619;0
55;619;0
56;619;0
57;619;1
58;619;0
59;619;0
60;619;0
61;619;0
62;619;1
63;619;0
64;619;0
65;619;0
66;619;0
67;619;0
68;619;0
69;619;0
70;619;0
71;619;0
72;619;0
73;619;0
74;619;0
75;619;0
76;619;0
77;619;0
78;619;0
79;619;1
80;619;1
81;619;0
82;619;0
84;619;1
85;619;0
86;619;0
87;619;0
88;619;1
89;619;0
90;619;0
91;619;0
92;619;0
93;619;0
94;619;0
95;619;0
96;619;0
97;619;0
98;619;0
99;619;1
100;619;0
101;619;1
102;619;0
103;619;0
104;619;0
105;619;0
106;619;0
107;619;0
108;619;0
109;619;0
110;619;0
111;619;0
112;619;0
113;619;0
114;619;0
115;619;0
116;619;0
117;619;0
118;619;1
119;619;0
120;619;0
121;619;1
122;619;0
123;619;0
124;619;0
125;619;1
126;619;0
127;619;0
128;619;1
129;619;0
130;619;0
131;619;0
132;619;0
133;619;0
134;619;0
135;619;1
136;619;0
137;619;1
138;619;0
139;619;0
140;619;0
141;619;1
142;619;0
143;619;0
144;619;0
145;619;0
146;619;1
147;619;0
148;619;0
149;619;0
150;619;0
151;619;1
152;619;0
153;619;0
154;619;0
155;619;0
156;619;1
157;619;0
158;619;0
159;619;0
160;619;0
161;619;0
162;619;0
163;619;0
164;619;0
165;619;0
166;619;0
167;619;0
168;619;0
169;619;0
170;619;0
171;619;0
172;619;0
173;619;0
174;619;0
175;619;0
176;619;0
177;619;0
178;619;1
179;619;0
180;619;0
181;619;0
182;619;0
183;619;0
184;619;0
185;619;0
186;619;0
187;619;0
188;619;0
189;619;0
190;619;0
191;619;0
192;619;0
193;619;0
194;619;0
195;619;0
196;619;0
197;619;0
198;619;1
1;620;1
2;620;1
3;620;1
4;620;0
5;620;0
6;620;1
7;620;1
8;620;1
9;620;1
10;620;0
11;620;1
12;620;1
13;620;1
14;620;1
15;620;0
16;620;1
17;620;1
18;620;0
19;620;0
20;620;0
21;620;0
22;620;0
23;620;0
24;620;1
25;620;0
26;620;0
27;620;0
28;620;0
29;620;0
30;620;0
31;620;0
32;620;0
33;620;0
34;620;0
35;620;0
36;620;0
37;620;0
38;620;0
39;620;0
40;620;0
41;620;0
42;620;0
43;620;0
44;620;0
45;620;0
46;620;0
47;620;0
48;620;0
49;620;0
50;620;0
51;620;0
52;620;0
53;620;0
54;620;0
55;620;0
56;620;0
57;620;0
58;620;0
59;620;0
60;620;0
61;620;0
62;620;0
63;620;0
64;620;0
65;620;0
66;620;0
67;620;0
68;620;0
69;620;0
70;620;0
71;620;0
72;620;0
73;620;0
74;620;0
75;620;0
76;620;0
77;620;0
78;620;0
79;620;0
80;620;0
81;620;0
82;620;0
84;620;0
85;620;0
86;620;0
87;620;0
88;620;0
89;620;0
90;620;0
91;620;0
92;620;0
93;620;0
94;620;0
95;620;0
96;620;0
97;620;0
98;620;0
99;620;0
100;620;0
101;620;0
102;620;0
103;620;0
104;620;0
105;620;0
106;620;0
107;620;0
108;620;0
109;620;0
110;620;0
111;620;0
112;620;0
113;620;0
114;620;0
115;620;0
116;620;0
117;620;0
118;620;0
119;620;0
120;620;0
121;620;0
122;620;0
123;620;0
124;620;0
125;620;0
126;620;0
127;620;1
128;620;0
129;620;0
130;620;0
131;620;0
132;620;0
133;620;1
134;620;0
135;620;0
136;620;0
137;620;0
138;620;0
139;620;0
140;620;0
141;620;0
142;620;0
143;620;0
144;620;0
145;620;0
146;620;0
147;620;0
148;620;0
149;620;0
150;620;0
151;620;0
152;620;0
153;620;0
154;620;0
155;620;0
156;620;0
157;620;0
158;620;0
159;620;0
160;620;0
161;620;0
162;620;0
163;620;0
164;620;0
165;620;0
166;620;0
167;620;0
168;620;0
169;620;0
170;620;0
171;620;0
172;620;1
173;620;0
174;620;0
175;620;0
176;620;0
177;620;0
178;620;0
179;620;0
180;620;0
181;620;0
182;620;0
183;620;0
184;620;0
185;620;0
186;620;0
187;620;0
188;620;0
189;620;0
190;620;0
191;620;0
192;620;0
193;620;0
194;620;0
195;620;0
196;620;0
197;620;0
198;620;0
1;631;1
2;631;1
3;631;1
4;631;0
5;631;0
6;631;0
7;631;1
8;631;0
9;631;1
10;631;1
11;631;1
12;631;1
13;631;1
14;631;1
15;631;0
16;631;1
17;631;1
18;631;0
19;631;1
20;631;1
21;631;1
22;631;1
23;631;0
24;631;1
25;631;0
26;631;0
27;631;0
28;631;0
29;631;0
30;631;0
31;631;0
32;631;0
33;631;0
34;631;0
35;631;0
36;631;0
37;631;0
38;631;0
39;631;0
40;631;0
41;631;0
42;631;0
43;631;0
44;631;0
45;631;0
46;631;0
47;631;0
48;631;0
49;631;0
50;631;0
51;631;0
52;631;0
53;631;0
54;631;0
55;631;0
56;631;0
57;631;0
58;631;0
59;631;0
60;631;0
61;631;0
62;631;1
63;631;0
64;631;0
65;631;0
66;631;0
67;631;0
68;631;0
69;631;0
70;631;0
71;631;0
72;631;0
73;631;0
74;631;0
75;631;0
76;631;0
77;631;0
78;631;0
79;631;0
80;631;0
81;631;0
82;631;0
84;631;0
85;631;0
86;631;0
87;631;0
88;631;0
89;631;0
90;631;0
91;631;0
92;631;0
93;631;0
94;631;0
95;631;0
96;631;0
97;631;0
98;631;0
99;631;0
100;631;0
101;631;0
102;631;0
103;631;0
104;631;0
105;631;0
106;631;0
107;631;0
108;631;0
109;631;0
110;631;1
111;631;0
112;631;0
113;631;0
114;631;0
115;631;0
116;631;0
117;631;0
118;631;0
119;631;0
120;631;0
121;631;0
122;631;0
123;631;1
124;631;0
125;631;0
126;631;1
127;631;0
128;631;0
129;631;0
130;631;0
131;631;0
132;631;0
133;631;1
134;631;0
135;631;0
136;631;0
137;631;0
138;631;0
139;631;0
140;631;0
141;631;0
142;631;0
143;631;0
144;631;0
145;631;0
146;631;0
147;631;0
148;631;0
149;631;0
150;631;0
151;631;0
152;631;0
153;631;0
154;631;0
155;631;0
156;631;0
157;631;0
158;631;0
159;631;0
160;631;0
161;631;0
162;631;0
163;631;0
164;631;0
165;631;0
166;631;0
167;631;0
168;631;0
169;631;0
170;631;0
171;631;0
172;631;1
173;631;0
174;631;0
175;631;0
176;631;0
177;631;0
178;631;0
179;631;0
180;631;0
181;631;0
182;631;0
183;631;0
184;631;0
185;631;0
186;631;0
187;631;0
188;631;0
189;631;0
190;631;0
191;631;0
192;631;0
193;631;0
194;631;0
195;631;0
196;631;0
197;631;0
198;631;0
1;639;1
2;639;1
3;639;1
4;639;0
5;639;1
6;639;1
7;639;0
8;639;0
9;639;1
10;639;0
11;639;1
12;639;1
13;639;1
14;639;1
15;639;1
16;639;1
17;639;1
18;639;1
19;639;1
20;639;0
21;639;0
22;639;1
23;639;0
24;639;0
25;639;0
26;639;0
27;639;0
28;639;0
29;639;0
30;639;0
31;639;0
32;639;0
33;639;0
34;639;0
35;639;0
36;639;0
37;639;0
38;639;0
39;639;0
40;639;0
41;639;0
42;639;0
43;639;0
44;639;0
45;639;0
46;639;0
47;639;0
48;639;0
49;639;0
50;639;0
51;639;0
52;639;0
53;639;0
54;639;0
55;639;0
56;639;0
57;639;0
58;639;0
59;639;0
60;639;0
61;639;0
62;639;0
63;639;0
64;639;0
65;639;0
66;639;0
67;639;0
68;639;0
69;639;0
70;639;0
71;639;0
72;639;0
73;639;0
74;639;0
75;639;0
76;639;0
77;639;0
78;639;1
79;639;0
80;639;0
81;639;0
82;639;0
84;639;0
85;639;0
86;639;0
87;639;0
88;639;1
89;639;0
90;639;0
91;639;0
92;639;0
93;639;1
94;639;0
95;639;0
96;639;0
97;639;0
98;639;1
99;639;0
100;639;0
101;639;0
102;639;0
103;639;0
104;639;0
105;639;0
106;639;0
107;639;0
108;639;0
109;639;1
110;639;0
111;639;0
112;639;0
113;639;0
114;639;0
115;639;1
116;639;0
117;639;0
118;639;0
119;639;0
120;639;0
121;639;0
122;639;1
123;639;1
124;639;1
125;639;0
126;639;0
127;639;1
128;639;0
129;639;1
130;639;0
131;639;0
132;639;0
133;639;0
134;639;0
135;639;1
136;639;0
137;639;0
138;639;0
139;639;0
140;639;0
141;639;0
142;639;0
143;639;0
144;639;0
145;639;0
146;639;0
147;639;0
148;639;0
149;639;0
150;639;0
151;639;0
152;639;0
153;639;0
154;639;0
155;639;0
156;639;0
157;639;0
158;639;0
159;639;0
160;639;0
161;639;0
162;639;0
163;639;0
164;639;0
165;639;1
166;639;0
167;639;0
168;639;0
169;639;0
170;639;0
171;639;0
172;639;0
173;639;0
174;639;0
175;639;0
176;639;0
177;639;0
178;639;0
179;639;0
180;639;0
181;639;0
182;639;0
183;639;0
184;639;0
185;639;0
186;639;1
187;639;0
188;639;0
189;639;0
190;639;0
191;639;0
192;639;0
193;639;0
194;639;0
195;639;0
196;639;0
197;639;0
198;639;0
1;641;0
2;641;1
3;641;0
4;641;0
5;641;1
6;641;1
7;641;0
8;641;0
9;641;1
10;641;0
11;641;0
12;641;1
13;641;1
14;641;0
15;641;0
16;641;0
17;641;0
18;641;0
19;641;0
20;641;0
21;641;0
22;641;0
23;641;0
24;641;0
25;641;0
26;641;0
27;641;1
28;641;0
29;641;1
30;641;0
31;641;1
32;641;1
33;641;0
34;641;1
35;641;0
36;641;0
37;641;0
38;641;0
39;641;0
40;641;0
41;641;0
42;641;1
43;641;0
44;641;0
45;641;0
46;641;0
47;641;0
48;641;0
49;641;0
50;641;0
51;641;0
52;641;0
53;641;0
54;641;0
55;641;0
56;641;0
57;641;0
58;641;1
59;641;0
60;641;0
61;641;0
62;641;0
63;641;0
64;641;0
65;641;1
66;641;0
67;641;0
68;641;0
69;641;1
70;641;0
71;641;1
72;641;0
73;641;0
74;641;1
75;641;0
76;641;0
77;641;0
78;641;0
79;641;0
80;641;0
81;641;0
82;641;0
84;641;0
85;641;0
86;641;0
87;641;0
88;641;0
89;641;0
90;641;1
91;641;0
92;641;1
93;641;0
94;641;0
95;641;0
96;641;1
97;641;0
98;641;0
99;641;1
100;641;0
101;641;0
102;641;0
103;641;1
104;641;0
105;641;0
106;641;0
107;641;0
108;641;0
109;641;0
110;641;0
111;641;0
112;641;1
113;641;0
114;641;0
115;641;0
116;641;0
117;641;0
118;641;0
119;641;0
120;641;0
121;641;0
122;641;0
123;641;0
124;641;0
125;641;0
126;641;0
127;641;0
128;641;0
129;641;0
130;641;1
131;641;0
132;641;0
133;641;0
134;641;0
135;641;0
136;641;0
137;641;0
138;641;0
139;641;0
140;641;0
141;641;0
142;641;0
143;641;0
144;641;0
145;641;0
146;641;0
147;641;0
148;641;0
149;641;0
150;641;0
151;641;0
152;641;0
153;641;0
154;641;0
155;641;0
156;641;0
157;641;0
158;641;0
159;641;0
160;641;0
161;641;0
162;641;0
163;641;0
164;641;0
165;641;0
166;641;0
167;641;0
168;641;1
169;641;0
170;641;1
171;641;0
172;641;0
173;641;0
174;641;0
175;641;0
176;641;0
177;641;0
178;641;0
179;641;0
180;641;0
181;641;0
182;641;0
183;641;0
184;641;0
185;641;0
186;641;0
187;641;0
188;641;0
189;641;0
190;641;0
191;641;1
192;641;1
193;641;0
194;641;0
195;641;0
196;641;0
197;641;0
198;641;0
1;642;1
2;642;1
3;642;1
4;642;1
5;642;1
6;642;1
7;642;1
8;642;0
9;642;0
10;642;0
11;642;1
12;642;0
13;642;1
14;642;1
15;642;0
16;642;0
17;642;0
18;642;0
19;642;0
20;642;0
21;642;0
22;642;0
23;642;1
24;642;0
25;642;0
26;642;0
27;642;0
28;642;0
29;642;0
30;642;0
31;642;0
32;642;0
33;642;0
34;642;0
35;642;0
36;642;0
37;642;0
38;642;0
39;642;0
40;642;0
41;642;1
42;642;0
43;642;0
44;642;0
45;642;0
46;642;0
47;642;0
48;642;0
49;642;0
50;642;0
51;642;0
52;642;0
53;642;0
54;642;0
55;642;0
56;642;0
57;642;0
58;642;0
59;642;0
60;642;0
61;642;0
62;642;0
63;642;0
64;642;0
65;642;0
66;642;0
67;642;0
68;642;0
69;642;0
70;642;0
71;642;0
72;642;0
73;642;0
74;642;0
75;642;1
76;642;0
77;642;0
78;642;1
79;642;0
80;642;0
81;642;0
82;642;0
84;642;0
85;642;0
86;642;0
87;642;0
88;642;0
89;642;0
90;642;0
91;642;0
92;642;0
93;642;0
94;642;0
95;642;1
96;642;0
97;642;0
98;642;0
99;642;0
100;642;0
101;642;0
102;642;0
103;642;0
104;642;0
105;642;0
106;642;0
107;642;0
108;642;0
109;642;0
110;642;0
111;642;0
112;642;0
113;642;0
114;642;0
115;642;0
116;642;0
117;642;0
118;642;0
119;642;0
120;642;0
121;642;1
122;642;0
123;642;0
124;642;1
125;642;0
126;642;0
127;642;1
128;642;0
129;642;0
130;642;0
131;642;0
132;642;0
133;642;1
134;642;0
135;642;0
136;642;0
137;642;0
138;642;0
139;642;0
140;642;0
141;642;0
142;642;0
143;642;0
144;642;0
145;642;1
146;642;0
147;642;0
148;642;0
149;642;0
150;642;0
151;642;0
152;642;0
153;642;1
154;642;0
155;642;0
156;642;0
157;642;0
158;642;0
159;642;0
160;642;0
161;642;0
162;642;0
163;642;0
164;642;0
165;642;0
166;642;0
167;642;0
168;642;0
169;642;0
170;642;0
171;642;0
172;642;0
173;642;0
174;642;0
175;642;0
176;642;0
177;642;0
178;642;0
179;642;0
180;642;0
181;642;0
182;642;0
183;642;0
184;642;0
185;642;1
186;642;0
187;642;0
188;642;1
189;642;0
190;642;0
191;642;0
192;642;0
193;642;0
194;642;0
195;642;0
196;642;0
197;642;0
198;642;0
1;643;0
2;643;0
3;643;0
4;643;0
5;643;1
6;643;0
7;643;0
8;643;0
9;643;0
10;643;0
11;643;0
12;643;0
13;643;0
14;643;0
15;643;0
16;643;0
17;643;0
18;643;0
19;643;0
20;643;0
21;643;0
22;643;0
23;643;0
24;643;0
25;643;0
26;643;0
27;643;0
28;643;0
29;643;0
30;643;0
31;643;0
32;643;0
33;643;0
34;643;0
35;643;0
36;643;0
37;643;0
38;643;0
39;643;0
40;643;0
41;643;0
42;643;0
43;643;0
44;643;0
45;643;0
46;643;0
47;643;0
48;643;0
49;643;0
50;643;0
51;643;0
52;643;0
53;643;0
54;643;0
55;643;0
56;643;0
57;643;0
58;643;0
59;643;0
60;643;0
61;643;0
62;643;0
63;643;0
64;643;0
65;643;0
66;643;0
67;643;0
68;643;0
69;643;0
70;643;0
71;643;0
72;643;0
73;643;0
74;643;0
75;643;0
76;643;0
77;643;0
78;643;0
79;643;0
80;643;0
81;643;0
82;643;0
84;643;0
85;643;0
86;643;0
87;643;0
88;643;0
89;643;0
90;643;0
91;643;0
92;643;0
93;643;0
94;643;0
95;643;0
96;643;0
97;643;0
98;643;0
99;643;0
100;643;0
101;643;0
102;643;0
103;643;0
104;643;0
105;643;0
106;643;0
107;643;0
108;643;0
109;643;0
110;643;0
111;643;0
112;643;0
113;643;0
114;643;0
115;643;0
116;643;0
117;643;0
118;643;0
119;643;0
120;643;0
121;643;0
122;643;0
123;643;0
124;643;0
125;643;0
126;643;0
127;643;0
128;643;0
129;643;0
130;643;0
131;643;0
132;643;0
133;643;0
134;643;0
135;643;0
136;643;0
137;643;0
138;643;0
139;643;0
140;643;0
141;643;0
142;643;0
143;643;0
144;643;0
145;643;0
146;643;0
147;643;0
148;643;0
149;643;0
150;643;0
151;643;0
152;643;0
153;643;0
154;643;0
155;643;0
156;643;0
157;643;0
158;643;0
159;643;0
160;643;0
161;643;0
162;643;0
163;643;0
164;643;0
165;643;0
166;643;0
167;643;0
168;643;0
169;643;0
170;643;0
171;643;0
172;643;0
173;643;0
174;643;0
175;643;0
176;643;0
177;643;0
178;643;0
179;643;0
180;643;0
181;643;0
182;643;0
183;643;0
184;643;0
185;643;0
186;643;0
187;643;0
188;643;0
189;643;0
190;643;0
191;643;0
192;643;0
193;643;0
194;643;0
195;643;0
196;643;0
197;643;0
198;643;0
1;649;1
2;649;1
3;649;1
4;649;0
5;649;1
6;649;1
7;649;1
8;649;1
9;649;0
10;649;0
11;649;0
12;649;1
13;649;1
14;649;0
15;649;0
16;649;0
17;649;0
18;649;0
19;649;0
20;649;1
21;649;0
22;649;0
23;649;0
24;649;0
25;649;0
26;649;0
27;649;0
28;649;0
29;649;0
30;649;0
31;649;0
32;649;0
33;649;0
34;649;0
35;649;0
36;649;0
37;649;0
38;649;0
39;649;0
40;649;0
41;649;0
42;649;0
43;649;0
44;649;0
45;649;0
46;649;0
47;649;0
48;649;0
49;649;0
50;649;0
51;649;0
52;649;0
53;649;0
54;649;0
55;649;0
56;649;0
57;649;0
58;649;0
59;649;0
60;649;0
61;649;0
62;649;0
63;649;0
64;649;0
65;649;0
66;649;0
67;649;0
68;649;0
69;649;0
70;649;0
71;649;0
72;649;0
73;649;0
74;649;0
75;649;1
76;649;0
77;649;0
78;649;0
79;649;0
80;649;0
81;649;0
82;649;0
84;649;0
85;649;0
86;649;0
87;649;0
88;649;0
89;649;0
90;649;0
91;649;0
92;649;0
93;649;0
94;649;0
95;649;0
96;649;0
97;649;0
98;649;0
99;649;0
100;649;0
101;649;0
102;649;0
103;649;0
104;649;0
105;649;0
106;649;0
107;649;0
108;649;0
109;649;0
110;649;0
111;649;0
112;649;0
113;649;0
114;649;0
115;649;0
116;649;0
117;649;0
118;649;0
119;649;0
120;649;0
121;649;0
122;649;0
123;649;0
124;649;0
125;649;0
126;649;0
127;649;0
128;649;0
129;649;0
130;649;0
131;649;0
132;649;0
133;649;0
134;649;0
135;649;0
136;649;0
137;649;0
138;649;0
139;649;0
140;649;0
141;649;0
142;649;0
143;649;0
144;649;0
145;649;0
146;649;0
147;649;0
148;649;0
149;649;0
150;649;0
151;649;0
152;649;0
153;649;0
154;649;0
155;649;0
156;649;0
157;649;0
158;649;0
159;649;0
160;649;0
161;649;0
162;649;0
163;649;0
164;649;0
165;649;0
166;649;0
167;649;0
168;649;0
169;649;0
170;649;0
171;649;0
172;649;0
173;649;0
174;649;0
175;649;0
176;649;0
177;649;0
178;649;0
179;649;0
180;649;0
181;649;0
182;649;0
183;649;0
184;649;0
185;649;0
186;649;0
187;649;0
188;649;0
189;649;0
190;649;0
191;649;0
192;649;0
193;649;0
194;649;0
195;649;0
196;649;0
197;649;0
198;649;0
1;651;0
2;651;1
3;651;1
4;651;0
5;651;0
6;651;1
7;651;0
8;651;1
9;651;1
10;651;0
11;651;0
12;651;1
13;651;1
14;651;1
15;651;0
16;651;0
17;651;0
18;651;0
19;651;0
20;651;0
21;651;0
22;651;0
23;651;0
24;651;0
25;651;0
26;651;0
27;651;0
28;651;0
29;651;0
30;651;0
31;651;0
32;651;0
33;651;0
34;651;0
35;651;0
36;651;0
37;651;0
38;651;0
39;651;0
40;651;0
41;651;0
42;651;0
43;651;0
44;651;0
45;651;0
46;651;0
47;651;0
48;651;0
49;651;0
50;651;0
51;651;0
52;651;0
53;651;0
54;651;0
55;651;0
56;651;0
57;651;0
58;651;0
59;651;0
60;651;0
61;651;0
62;651;0
63;651;0
64;651;0
65;651;0
66;651;0
67;651;0
68;651;0
69;651;0
70;651;0
71;651;0
72;651;0
73;651;0
74;651;0
75;651;0
76;651;0
77;651;0
78;651;0
79;651;0
80;651;0
81;651;0
82;651;0
84;651;0
85;651;0
86;651;0
87;651;0
88;651;0
89;651;0
90;651;0
91;651;0
92;651;0
93;651;0
94;651;0
95;651;0
96;651;0
97;651;0
98;651;0
99;651;0
100;651;0
101;651;0
102;651;0
103;651;0
104;651;0
105;651;0
106;651;0
107;651;0
108;651;0
109;651;0
110;651;0
111;651;0
112;651;0
113;651;0
114;651;0
115;651;0
116;651;0
117;651;0
118;651;0
119;651;0
120;651;0
121;651;0
122;651;0
123;651;0
124;651;0
125;651;0
126;651;0
127;651;0
128;651;0
129;651;0
130;651;0
131;651;0
132;651;0
133;651;0
134;651;0
135;651;0
136;651;0
137;651;0
138;651;0
139;651;0
140;651;0
141;651;0
142;651;0
143;651;0
144;651;0
145;651;0
146;651;0
147;651;0
148;651;0
149;651;0
150;651;0
151;651;0
152;651;0
153;651;0
154;651;0
155;651;0
156;651;0
157;651;0
158;651;0
159;651;0
160;651;0
161;651;0
162;651;0
163;651;0
164;651;0
165;651;0
166;651;0
167;651;0
168;651;0
169;651;0
170;651;0
171;651;0
172;651;0
173;651;0
174;651;0
175;651;0
176;651;0
177;651;0
178;651;0
179;651;0
180;651;0
181;651;0
182;651;0
183;651;0
184;651;0
185;651;0
186;651;0
187;651;0
188;651;0
189;651;0
190;651;0
191;651;0
192;651;0
193;651;0
194;651;0
195;651;0
196;651;0
197;651;0
198;651;0
1;652;0
2;652;1
3;652;0
4;652;0
5;652;1
6;652;0
7;652;0
8;652;0
9;652;0
10;652;0
11;652;0
12;652;0
13;652;1
14;652;0
15;652;0
16;652;0
17;652;0
18;652;0
19;652;0
20;652;0
21;652;0
22;652;0
23;652;0
24;652;0
25;652;0
26;652;0
27;652;0
28;652;0
29;652;0
30;652;0
31;652;0
32;652;0
33;652;0
34;652;0
35;652;0
36;652;0
37;652;0
38;652;0
39;652;0
40;652;0
41;652;0
42;652;0
43;652;0
44;652;0
45;652;0
46;652;0
47;652;0
48;652;0
49;652;0
50;652;0
51;652;0
52;652;0
53;652;0
54;652;0
55;652;0
56;652;0
57;652;0
58;652;0
59;652;0
60;652;0
61;652;0
62;652;0
63;652;0
64;652;0
65;652;0
66;652;0
67;652;0
68;652;0
69;652;0
70;652;0
71;652;0
72;652;0
73;652;0
74;652;0
75;652;0
76;652;0
77;652;0
78;652;0
79;652;0
80;652;0
81;652;0
82;652;0
84;652;0
85;652;0
86;652;0
87;652;0
88;652;0
89;652;0
90;652;0
91;652;0
92;652;0
93;652;0
94;652;0
95;652;0
96;652;0
97;652;0
98;652;0
99;652;0
100;652;0
101;652;0
102;652;0
103;652;0
104;652;0
105;652;0
106;652;0
107;652;0
108;652;0
109;652;0
110;652;0
111;652;0
112;652;0
113;652;0
114;652;0
115;652;0
116;652;0
117;652;0
118;652;0
119;652;0
120;652;0
121;652;0
122;652;0
123;652;0
124;652;0
125;652;0
126;652;0
127;652;0
128;652;0
129;652;0
130;652;0
131;652;0
132;652;0
133;652;0
134;652;0
135;652;0
136;652;0
137;652;0
138;652;0
139;652;0
140;652;0
141;652;0
142;652;0
143;652;0
144;652;0
145;652;0
146;652;0
147;652;0
148;652;0
149;652;0
150;652;0
151;652;0
152;652;0
153;652;0
154;652;0
155;652;0
156;652;0
157;652;0
158;652;0
159;652;0
160;652;0
161;652;0
162;652;0
163;652;0
164;652;0
165;652;0
166;652;0
167;652;0
168;652;0
169;652;0
170;652;0
171;652;0
172;652;0
173;652;0
174;652;0
175;652;0
176;652;0
177;652;0
178;652;0
179;652;0
180;652;0
181;652;0
182;652;0
183;652;0
184;652;0
185;652;0
186;652;0
187;652;0
188;652;0
189;652;0
190;652;0
191;652;0
192;652;0
193;652;0
194;652;0
195;652;0
196;652;0
197;652;0
198;652;0
1;653;1
2;653;0
3;653;0
4;653;0
5;653;1
6;653;1
7;653;0
8;653;1
9;653;1
10;653;1
11;653;0
12;653;1
13;653;1
14;653;1
15;653;0
16;653;0
17;653;0
18;653;0
19;653;0
20;653;0
21;653;0
22;653;0
23;653;0
24;653;0
25;653;0
26;653;0
27;653;0
28;653;0
29;653;0
30;653;0
31;653;0
32;653;0
33;653;0
34;653;0
35;653;0
36;653;0
37;653;0
38;653;0
39;653;0
40;653;0
41;653;0
42;653;0
43;653;0
44;653;0
45;653;0
46;653;0
47;653;0
48;653;0
49;653;0
50;653;0
51;653;0
52;653;0
53;653;0
54;653;0
55;653;0
56;653;0
57;653;0
58;653;0
59;653;0
60;653;0
61;653;0
62;653;0
63;653;0
64;653;0
65;653;0
66;653;0
67;653;0
68;653;1
69;653;0
70;653;0
71;653;0
72;653;0
73;653;0
74;653;0
75;653;0
76;653;0
77;653;0
78;653;1
79;653;0
80;653;0
81;653;0
82;653;0
84;653;0
85;653;0
86;653;0
87;653;0
88;653;0
89;653;0
90;653;0
91;653;0
92;653;0
93;653;0
94;653;0
95;653;0
96;653;0
97;653;0
98;653;0
99;653;0
100;653;0
101;653;0
102;653;0
103;653;0
104;653;0
105;653;0
106;653;0
107;653;0
108;653;0
109;653;0
110;653;0
111;653;0
112;653;0
113;653;0
114;653;0
115;653;0
116;653;0
117;653;0
118;653;0
119;653;0
120;653;0
121;653;0
122;653;0
123;653;0
124;653;0
125;653;0
126;653;0
127;653;0
128;653;0
129;653;0
130;653;0
131;653;0
132;653;1
133;653;0
134;653;0
135;653;0
136;653;0
137;653;0
138;653;0
139;653;0
140;653;0
141;653;0
142;653;0
143;653;0
144;653;0
145;653;0
146;653;0
147;653;0
148;653;0
149;653;0
150;653;0
151;653;0
152;653;0
153;653;0
154;653;0
155;653;0
156;653;0
157;653;0
158;653;0
159;653;0
160;653;0
161;653;0
162;653;0
163;653;0
164;653;0
165;653;0
166;653;0
167;653;0
168;653;0
169;653;0
170;653;0
171;653;0
172;653;0
173;653;0
174;653;0
175;653;0
176;653;0
177;653;0
178;653;0
179;653;0
180;653;0
181;653;0
182;653;0
183;653;0
184;653;0
185;653;0
186;653;0
187;653;0
188;653;0
189;653;0
190;653;0
191;653;0
192;653;0
193;653;0
194;653;0
195;653;0
196;653;0
197;653;0
198;653;0
1;661;1
2;661;1
3;661;1
4;661;0
5;661;1
6;661;1
7;661;1
8;661;1
9;661;0
10;661;0
11;661;0
12;661;1
13;661;0
14;661;0
15;661;0
16;661;0
17;661;0
18;661;0
19;661;0
20;661;0
21;661;0
22;661;0
23;661;0
24;661;0
25;661;0
26;661;0
27;661;0
28;661;0
29;661;1
30;661;0
31;661;0
32;661;0
33;661;0
34;661;0
35;661;0
36;661;0
37;661;0
38;661;0
39;661;0
40;661;0
41;661;0
42;661;0
43;661;0
44;661;0
45;661;0
46;661;0
47;661;0
48;661;0
49;661;0
50;661;0
51;661;0
52;661;0
53;661;0
54;661;0
55;661;0
56;661;0
57;661;0
58;661;0
59;661;0
60;661;0
61;661;0
62;661;0
63;661;0
64;661;0
65;661;0
66;661;0
67;661;0
68;661;0
69;661;0
70;661;0
71;661;0
72;661;0
73;661;0
74;661;0
75;661;0
76;661;0
77;661;0
78;661;0
79;661;0
80;661;0
81;661;0
82;661;0
84;661;0
85;661;0
86;661;0
87;661;0
88;661;0
89;661;1
90;661;0
91;661;1
92;661;1
93;661;0
94;661;0
95;661;0
96;661;0
97;661;0
98;661;0
99;661;0
100;661;0
101;661;0
102;661;0
103;661;0
104;661;0
105;661;0
106;661;1
107;661;0
108;661;0
109;661;0
110;661;1
111;661;0
112;661;1
113;661;0
114;661;0
115;661;0
116;661;0
117;661;0
118;661;0
119;661;0
120;661;0
121;661;0
122;661;0
123;661;0
124;661;0
125;661;1
126;661;0
127;661;0
128;661;0
129;661;0
130;661;1
131;661;0
132;661;0
133;661;0
134;661;0
135;661;0
136;661;0
137;661;0
138;661;0
139;661;1
140;661;0
141;661;0
142;661;0
143;661;0
144;661;0
145;661;0
146;661;0
147;661;0
148;661;0
149;661;0
150;661;0
151;661;0
152;661;0
153;661;0
154;661;0
155;661;0
156;661;0
157;661;1
158;661;0
159;661;0
160;661;0
161;661;0
162;661;1
163;661;0
164;661;0
165;661;0
166;661;0
167;661;0
168;661;0
169;661;0
170;661;0
171;661;0
172;661;1
173;661;0
174;661;0
175;661;0
176;661;0
177;661;0
178;661;0
179;661;0
180;661;0
181;661;0
182;661;0
183;661;0
184;661;0
185;661;1
186;661;1
187;661;0
188;661;0
189;661;0
190;661;0
191;661;0
192;661;0
193;661;1
194;661;1
195;661;1
196;661;0
197;661;0
198;661;0
1;662;0
2;662;0
3;662;1
4;662;1
5;662;0
6;662;1
7;662;1
8;662;0
9;662;0
10;662;0
11;662;0
12;662;1
13;662;1
14;662;1
15;662;0
16;662;1
17;662;1
18;662;1
19;662;1
20;662;1
21;662;0
22;662;0
23;662;0
24;662;0
25;662;0
26;662;1
27;662;0
28;662;1
29;662;0
30;662;0
31;662;0
32;662;0
33;662;0
34;662;0
35;662;1
36;662;0
37;662;0
38;662;1
39;662;1
40;662;0
41;662;0
42;662;1
43;662;1
44;662;0
45;662;1
46;662;0
47;662;0
48;662;1
49;662;1
50;662;1
51;662;1
52;662;0
53;662;1
54;662;0
55;662;0
56;662;0
57;662;0
58;662;0
59;662;0
60;662;0
61;662;0
62;662;0
63;662;0
64;662;1
65;662;0
66;662;0
67;662;0
68;662;0
69;662;0
70;662;0
71;662;1
72;662;0
73;662;0
74;662;1
75;662;1
76;662;1
77;662;0
78;662;0
79;662;0
80;662;1
81;662;0
82;662;0
84;662;0
85;662;0
86;662;0
87;662;1
88;662;0
89;662;1
90;662;0
91;662;0
92;662;0
93;662;0
94;662;0
95;662;1
96;662;0
97;662;1
98;662;0
99;662;0
100;662;0
101;662;0
102;662;0
103;662;1
104;662;0
105;662;0
106;662;0
107;662;0
108;662;0
109;662;1
110;662;0
111;662;1
112;662;0
113;662;0
114;662;0
115;662;1
116;662;0
117;662;1
118;662;0
119;662;0
120;662;1
121;662;0
122;662;0
123;662;0
124;662;0
125;662;1
126;662;0
127;662;1
128;662;0
129;662;0
130;662;1
131;662;0
132;662;0
133;662;0
134;662;1
135;662;1
136;662;0
137;662;1
138;662;0
139;662;0
140;662;0
141;662;0
142;662;0
143;662;1
144;662;1
145;662;0
146;662;1
147;662;0
148;662;0
149;662;0
150;662;0
151;662;1
152;662;1
153;662;1
154;662;0
155;662;0
156;662;0
157;662;0
158;662;0
159;662;0
160;662;0
161;662;0
162;662;0
163;662;1
164;662;0
165;662;0
166;662;0
167;662;0
168;662;0
169;662;0
170;662;0
171;662;1
172;662;0
173;662;1
174;662;0
175;662;1
176;662;0
177;662;1
178;662;0
179;662;1
180;662;0
181;662;1
182;662;0
183;662;0
184;662;1
185;662;0
186;662;0
187;662;1
188;662;0
189;662;0
190;662;0
191;662;1
192;662;0
193;662;0
194;662;1
195;662;0
196;662;0
197;662;1
198;662;0
1;663;1
2;663;1
3;663;1
4;663;0
5;663;1
6;663;1
7;663;1
8;663;1
9;663;1
10;663;0
11;663;0
12;663;1
13;663;1
14;663;0
15;663;0
16;663;0
17;663;0
18;663;0
19;663;0
20;663;0
21;663;0
22;663;0
23;663;0
24;663;0
25;663;0
26;663;0
27;663;0
28;663;0
29;663;0
30;663;0
31;663;0
32;663;0
33;663;0
34;663;0
35;663;0
36;663;0
37;663;0
38;663;0
39;663;0
40;663;0
41;663;0
42;663;0
43;663;0
44;663;0
45;663;0
46;663;0
47;663;0
48;663;0
49;663;0
50;663;0
51;663;0
52;663;0
53;663;0
54;663;0
55;663;0
56;663;0
57;663;0
58;663;0
59;663;0
60;663;0
61;663;0
62;663;0
63;663;0
64;663;0
65;663;0
66;663;0
67;663;0
68;663;0
69;663;0
70;663;0
71;663;0
72;663;0
73;663;0
74;663;0
75;663;0
76;663;0
77;663;0
78;663;0
79;663;0
80;663;0
81;663;0
82;663;0
84;663;0
85;663;0
86;663;0
87;663;0
88;663;0
89;663;0
90;663;0
91;663;0
92;663;0
93;663;0
94;663;0
95;663;0
96;663;0
97;663;0
98;663;0
99;663;0
100;663;0
101;663;0
102;663;0
103;663;0
104;663;0
105;663;0
106;663;0
107;663;0
108;663;0
109;663;0
110;663;0
111;663;0
112;663;0
113;663;0
114;663;0
115;663;0
116;663;0
117;663;0
118;663;1
119;663;0
120;663;0
121;663;0
122;663;0
123;663;0
124;663;0
125;663;0
126;663;0
127;663;0
128;663;0
129;663;0
130;663;0
131;663;0
132;663;0
133;663;0
134;663;0
135;663;0
136;663;0
137;663;0
138;663;0
139;663;0
140;663;0
141;663;0
142;663;0
143;663;0
144;663;0
145;663;0
146;663;0
147;663;0
148;663;0
149;663;0
150;663;0
151;663;0
152;663;0
153;663;0
154;663;0
155;663;0
156;663;0
157;663;0
158;663;0
159;663;0
160;663;0
161;663;0
162;663;0
163;663;0
164;663;0
165;663;0
166;663;0
167;663;0
168;663;0
169;663;0
170;663;0
171;663;0
172;663;0
173;663;0
174;663;0
175;663;0
176;663;0
177;663;0
178;663;0
179;663;0
180;663;0
181;663;0
182;663;0
183;663;0
184;663;0
185;663;0
186;663;0
187;663;0
188;663;0
189;663;0
190;663;0
191;663;0
192;663;0
193;663;0
194;663;0
195;663;0
196;663;0
197;663;0
198;663;0
1;681;1
2;681;1
3;681;1
4;681;1
5;681;0
6;681;1
7;681;1
8;681;0
9;681;1
10;681;1
11;681;1
12;681;1
13;681;1
14;681;1
15;681;1
16;681;1
17;681;1
18;681;1
19;681;1
20;681;1
21;681;1
22;681;1
23;681;0
24;681;0
25;681;1
26;681;0
27;681;0
28;681;0
29;681;0
30;681;0
31;681;0
32;681;0
33;681;0
34;681;0
35;681;0
36;681;0
37;681;0
38;681;0
39;681;0
40;681;0
41;681;0
42;681;0
43;681;0
44;681;0
45;681;0
46;681;0
47;681;0
48;681;0
49;681;0
50;681;0
51;681;0
52;681;0
53;681;0
54;681;0
55;681;0
56;681;0
57;681;0
58;681;0
59;681;0
60;681;0
61;681;0
62;681;0
63;681;0
64;681;0
65;681;0
66;681;0
67;681;0
68;681;0
69;681;0
70;681;0
71;681;0
72;681;0
73;681;0
74;681;1
75;681;1
76;681;0
77;681;0
78;681;0
79;681;0
80;681;0
81;681;0
82;681;0
84;681;0
85;681;0
86;681;0
87;681;1
88;681;1
89;681;1
90;681;0
91;681;1
92;681;0
93;681;0
94;681;0
95;681;1
96;681;1
97;681;0
98;681;1
99;681;0
100;681;0
101;681;0
102;681;0
103;681;1
104;681;0
105;681;0
106;681;0
107;681;1
108;681;0
109;681;0
110;681;0
111;681;1
112;681;0
113;681;0
114;681;0
115;681;0
116;681;0
117;681;0
118;681;1
119;681;0
120;681;0
121;681;0
122;681;1
123;681;0
124;681;0
125;681;1
126;681;1
127;681;1
128;681;1
129;681;1
130;681;1
131;681;0
132;681;0
133;681;1
134;681;1
135;681;1
136;681;1
137;681;0
138;681;0
139;681;1
140;681;0
141;681;0
142;681;1
143;681;0
144;681;0
145;681;0
146;681;0
147;681;0
148;681;0
149;681;0
150;681;0
151;681;0
152;681;0
153;681;1
154;681;0
155;681;0
156;681;0
157;681;0
158;681;0
159;681;0
160;681;0
161;681;0
162;681;0
163;681;0
164;681;0
165;681;0
166;681;0
167;681;0
168;681;0
169;681;0
170;681;0
171;681;0
172;681;0
173;681;1
174;681;0
175;681;0
176;681;0
177;681;0
178;681;0
179;681;0
180;681;0
181;681;1
182;681;1
183;681;0
184;681;0
185;681;1
186;681;0
187;681;0
188;681;1
189;681;0
190;681;0
191;681;0
192;681;0
193;681;1
194;681;0
195;681;0
196;681;1
197;681;1
198;681;0
1;682;1
2;682;1
3;682;1
4;682;0
5;682;0
6;682;1
7;682;0
8;682;0
9;682;0
10;682;1
11;682;1
12;682;1
13;682;0
14;682;1
15;682;0
16;682;1
17;682;0
18;682;1
19;682;1
20;682;1
21;682;1
22;682;1
23;682;1
24;682;0
25;682;0
26;682;0
27;682;1
28;682;1
29;682;0
30;682;0
31;682;1
32;682;0
33;682;0
34;682;0
35;682;1
36;682;1
37;682;0
38;682;0
39;682;1
40;682;0
41;682;1
42;682;0
43;682;0
44;682;0
45;682;0
46;682;1
47;682;0
48;682;0
49;682;0
50;682;0
51;682;0
52;682;0
53;682;0
54;682;0
55;682;0
56;682;0
57;682;0
58;682;0
59;682;0
60;682;0
61;682;0
62;682;0
63;682;0
64;682;1
65;682;0
66;682;0
67;682;0
68;682;1
69;682;0
70;682;0
71;682;0
72;682;0
73;682;0
74;682;0
75;682;1
76;682;0
77;682;1
78;682;1
79;682;0
80;682;0
81;682;0
82;682;0
84;682;1
85;682;1
86;682;0
87;682;0
88;682;0
89;682;1
90;682;0
91;682;1
92;682;0
93;682;0
94;682;0
95;682;1
96;682;0
97;682;0
98;682;0
99;682;0
100;682;0
101;682;0
102;682;0
103;682;1
104;682;1
105;682;0
106;682;0
107;682;0
108;682;0
109;682;0
110;682;0
111;682;0
112;682;0
113;682;0
114;682;0
115;682;0
116;682;0
117;682;0
118;682;1
119;682;0
120;682;0
121;682;0
122;682;0
123;682;1
124;682;0
125;682;0
126;682;0
127;682;0
128;682;0
129;682;0
130;682;0
131;682;0
132;682;0
133;682;1
134;682;1
135;682;1
136;682;0
137;682;0
138;682;0
139;682;1
140;682;0
141;682;0
142;682;1
143;682;1
144;682;0
145;682;0
146;682;1
147;682;0
148;682;0
149;682;0
150;682;0
151;682;1
152;682;0
153;682;0
154;682;0
155;682;0
156;682;1
157;682;0
158;682;0
159;682;0
160;682;0
161;682;0
162;682;0
163;682;0
164;682;0
165;682;0
166;682;0
167;682;0
168;682;1
169;682;0
170;682;0
171;682;0
172;682;0
173;682;0
174;682;0
175;682;0
176;682;0
177;682;0
178;682;1
179;682;0
180;682;1
181;682;0
182;682;0
183;682;0
184;682;0
185;682;1
186;682;1
187;682;0
188;682;0
189;682;0
190;682;1
191;682;1
192;682;1
193;682;1
194;682;0
195;682;0
196;682;1
197;682;1
198;682;0
1;683;1
2;683;1
3;683;1
4;683;1
5;683;0
6;683;0
7;683;1
8;683;1
9;683;1
10;683;0
11;683;0
12;683;1
13;683;1
14;683;1
15;683;1
16;683;1
17;683;1
18;683;1
19;683;1
20;683;1
21;683;1
22;683;1
23;683;0
24;683;1
25;683;0
26;683;0
27;683;0
28;683;0
29;683;0
30;683;0
31;683;0
32;683;0
33;683;0
34;683;0
35;683;0
36;683;0
37;683;1
38;683;0
39;683;0
40;683;0
41;683;0
42;683;0
43;683;0
44;683;0
45;683;0
46;683;1
47;683;0
48;683;0
49;683;0
50;683;0
51;683;0
52;683;0
53;683;0
54;683;0
55;683;0
56;683;0
57;683;0
58;683;1
59;683;0
60;683;0
61;683;0
62;683;1
63;683;0
64;683;0
65;683;0
66;683;0
67;683;0
68;683;0
69;683;0
70;683;0
71;683;0
72;683;0
73;683;0
74;683;0
75;683;1
76;683;0
77;683;0
78;683;0
79;683;0
80;683;0
81;683;0
82;683;0
84;683;0
85;683;0
86;683;0
87;683;0
88;683;0
89;683;0
90;683;0
91;683;1
92;683;0
93;683;0
94;683;0
95;683;1
96;683;0
97;683;0
98;683;0
99;683;0
100;683;0
101;683;1
102;683;0
103;683;1
104;683;0
105;683;0
106;683;0
107;683;0
108;683;0
109;683;0
110;683;0
111;683;0
112;683;0
113;683;0
114;683;0
115;683;1
116;683;0
117;683;0
118;683;0
119;683;0
120;683;1
121;683;0
122;683;0
123;683;0
124;683;0
125;683;0
126;683;0
127;683;0
128;683;0
129;683;0
130;683;0
131;683;0
132;683;0
133;683;0
134;683;0
135;683;0
136;683;1
137;683;1
138;683;0
139;683;0
140;683;0
141;683;0
142;683;0
143;683;0
144;683;0
145;683;0
146;683;0
147;683;0
148;683;0
149;683;0
150;683;0
151;683;0
152;683;0
153;683;0
154;683;0
155;683;0
156;683;0
157;683;1
158;683;0
159;683;0
160;683;0
161;683;0
162;683;1
163;683;0
164;683;0
165;683;0
166;683;0
167;683;0
168;683;0
169;683;0
170;683;0
171;683;1
172;683;0
173;683;0
174;683;0
175;683;0
176;683;0
177;683;0
178;683;0
179;683;0
180;683;0
181;683;0
182;683;0
183;683;0
184;683;1
185;683;0
186;683;0
187;683;0
188;683;0
189;683;0
190;683;0
191;683;0
192;683;1
193;683;1
194;683;0
195;683;0
196;683;1
197;683;0
198;683;0
1;691;1
2;691;1
3;691;1
4;691;0
5;691;1
6;691;1
7;691;1
8;691;0
9;691;0
10;691;0
11;691;1
12;691;1
13;691;1
14;691;0
15;691;0
16;691;0
17;691;0
18;691;0
19;691;0
20;691;0
21;691;0
22;691;0
23;691;0
24;691;0
25;691;0
26;691;1
27;691;0
28;691;1
29;691;0
30;691;0
31;691;1
32;691;0
33;691;0
34;691;0
35;691;1
36;691;0
37;691;0
38;691;0
39;691;1
40;691;1
41;691;1
42;691;0
43;691;0
44;691;0
45;691;0
46;691;0
47;691;0
48;691;1
49;691;0
50;691;0
51;691;0
52;691;1
53;691;0
54;691;0
55;691;0
56;691;0
57;691;0
58;691;1
59;691;0
60;691;0
61;691;0
62;691;0
63;691;0
64;691;0
65;691;0
66;691;0
67;691;1
68;691;0
69;691;0
70;691;0
71;691;1
72;691;0
73;691;0
74;691;0
75;691;1
76;691;1
77;691;0
78;691;0
79;691;0
80;691;0
81;691;0
82;691;0
84;691;0
85;691;0
86;691;0
87;691;0
88;691;0
89;691;1
90;691;0
91;691;0
92;691;0
93;691;0
94;691;0
95;691;1
96;691;0
97;691;0
98;691;0
99;691;0
100;691;0
101;691;0
102;691;0
103;691;0
104;691;1
105;691;0
106;691;1
107;691;0
108;691;0
109;691;0
110;691;0
111;691;0
112;691;0
113;691;0
114;691;0
115;691;0
116;691;1
117;691;0
118;691;0
119;691;0
120;691;0
121;691;0
122;691;0
123;691;0
124;691;0
125;691;0
126;691;0
127;691;0
128;691;0
129;691;0
130;691;1
131;691;1
132;691;1
133;691;0
134;691;0
135;691;0
136;691;0
137;691;0
138;691;0
139;691;0
140;691;0
141;691;0
142;691;1
143;691;0
144;691;0
145;691;1
146;691;0
147;691;0
148;691;0
149;691;0
150;691;0
151;691;0
152;691;0
153;691;1
154;691;0
155;691;0
156;691;0
157;691;0
158;691;0
159;691;0
160;691;0
161;691;0
162;691;0
163;691;1
164;691;0
165;691;0
166;691;0
167;691;1
168;691;0
169;691;0
170;691;0
171;691;0
172;691;0
173;691;1
174;691;0
175;691;0
176;691;0
177;691;0
178;691;0
179;691;0
180;691;0
181;691;0
182;691;0
183;691;0
184;691;0
185;691;0
186;691;0
187;691;0
188;691;0
189;691;1
190;691;0
191;691;0
192;691;0
193;691;1
194;691;0
195;691;0
196;691;0
197;691;1
198;691;0
1;692;0
2;692;0
3;692;0
4;692;0
5;692;0
6;692;1
7;692;0
8;692;0
9;692;1
10;692;0
11;692;0
12;692;0
13;692;1
14;692;0
15;692;0
16;692;0
17;692;0
18;692;0
19;692;0
20;692;0
21;692;0
22;692;0
23;692;0
24;692;0
25;692;0
26;692;0
27;692;0
28;692;0
29;692;0
30;692;0
31;692;0
32;692;0
33;692;0
34;692;0
35;692;0
36;692;0
37;692;0
38;692;0
39;692;0
40;692;0
41;692;0
42;692;0
43;692;0
44;692;0
45;692;0
46;692;0
47;692;0
48;692;0
49;692;0
50;692;0
51;692;0
52;692;0
53;692;0
54;692;0
55;692;0
56;692;0
57;692;0
58;692;0
59;692;0
60;692;0
61;692;0
62;692;0
63;692;0
64;692;0
65;692;0
66;692;0
67;692;0
68;692;0
69;692;0
70;692;0
71;692;0
72;692;0
73;692;0
74;692;0
75;692;0
76;692;0
77;692;0
78;692;0
79;692;0
80;692;0
81;692;0
82;692;0
84;692;0
85;692;0
86;692;0
87;692;0
88;692;0
89;692;0
90;692;0
91;692;0
92;692;0
93;692;0
94;692;0
95;692;0
96;692;0
97;692;0
98;692;0
99;692;0
100;692;0
101;692;0
102;692;0
103;692;0
104;692;0
105;692;0
106;692;0
107;692;0
108;692;0
109;692;0
110;692;0
111;692;0
112;692;0
113;692;0
114;692;0
115;692;0
116;692;0
117;692;0
118;692;0
119;692;0
120;692;0
121;692;0
122;692;0
123;692;0
124;692;0
125;692;0
126;692;0
127;692;0
128;692;0
129;692;0
130;692;0
131;692;0
132;692;0
133;692;0
134;692;0
135;692;0
136;692;0
137;692;0
138;692;0
139;692;0
140;692;0
141;692;0
142;692;0
143;692;0
144;692;0
145;692;0
146;692;0
147;692;0
148;692;0
149;692;0
150;692;0
151;692;0
152;692;0
153;692;0
154;692;0
155;692;0
156;692;0
157;692;0
158;692;0
159;692;0
160;692;0
161;692;0
162;692;0
163;692;0
164;692;0
165;692;0
166;692;0
167;692;0
168;692;0
169;692;0
170;692;0
171;692;0
172;692;0
173;692;0
174;692;0
175;692;0
176;692;0
177;692;0
178;692;0
179;692;0
180;692;0
181;692;0
182;692;0
183;692;0
184;692;0
185;692;0
186;692;0
187;692;0
188;692;0
189;692;0
190;692;0
191;692;0
192;692;0
193;692;0
194;692;0
195;692;0
196;692;0
197;692;0
198;692;0
1;701;1
2;701;1
3;701;1
4;701;0
5;701;1
6;701;0
7;701;1
8;701;0
9;701;1
10;701;1
11;701;1
12;701;1
13;701;1
14;701;1
15;701;0
16;701;0
17;701;1
18;701;1
19;701;1
20;701;0
21;701;1
22;701;1
23;701;0
24;701;0
25;701;0
26;701;0
27;701;1
28;701;0
29;701;0
30;701;0
31;701;0
32;701;0
33;701;0
34;701;0
35;701;0
36;701;0
37;701;0
38;701;0
39;701;0
40;701;0
41;701;0
42;701;0
43;701;0
44;701;0
45;701;0
46;701;0
47;701;0
48;701;0
49;701;0
50;701;0
51;701;0
52;701;0
53;701;0
54;701;0
55;701;0
56;701;0
57;701;0
58;701;0
59;701;0
60;701;0
61;701;0
62;701;0
63;701;0
64;701;0
65;701;0
66;701;0
67;701;0
68;701;0
69;701;0
70;701;1
71;701;1
72;701;1
73;701;0
74;701;0
75;701;0
76;701;0
77;701;0
78;701;0
79;701;0
80;701;0
81;701;0
82;701;0
84;701;0
85;701;0
86;701;0
87;701;0
88;701;0
89;701;0
90;701;1
91;701;0
92;701;0
93;701;0
94;701;0
95;701;0
96;701;0
97;701;0
98;701;0
99;701;0
100;701;0
101;701;0
102;701;0
103;701;0
104;701;0
105;701;0
106;701;1
107;701;0
108;701;0
109;701;1
110;701;0
111;701;1
112;701;0
113;701;0
114;701;1
115;701;0
116;701;0
117;701;0
118;701;0
119;701;0
120;701;0
121;701;1
122;701;0
123;701;0
124;701;1
125;701;1
126;701;0
127;701;0
128;701;0
129;701;0
130;701;0
131;701;0
132;701;0
133;701;0
134;701;0
135;701;0
136;701;1
137;701;0
138;701;1
139;701;0
140;701;0
141;701;1
142;701;0
143;701;0
144;701;1
145;701;1
146;701;0
147;701;0
148;701;0
149;701;0
150;701;0
151;701;0
152;701;0
153;701;0
154;701;0
155;701;0
156;701;1
157;701;0
158;701;0
159;701;0
160;701;0
161;701;0
162;701;0
163;701;0
164;701;0
165;701;0
166;701;0
167;701;0
168;701;0
169;701;0
170;701;0
171;701;1
172;701;0
173;701;0
174;701;0
175;701;0
176;701;0
177;701;0
178;701;0
179;701;0
180;701;0
181;701;0
182;701;0
183;701;0
184;701;0
185;701;0
186;701;1
187;701;0
188;701;0
189;701;1
190;701;0
191;701;1
192;701;0
193;701;1
194;701;0
195;701;1
196;701;0
197;701;0
198;701;0
1;702;1
2;702;1
3;702;1
4;702;1
5;702;1
6;702;1
7;702;1
8;702;0
9;702;1
10;702;0
11;702;1
12;702;1
13;702;1
14;702;1
15;702;1
16;702;1
17;702;1
18;702;1
19;702;1
20;702;1
21;702;1
22;702;1
23;702;0
24;702;0
25;702;0
26;702;0
27;702;0
28;702;0
29;702;0
30;702;0
31;702;0
32;702;0
33;702;0
34;702;0
35;702;0
36;702;0
37;702;0
38;702;0
39;702;0
40;702;0
41;702;0
42;702;0
43;702;0
44;702;0
45;702;0
46;702;0
47;702;0
48;702;1
49;702;0
50;702;0
51;702;0
52;702;0
53;702;0
54;702;0
55;702;0
56;702;0
57;702;0
58;702;0
59;702;0
60;702;0
61;702;0
62;702;0
63;702;0
64;702;0
65;702;0
66;702;0
67;702;0
68;702;0
69;702;0
70;702;0
71;702;0
72;702;1
73;702;0
74;702;0
75;702;0
76;702;0
77;702;0
78;702;0
79;702;0
80;702;1
81;702;0
82;702;0
84;702;0
85;702;0
86;702;0
87;702;0
88;702;0
89;702;0
90;702;0
91;702;0
92;702;0
93;702;0
94;702;0
95;702;0
96;702;0
97;702;0
98;702;0
99;702;0
100;702;0
101;702;0
102;702;0
103;702;0
104;702;0
105;702;0
106;702;0
107;702;0
108;702;0
109;702;0
110;702;0
111;702;0
112;702;0
113;702;0
114;702;0
115;702;1
116;702;0
117;702;0
118;702;0
119;702;0
120;702;0
121;702;0
122;702;0
123;702;1
124;702;0
125;702;1
126;702;1
127;702;1
128;702;0
129;702;0
130;702;0
131;702;0
132;702;0
133;702;1
134;702;0
135;702;1
136;702;0
137;702;0
138;702;0
139;702;1
140;702;0
141;702;0
142;702;0
143;702;0
144;702;0
145;702;0
146;702;0
147;702;0
148;702;0
149;702;0
150;702;0
151;702;0
152;702;1
153;702;0
154;702;0
155;702;0
156;702;0
157;702;1
158;702;0
159;702;0
160;702;0
161;702;0
162;702;0
163;702;0
164;702;0
165;702;0
166;702;0
167;702;0
168;702;0
169;702;0
170;702;0
171;702;0
172;702;0
173;702;0
174;702;0
175;702;0
176;702;0
177;702;0
178;702;0
179;702;0
180;702;0
181;702;0
182;702;0
183;702;0
184;702;0
185;702;0
186;702;0
187;702;0
188;702;0
189;702;0
190;702;0
191;702;0
192;702;0
193;702;0
194;702;0
195;702;0
196;702;0
197;702;0
198;702;0
1;711;1
2;711;1
3;711;1
4;711;0
5;711;0
6;711;0
7;711;0
8;711;0
9;711;1
10;711;0
11;711;1
12;711;1
13;711;0
14;711;1
15;711;0
16;711;1
17;711;1
18;711;0
19;711;1
20;711;1
21;711;1
22;711;1
23;711;0
24;711;0
25;711;1
26;711;0
27;711;0
28;711;1
29;711;1
30;711;0
31;711;0
32;711;0
33;711;0
34;711;0
35;711;0
36;711;0
37;711;0
38;711;0
39;711;0
40;711;0
41;711;0
42;711;0
43;711;0
44;711;0
45;711;0
46;711;0
47;711;0
48;711;0
49;711;0
50;711;0
51;711;0
52;711;0
53;711;0
54;711;0
55;711;0
56;711;0
57;711;0
58;711;0
59;711;0
60;711;0
61;711;0
62;711;0
63;711;0
64;711;0
65;711;0
66;711;0
67;711;0
68;711;1
69;711;0
70;711;0
71;711;0
72;711;0
73;711;0
74;711;0
75;711;0
76;711;0
77;711;0
78;711;0
79;711;0
80;711;1
81;711;0
82;711;1
84;711;1
85;711;1
86;711;1
87;711;1
88;711;0
89;711;0
90;711;1
91;711;0
92;711;1
93;711;0
94;711;0
95;711;0
96;711;0
97;711;0
98;711;1
99;711;0
100;711;0
101;711;0
102;711;0
103;711;0
104;711;0
105;711;0
106;711;0
107;711;0
108;711;0
109;711;0
110;711;0
111;711;0
112;711;0
113;711;0
114;711;0
115;711;0
116;711;0
117;711;0
118;711;1
119;711;1
120;711;0
121;711;0
122;711;0
123;711;1
124;711;0
125;711;0
126;711;0
127;711;1
128;711;1
129;711;0
130;711;0
131;711;0
132;711;0
133;711;1
134;711;0
135;711;1
136;711;0
137;711;0
138;711;1
139;711;0
140;711;0
141;711;0
142;711;0
143;711;0
144;711;0
145;711;0
146;711;1
147;711;0
148;711;0
149;711;0
150;711;0
151;711;0
152;711;0
153;711;0
154;711;0
155;711;0
156;711;0
157;711;0
158;711;0
159;711;0
160;711;0
161;711;0
162;711;0
163;711;0
164;711;1
165;711;0
166;711;0
167;711;0
168;711;0
169;711;0
170;711;0
171;711;0
172;711;0
173;711;1
174;711;0
175;711;0
176;711;0
177;711;0
178;711;0
179;711;0
180;711;0
181;711;1
182;711;0
183;711;0
184;711;1
185;711;1
186;711;1
187;711;0
188;711;0
189;711;0
190;711;0
191;711;0
192;711;0
193;711;0
194;711;0
195;711;0
196;711;0
197;711;1
198;711;0
1;712;0
2;712;0
3;712;0
4;712;1
5;712;0
6;712;0
7;712;0
8;712;0
9;712;1
10;712;0
11;712;1
12;712;1
13;712;1
14;712;1
15;712;1
16;712;1
17;712;0
18;712;1
19;712;0
20;712;0
21;712;1
22;712;0
23;712;0
24;712;0
25;712;0
26;712;1
27;712;0
28;712;1
29;712;1
30;712;0
31;712;0
32;712;0
33;712;0
34;712;0
35;712;0
36;712;0
37;712;0
38;712;0
39;712;1
40;712;1
41;712;0
42;712;1
43;712;0
44;712;0
45;712;0
46;712;0
47;712;0
48;712;1
49;712;0
50;712;1
51;712;0
52;712;0
53;712;0
54;712;1
55;712;0
56;712;0
57;712;0
58;712;0
59;712;1
60;712;0
61;712;0
62;712;0
63;712;0
64;712;0
65;712;0
66;712;0
67;712;0
68;712;0
69;712;0
70;712;0
71;712;1
72;712;0
73;712;0
74;712;1
75;712;0
76;712;0
77;712;0
78;712;1
79;712;0
80;712;0
81;712;0
82;712;1
84;712;0
85;712;1
86;712;0
87;712;0
88;712;0
89;712;1
90;712;1
91;712;0
92;712;0
93;712;1
94;712;0
95;712;0
96;712;0
97;712;0
98;712;0
99;712;0
100;712;1
101;712;0
102;712;0
103;712;0
104;712;0
105;712;0
106;712;1
107;712;0
108;712;0
109;712;0
110;712;1
111;712;0
112;712;1
113;712;0
114;712;0
115;712;0
116;712;0
117;712;0
118;712;1
119;712;0
120;712;0
121;712;0
122;712;1
123;712;0
124;712;0
125;712;0
126;712;1
127;712;1
128;712;1
129;712;0
130;712;1
131;712;0
132;712;0
133;712;1
134;712;1
135;712;1
136;712;0
137;712;0
138;712;0
139;712;1
140;712;0
141;712;0
142;712;0
143;712;0
144;712;0
145;712;0
146;712;0
147;712;0
148;712;0
149;712;0
150;712;0
151;712;0
152;712;0
153;712;0
154;712;0
155;712;1
156;712;0
157;712;0
158;712;1
159;712;0
160;712;1
161;712;0
162;712;0
163;712;0
164;712;0
165;712;0
166;712;1
167;712;0
168;712;0
169;712;0
170;712;0
171;712;0
172;712;0
173;712;1
174;712;0
175;712;0
176;712;0
177;712;0
178;712;0
179;712;0
180;712;1
181;712;1
182;712;1
183;712;0
184;712;0
185;712;0
186;712;0
187;712;0
188;712;1
189;712;0
190;712;1
191;712;1
192;712;0
193;712;0
194;712;0
195;712;0
196;712;0
197;712;0
198;712;0
1;721;0
2;721;1
3;721;1
4;721;1
5;721;1
6;721;0
7;721;0
8;721;1
9;721;1
10;721;1
11;721;1
12;721;1
13;721;0
14;721;1
15;721;0
16;721;0
17;721;0
18;721;0
19;721;0
20;721;0
21;721;0
22;721;1
23;721;1
24;721;0
25;721;0
26;721;0
27;721;1
28;721;0
29;721;0
30;721;0
31;721;0
32;721;0
33;721;0
34;721;0
35;721;0
36;721;0
37;721;0
38;721;0
39;721;0
40;721;0
41;721;0
42;721;0
43;721;0
44;721;0
45;721;0
46;721;0
47;721;0
48;721;0
49;721;0
50;721;0
51;721;0
52;721;1
53;721;0
54;721;0
55;721;0
56;721;0
57;721;0
58;721;0
59;721;0
60;721;0
61;721;0
62;721;0
63;721;0
64;721;0
65;721;0
66;721;0
67;721;0
68;721;0
69;721;1
70;721;0
71;721;0
72;721;0
73;721;0
74;721;0
75;721;1
76;721;0
77;721;0
78;721;0
79;721;0
80;721;0
81;721;1
82;721;0
84;721;0
85;721;0
86;721;0
87;721;0
88;721;0
89;721;0
90;721;0
91;721;1
92;721;0
93;721;0
94;721;0
95;721;0
96;721;0
97;721;0
98;721;0
99;721;0
100;721;0
101;721;0
102;721;0
103;721;0
104;721;0
105;721;1
106;721;0
107;721;0
108;721;0
109;721;0
110;721;0
111;721;0
112;721;0
113;721;0
114;721;0
115;721;0
116;721;0
117;721;1
118;721;0
119;721;0
120;721;0
121;721;0
122;721;0
123;721;0
124;721;0
125;721;0
126;721;0
127;721;0
128;721;1
129;721;0
130;721;0
131;721;1
132;721;0
133;721;0
134;721;0
135;721;1
136;721;0
137;721;0
138;721;0
139;721;0
140;721;0
141;721;0
142;721;0
143;721;0
144;721;0
145;721;0
146;721;0
147;721;0
148;721;0
149;721;0
150;721;0
151;721;0
152;721;0
153;721;0
154;721;0
155;721;0
156;721;0
157;721;0
158;721;0
159;721;0
160;721;0
161;721;0
162;721;0
163;721;1
164;721;0
165;721;0
166;721;0
167;721;0
168;721;0
169;721;0
170;721;0
171;721;0
172;721;0
173;721;0
174;721;1
175;721;0
176;721;0
177;721;0
178;721;0
179;721;1
180;721;0
181;721;0
182;721;0
183;721;0
184;721;0
185;721;1
186;721;0
187;721;0
188;721;0
189;721;0
190;721;0
191;721;0
192;721;0
193;721;0
194;721;0
195;721;0
196;721;0
197;721;0
198;721;0
1;722;1
2;722;1
3;722;1
4;722;0
5;722;1
6;722;1
7;722;0
8;722;0
9;722;1
10;722;0
11;722;1
12;722;1
13;722;1
14;722;0
15;722;0
16;722;0
17;722;0
18;722;0
19;722;0
20;722;0
21;722;0
22;722;0
23;722;0
24;722;0
25;722;0
26;722;0
27;722;0
28;722;1
29;722;0
30;722;0
31;722;0
32;722;0
33;722;0
34;722;0
35;722;0
36;722;0
37;722;0
38;722;0
39;722;0
40;722;0
41;722;0
42;722;0
43;722;0
44;722;0
45;722;0
46;722;0
47;722;0
48;722;0
49;722;0
50;722;0
51;722;0
52;722;0
53;722;0
54;722;0
55;722;0
56;722;1
57;722;0
58;722;0
59;722;0
60;722;0
61;722;0
62;722;0
63;722;0
64;722;0
65;722;0
66;722;0
67;722;0
68;722;0
69;722;0
70;722;0
71;722;0
72;722;0
73;722;0
74;722;0
75;722;0
76;722;0
77;722;0
78;722;0
79;722;0
80;722;0
81;722;0
82;722;0
84;722;0
85;722;0
86;722;0
87;722;0
88;722;0
89;722;0
90;722;0
91;722;0
92;722;0
93;722;0
94;722;0
95;722;0
96;722;0
97;722;0
98;722;0
99;722;0
100;722;0
101;722;0
102;722;0
103;722;0
104;722;0
105;722;0
106;722;0
107;722;0
108;722;0
109;722;0
110;722;0
111;722;0
112;722;0
113;722;0
114;722;0
115;722;0
116;722;0
117;722;0
118;722;0
119;722;0
120;722;0
121;722;0
122;722;0
123;722;0
124;722;0
125;722;0
126;722;0
127;722;0
128;722;0
129;722;0
130;722;0
131;722;0
132;722;0
133;722;1
134;722;0
135;722;1
136;722;0
137;722;1
138;722;0
139;722;0
140;722;0
141;722;0
142;722;0
143;722;0
144;722;0
145;722;0
146;722;0
147;722;0
148;722;0
149;722;0
150;722;0
151;722;0
152;722;0
153;722;0
154;722;0
155;722;0
156;722;0
157;722;0
158;722;0
159;722;0
160;722;0
161;722;0
162;722;0
163;722;0
164;722;0
165;722;0
166;722;0
167;722;0
168;722;0
169;722;0
170;722;0
171;722;1
172;722;0
173;722;0
174;722;0
175;722;0
176;722;0
177;722;0
178;722;1
179;722;0
180;722;0
181;722;0
182;722;0
183;722;0
184;722;0
185;722;0
186;722;0
187;722;0
188;722;0
189;722;0
190;722;0
191;722;0
192;722;1
193;722;0
194;722;0
195;722;0
196;722;0
197;722;0
198;722;0
1;731;1
2;731;1
3;731;1
4;731;0
5;731;0
6;731;1
7;731;1
8;731;0
9;731;1
10;731;0
11;731;1
12;731;1
13;731;1
14;731;1
15;731;1
16;731;1
17;731;1
18;731;0
19;731;1
20;731;1
21;731;1
22;731;1
23;731;0
24;731;0
25;731;0
26;731;0
27;731;1
28;731;0
29;731;0
30;731;0
31;731;0
32;731;0
33;731;0
34;731;1
35;731;0
36;731;0
37;731;0
38;731;0
39;731;0
40;731;0
41;731;0
42;731;0
43;731;0
44;731;0
45;731;0
46;731;0
47;731;0
48;731;0
49;731;0
50;731;0
51;731;0
52;731;0
53;731;0
54;731;0
55;731;0
56;731;0
57;731;0
58;731;0
59;731;0
60;731;0
61;731;0
62;731;0
63;731;0
64;731;0
65;731;0
66;731;0
67;731;0
68;731;0
69;731;0
70;731;0
71;731;0
72;731;0
73;731;0
74;731;0
75;731;0
76;731;0
77;731;0
78;731;0
79;731;0
80;731;1
81;731;0
82;731;0
84;731;0
85;731;0
86;731;0
87;731;0
88;731;0
89;731;0
90;731;0
91;731;0
92;731;0
93;731;0
94;731;0
95;731;1
96;731;0
97;731;0
98;731;0
99;731;0
100;731;0
101;731;0
102;731;0
103;731;0
104;731;0
105;731;0
106;731;0
107;731;0
108;731;0
109;731;0
110;731;0
111;731;0
112;731;0
113;731;0
114;731;0
115;731;1
116;731;0
117;731;0
118;731;0
119;731;0
120;731;0
121;731;0
122;731;0
123;731;1
124;731;0
125;731;1
126;731;1
127;731;0
128;731;0
129;731;0
130;731;1
131;731;1
132;731;0
133;731;0
134;731;0
135;731;1
136;731;0
137;731;1
138;731;1
139;731;0
140;731;0
141;731;0
142;731;0
143;731;0
144;731;0
145;731;0
146;731;0
147;731;0
148;731;0
149;731;0
150;731;0
151;731;0
152;731;0
153;731;0
154;731;0
155;731;0
156;731;0
157;731;0
158;731;0
159;731;0
160;731;0
161;731;0
162;731;0
163;731;1
164;731;0
165;731;0
166;731;0
167;731;0
168;731;0
169;731;0
170;731;0
171;731;0
172;731;0
173;731;0
174;731;0
175;731;0
176;731;0
177;731;0
178;731;0
179;731;0
180;731;0
181;731;0
182;731;0
183;731;0
184;731;0
185;731;0
186;731;0
187;731;0
188;731;0
189;731;0
190;731;0
191;731;1
192;731;0
193;731;0
194;731;0
195;731;0
196;731;0
197;731;0
198;731;0
1;732;1
2;732;1
3;732;1
4;732;0
5;732;1
6;732;1
7;732;1
8;732;0
9;732;1
10;732;0
11;732;1
12;732;1
13;732;1
14;732;1
15;732;1
16;732;0
17;732;0
18;732;0
19;732;1
20;732;0
21;732;0
22;732;0
23;732;0
24;732;0
25;732;1
26;732;0
27;732;0
28;732;1
29;732;0
30;732;0
31;732;0
32;732;0
33;732;0
34;732;0
35;732;0
36;732;0
37;732;1
38;732;1
39;732;0
40;732;0
41;732;0
42;732;0
43;732;0
44;732;0
45;732;0
46;732;1
47;732;0
48;732;0
49;732;0
50;732;0
51;732;0
52;732;0
53;732;0
54;732;0
55;732;0
56;732;0
57;732;0
58;732;0
59;732;0
60;732;0
61;732;0
62;732;0
63;732;0
64;732;0
65;732;0
66;732;1
67;732;0
68;732;0
69;732;0
70;732;0
71;732;0
72;732;0
73;732;0
74;732;0
75;732;0
76;732;0
77;732;0
78;732;0
79;732;1
80;732;0
81;732;0
82;732;0
84;732;0
85;732;0
86;732;0
87;732;1
88;732;0
89;732;0
90;732;0
91;732;0
92;732;0
93;732;0
94;732;0
95;732;1
96;732;0
97;732;0
98;732;0
99;732;0
100;732;0
101;732;0
102;732;0
103;732;0
104;732;0
105;732;0
106;732;0
107;732;0
108;732;0
109;732;0
110;732;0
111;732;0
112;732;0
113;732;0
114;732;1
115;732;0
116;732;1
117;732;1
118;732;0
119;732;1
120;732;0
121;732;0
122;732;1
123;732;0
124;732;0
125;732;1
126;732;0
127;732;0
128;732;0
129;732;0
130;732;0
131;732;0
132;732;0
133;732;0
134;732;0
135;732;1
136;732;0
137;732;1
138;732;0
139;732;0
140;732;0
141;732;0
142;732;0
143;732;0
144;732;0
145;732;0
146;732;0
147;732;0
148;732;0
149;732;0
150;732;0
151;732;0
152;732;0
153;732;0
154;732;0
155;732;0
156;732;0
157;732;0
158;732;0
159;732;1
160;732;0
161;732;0
162;732;0
163;732;0
164;732;0
165;732;0
166;732;0
167;732;0
168;732;0
169;732;1
170;732;0
171;732;1
172;732;0
173;732;0
174;732;0
175;732;0
176;732;0
177;732;0
178;732;0
179;732;0
180;732;0
181;732;0
182;732;1
183;732;0
184;732;0
185;732;0
186;732;0
187;732;0
188;732;0
189;732;0
190;732;0
191;732;0
192;732;0
193;732;0
194;732;0
195;732;0
196;732;0
197;732;0
198;732;0
1;741;1
2;741;1
3;741;1
4;741;0
5;741;0
6;741;1
7;741;1
8;741;0
9;741;0
10;741;0
11;741;1
12;741;1
13;741;0
14;741;0
15;741;0
16;741;0
17;741;1
18;741;1
19;741;1
20;741;1
21;741;0
22;741;1
23;741;0
24;741;0
25;741;0
26;741;0
27;741;0
28;741;1
29;741;1
30;741;0
31;741;1
32;741;0
33;741;1
34;741;0
35;741;0
36;741;0
37;741;0
38;741;0
39;741;0
40;741;0
41;741;0
42;741;0
43;741;1
44;741;0
45;741;0
46;741;0
47;741;0
48;741;0
49;741;0
50;741;0
51;741;0
52;741;0
53;741;0
54;741;0
55;741;0
56;741;0
57;741;0
58;741;0
59;741;0
60;741;0
61;741;0
62;741;0
63;741;1
64;741;0
65;741;1
66;741;0
67;741;0
68;741;0
69;741;0
70;741;0
71;741;0
72;741;1
73;741;0
74;741;1
75;741;0
76;741;0
77;741;0
78;741;0
79;741;0
80;741;1
81;741;0
82;741;0
84;741;0
85;741;0
86;741;0
87;741;0
88;741;1
89;741;0
90;741;0
91;741;1
92;741;0
93;741;0
94;741;0
95;741;0
96;741;0
97;741;1
98;741;0
99;741;0
100;741;0
101;741;0
102;741;1
103;741;0
104;741;0
105;741;0
106;741;0
107;741;0
108;741;0
109;741;0
110;741;1
111;741;1
112;741;0
113;741;0
114;741;1
115;741;0
116;741;0
117;741;1
118;741;1
119;741;0
120;741;0
121;741;0
122;741;0
123;741;1
124;741;0
125;741;0
126;741;1
127;741;1
128;741;0
129;741;1
130;741;0
131;741;0
132;741;0
133;741;1
134;741;0
135;741;1
136;741;1
137;741;0
138;741;0
139;741;0
140;741;0
141;741;1
142;741;0
143;741;0
144;741;0
145;741;0
146;741;0
147;741;1
148;741;0
149;741;0
150;741;0
151;741;0
152;741;0
153;741;0
154;741;0
155;741;0
156;741;0
157;741;0
158;741;1
159;741;0
160;741;0
161;741;0
162;741;0
163;741;0
164;741;0
165;741;0
166;741;0
167;741;0
168;741;0
169;741;0
170;741;0
171;741;1
172;741;1
173;741;0
174;741;0
175;741;0
176;741;0
177;741;0
178;741;0
179;741;0
180;741;0
181;741;0
182;741;0
183;741;1
184;741;1
185;741;0
186;741;0
187;741;0
188;741;0
189;741;1
190;741;0
191;741;1
192;741;0
193;741;0
194;741;0
195;741;1
196;741;0
197;741;1
198;741;0
1;742;1
2;742;0
3;742;1
4;742;0
5;742;0
6;742;1
7;742;1
8;742;0
9;742;0
10;742;0
11;742;0
12;742;1
13;742;0
14;742;0
15;742;0
16;742;1
17;742;1
18;742;0
19;742;1
20;742;0
21;742;0
22;742;0
23;742;1
24;742;0
25;742;0
26;742;0
27;742;0
28;742;1
29;742;0
30;742;0
31;742;0
32;742;0
33;742;0
34;742;0
35;742;0
36;742;1
37;742;1
38;742;0
39;742;0
40;742;0
41;742;0
42;742;0
43;742;0
44;742;0
45;742;1
46;742;0
47;742;0
48;742;0
49;742;0
50;742;0
51;742;0
52;742;0
53;742;0
54;742;0
55;742;0
56;742;0
57;742;0
58;742;0
59;742;0
60;742;1
61;742;0
62;742;0
63;742;0
64;742;0
65;742;0
66;742;1
67;742;0
68;742;0
69;742;1
70;742;0
71;742;0
72;742;1
73;742;0
74;742;0
75;742;1
76;742;0
77;742;0
78;742;0
79;742;1
80;742;0
81;742;0
82;742;0
84;742;0
85;742;0
86;742;0
87;742;0
88;742;0
89;742;0
90;742;0
91;742;0
92;742;0
93;742;0
94;742;0
95;742;0
96;742;0
97;742;0
98;742;1
99;742;0
100;742;0
101;742;1
102;742;0
103;742;0
104;742;0
105;742;0
106;742;0
107;742;0
108;742;0
109;742;0
110;742;0
111;742;0
112;742;0
113;742;0
114;742;0
115;742;0
116;742;0
117;742;0
118;742;0
119;742;0
120;742;0
121;742;0
122;742;1
123;742;0
124;742;0
125;742;0
126;742;1
127;742;0
128;742;0
129;742;0
130;742;0
131;742;0
132;742;1
133;742;0
134;742;0
135;742;0
136;742;0
137;742;0
138;742;0
139;742;0
140;742;0
141;742;0
142;742;0
143;742;0
144;742;0
145;742;0
146;742;1
147;742;0
148;742;0
149;742;0
150;742;0
151;742;0
152;742;0
153;742;1
154;742;0
155;742;0
156;742;0
157;742;0
158;742;0
159;742;0
160;742;0
161;742;0
162;742;0
163;742;0
164;742;0
165;742;0
166;742;0
167;742;1
168;742;0
169;742;0
170;742;0
171;742;0
172;742;0
173;742;0
174;742;0
175;742;0
176;742;0
177;742;0
178;742;0
179;742;0
180;742;0
181;742;0
182;742;0
183;742;0
184;742;1
185;742;0
186;742;0
187;742;0
188;742;0
189;742;0
190;742;0
191;742;0
192;742;0
193;742;1
194;742;1
195;742;0
196;742;0
197;742;0
198;742;0
1;743;1
2;743;1
3;743;1
4;743;0
5;743;0
6;743;1
7;743;1
8;743;0
9;743;1
10;743;0
11;743;1
12;743;1
13;743;1
14;743;0
15;743;1
16;743;0
17;743;1
18;743;0
19;743;1
20;743;1
21;743;0
22;743;0
23;743;0
24;743;0
25;743;0
26;743;0
27;743;0
28;743;0
29;743;0
30;743;0
31;743;0
32;743;0
33;743;0
34;743;1
35;743;0
36;743;0
37;743;0
38;743;0
39;743;0
40;743;0
41;743;0
42;743;0
43;743;0
44;743;0
45;743;0
46;743;0
47;743;0
48;743;0
49;743;0
50;743;0
51;743;0
52;743;0
53;743;0
54;743;0
55;743;0
56;743;0
57;743;0
58;743;0
59;743;0
60;743;0
61;743;0
62;743;0
63;743;0
64;743;0
65;743;0
66;743;0
67;743;0
68;743;0
69;743;0
70;743;0
71;743;0
72;743;0
73;743;0
74;743;0
75;743;1
76;743;0
77;743;0
78;743;0
79;743;0
80;743;1
81;743;0
82;743;0
84;743;0
85;743;0
86;743;0
87;743;0
88;743;0
89;743;0
90;743;1
91;743;0
92;743;0
93;743;0
94;743;0
95;743;0
96;743;0
97;743;0
98;743;0
99;743;1
100;743;0
101;743;0
102;743;0
103;743;0
104;743;0
105;743;0
106;743;0
107;743;0
108;743;0
109;743;0
110;743;0
111;743;0
112;743;0
113;743;0
114;743;1
115;743;0
116;743;0
117;743;0
118;743;0
119;743;0
120;743;0
121;743;0
122;743;0
123;743;1
124;743;0
125;743;0
126;743;0
127;743;1
128;743;1
129;743;0
130;743;0
131;743;0
132;743;0
133;743;1
134;743;0
135;743;1
136;743;1
137;743;1
138;743;0
139;743;1
140;743;1
141;743;0
142;743;0
143;743;1
144;743;0
145;743;0
146;743;0
147;743;0
148;743;0
149;743;0
150;743;0
151;743;0
152;743;0
153;743;0
154;743;0
155;743;0
156;743;0
157;743;1
158;743;0
159;743;0
160;743;0
161;743;0
162;743;0
163;743;1
164;743;0
165;743;0
166;743;0
167;743;0
168;743;0
169;743;0
170;743;0
171;743;0
172;743;0
173;743;0
174;743;0
175;743;0
176;743;0
177;743;0
178;743;1
179;743;0
180;743;0
181;743;0
182;743;0
183;743;0
184;743;0
185;743;0
186;743;0
187;743;0
188;743;0
189;743;0
190;743;0
191;743;0
192;743;1
193;743;0
194;743;0
195;743;0
196;743;1
197;743;0
198;743;0
1;749;1
2;749;1
3;749;1
4;749;0
5;749;0
6;749;0
7;749;0
8;749;0
9;749;0
10;749;1
11;749;1
12;749;1
13;749;1
14;749;1
15;749;0
16;749;1
17;749;1
18;749;0
19;749;1
20;749;1
21;749;1
22;749;1
23;749;0
24;749;0
25;749;0
26;749;0
27;749;0
28;749;1
29;749;0
30;749;0
31;749;0
32;749;0
33;749;0
34;749;1
35;749;0
36;749;0
37;749;0
38;749;1
39;749;0
40;749;0
41;749;1
42;749;0
43;749;1
44;749;0
45;749;0
46;749;1
47;749;1
48;749;0
49;749;0
50;749;1
51;749;0
52;749;0
53;749;0
54;749;0
55;749;0
56;749;0
57;749;1
58;749;0
59;749;0
60;749;0
61;749;1
62;749;0
63;749;0
64;749;0
65;749;1
66;749;1
67;749;0
68;749;0
69;749;0
70;749;1
71;749;0
72;749;1
73;749;0
74;749;0
75;749;0
76;749;1
77;749;0
78;749;1
79;749;1
80;749;1
81;749;0
82;749;0
84;749;0
85;749;0
86;749;0
87;749;1
88;749;0
89;749;1
90;749;1
91;749;0
92;749;1
93;749;0
94;749;0
95;749;0
96;749;1
97;749;1
98;749;0
99;749;0
100;749;0
101;749;0
102;749;0
103;749;0
104;749;1
105;749;0
106;749;0
107;749;0
108;749;0
109;749;0
110;749;0
111;749;1
112;749;0
113;749;0
114;749;1
115;749;0
116;749;0
117;749;0
118;749;0
119;749;0
120;749;1
121;749;0
122;749;1
123;749;0
124;749;1
125;749;1
126;749;1
127;749;1
128;749;1
129;749;0
130;749;1
131;749;0
132;749;0
133;749;0
134;749;0
135;749;1
136;749;0
137;749;1
138;749;0
139;749;0
140;749;0
141;749;0
142;749;1
143;749;0
144;749;1
145;749;0
146;749;0
147;749;0
148;749;0
149;749;0
150;749;1
151;749;0
152;749;0
153;749;0
154;749;0
155;749;0
156;749;0
157;749;0
158;749;0
159;749;0
160;749;0
161;749;0
162;749;0
163;749;0
164;749;0
165;749;0
166;749;0
167;749;1
168;749;0
169;749;0
170;749;1
171;749;0
172;749;1
173;749;0
174;749;0
175;749;1
176;749;0
177;749;0
178;749;0
179;749;0
180;749;1
181;749;0
182;749;0
183;749;0
184;749;1
185;749;1
186;749;1
187;749;0
188;749;0
189;749;0
190;749;0
191;749;0
192;749;0
193;749;0
194;749;0
195;749;0
196;749;0
197;749;0
198;749;1
1;750;0
2;750;0
3;750;0
4;750;1
5;750;0
6;750;0
7;750;0
8;750;0
9;750;1
10;750;1
11;750;0
12;750;0
13;750;0
14;750;1
15;750;1
16;750;0
17;750;1
18;750;1
19;750;1
20;750;1
21;750;1
22;750;1
23;750;0
24;750;0
25;750;1
26;750;0
27;750;0
28;750;0
29;750;0
30;750;0
31;750;0
32;750;0
33;750;0
34;750;1
35;750;0
36;750;0
37;750;1
38;750;0
39;750;1
40;750;1
41;750;0
42;750;0
43;750;0
44;750;0
45;750;0
46;750;1
47;750;0
48;750;0
49;750;0
50;750;1
51;750;0
52;750;0
53;750;1
54;750;0
55;750;0
56;750;0
57;750;1
58;750;0
59;750;0
60;750;1
61;750;0
62;750;0
63;750;0
64;750;1
65;750;0
66;750;1
67;750;0
68;750;1
69;750;0
70;750;0
71;750;0
72;750;1
73;750;0
74;750;0
75;750;0
76;750;0
77;750;0
78;750;0
79;750;0
80;750;1
81;750;1
82;750;0
84;750;1
85;750;0
86;750;0
87;750;0
88;750;0
89;750;0
90;750;1
91;750;0
92;750;1
93;750;1
94;750;0
95;750;1
96;750;1
97;750;0
98;750;0
99;750;0
100;750;1
101;750;0
102;750;0
103;750;0
104;750;0
105;750;0
106;750;0
107;750;0
108;750;0
109;750;0
110;750;1
111;750;0
112;750;1
113;750;0
114;750;1
115;750;0
116;750;0
117;750;1
118;750;0
119;750;0
120;750;1
121;750;1
122;750;0
123;750;0
124;750;1
125;750;0
126;750;1
127;750;1
128;750;1
129;750;1
130;750;0
131;750;1
132;750;0
133;750;1
134;750;0
135;750;1
136;750;1
137;750;0
138;750;1
139;750;1
140;750;0
141;750;0
142;750;0
143;750;1
144;750;0
145;750;0
146;750;0
147;750;0
148;750;0
149;750;0
150;750;0
151;750;0
152;750;0
153;750;0
154;750;0
155;750;1
156;750;0
157;750;0
158;750;0
159;750;0
160;750;0
161;750;0
162;750;1
163;750;1
164;750;0
165;750;0
166;750;1
167;750;0
168;750;0
169;750;1
170;750;1
171;750;1
172;750;1
173;750;0
174;750;0
175;750;0
176;750;0
177;750;0
178;750;0
179;750;0
180;750;0
181;750;1
182;750;1
183;750;1
184;750;1
185;750;1
186;750;0
187;750;0
188;750;0
189;750;0
190;750;0
191;750;1
192;750;0
193;750;0
194;750;0
195;750;1
196;750;1
197;750;0
198;750;1
1;771;0
2;771;0
3;771;1
4;771;0
5;771;0
6;771;0
7;771;0
8;771;0
9;771;0
10;771;1
11;771;1
12;771;1
13;771;1
14;771;1
15;771;1
16;771;0
17;771;1
18;771;0
19;771;1
20;771;0
21;771;0
22;771;1
23;771;1
24;771;0
25;771;0
26;771;0
27;771;0
28;771;0
29;771;0
30;771;0
31;771;0
32;771;0
33;771;0
34;771;0
35;771;0
36;771;0
37;771;0
38;771;0
39;771;0
40;771;0
41;771;1
42;771;0
43;771;0
44;771;1
45;771;0
46;771;0
47;771;0
48;771;0
49;771;0
50;771;1
51;771;0
52;771;0
53;771;0
54;771;1
55;771;0
56;771;0
57;771;0
58;771;0
59;771;0
60;771;0
61;771;0
62;771;0
63;771;0
64;771;0
65;771;0
66;771;0
67;771;0
68;771;0
69;771;0
70;771;0
71;771;0
72;771;1
73;771;0
74;771;0
75;771;1
76;771;0
77;771;0
78;771;1
79;771;0
80;771;1
81;771;1
82;771;0
84;771;0
85;771;1
86;771;1
87;771;1
88;771;0
89;771;0
90;771;0
91;771;1
92;771;1
93;771;0
94;771;1
95;771;0
96;771;0
97;771;1
98;771;0
99;771;0
100;771;0
101;771;1
102;771;0
103;771;0
104;771;0
105;771;0
106;771;0
107;771;1
108;771;1
109;771;0
110;771;0
111;771;0
112;771;1
113;771;0
114;771;1
115;771;0
116;771;0
117;771;0
118;771;1
119;771;0
120;771;0
121;771;0
122;771;0
123;771;1
124;771;1
125;771;1
126;771;1
127;771;1
128;771;0
129;771;0
130;771;1
131;771;1
132;771;1
133;771;1
134;771;0
135;771;0
136;771;1
137;771;0
138;771;0
139;771;1
140;771;0
141;771;0
142;771;0
143;771;0
144;771;0
145;771;0
146;771;1
147;771;0
148;771;0
149;771;0
150;771;0
151;771;0
152;771;1
153;771;0
154;771;0
155;771;0
156;771;0
157;771;0
158;771;0
159;771;0
160;771;0
161;771;0
162;771;0
163;771;0
164;771;0
165;771;0
166;771;0
167;771;0
168;771;0
169;771;0
170;771;0
171;771;0
172;771;0
173;771;0
174;771;0
175;771;0
176;771;1
177;771;0
178;771;0
179;771;1
180;771;0
181;771;0
182;771;0
183;771;0
184;771;0
185;771;0
186;771;0
187;771;0
188;771;0
189;771;0
190;771;0
191;771;0
192;771;0
193;771;0
194;771;0
195;771;1
196;771;0
197;771;0
198;771;0
1;772;0
2;772;1
3;772;1
4;772;0
5;772;0
6;772;1
7;772;0
8;772;0
9;772;0
10;772;0
11;772;1
12;772;0
13;772;1
14;772;0
15;772;1
16;772;0
17;772;1
18;772;1
19;772;0
20;772;1
21;772;1
22;772;0
23;772;0
24;772;0
25;772;0
26;772;1
27;772;0
28;772;0
29;772;0
30;772;0
31;772;0
32;772;0
33;772;0
34;772;0
35;772;0
36;772;0
37;772;0
38;772;0
39;772;1
40;772;0
41;772;1
42;772;1
43;772;1
44;772;1
45;772;0
46;772;0
47;772;0
48;772;0
49;772;0
50;772;0
51;772;1
52;772;0
53;772;0
54;772;0
55;772;0
56;772;0
57;772;0
58;772;0
59;772;0
60;772;0
61;772;0
62;772;0
63;772;0
64;772;0
65;772;1
66;772;0
67;772;1
68;772;0
69;772;0
70;772;1
71;772;0
72;772;0
73;772;0
74;772;1
75;772;1
76;772;1
77;772;0
78;772;0
79;772;0
80;772;1
81;772;0
82;772;0
84;772;0
85;772;0
86;772;0
87;772;0
88;772;1
89;772;1
90;772;0
91;772;0
92;772;0
93;772;0
94;772;1
95;772;1
96;772;0
97;772;0
98;772;0
99;772;0
100;772;0
101;772;0
102;772;0
103;772;1
104;772;0
105;772;0
106;772;0
107;772;0
108;772;0
109;772;0
110;772;0
111;772;0
112;772;0
113;772;0
114;772;1
115;772;0
116;772;0
117;772;0
118;772;0
119;772;0
120;772;0
121;772;0
122;772;1
123;772;1
124;772;1
125;772;0
126;772;0
127;772;1
128;772;1
129;772;0
130;772;1
131;772;1
132;772;1
133;772;1
134;772;1
135;772;1
136;772;1
137;772;0
138;772;0
139;772;1
140;772;0
141;772;0
142;772;1
143;772;0
144;772;0
145;772;0
146;772;1
147;772;0
148;772;0
149;772;0
150;772;0
151;772;0
152;772;0
153;772;0
154;772;0
155;772;0
156;772;1
157;772;0
158;772;0
159;772;0
160;772;0
161;772;0
162;772;1
163;772;0
164;772;1
165;772;0
166;772;1
167;772;0
168;772;1
169;772;0
170;772;1
171;772;0
172;772;0
173;772;0
174;772;0
175;772;1
176;772;0
177;772;0
178;772;0
179;772;1
180;772;0
181;772;1
182;772;0
183;772;0
184;772;1
185;772;1
186;772;0
187;772;0
188;772;0
189;772;1
190;772;0
191;772;0
192;772;0
193;772;1
194;772;1
195;772;0
196;772;0
197;772;0
198;772;0
1;773;0
2;773;0
3;773;1
4;773;0
5;773;0
6;773;0
7;773;0
8;773;0
9;773;0
10;773;1
11;773;1
12;773;1
13;773;0
14;773;0
15;773;1
16;773;1
17;773;1
18;773;1
19;773;0
20;773;1
21;773;0
22;773;1
23;773;1
24;773;0
25;773;0
26;773;0
27;773;0
28;773;0
29;773;1
30;773;0
31;773;0
32;773;0
33;773;0
34;773;0
35;773;1
36;773;1
37;773;0
38;773;0
39;773;0
40;773;0
41;773;0
42;773;0
43;773;0
44;773;0
45;773;1
46;773;0
47;773;0
48;773;1
49;773;0
50;773;0
51;773;0
52;773;0
53;773;0
54;773;0
55;773;0
56;773;0
57;773;0
58;773;0
59;773;0
60;773;0
61;773;0
62;773;0
63;773;0
64;773;1
65;773;0
66;773;1
67;773;0
68;773;0
69;773;0
70;773;0
71;773;0
72;773;0
73;773;1
74;773;1
75;773;0
76;773;0
77;773;0
78;773;0
79;773;0
80;773;0
81;773;1
82;773;1
84;773;1
85;773;1
86;773;0
87;773;0
88;773;1
89;773;0
90;773;0
91;773;0
92;773;0
93;773;0
94;773;0
95;773;0
96;773;0
97;773;0
98;773;0
99;773;1
100;773;0
101;773;0
102;773;0
103;773;0
104;773;1
105;773;0
106;773;1
107;773;1
108;773;1
109;773;0
110;773;0
111;773;0
112;773;0
113;773;1
114;773;0
115;773;0
116;773;0
117;773;1
118;773;1
119;773;0
120;773;0
121;773;0
122;773;0
123;773;0
124;773;0
125;773;1
126;773;1
127;773;1
128;773;1
129;773;1
130;773;0
131;773;1
132;773;0
133;773;0
134;773;1
135;773;1
136;773;1
137;773;1
138;773;0
139;773;0
140;773;0
141;773;0
142;773;0
143;773;0
144;773;0
145;773;0
146;773;0
147;773;0
148;773;0
149;773;0
150;773;0
151;773;0
152;773;0
153;773;0
154;773;0
155;773;0
156;773;0
157;773;0
158;773;0
159;773;1
160;773;0
161;773;0
162;773;0
163;773;0
164;773;0
165;773;0
166;773;0
167;773;1
168;773;0
169;773;1
170;773;1
171;773;0
172;773;0
173;773;1
174;773;0
175;773;1
176;773;0
177;773;1
178;773;0
179;773;0
180;773;0
181;773;0
182;773;0
183;773;0
184;773;0
185;773;1
186;773;1
187;773;0
188;773;0
189;773;0
190;773;0
191;773;0
192;773;0
193;773;0
194;773;0
195;773;0
196;773;0
197;773;0
198;773;1
1;774;1
2;774;0
3;774;1
4;774;0
5;774;1
6;774;1
7;774;1
8;774;0
9;774;0
10;774;0
11;774;1
12;774;1
13;774;0
14;774;1
15;774;0
16;774;0
17;774;1
18;774;0
19;774;1
20;774;1
21;774;0
22;774;1
23;774;0
24;774;0
25;774;0
26;774;0
27;774;0
28;774;0
29;774;0
30;774;0
31;774;0
32;774;0
33;774;0
34;774;0
35;774;0
36;774;0
37;774;0
38;774;0
39;774;0
40;774;0
41;774;0
42;774;0
43;774;0
44;774;0
45;774;0
46;774;0
47;774;0
48;774;0
49;774;0
50;774;0
51;774;0
52;774;0
53;774;0
54;774;0
55;774;1
56;774;0
57;774;0
58;774;0
59;774;0
60;774;0
61;774;0
62;774;1
63;774;0
64;774;0
65;774;0
66;774;0
67;774;0
68;774;0
69;774;0
70;774;0
71;774;0
72;774;0
73;774;0
74;774;0
75;774;0
76;774;0
77;774;0
78;774;0
79;774;0
80;774;0
81;774;0
82;774;0
84;774;0
85;774;0
86;774;0
87;774;0
88;774;0
89;774;0
90;774;0
91;774;0
92;774;0
93;774;0
94;774;0
95;774;0
96;774;0
97;774;0
98;774;0
99;774;0
100;774;0
101;774;0
102;774;0
103;774;0
104;774;0
105;774;0
106;774;0
107;774;0
108;774;0
109;774;0
110;774;0
111;774;0
112;774;0
113;774;0
114;774;0
115;774;0
116;774;0
117;774;0
118;774;0
119;774;0
120;774;0
121;774;0
122;774;0
123;774;1
124;774;0
125;774;0
126;774;1
127;774;0
128;774;0
129;774;0
130;774;0
131;774;0
132;774;0
133;774;1
134;774;0
135;774;1
136;774;0
137;774;0
138;774;0
139;774;0
140;774;0
141;774;0
142;774;0
143;774;0
144;774;0
145;774;0
146;774;0
147;774;0
148;774;0
149;774;0
150;774;0
151;774;0
152;774;0
153;774;0
154;774;0
155;774;0
156;774;0
157;774;0
158;774;0
159;774;0
160;774;0
161;774;0
162;774;0
163;774;0
164;774;0
165;774;0
166;774;0
167;774;0
168;774;0
169;774;0
170;774;0
171;774;0
172;774;0
173;774;0
174;774;0
175;774;0
176;774;0
177;774;0
178;774;0
179;774;0
180;774;0
181;774;0
182;774;0
183;774;0
184;774;0
185;774;0
186;774;0
187;774;0
188;774;0
189;774;0
190;774;0
191;774;0
192;774;0
193;774;0
194;774;0
195;774;0
196;774;0
197;774;0
198;774;0
1;781;0
2;781;1
3;781;1
4;781;1
5;781;0
6;781;1
7;781;0
8;781;0
9;781;0
10;781;1
11;781;1
12;781;0
13;781;0
14;781;0
15;781;1
16;781;0
17;781;1
18;781;0
19;781;1
20;781;0
21;781;1
22;781;1
23;781;0
24;781;0
25;781;0
26;781;0
27;781;0
28;781;0
29;781;1
30;781;0
31;781;0
32;781;0
33;781;0
34;781;0
35;781;0
36;781;0
37;781;0
38;781;0
39;781;1
40;781;0
41;781;0
42;781;0
43;781;1
44;781;0
45;781;1
46;781;0
47;781;1
48;781;0
49;781;0
50;781;0
51;781;0
52;781;0
53;781;0
54;781;0
55;781;0
56;781;0
57;781;0
58;781;0
59;781;1
60;781;0
61;781;1
62;781;1
63;781;0
64;781;0
65;781;0
66;781;1
67;781;0
68;781;0
69;781;0
70;781;0
71;781;0
72;781;0
73;781;0
74;781;0
75;781;0
76;781;0
77;781;0
78;781;1
79;781;0
80;781;0
81;781;0
82;781;0
84;781;1
85;781;1
86;781;0
87;781;0
88;781;0
89;781;0
90;781;0
91;781;0
92;781;0
93;781;0
94;781;0
95;781;0
96;781;0
97;781;0
98;781;0
99;781;0
100;781;0
101;781;0
102;781;0
103;781;0
104;781;1
105;781;1
106;781;0
107;781;1
108;781;1
109;781;0
110;781;1
111;781;0
112;781;1
113;781;1
114;781;0
115;781;1
116;781;0
117;781;1
118;781;0
119;781;0
120;781;1
121;781;0
122;781;0
123;781;0
124;781;1
125;781;1
126;781;0
127;781;1
128;781;0
129;781;0
130;781;1
131;781;1
132;781;0
133;781;0
134;781;0
135;781;0
136;781;0
137;781;0
138;781;0
139;781;0
140;781;0
141;781;0
142;781;0
143;781;0
144;781;0
145;781;0
146;781;0
147;781;0
148;781;1
149;781;0
150;781;0
151;781;0
152;781;0
153;781;0
154;781;0
155;781;0
156;781;0
157;781;0
158;781;0
159;781;1
160;781;0
161;781;0
162;781;1
163;781;1
164;781;1
165;781;0
166;781;1
167;781;1
168;781;1
169;781;0
170;781;1
171;781;0
172;781;0
173;781;0
174;781;0
175;781;0
176;781;0
177;781;0
178;781;1
179;781;0
180;781;0
181;781;1
182;781;0
183;781;0
184;781;1
185;781;0
186;781;0
187;781;0
188;781;0
189;781;0
190;781;0
191;781;0
192;781;0
193;781;1
194;781;0
195;781;1
196;781;0
197;781;0
198;781;0
1;782;0
2;782;1
3;782;0
4;782;0
5;782;0
6;782;0
7;782;1
8;782;0
9;782;0
10;782;0
11;782;1
12;782;0
13;782;1
14;782;1
15;782;1
16;782;1
17;782;1
18;782;0
19;782;0
20;782;0
21;782;0
22;782;1
23;782;0
24;782;0
25;782;0
26;782;0
27;782;0
28;782;0
29;782;0
30;782;0
31;782;0
32;782;0
33;782;0
34;782;0
35;782;0
36;782;0
37;782;1
38;782;0
39;782;0
40;782;0
41;782;0
42;782;0
43;782;0
44;782;0
45;782;0
46;782;0
47;782;0
48;782;0
49;782;0
50;782;0
51;782;0
52;782;0
53;782;0
54;782;0
55;782;0
56;782;1
57;782;0
58;782;0
59;782;0
60;782;0
61;782;0
62;782;0
63;782;0
64;782;0
65;782;0
66;782;0
67;782;0
68;782;0
69;782;0
70;782;0
71;782;0
72;782;0
73;782;0
74;782;0
75;782;0
76;782;0
77;782;0
78;782;1
79;782;0
80;782;1
81;782;0
82;782;0
84;782;0
85;782;1
86;782;1
87;782;0
88;782;0
89;782;0
90;782;1
91;782;0
92;782;0
93;782;0
94;782;0
95;782;1
96;782;0
97;782;0
98;782;0
99;782;0
100;782;0
101;782;0
102;782;0
103;782;0
104;782;0
105;782;0
106;782;0
107;782;0
108;782;0
109;782;0
110;782;0
111;782;0
112;782;0
113;782;0
114;782;0
115;782;1
116;782;0
117;782;0
118;782;0
119;782;0
120;782;0
121;782;0
122;782;0
123;782;0
124;782;0
125;782;1
126;782;1
127;782;0
128;782;0
129;782;0
130;782;0
131;782;0
132;782;0
133;782;0
134;782;0
135;782;0
136;782;0
137;782;0
138;782;1
139;782;0
140;782;0
141;782;0
142;782;0
143;782;0
144;782;0
145;782;1
146;782;0
147;782;0
148;782;0
149;782;0
150;782;0
151;782;0
152;782;0
153;782;0
154;782;0
155;782;0
156;782;0
157;782;0
158;782;0
159;782;0
160;782;0
161;782;0
162;782;0
163;782;0
164;782;0
165;782;1
166;782;0
167;782;0
168;782;0
169;782;0
170;782;0
171;782;1
172;782;0
173;782;0
174;782;0
175;782;0
176;782;1
177;782;0
178;782;0
179;782;0
180;782;0
181;782;0
182;782;0
183;782;0
184;782;0
185;782;1
186;782;0
187;782;0
188;782;0
189;782;0
190;782;0
191;782;0
192;782;0
193;782;0
194;782;0
195;782;1
196;782;0
197;782;1
198;782;0
1;783;0
2;783;0
3;783;0
4;783;0
5;783;0
6;783;1
7;783;0
8;783;0
9;783;0
10;783;0
11;783;0
12;783;0
13;783;1
14;783;0
15;783;1
16;783;0
17;783;0
18;783;1
19;783;0
20;783;0
21;783;0
22;783;0
23;783;0
24;783;0
25;783;0
26;783;0
27;783;0
28;783;0
29;783;0
30;783;0
31;783;0
32;783;0
33;783;0
34;783;0
35;783;0
36;783;0
37;783;0
38;783;0
39;783;0
40;783;0
41;783;0
42;783;0
43;783;0
44;783;0
45;783;0
46;783;0
47;783;0
48;783;0
49;783;0
50;783;0
51;783;0
52;783;0
53;783;0
54;783;0
55;783;0
56;783;0
57;783;0
58;783;0
59;783;0
60;783;0
61;783;0
62;783;0
63;783;0
64;783;0
65;783;0
66;783;0
67;783;0
68;783;1
69;783;1
70;783;0
71;783;0
72;783;0
73;783;0
74;783;0
75;783;0
76;783;0
77;783;0
78;783;0
79;783;0
80;783;0
81;783;0
82;783;1
84;783;0
85;783;1
86;783;0
87;783;0
88;783;0
89;783;0
90;783;0
91;783;0
92;783;0
93;783;0
94;783;0
95;783;0
96;783;0
97;783;0
98;783;0
99;783;0
100;783;0
101;783;0
102;783;0
103;783;1
104;783;0
105;783;0
106;783;0
107;783;0
108;783;0
109;783;0
110;783;0
111;783;0
112;783;0
113;783;0
114;783;0
115;783;1
116;783;0
117;783;0
118;783;0
119;783;0
120;783;0
121;783;0
122;783;0
123;783;1
124;783;0
125;783;1
126;783;0
127;783;0
128;783;0
129;783;0
130;783;0
131;783;0
132;783;0
133;783;0
134;783;0
135;783;1
136;783;0
137;783;0
138;783;1
139;783;0
140;783;0
141;783;0
142;783;0
143;783;0
144;783;0
145;783;1
146;783;0
147;783;0
148;783;1
149;783;0
150;783;0
151;783;0
152;783;0
153;783;0
154;783;1
155;783;0
156;783;0
157;783;0
158;783;0
159;783;0
160;783;0
161;783;0
162;783;0
163;783;0
164;783;0
165;783;0
166;783;0
167;783;0
168;783;0
169;783;0
170;783;0
171;783;0
172;783;0
173;783;0
174;783;0
175;783;0
176;783;0
177;783;0
178;783;0
179;783;1
180;783;0
181;783;0
182;783;0
183;783;0
184;783;0
185;783;0
186;783;0
187;783;0
188;783;0
189;783;0
190;783;0
191;783;0
192;783;0
193;783;0
194;783;0
195;783;0
196;783;0
197;783;0
198;783;0
1;791;1
2;791;1
3;791;1
4;791;0
5;791;1
6;791;1
7;791;1
8;791;0
9;791;1
10;791;0
11;791;1
12;791;1
13;791;0
14;791;0
15;791;0
16;791;0
17;791;0
18;791;0
19;791;1
20;791;0
21;791;0
22;791;1
23;791;0
24;791;0
25;791;0
26;791;0
27;791;0
28;791;1
29;791;0
30;791;0
31;791;0
32;791;0
33;791;0
34;791;0
35;791;0
36;791;0
37;791;0
38;791;0
39;791;0
40;791;0
41;791;0
42;791;0
43;791;0
44;791;0
45;791;0
46;791;0
47;791;0
48;791;0
49;791;0
50;791;0
51;791;0
52;791;0
53;791;0
54;791;0
55;791;0
56;791;0
57;791;0
58;791;0
59;791;0
60;791;0
61;791;0
62;791;0
63;791;0
64;791;0
65;791;0
66;791;0
67;791;0
68;791;0
69;791;0
70;791;0
71;791;0
72;791;0
73;791;0
74;791;0
75;791;0
76;791;0
77;791;0
78;791;0
79;791;0
80;791;0
81;791;0
82;791;0
84;791;0
85;791;0
86;791;0
87;791;0
88;791;0
89;791;0
90;791;0
91;791;0
92;791;0
93;791;0
94;791;0
95;791;0
96;791;0
97;791;0
98;791;0
99;791;0
100;791;0
101;791;0
102;791;0
103;791;0
104;791;0
105;791;0
106;791;0
107;791;0
108;791;1
109;791;0
110;791;0
111;791;1
112;791;0
113;791;0
114;791;1
115;791;0
116;791;0
117;791;0
118;791;0
119;791;1
120;791;0
121;791;0
122;791;0
123;791;0
124;791;0
125;791;0
126;791;0
127;791;0
128;791;0
129;791;0
130;791;0
131;791;0
132;791;0
133;791;0
134;791;0
135;791;1
136;791;0
137;791;0
138;791;0
139;791;1
140;791;0
141;791;0
142;791;0
143;791;0
144;791;0
145;791;0
146;791;1
147;791;0
148;791;0
149;791;0
150;791;0
151;791;0
152;791;0
153;791;0
154;791;0
155;791;0
156;791;0
157;791;0
158;791;0
159;791;0
160;791;0
161;791;0
162;791;0
163;791;0
164;791;0
165;791;0
166;791;0
167;791;0
168;791;0
169;791;0
170;791;0
171;791;0
172;791;0
173;791;1
174;791;0
175;791;0
176;791;0
177;791;0
178;791;0
179;791;0
180;791;0
181;791;0
182;791;0
183;791;0
184;791;0
185;791;1
186;791;0
187;791;0
188;791;0
189;791;1
190;791;0
191;791;0
192;791;0
193;791;1
194;791;0
195;791;0
196;791;0
197;791;0
198;791;0
1;799;1
2;799;1
3;799;1
4;799;1
5;799;1
6;799;1
7;799;1
8;799;0
9;799;1
10;799;0
11;799;1
12;799;1
13;799;1
14;799;1
15;799;0
16;799;0
17;799;1
18;799;0
19;799;0
20;799;0
21;799;0
22;799;0
23;799;0
24;799;0
25;799;0
26;799;0
27;799;0
28;799;0
29;799;1
30;799;0
31;799;1
32;799;0
33;799;0
34;799;0
35;799;0
36;799;0
37;799;0
38;799;0
39;799;0
40;799;0
41;799;0
42;799;0
43;799;0
44;799;0
45;799;0
46;799;0
47;799;0
48;799;0
49;799;0
50;799;0
51;799;0
52;799;0
53;799;0
54;799;0
55;799;0
56;799;0
57;799;0
58;799;0
59;799;0
60;799;0
61;799;1
62;799;0
63;799;0
64;799;0
65;799;0
66;799;0
67;799;0
68;799;0
69;799;0
70;799;0
71;799;0
72;799;0
73;799;0
74;799;0
75;799;0
76;799;0
77;799;0
78;799;0
79;799;0
80;799;0
81;799;0
82;799;0
84;799;0
85;799;0
86;799;0
87;799;0
88;799;0
89;799;0
90;799;0
91;799;1
92;799;0
93;799;0
94;799;0
95;799;1
96;799;0
97;799;0
98;799;0
99;799;0
100;799;0
101;799;0
102;799;0
103;799;0
104;799;1
105;799;0
106;799;0
107;799;0
108;799;0
109;799;0
110;799;0
111;799;0
112;799;0
113;799;0
114;799;0
115;799;0
116;799;0
117;799;1
118;799;0
119;799;0
120;799;0
121;799;0
122;799;0
123;799;0
124;799;0
125;799;1
126;799;0
127;799;0
128;799;0
129;799;0
130;799;0
131;799;0
132;799;0
133;799;1
134;799;0
135;799;1
136;799;1
137;799;0
138;799;1
139;799;1
140;799;0
141;799;0
142;799;0
143;799;0
144;799;0
145;799;0
146;799;1
147;799;0
148;799;0
149;799;0
150;799;0
151;799;1
152;799;0
153;799;0
154;799;0
155;799;0
156;799;0
157;799;0
158;799;0
159;799;0
160;799;0
161;799;0
162;799;0
163;799;1
164;799;0
165;799;0
166;799;0
167;799;0
168;799;1
169;799;1
170;799;0
171;799;0
172;799;0
173;799;0
174;799;0
175;799;0
176;799;0
177;799;0
178;799;0
179;799;1
180;799;0
181;799;0
182;799;0
183;799;0
184;799;1
185;799;1
186;799;0
187;799;0
188;799;0
189;799;1
190;799;0
191;799;1
192;799;0
193;799;1
194;799;0
195;799;0
196;799;1
197;799;0
198;799;0
1;801;0
2;801;1
3;801;1
4;801;0
5;801;0
6;801;0
7;801;1
8;801;1
9;801;1
10;801;0
11;801;1
12;801;0
13;801;1
14;801;1
15;801;1
16;801;1
17;801;1
18;801;1
19;801;1
20;801;1
21;801;1
22;801;0
23;801;0
24;801;0
25;801;0
26;801;0
27;801;0
28;801;0
29;801;0
30;801;1
31;801;0
32;801;0
33;801;1
34;801;0
35;801;0
36;801;0
37;801;0
38;801;0
39;801;0
40;801;0
41;801;0
42;801;0
43;801;0
44;801;0
45;801;0
46;801;0
47;801;0
48;801;0
49;801;0
50;801;0
51;801;0
52;801;0
53;801;0
54;801;1
55;801;0
56;801;0
57;801;0
58;801;0
59;801;0
60;801;0
61;801;0
62;801;0
63;801;0
64;801;0
65;801;0
66;801;0
67;801;1
68;801;0
69;801;0
70;801;1
71;801;0
72;801;0
73;801;0
74;801;0
75;801;0
76;801;0
77;801;0
78;801;0
79;801;0
80;801;0
81;801;0
82;801;0
84;801;0
85;801;0
86;801;0
87;801;0
88;801;0
89;801;0
90;801;0
91;801;0
92;801;0
93;801;0
94;801;0
95;801;0
96;801;0
97;801;0
98;801;0
99;801;0
100;801;0
101;801;0
102;801;0
103;801;1
104;801;0
105;801;0
106;801;0
107;801;1
108;801;0
109;801;0
110;801;0
111;801;0
112;801;1
113;801;0
114;801;0
115;801;1
116;801;0
117;801;0
118;801;0
119;801;0
120;801;0
121;801;0
122;801;1
123;801;0
124;801;1
125;801;1
126;801;1
127;801;0
128;801;0
129;801;0
130;801;1
131;801;1
132;801;0
133;801;0
134;801;1
135;801;0
136;801;1
137;801;1
138;801;0
139;801;1
140;801;0
141;801;1
142;801;0
143;801;0
144;801;0
145;801;0
146;801;0
147;801;0
148;801;0
149;801;0
150;801;0
151;801;0
152;801;0
153;801;0
154;801;0
155;801;0
156;801;0
157;801;0
158;801;0
159;801;0
160;801;0
161;801;0
162;801;0
163;801;0
164;801;0
165;801;0
166;801;0
167;801;0
168;801;0
169;801;0
170;801;0
171;801;0
172;801;0
173;801;0
174;801;0
175;801;0
176;801;0
177;801;0
178;801;0
179;801;1
180;801;0
181;801;0
182;801;0
183;801;0
184;801;0
185;801;0
186;801;1
187;801;0
188;801;0
189;801;0
190;801;0
191;801;0
192;801;0
193;801;0
194;801;0
195;801;0
196;801;0
197;801;0
198;801;1
1;802;1
2;802;0
3;802;1
4;802;1
5;802;0
6;802;0
7;802;0
8;802;1
9;802;0
10;802;1
11;802;1
12;802;0
13;802;0
14;802;1
15;802;1
16;802;1
17;802;0
18;802;1
19;802;1
20;802;1
21;802;1
22;802;1
23;802;1
24;802;0
25;802;0
26;802;1
27;802;0
28;802;0
29;802;0
30;802;0
31;802;0
32;802;0
33;802;0
34;802;0
35;802;0
36;802;0
37;802;0
38;802;0
39;802;0
40;802;0
41;802;0
42;802;1
43;802;0
44;802;0
45;802;0
46;802;1
47;802;0
48;802;0
49;802;0
50;802;0
51;802;0
52;802;0
53;802;0
54;802;0
55;802;0
56;802;1
57;802;0
58;802;0
59;802;1
60;802;0
61;802;0
62;802;0
63;802;0
64;802;0
65;802;0
66;802;0
67;802;0
68;802;1
69;802;1
70;802;0
71;802;0
72;802;1
73;802;0
74;802;0
75;802;0
76;802;1
77;802;0
78;802;0
79;802;0
80;802;1
81;802;0
82;802;1
84;802;1
85;802;0
86;802;0
87;802;1
88;802;0
89;802;0
90;802;0
91;802;0
92;802;0
93;802;0
94;802;0
95;802;0
96;802;0
97;802;0
98;802;0
99;802;0
100;802;0
101;802;0
102;802;0
103;802;0
104;802;0
105;802;1
106;802;0
107;802;1
108;802;0
109;802;0
110;802;0
111;802;0
112;802;1
113;802;0
114;802;1
115;802;1
116;802;1
117;802;0
118;802;0
119;802;0
120;802;0
121;802;0
122;802;1
123;802;0
124;802;1
125;802;0
126;802;1
127;802;1
128;802;0
129;802;1
130;802;1
131;802;1
132;802;0
133;802;1
134;802;1
135;802;0
136;802;1
137;802;0
138;802;1
139;802;1
140;802;0
141;802;0
142;802;1
143;802;0
144;802;0
145;802;1
146;802;0
147;802;0
148;802;0
149;802;0
150;802;0
151;802;0
152;802;0
153;802;0
154;802;1
155;802;0
156;802;0
157;802;0
158;802;0
159;802;0
160;802;0
161;802;0
162;802;0
163;802;0
164;802;0
165;802;0
166;802;0
167;802;1
168;802;0
169;802;1
170;802;1
171;802;0
172;802;1
173;802;0
174;802;0
175;802;0
176;802;0
177;802;1
178;802;0
179;802;1
180;802;0
181;802;0
182;802;1
183;802;1
184;802;0
185;802;1
186;802;0
187;802;1
188;802;0
189;802;0
190;802;0
191;802;1
192;802;0
193;802;0
194;802;1
195;802;0
196;802;0
197;802;0
198;802;0
1;803;0
2;803;0
3;803;1
4;803;1
5;803;1
6;803;0
7;803;1
8;803;1
9;803;0
10;803;1
11;803;1
12;803;0
13;803;1
14;803;0
15;803;1
16;803;1
17;803;0
18;803;1
19;803;1
20;803;0
21;803;1
22;803;1
23;803;0
24;803;0
25;803;0
26;803;0
27;803;0
28;803;0
29;803;0
30;803;0
31;803;1
32;803;0
33;803;0
34;803;0
35;803;0
36;803;1
37;803;1
38;803;1
39;803;0
40;803;0
41;803;0
42;803;0
43;803;0
44;803;0
45;803;0
46;803;0
47;803;0
48;803;0
49;803;0
50;803;0
51;803;0
52;803;0
53;803;0
54;803;0
55;803;0
56;803;0
57;803;0
58;803;0
59;803;1
60;803;0
61;803;0
62;803;0
63;803;1
64;803;0
65;803;0
66;803;0
67;803;0
68;803;0
69;803;0
70;803;0
71;803;0
72;803;0
73;803;0
74;803;1
75;803;0
76;803;0
77;803;0
78;803;0
79;803;0
80;803;0
81;803;1
82;803;0
84;803;0
85;803;0
86;803;0
87;803;0
88;803;0
89;803;0
90;803;0
91;803;0
92;803;0
93;803;0
94;803;1
95;803;0
96;803;0
97;803;0
98;803;0
99;803;0
100;803;0
101;803;1
102;803;0
103;803;0
104;803;0
105;803;0
106;803;0
107;803;0
108;803;0
109;803;0
110;803;0
111;803;0
112;803;1
113;803;1
114;803;1
115;803;1
116;803;0
117;803;0
118;803;0
119;803;0
120;803;0
121;803;0
122;803;0
123;803;0
124;803;1
125;803;1
126;803;1
127;803;0
128;803;1
129;803;1
130;803;0
131;803;0
132;803;0
133;803;0
134;803;0
135;803;0
136;803;0
137;803;0
138;803;0
139;803;1
140;803;1
141;803;0
142;803;0
143;803;0
144;803;0
145;803;0
146;803;0
147;803;0
148;803;0
149;803;0
150;803;0
151;803;0
152;803;0
153;803;0
154;803;0
155;803;0
156;803;0
157;803;0
158;803;0
159;803;0
160;803;0
161;803;0
162;803;0
163;803;0
164;803;0
165;803;0
166;803;0
167;803;0
168;803;0
169;803;0
170;803;0
171;803;0
172;803;0
173;803;0
174;803;0
175;803;0
176;803;0
177;803;0
178;803;0
179;803;0
180;803;0
181;803;0
182;803;0
183;803;0
184;803;0
185;803;1
186;803;0
187;803;0
188;803;0
189;803;0
190;803;0
191;803;0
192;803;0
193;803;0
194;803;0
195;803;0
196;803;1
197;803;0
198;803;0
1;811;0
2;811;0
3;811;1
4;811;0
5;811;0
6;811;1
7;811;1
8;811;1
9;811;1
10;811;1
11;811;0
12;811;0
13;811;1
14;811;0
15;811;0
16;811;1
17;811;0
18;811;1
19;811;1
20;811;0
21;811;0
22;811;0
23;811;0
24;811;0
25;811;0
26;811;0
27;811;0
28;811;0
29;811;0
30;811;0
31;811;0
32;811;0
33;811;0
34;811;0
35;811;0
36;811;1
37;811;0
38;811;0
39;811;0
40;811;0
41;811;0
42;811;0
43;811;0
44;811;0
45;811;0
46;811;0
47;811;0
48;811;0
49;811;0
50;811;0
51;811;0
52;811;0
53;811;0
54;811;0
55;811;0
56;811;0
57;811;0
58;811;0
59;811;0
60;811;0
61;811;0
62;811;0
63;811;0
64;811;1
65;811;0
66;811;0
67;811;0
68;811;0
69;811;0
70;811;0
71;811;0
72;811;0
73;811;0
74;811;0
75;811;0
76;811;0
77;811;0
78;811;0
79;811;0
80;811;0
81;811;1
82;811;0
84;811;0
85;811;0
86;811;0
87;811;1
88;811;0
89;811;0
90;811;0
91;811;0
92;811;0
93;811;0
94;811;0
95;811;1
96;811;0
97;811;0
98;811;0
99;811;0
100;811;0
101;811;0
102;811;0
103;811;0
104;811;0
105;811;0
106;811;0
107;811;0
108;811;0
109;811;0
110;811;0
111;811;0
112;811;0
113;811;0
114;811;0
115;811;0
116;811;0
117;811;0
118;811;1
119;811;0
120;811;1
121;811;0
122;811;0
123;811;0
124;811;1
125;811;1
126;811;1
127;811;0
128;811;0
129;811;0
130;811;0
131;811;0
132;811;0
133;811;0
134;811;0
135;811;1
136;811;0
137;811;0
138;811;1
139;811;0
140;811;0
141;811;0
142;811;0
143;811;0
144;811;1
145;811;0
146;811;0
147;811;0
148;811;0
149;811;0
150;811;0
151;811;0
152;811;0
153;811;1
154;811;0
155;811;0
156;811;0
157;811;0
158;811;0
159;811;0
160;811;0
161;811;0
162;811;0
163;811;0
164;811;0
165;811;0
166;811;0
167;811;0
168;811;0
169;811;0
170;811;0
171;811;0
172;811;0
173;811;0
174;811;0
175;811;0
176;811;0
177;811;0
178;811;0
179;811;0
180;811;0
181;811;0
182;811;0
183;811;0
184;811;0
185;811;0
186;811;0
187;811;0
188;811;0
189;811;0
190;811;0
191;811;0
192;811;0
193;811;0
194;811;0
195;811;0
196;811;0
197;811;0
198;811;0
1;812;0
2;812;1
3;812;1
4;812;1
5;812;0
6;812;1
7;812;1
8;812;0
9;812;0
10;812;0
11;812;1
12;812;0
13;812;1
14;812;1
15;812;1
16;812;1
17;812;1
18;812;1
19;812;1
20;812;1
21;812;1
22;812;1
23;812;1
24;812;0
25;812;0
26;812;0
27;812;0
28;812;0
29;812;0
30;812;0
31;812;0
32;812;0
33;812;0
34;812;0
35;812;0
36;812;0
37;812;0
38;812;0
39;812;0
40;812;0
41;812;0
42;812;0
43;812;0
44;812;0
45;812;0
46;812;0
47;812;0
48;812;1
49;812;0
50;812;0
51;812;0
52;812;0
53;812;0
54;812;0
55;812;0
56;812;0
57;812;1
58;812;0
59;812;0
60;812;0
61;812;1
62;812;0
63;812;0
64;812;1
65;812;0
66;812;0
67;812;0
68;812;0
69;812;0
70;812;0
71;812;0
72;812;0
73;812;0
74;812;0
75;812;0
76;812;0
77;812;0
78;812;0
79;812;0
80;812;0
81;812;0
82;812;0
84;812;0
85;812;0
86;812;0
87;812;0
88;812;0
89;812;0
90;812;0
91;812;0
92;812;0
93;812;0
94;812;0
95;812;0
96;812;0
97;812;0
98;812;0
99;812;0
100;812;0
101;812;0
102;812;0
103;812;0
104;812;0
105;812;0
106;812;0
107;812;0
108;812;0
109;812;0
110;812;0
111;812;0
112;812;0
113;812;1
114;812;0
115;812;0
116;812;0
117;812;0
118;812;0
119;812;0
120;812;0
121;812;1
122;812;0
123;812;0
124;812;0
125;812;1
126;812;1
127;812;1
128;812;1
129;812;1
130;812;1
131;812;0
132;812;0
133;812;0
134;812;0
135;812;0
136;812;0
137;812;0
138;812;1
139;812;0
140;812;0
141;812;0
142;812;0
143;812;0
144;812;0
145;812;0
146;812;0
147;812;0
148;812;0
149;812;0
150;812;0
151;812;1
152;812;0
153;812;0
154;812;0
155;812;0
156;812;0
157;812;0
158;812;0
159;812;0
160;812;0
161;812;0
162;812;0
163;812;0
164;812;0
165;812;0
166;812;0
167;812;0
168;812;0
169;812;0
170;812;0
171;812;0
172;812;1
173;812;1
174;812;0
175;812;0
176;812;0
177;812;0
178;812;0
179;812;1
180;812;0
181;812;0
182;812;0
183;812;0
184;812;1
185;812;0
186;812;0
187;812;0
188;812;0
189;812;0
190;812;0
191;812;0
192;812;0
193;812;0
194;812;0
195;812;0
196;812;0
197;812;0
198;812;0
1;813;0
2;813;0
3;813;0
4;813;1
5;813;0
6;813;0
7;813;1
8;813;0
9;813;0
10;813;0
11;813;0
12;813;0
13;813;0
14;813;0
15;813;0
16;813;1
17;813;1
18;813;0
19;813;0
20;813;0
21;813;0
22;813;1
23;813;0
24;813;1
25;813;0
26;813;0
27;813;1
28;813;0
29;813;0
30;813;0
31;813;1
32;813;0
33;813;0
34;813;1
35;813;1
36;813;0
37;813;1
38;813;0
39;813;0
40;813;0
41;813;1
42;813;0
43;813;0
44;813;1
45;813;1
46;813;0
47;813;1
48;813;0
49;813;0
50;813;0
51;813;0
52;813;0
53;813;1
54;813;0
55;813;0
56;813;0
57;813;1
58;813;1
59;813;0
60;813;0
61;813;0
62;813;0
63;813;1
64;813;0
65;813;0
66;813;0
67;813;0
68;813;1
69;813;0
70;813;1
71;813;0
72;813;0
73;813;0
74;813;1
75;813;1
76;813;0
77;813;0
78;813;0
79;813;1
80;813;1
81;813;1
82;813;0
84;813;0
85;813;0
86;813;0
87;813;0
88;813;0
89;813;0
90;813;0
91;813;0
92;813;1
93;813;0
94;813;0
95;813;0
96;813;0
97;813;0
98;813;0
99;813;1
100;813;0
101;813;0
102;813;0
103;813;0
104;813;0
105;813;0
106;813;0
107;813;0
108;813;0
109;813;0
110;813;1
111;813;1
112;813;1
113;813;1
114;813;1
115;813;1
116;813;0
117;813;1
118;813;1
119;813;1
120;813;1
121;813;0
122;813;1
123;813;0
124;813;1
125;813;0
126;813;0
127;813;1
128;813;1
129;813;1
130;813;1
131;813;1
132;813;1
133;813;1
134;813;1
135;813;1
136;813;1
137;813;1
138;813;0
139;813;0
140;813;0
141;813;1
142;813;1
143;813;0
144;813;0
145;813;0
146;813;1
147;813;0
148;813;1
149;813;0
150;813;0
151;813;0
152;813;0
153;813;0
154;813;0
155;813;0
156;813;0
157;813;0
158;813;0
159;813;0
160;813;0
161;813;0
162;813;0
163;813;0
164;813;1
165;813;1
166;813;0
167;813;0
168;813;0
169;813;0
170;813;0
171;813;0
172;813;0
173;813;1
174;813;0
175;813;1
176;813;0
177;813;0
178;813;0
179;813;1
180;813;1
181;813;0
182;813;0
183;813;0
184;813;1
185;813;1
186;813;1
187;813;0
188;813;1
189;813;0
190;813;1
191;813;0
192;813;0
193;813;0
194;813;0
195;813;0
196;813;1
197;813;0
198;813;0
1;821;1
2;821;0
3;821;0
4;821;1
5;821;0
6;821;1
7;821;1
8;821;1
9;821;1
10;821;0
11;821;1
12;821;1
13;821;1
14;821;1
15;821;0
16;821;1
17;821;1
18;821;0
19;821;1
20;821;0
21;821;0
22;821;1
23;821;0
24;821;0
25;821;0
26;821;0
27;821;0
28;821;0
29;821;0
30;821;1
31;821;0
32;821;0
33;821;0
34;821;0
35;821;0
36;821;0
37;821;0
38;821;0
39;821;0
40;821;0
41;821;0
42;821;0
43;821;0
44;821;0
45;821;0
46;821;0
47;821;0
48;821;0
49;821;0
50;821;0
51;821;0
52;821;0
53;821;0
54;821;0
55;821;0
56;821;0
57;821;0
58;821;0
59;821;0
60;821;0
61;821;0
62;821;0
63;821;0
64;821;0
65;821;0
66;821;0
67;821;0
68;821;0
69;821;0
70;821;0
71;821;0
72;821;0
73;821;0
74;821;0
75;821;0
76;821;0
77;821;0
78;821;1
79;821;0
80;821;1
81;821;0
82;821;0
84;821;0
85;821;0
86;821;0
87;821;0
88;821;0
89;821;0
90;821;0
91;821;0
92;821;1
93;821;0
94;821;0
95;821;0
96;821;0
97;821;0
98;821;0
99;821;0
100;821;0
101;821;0
102;821;0
103;821;0
104;821;0
105;821;0
106;821;0
107;821;0
108;821;0
109;821;0
110;821;0
111;821;0
112;821;0
113;821;0
114;821;0
115;821;0
116;821;0
117;821;1
118;821;1
119;821;0
120;821;0
121;821;0
122;821;0
123;821;0
124;821;0
125;821;0
126;821;1
127;821;0
128;821;0
129;821;0
130;821;0
131;821;0
132;821;0
133;821;1
134;821;0
135;821;1
136;821;0
137;821;0
138;821;0
139;821;0
140;821;0
141;821;0
142;821;0
143;821;0
144;821;0
145;821;0
146;821;0
147;821;0
148;821;0
149;821;0
150;821;0
151;821;0
152;821;0
153;821;0
154;821;0
155;821;0
156;821;0
157;821;0
158;821;0
159;821;0
160;821;0
161;821;0
162;821;0
163;821;0
164;821;0
165;821;0
166;821;0
167;821;0
168;821;0
169;821;0
170;821;0
171;821;0
172;821;1
173;821;0
174;821;0
175;821;0
176;821;0
177;821;0
178;821;0
179;821;0
180;821;0
181;821;0
182;821;0
183;821;0
184;821;0
185;821;0
186;821;0
187;821;0
188;821;0
189;821;0
190;821;0
191;821;0
192;821;0
193;821;0
194;821;0
195;821;0
196;821;0
197;821;0
198;821;0
1;822;1
2;822;0
3;822;1
4;822;0
5;822;1
6;822;0
7;822;1
8;822;0
9;822;0
10;822;0
11;822;0
12;822;0
13;822;1
14;822;1
15;822;0
16;822;0
17;822;0
18;822;0
19;822;0
20;822;0
21;822;0
22;822;0
23;822;0
24;822;0
25;822;0
26;822;0
27;822;0
28;822;1
29;822;0
30;822;0
31;822;0
32;822;0
33;822;0
34;822;0
35;822;0
36;822;0
37;822;0
38;822;0
39;822;0
40;822;0
41;822;0
42;822;0
43;822;0
44;822;0
45;822;0
46;822;0
47;822;0
48;822;0
49;822;0
50;822;0
51;822;0
52;822;0
53;822;0
54;822;0
55;822;0
56;822;0
57;822;0
58;822;0
59;822;0
60;822;0
61;822;1
62;822;0
63;822;0
64;822;0
65;822;0
66;822;0
67;822;0
68;822;0
69;822;0
70;822;0
71;822;0
72;822;0
73;822;0
74;822;0
75;822;1
76;822;0
77;822;0
78;822;0
79;822;1
80;822;0
81;822;0
82;822;0
84;822;0
85;822;0
86;822;0
87;822;0
88;822;0
89;822;0
90;822;0
91;822;0
92;822;0
93;822;0
94;822;0
95;822;0
96;822;0
97;822;0
98;822;0
99;822;0
100;822;0
101;822;0
102;822;0
103;822;0
104;822;1
105;822;0
106;822;0
107;822;0
108;822;0
109;822;0
110;822;0
111;822;0
112;822;0
113;822;0
114;822;0
115;822;0
116;822;0
117;822;0
118;822;0
119;822;0
120;822;0
121;822;0
122;822;0
123;822;0
124;822;0
125;822;1
126;822;0
127;822;0
128;822;0
129;822;0
130;822;0
131;822;0
132;822;0
133;822;0
134;822;0
135;822;1
136;822;0
137;822;0
138;822;1
139;822;1
140;822;0
141;822;0
142;822;0
143;822;0
144;822;0
145;822;0
146;822;0
147;822;0
148;822;0
149;822;0
150;822;0
151;822;0
152;822;0
153;822;0
154;822;0
155;822;0
156;822;0
157;822;0
158;822;0
159;822;0
160;822;0
161;822;0
162;822;0
163;822;0
164;822;0
165;822;0
166;822;0
167;822;0
168;822;0
169;822;0
170;822;0
171;822;0
172;822;0
173;822;1
174;822;0
175;822;0
176;822;0
177;822;0
178;822;0
179;822;0
180;822;0
181;822;0
182;822;0
183;822;0
184;822;0
185;822;1
186;822;0
187;822;0
188;822;0
189;822;0
190;822;0
191;822;0
192;822;0
193;822;0
194;822;0
195;822;0
196;822;1
197;822;0
198;822;0
1;823;1
2;823;1
3;823;1
4;823;0
5;823;0
6;823;1
7;823;1
8;823;0
9;823;0
10;823;1
11;823;1
12;823;1
13;823;1
14;823;1
15;823;1
16;823;1
17;823;1
18;823;0
19;823;0
20;823;0
21;823;1
22;823;1
23;823;0
24;823;0
25;823;0
26;823;1
27;823;0
28;823;0
29;823;0
30;823;0
31;823;0
32;823;0
33;823;0
34;823;0
35;823;0
36;823;0
37;823;0
38;823;0
39;823;0
40;823;0
41;823;0
42;823;0
43;823;0
44;823;0
45;823;0
46;823;0
47;823;0
48;823;0
49;823;0
50;823;0
51;823;0
52;823;0
53;823;0
54;823;0
55;823;0
56;823;0
57;823;0
58;823;0
59;823;0
60;823;0
61;823;0
62;823;0
63;823;0
64;823;0
65;823;0
66;823;0
67;823;0
68;823;0
69;823;1
70;823;0
71;823;1
72;823;0
73;823;1
74;823;1
75;823;0
76;823;0
77;823;0
78;823;0
79;823;0
80;823;0
81;823;1
82;823;0
84;823;0
85;823;0
86;823;1
87;823;0
88;823;0
89;823;0
90;823;1
91;823;0
92;823;1
93;823;0
94;823;0
95;823;0
96;823;0
97;823;0
98;823;1
99;823;0
100;823;0
101;823;0
102;823;0
103;823;0
104;823;0
105;823;1
106;823;0
107;823;0
108;823;1
109;823;0
110;823;0
111;823;0
112;823;0
113;823;0
114;823;0
115;823;0
116;823;0
117;823;0
118;823;0
119;823;1
120;823;0
121;823;0
122;823;0
123;823;0
124;823;0
125;823;1
126;823;1
127;823;0
128;823;0
129;823;1
130;823;0
131;823;1
132;823;0
133;823;1
134;823;0
135;823;1
136;823;1
137;823;0
138;823;1
139;823;1
140;823;0
141;823;0
142;823;1
143;823;0
144;823;0
145;823;0
146;823;1
147;823;0
148;823;0
149;823;0
150;823;1
151;823;0
152;823;0
153;823;0
154;823;0
155;823;0
156;823;0
157;823;0
158;823;0
159;823;0
160;823;0
161;823;0
162;823;0
163;823;0
164;823;0
165;823;0
166;823;0
167;823;0
168;823;0
169;823;0
170;823;1
171;823;0
172;823;0
173;823;0
174;823;0
175;823;0
176;823;0
177;823;0
178;823;0
179;823;0
180;823;0
181;823;0
182;823;0
183;823;0
184;823;1
185;823;0
186;823;0
187;823;0
188;823;0
189;823;0
190;823;0
191;823;0
192;823;0
193;823;0
194;823;0
195;823;0
196;823;0
197;823;1
198;823;0
1;829;1
2;829;1
3;829;1
4;829;1
5;829;0
6;829;0
7;829;1
8;829;0
9;829;1
10;829;1
11;829;1
12;829;0
13;829;1
14;829;1
15;829;1
16;829;1
17;829;1
18;829;0
19;829;1
20;829;1
21;829;1
22;829;0
23;829;0
24;829;0
25;829;0
26;829;0
27;829;0
28;829;0
29;829;0
30;829;0
31;829;0
32;829;0
33;829;0
34;829;0
35;829;0
36;829;0
37;829;0
38;829;0
39;829;0
40;829;0
41;829;0
42;829;0
43;829;0
44;829;0
45;829;0
46;829;0
47;829;0
48;829;0
49;829;0
50;829;0
51;829;0
52;829;0
53;829;0
54;829;0
55;829;0
56;829;0
57;829;1
58;829;0
59;829;0
60;829;0
61;829;0
62;829;0
63;829;0
64;829;0
65;829;0
66;829;0
67;829;0
68;829;1
69;829;0
70;829;1
71;829;0
72;829;0
73;829;0
74;829;0
75;829;0
76;829;0
77;829;0
78;829;0
79;829;1
80;829;1
81;829;0
82;829;0
84;829;0
85;829;0
86;829;0
87;829;0
88;829;0
89;829;0
90;829;0
91;829;1
92;829;0
93;829;1
94;829;0
95;829;1
96;829;0
97;829;0
98;829;0
99;829;0
100;829;0
101;829;0
102;829;0
103;829;0
104;829;0
105;829;0
106;829;0
107;829;1
108;829;1
109;829;0
110;829;0
111;829;1
112;829;1
113;829;0
114;829;0
115;829;0
116;829;0
117;829;0
118;829;1
119;829;0
120;829;0
121;829;0
122;829;0
123;829;0
124;829;1
125;829;1
126;829;1
127;829;1
128;829;0
129;829;0
130;829;1
131;829;0
132;829;0
133;829;0
134;829;0
135;829;1
136;829;1
137;829;1
138;829;0
139;829;0
140;829;0
141;829;1
142;829;0
143;829;0
144;829;0
145;829;0
146;829;0
147;829;0
148;829;0
149;829;0
150;829;0
151;829;0
152;829;0
153;829;1
154;829;0
155;829;0
156;829;0
157;829;1
158;829;1
159;829;0
160;829;0
161;829;0
162;829;0
163;829;0
164;829;0
165;829;0
166;829;0
167;829;1
168;829;0
169;829;0
170;829;0
171;829;0
172;829;0
173;829;0
174;829;0
175;829;0
176;829;0
177;829;0
178;829;0
179;829;0
180;829;0
181;829;0
182;829;1
183;829;0
184;829;0
185;829;0
186;829;0
187;829;0
188;829;1
189;829;0
190;829;0
191;829;1
192;829;0
193;829;0
194;829;0
195;829;1
196;829;1
197;829;0
198;829;0
1;841;1
2;841;0
3;841;0
4;841;0
5;841;1
6;841;0
7;841;0
8;841;0
9;841;1
10;841;0
11;841;0
12;841;0
13;841;0
14;841;0
15;841;0
16;841;0
17;841;0
18;841;0
19;841;0
20;841;0
21;841;0
22;841;0
23;841;0
24;841;0
25;841;1
26;841;1
27;841;1
28;841;0
29;841;1
30;841;1
31;841;1
32;841;1
33;841;1
34;841;1
35;841;0
36;841;0
37;841;0
38;841;0
39;841;0
40;841;0
41;841;0
42;841;0
43;841;1
44;841;0
45;841;0
46;841;1
47;841;0
48;841;1
49;841;1
50;841;0
51;841;1
52;841;0
53;841;1
54;841;1
55;841;1
56;841;1
57;841;1
58;841;1
59;841;1
60;841;1
61;841;1
62;841;1
63;841;1
64;841;1
65;841;1
66;841;1
67;841;1
68;841;0
69;841;1
70;841;1
71;841;0
72;841;1
73;841;1
74;841;0
75;841;0
76;841;0
77;841;0
78;841;0
79;841;1
80;841;0
81;841;0
82;841;0
84;841;1
85;841;0
86;841;0
87;841;0
88;841;0
89;841;0
90;841;0
91;841;0
92;841;1
93;841;1
94;841;1
95;841;0
96;841;1
97;841;1
98;841;1
99;841;1
100;841;0
101;841;1
102;841;1
103;841;1
104;841;0
105;841;1
106;841;0
107;841;0
108;841;1
109;841;1
110;841;0
111;841;1
112;841;0
113;841;0
114;841;0
115;841;0
116;841;0
117;841;1
118;841;1
119;841;1
120;841;1
121;841;1
122;841;0
123;841;0
124;841;0
125;841;0
126;841;0
127;841;0
128;841;0
129;841;0
130;841;0
131;841;0
132;841;0
133;841;0
134;841;0
135;841;0
136;841;0
137;841;0
138;841;0
139;841;0
140;841;1
141;841;1
142;841;1
143;841;1
144;841;1
145;841;1
146;841;0
147;841;0
148;841;1
149;841;1
150;841;1
151;841;1
152;841;1
153;841;1
154;841;1
155;841;1
156;841;1
157;841;1
158;841;1
159;841;1
160;841;1
161;841;1
162;841;0
163;841;1
164;841;1
165;841;1
166;841;0
167;841;1
168;841;1
169;841;1
170;841;0
171;841;1
172;841;0
173;841;1
174;841;1
175;841;0
176;841;0
177;841;0
178;841;0
179;841;0
180;841;0
181;841;0
182;841;1
183;841;0
184;841;0
185;841;0
186;841;1
187;841;0
188;841;1
189;841;0
190;841;0
191;841;0
192;841;0
193;841;0
194;841;1
195;841;1
196;841;0
197;841;0
198;841;1
1;842;0
2;842;1
3;842;0
4;842;0
5;842;1
6;842;0
7;842;0
8;842;0
9;842;0
10;842;1
11;842;0
12;842;0
13;842;1
14;842;1
15;842;0
16;842;0
17;842;0
18;842;1
19;842;0
20;842;0
21;842;0
22;842;0
23;842;0
24;842;0
25;842;0
26;842;0
27;842;0
28;842;1
29;842;0
30;842;0
31;842;0
32;842;0
33;842;0
34;842;0
35;842;0
36;842;0
37;842;1
38;842;1
39;842;0
40;842;0
41;842;1
42;842;0
43;842;0
44;842;0
45;842;0
46;842;1
47;842;0
48;842;1
49;842;0
50;842;1
51;842;0
52;842;0
53;842;0
54;842;0
55;842;0
56;842;0
57;842;0
58;842;0
59;842;0
60;842;0
61;842;1
62;842;0
63;842;0
64;842;0
65;842;1
66;842;0
67;842;0
68;842;0
69;842;0
70;842;0
71;842;0
72;842;0
73;842;0
74;842;0
75;842;1
76;842;0
77;842;0
78;842;0
79;842;0
80;842;0
81;842;1
82;842;0
84;842;0
85;842;1
86;842;0
87;842;1
88;842;0
89;842;0
90;842;0
91;842;0
92;842;0
93;842;0
94;842;0
95;842;1
96;842;0
97;842;0
98;842;0
99;842;0
100;842;0
101;842;0
102;842;0
103;842;0
104;842;1
105;842;0
106;842;0
107;842;0
108;842;0
109;842;0
110;842;0
111;842;0
112;842;0
113;842;0
114;842;0
115;842;1
116;842;1
117;842;0
118;842;0
119;842;0
120;842;1
121;842;0
122;842;0
123;842;0
124;842;0
125;842;0
126;842;0
127;842;0
128;842;0
129;842;0
130;842;0
131;842;0
132;842;0
133;842;0
134;842;0
135;842;0
136;842;0
137;842;1
138;842;0
139;842;0
140;842;0
141;842;0
142;842;0
143;842;1
144;842;0
145;842;0
146;842;0
147;842;0
148;842;0
149;842;0
150;842;0
151;842;0
152;842;0
153;842;0
154;842;0
155;842;0
156;842;1
157;842;1
158;842;1
159;842;0
160;842;0
161;842;0
162;842;0
163;842;0
164;842;0
165;842;0
166;842;0
167;842;1
168;842;0
169;842;0
170;842;0
171;842;0
172;842;0
173;842;1
174;842;0
175;842;0
176;842;0
177;842;0
178;842;0
179;842;0
180;842;0
181;842;1
182;842;0
183;842;0
184;842;0
185;842;0
186;842;0
187;842;0
188;842;0
189;842;0
190;842;0
191;842;1
192;842;0
193;842;0
194;842;0
195;842;0
196;842;1
197;842;1
198;842;0
1;843;0
2;843;0
3;843;0
4;843;0
5;843;0
6;843;0
7;843;0
8;843;1
9;843;0
10;843;0
11;843;0
12;843;0
13;843;1
14;843;0
15;843;0
16;843;0
17;843;0
18;843;0
19;843;0
20;843;0
21;843;0
22;843;0
23;843;0
24;843;0
25;843;0
26;843;0
27;843;0
28;843;0
29;843;0
30;843;0
31;843;0
32;843;0
33;843;0
34;843;0
35;843;0
36;843;0
37;843;0
38;843;1
39;843;0
40;843;0
41;843;0
42;843;0
43;843;0
44;843;0
45;843;0
46;843;1
47;843;0
48;843;0
49;843;0
50;843;0
51;843;0
52;843;0
53;843;0
54;843;0
55;843;0
56;843;0
57;843;0
58;843;0
59;843;0
60;843;0
61;843;1
62;843;0
63;843;0
64;843;0
65;843;0
66;843;0
67;843;0
68;843;0
69;843;0
70;843;0
71;843;0
72;843;0
73;843;0
74;843;0
75;843;1
76;843;0
77;843;0
78;843;0
79;843;0
80;843;0
81;843;0
82;843;0
84;843;0
85;843;1
86;843;0
87;843;1
88;843;0
89;843;0
90;843;0
91;843;0
92;843;0
93;843;0
94;843;0
95;843;1
96;843;0
97;843;0
98;843;0
99;843;0
100;843;0
101;843;0
102;843;0
103;843;0
104;843;1
105;843;0
106;843;0
107;843;0
108;843;0
109;843;0
110;843;0
111;843;0
112;843;0
113;843;0
114;843;0
115;843;1
116;843;0
117;843;0
118;843;0
119;843;0
120;843;1
121;843;0
122;843;0
123;843;0
124;843;0
125;843;0
126;843;0
127;843;0
128;843;0
129;843;0
130;843;0
131;843;0
132;843;0
133;843;0
134;843;0
135;843;0
136;843;0
137;843;0
138;843;0
139;843;0
140;843;0
141;843;0
142;843;0
143;843;1
144;843;0
145;843;0
146;843;0
147;843;0
148;843;0
149;843;0
150;843;0
151;843;0
152;843;0
153;843;0
154;843;0
155;843;0
156;843;0
157;843;0
158;843;0
159;843;0
160;843;0
161;843;0
162;843;0
163;843;0
164;843;0
165;843;0
166;843;0
167;843;1
168;843;0
169;843;0
170;843;0
171;843;0
172;843;0
173;843;1
174;843;0
175;843;0
176;843;0
177;843;0
178;843;0
179;843;0
180;843;0
181;843;1
182;843;0
183;843;0
184;843;0
185;843;0
186;843;0
187;843;0
188;843;0
189;843;1
190;843;0
191;843;1
192;843;0
193;843;0
194;843;0
195;843;0
196;843;0
197;843;1
198;843;0
1;851;0
2;851;0
3;851;0
4;851;0
5;851;0
6;851;0
7;851;0
8;851;0
9;851;0
10;851;0
11;851;0
12;851;0
13;851;0
14;851;0
15;851;0
16;851;1
17;851;1
18;851;1
19;851;1
20;851;1
21;851;1
22;851;0
23;851;0
24;851;1
25;851;1
26;851;1
27;851;1
28;851;1
29;851;1
30;851;1
31;851;1
32;851;1
33;851;1
34;851;1
35;851;1
36;851;1
37;851;1
38;851;1
39;851;1
40;851;0
41;851;0
42;851;1
43;851;1
44;851;1
45;851;1
46;851;1
47;851;1
48;851;0
49;851;1
50;851;1
51;851;1
52;851;0
53;851;1
54;851;1
55;851;1
56;851;1
57;851;1
58;851;1
59;851;1
60;851;1
61;851;1
62;851;1
63;851;1
64;851;0
65;851;1
66;851;1
67;851;1
68;851;1
69;851;1
70;851;1
71;851;1
72;851;1
73;851;1
74;851;1
75;851;0
76;851;1
77;851;1
78;851;0
79;851;1
80;851;1
81;851;1
82;851;0
84;851;1
85;851;0
86;851;1
87;851;0
88;851;1
89;851;1
90;851;1
91;851;1
92;851;1
93;851;1
94;851;1
95;851;0
96;851;1
97;851;0
98;851;1
99;851;1
100;851;1
101;851;1
102;851;1
103;851;1
104;851;1
105;851;1
106;851;1
107;851;0
108;851;1
109;851;1
110;851;1
111;851;1
112;851;0
113;851;1
114;851;1
115;851;0
116;851;1
117;851;1
118;851;1
119;851;1
120;851;1
121;851;1
122;851;1
123;851;0
124;851;1
125;851;0
126;851;1
127;851;1
128;851;1
129;851;1
130;851;1
131;851;1
132;851;1
133;851;1
134;851;1
135;851;1
136;851;1
137;851;1
138;851;0
139;851;0
140;851;1
141;851;1
142;851;1
143;851;1
144;851;1
145;851;1
146;851;1
147;851;1
148;851;1
149;851;1
150;851;1
151;851;1
152;851;1
153;851;1
154;851;1
155;851;0
156;851;1
157;851;0
158;851;1
159;851;1
160;851;1
161;851;1
162;851;0
163;851;1
164;851;1
165;851;1
166;851;1
167;851;0
168;851;1
169;851;1
170;851;1
171;851;1
172;851;1
173;851;1
174;851;1
175;851;1
176;851;1
177;851;1
178;851;1
179;851;1
180;851;0
181;851;0
182;851;1
183;851;0
184;851;1
185;851;0
186;851;1
187;851;1
188;851;1
189;851;1
190;851;1
191;851;0
192;851;1
193;851;0
194;851;1
195;851;1
196;851;1
197;851;0
198;851;1
1;852;0
2;852;0
3;852;0
4;852;0
5;852;0
6;852;0
7;852;0
8;852;0
9;852;0
10;852;0
11;852;0
12;852;0
13;852;0
14;852;0
15;852;1
16;852;0
17;852;1
18;852;1
19;852;1
20;852;0
21;852;0
22;852;0
23;852;0
24;852;1
25;852;1
26;852;1
27;852;1
28;852;1
29;852;1
30;852;1
31;852;1
32;852;1
33;852;1
34;852;1
35;852;1
36;852;1
37;852;1
38;852;0
39;852;1
40;852;1
41;852;1
42;852;1
43;852;1
44;852;1
45;852;1
46;852;0
47;852;1
48;852;1
49;852;1
50;852;1
51;852;1
52;852;1
53;852;1
54;852;0
55;852;1
56;852;1
57;852;1
58;852;1
59;852;1
60;852;1
61;852;1
62;852;1
63;852;1
64;852;1
65;852;1
66;852;1
67;852;0
68;852;1
69;852;0
70;852;1
71;852;1
72;852;1
73;852;1
74;852;1
75;852;0
76;852;1
77;852;0
78;852;1
79;852;1
80;852;1
81;852;1
82;852;1
84;852;1
85;852;0
86;852;1
87;852;0
88;852;1
89;852;1
90;852;1
91;852;0
92;852;1
93;852;1
94;852;1
95;852;1
96;852;1
97;852;1
98;852;1
99;852;1
100;852;1
101;852;1
102;852;1
103;852;1
104;852;0
105;852;1
106;852;1
107;852;1
108;852;1
109;852;1
110;852;1
111;852;1
112;852;0
113;852;1
114;852;1
115;852;1
116;852;1
117;852;1
118;852;1
119;852;1
120;852;1
121;852;1
122;852;0
123;852;0
124;852;1
125;852;0
126;852;0
127;852;1
128;852;0
129;852;0
130;852;1
131;852;1
132;852;1
133;852;0
134;852;1
135;852;1
136;852;0
137;852;0
138;852;0
139;852;0
140;852;1
141;852;1
142;852;1
143;852;1
144;852;1
145;852;1
146;852;1
147;852;0
148;852;1
149;852;0
150;852;1
151;852;1
152;852;1
153;852;1
154;852;1
155;852;1
156;852;1
157;852;0
158;852;1
159;852;1
160;852;1
161;852;1
162;852;0
163;852;1
164;852;1
165;852;1
166;852;0
167;852;1
168;852;1
169;852;1
170;852;1
171;852;1
172;852;1
173;852;0
174;852;1
175;852;0
176;852;1
177;852;0
178;852;1
179;852;1
180;852;1
181;852;0
182;852;1
183;852;1
184;852;1
185;852;1
186;852;0
187;852;1
188;852;1
189;852;1
190;852;1
191;852;0
192;852;1
193;852;1
194;852;1
195;852;1
196;852;1
197;852;0
198;852;1
1;853;0
2;853;0
3;853;0
4;853;0
5;853;0
6;853;0
7;853;1
8;853;0
9;853;0
10;853;0
11;853;0
12;853;1
13;853;0
14;853;0
15;853;0
16;853;0
17;853;0
18;853;0
19;853;0
20;853;1
21;853;1
22;853;0
23;853;0
24;853;0
25;853;0
26;853;1
27;853;1
28;853;1
29;853;0
30;853;0
31;853;0
32;853;0
33;853;0
34;853;0
35;853;1
36;853;1
37;853;0
38;853;1
39;853;0
40;853;1
41;853;1
42;853;0
43;853;0
44;853;0
45;853;1
46;853;1
47;853;1
48;853;1
49;853;1
50;853;1
51;853;0
52;853;1
53;853;0
54;853;0
55;853;1
56;853;0
57;853;0
58;853;1
59;853;0
60;853;0
61;853;1
62;853;1
63;853;1
64;853;1
65;853;1
66;853;1
67;853;0
68;853;0
69;853;1
70;853;1
71;853;1
72;853;0
73;853;1
74;853;1
75;853;1
76;853;0
77;853;0
78;853;1
79;853;0
80;853;1
81;853;0
82;853;0
84;853;0
85;853;1
86;853;0
87;853;1
88;853;0
89;853;0
90;853;1
91;853;1
92;853;0
93;853;0
94;853;1
95;853;1
96;853;0
97;853;1
98;853;0
99;853;1
100;853;0
101;853;0
102;853;0
103;853;0
104;853;1
105;853;0
106;853;1
107;853;1
108;853;1
109;853;0
110;853;1
111;853;0
112;853;0
113;853;0
114;853;1
115;853;1
116;853;1
117;853;0
118;853;0
119;853;0
120;853;1
121;853;1
122;853;0
123;853;0
124;853;1
125;853;0
126;853;0
127;853;0
128;853;0
129;853;0
130;853;0
131;853;0
132;853;1
133;853;0
134;853;0
135;853;0
136;853;0
137;853;0
138;853;1
139;853;0
140;853;1
141;853;1
142;853;0
143;853;1
144;853;1
145;853;0
146;853;1
147;853;0
148;853;1
149;853;0
150;853;0
151;853;0
152;853;1
153;853;1
154;853;1
155;853;1
156;853;0
157;853;1
158;853;1
159;853;1
160;853;0
161;853;1
162;853;0
163;853;1
164;853;1
165;853;0
166;853;1
167;853;1
168;853;0
169;853;1
170;853;1
171;853;0
172;853;0
173;853;1
174;853;0
175;853;0
176;853;0
177;853;0
178;853;1
179;853;0
180;853;0
181;853;1
182;853;0
183;853;1
184;853;0
185;853;0
186;853;0
187;853;1
188;853;1
189;853;0
190;853;0
191;853;1
192;853;1
193;853;0
194;853;0
195;853;0
196;853;1
197;853;1
198;853;0
1;854;0
2;854;0
3;854;1
4;854;0
5;854;1
6;854;0
7;854;0
8;854;1
9;854;1
10;854;0
11;854;1
12;854;1
13;854;0
14;854;0
15;854;0
16;854;0
17;854;0
18;854;0
19;854;0
20;854;0
21;854;0
22;854;0
23;854;0
24;854;0
25;854;0
26;854;0
27;854;0
28;854;1
29;854;0
30;854;0
31;854;0
32;854;0
33;854;0
34;854;0
35;854;0
36;854;0
37;854;0
38;854;1
39;854;0
40;854;0
41;854;0
42;854;0
43;854;0
44;854;0
45;854;0
46;854;0
47;854;0
48;854;0
49;854;0
50;854;0
51;854;0
52;854;1
53;854;0
54;854;0
55;854;0
56;854;0
57;854;0
58;854;0
59;854;0
60;854;0
61;854;0
62;854;0
63;854;0
64;854;0
65;854;0
66;854;0
67;854;0
68;854;0
69;854;0
70;854;0
71;854;0
72;854;0
73;854;0
74;854;0
75;854;1
76;854;0
77;854;0
78;854;0
79;854;0
80;854;0
81;854;0
82;854;0
84;854;0
85;854;0
86;854;0
87;854;0
88;854;0
89;854;0
90;854;0
91;854;1
92;854;0
93;854;0
94;854;0
95;854;1
96;854;0
97;854;0
98;854;0
99;854;0
100;854;0
101;854;0
102;854;0
103;854;0
104;854;1
105;854;0
106;854;0
107;854;0
108;854;0
109;854;0
110;854;0
111;854;0
112;854;0
113;854;0
114;854;0
115;854;0
116;854;0
117;854;0
118;854;0
119;854;0
120;854;0
121;854;0
122;854;0
123;854;0
124;854;0
125;854;0
126;854;0
127;854;0
128;854;1
129;854;0
130;854;0
131;854;0
132;854;0
133;854;0
134;854;0
135;854;0
136;854;0
137;854;0
138;854;0
139;854;0
140;854;0
141;854;0
142;854;0
143;854;1
144;854;0
145;854;0
146;854;0
147;854;0
148;854;0
149;854;0
150;854;0
151;854;0
152;854;0
153;854;0
154;854;0
155;854;0
156;854;0
157;854;0
158;854;0
159;854;0
160;854;0
161;854;0
162;854;0
163;854;0
164;854;0
165;854;0
166;854;0
167;854;0
168;854;0
169;854;0
170;854;0
171;854;0
172;854;0
173;854;0
174;854;0
175;854;0
176;854;0
177;854;0
178;854;0
179;854;0
180;854;0
181;854;0
182;854;0
183;854;0
184;854;0
185;854;0
186;854;0
187;854;0
188;854;0
189;854;0
190;854;0
191;854;0
192;854;0
193;854;1
194;854;0
195;854;0
196;854;0
197;854;0
198;854;0
1;855;1
2;855;0
3;855;1
4;855;0
5;855;0
6;855;1
7;855;0
8;855;0
9;855;0
10;855;0
11;855;1
12;855;1
13;855;0
14;855;1
15;855;0
16;855;1
17;855;1
18;855;0
19;855;1
20;855;0
21;855;0
22;855;1
23;855;0
24;855;0
25;855;0
26;855;0
27;855;0
28;855;1
29;855;0
30;855;1
31;855;0
32;855;0
33;855;0
34;855;1
35;855;0
36;855;0
37;855;0
38;855;1
39;855;0
40;855;0
41;855;0
42;855;0
43;855;1
44;855;0
45;855;0
46;855;1
47;855;1
48;855;0
49;855;0
50;855;0
51;855;0
52;855;0
53;855;0
54;855;0
55;855;0
56;855;0
57;855;0
58;855;1
59;855;0
60;855;1
61;855;1
62;855;0
63;855;0
64;855;0
65;855;0
66;855;0
67;855;0
68;855;1
69;855;0
70;855;1
71;855;1
72;855;0
73;855;0
74;855;0
75;855;1
76;855;0
77;855;0
78;855;1
79;855;0
80;855;1
81;855;0
82;855;0
84;855;1
85;855;1
86;855;0
87;855;1
88;855;0
89;855;0
90;855;0
91;855;0
92;855;0
93;855;1
94;855;0
95;855;0
96;855;0
97;855;0
98;855;0
99;855;1
100;855;0
101;855;0
102;855;0
103;855;0
104;855;1
105;855;0
106;855;1
107;855;0
108;855;0
109;855;0
110;855;1
111;855;0
112;855;0
113;855;0
114;855;1
115;855;0
116;855;0
117;855;0
118;855;1
119;855;0
120;855;1
121;855;0
122;855;0
123;855;0
124;855;0
125;855;0
126;855;1
127;855;1
128;855;1
129;855;0
130;855;0
131;855;0
132;855;0
133;855;1
134;855;0
135;855;1
136;855;0
137;855;0
138;855;1
139;855;0
140;855;0
141;855;0
142;855;0
143;855;0
144;855;0
145;855;0
146;855;1
147;855;0
148;855;0
149;855;0
150;855;0
151;855;1
152;855;0
153;855;0
154;855;0
155;855;0
156;855;0
157;855;1
158;855;0
159;855;0
160;855;0
161;855;0
162;855;0
163;855;0
164;855;0
165;855;0
166;855;0
167;855;1
168;855;0
169;855;0
170;855;0
171;855;0
172;855;0
173;855;0
174;855;0
175;855;0
176;855;0
177;855;1
178;855;0
179;855;0
180;855;0
181;855;1
182;855;0
183;855;0
184;855;1
185;855;0
186;855;0
187;855;0
188;855;0
189;855;1
190;855;0
191;855;1
192;855;1
193;855;1
194;855;0
195;855;0
196;855;1
197;855;0
198;855;0
1;856;1
2;856;1
3;856;1
4;856;0
5;856;0
6;856;0
7;856;1
8;856;1
9;856;0
10;856;0
11;856;0
12;856;0
13;856;0
14;856;1
15;856;0
16;856;1
17;856;1
18;856;1
19;856;1
20;856;1
21;856;1
22;856;0
23;856;1
24;856;0
25;856;0
26;856;1
27;856;0
28;856;1
29;856;0
30;856;0
31;856;0
32;856;0
33;856;0
34;856;0
35;856;1
36;856;0
37;856;0
38;856;0
39;856;0
40;856;0
41;856;1
42;856;0
43;856;1
44;856;0
45;856;0
46;856;0
47;856;0
48;856;0
49;856;0
50;856;0
51;856;0
52;856;1
53;856;0
54;856;0
55;856;1
56;856;0
57;856;0
58;856;1
59;856;0
60;856;0
61;856;0
62;856;0
63;856;0
64;856;1
65;856;1
66;856;0
67;856;0
68;856;0
69;856;0
70;856;0
71;856;0
72;856;0
73;856;0
74;856;0
75;856;0
76;856;1
77;856;0
78;856;0
79;856;0
80;856;1
81;856;0
82;856;0
84;856;0
85;856;0
86;856;0
87;856;0
88;856;0
89;856;0
90;856;0
91;856;1
92;856;1
93;856;1
94;856;0
95;856;1
96;856;1
97;856;0
98;856;0
99;856;0
100;856;1
101;856;0
102;856;0
103;856;0
104;856;1
105;856;0
106;856;0
107;856;0
108;856;1
109;856;0
110;856;1
111;856;0
112;856;0
113;856;1
114;856;1
115;856;0
116;856;0
117;856;0
118;856;0
119;856;0
120;856;1
121;856;1
122;856;1
123;856;0
124;856;0
125;856;0
126;856;0
127;856;1
128;856;1
129;856;0
130;856;0
131;856;0
132;856;0
133;856;0
134;856;1
135;856;1
136;856;0
137;856;0
138;856;0
139;856;0
140;856;0
141;856;0
142;856;1
143;856;0
144;856;1
145;856;0
146;856;0
147;856;0
148;856;0
149;856;0
150;856;0
151;856;0
152;856;1
153;856;1
154;856;0
155;856;0
156;856;0
157;856;1
158;856;1
159;856;1
160;856;1
161;856;0
162;856;0
163;856;0
164;856;0
165;856;0
166;856;0
167;856;1
168;856;0
169;856;0
170;856;0
171;856;0
172;856;1
173;856;0
174;856;0
175;856;0
176;856;0
177;856;0
178;856;0
179;856;0
180;856;0
181;856;0
182;856;0
183;856;0
184;856;0
185;856;0
186;856;0
187;856;0
188;856;0
189;856;0
190;856;1
191;856;0
192;856;0
193;856;0
194;856;0
195;856;0
196;856;0
197;856;1
198;856;0
1;861;0
2;861;0
3;861;0
4;861;0
5;861;0
6;861;0
7;861;1
8;861;0
9;861;1
10;861;0
11;861;0
12;861;1
13;861;0
14;861;0
15;861;0
16;861;0
17;861;0
18;861;0
19;861;0
20;861;1
21;861;0
22;861;0
23;861;0
24;861;0
25;861;0
26;861;1
27;861;1
28;861;0
29;861;0
30;861;0
31;861;1
32;861;0
33;861;1
34;861;0
35;861;1
36;861;0
37;861;1
38;861;1
39;861;0
40;861;0
41;861;1
42;861;0
43;861;0
44;861;0
45;861;0
46;861;0
47;861;0
48;861;1
49;861;0
50;861;1
51;861;0
52;861;0
53;861;0
54;861;0
55;861;1
56;861;0
57;861;0
58;861;1
59;861;0
60;861;0
61;861;1
62;861;1
63;861;0
64;861;0
65;861;1
66;861;0
67;861;1
68;861;0
69;861;0
70;861;0
71;861;1
72;861;0
73;861;1
74;861;0
75;861;0
76;861;1
77;861;0
78;861;1
79;861;0
80;861;0
81;861;0
82;861;0
84;861;0
85;861;1
86;861;0
87;861;0
88;861;1
89;861;0
90;861;0
91;861;1
92;861;0
93;861;0
94;861;1
95;861;1
96;861;0
97;861;0
98;861;0
99;861;0
100;861;0
101;861;0
102;861;0
103;861;0
104;861;1
105;861;0
106;861;1
107;861;1
108;861;0
109;861;0
110;861;0
111;861;0
112;861;0
113;861;0
114;861;0
115;861;0
116;861;1
117;861;0
118;861;1
119;861;0
120;861;1
121;861;0
122;861;0
123;861;0
124;861;1
125;861;0
126;861;0
127;861;0
128;861;0
129;861;0
130;861;0
131;861;0
132;861;1
133;861;0
134;861;0
135;861;1
136;861;0
137;861;0
138;861;0
139;861;0
140;861;0
141;861;0
142;861;0
143;861;1
144;861;1
145;861;1
146;861;1
147;861;0
148;861;0
149;861;0
150;861;1
151;861;0
152;861;0
153;861;1
154;861;1
155;861;1
156;861;0
157;861;1
158;861;0
159;861;0
160;861;0
161;861;0
162;861;1
163;861;1
164;861;0
165;861;0
166;861;1
167;861;1
168;861;0
169;861;0
170;861;0
171;861;1
172;861;0
173;861;1
174;861;0
175;861;0
176;861;0
177;861;1
178;861;0
179;861;1
180;861;1
181;861;1
182;861;0
183;861;1
184;861;0
185;861;1
186;861;1
187;861;0
188;861;1
189;861;1
190;861;1
191;861;1
192;861;1
193;861;1
194;861;0
195;861;0
196;861;1
197;861;1
198;861;0
1;862;1
2;862;1
3;862;0
4;862;0
5;862;0
6;862;1
7;862;0
8;862;0
9;862;0
10;862;0
11;862;0
12;862;1
13;862;0
14;862;1
15;862;1
16;862;1
17;862;1
18;862;1
19;862;1
20;862;0
21;862;0
22;862;0
23;862;0
24;862;0
25;862;0
26;862;1
27;862;0
28;862;1
29;862;1
30;862;1
31;862;0
32;862;1
33;862;1
34;862;1
35;862;1
36;862;1
37;862;0
38;862;0
39;862;0
40;862;0
41;862;0
42;862;1
43;862;1
44;862;0
45;862;1
46;862;0
47;862;0
48;862;1
49;862;0
50;862;0
51;862;1
52;862;1
53;862;0
54;862;1
55;862;0
56;862;1
57;862;0
58;862;0
59;862;1
60;862;1
61;862;0
62;862;1
63;862;1
64;862;1
65;862;0
66;862;1
67;862;0
68;862;1
69;862;1
70;862;1
71;862;0
72;862;1
73;862;0
74;862;1
75;862;1
76;862;0
77;862;0
78;862;0
79;862;0
80;862;1
81;862;1
82;862;0
84;862;0
85;862;0
86;862;0
87;862;0
88;862;0
89;862;1
90;862;1
91;862;1
92;862;1
93;862;0
94;862;0
95;862;1
96;862;0
97;862;0
98;862;0
99;862;1
100;862;0
101;862;0
102;862;1
103;862;0
104;862;1
105;862;1
106;862;1
107;862;0
108;862;0
109;862;1
110;862;1
111;862;0
112;862;0
113;862;1
114;862;0
115;862;0
116;862;0
117;862;0
118;862;0
119;862;1
120;862;0
121;862;1
122;862;1
123;862;0
124;862;1
125;862;0
126;862;1
127;862;1
128;862;1
129;862;0
130;862;1
131;862;1
132;862;0
133;862;1
134;862;0
135;862;1
136;862;0
137;862;1
138;862;0
139;862;1
140;862;1
141;862;1
142;862;1
143;862;0
144;862;0
145;862;0
146;862;0
147;862;0
148;862;0
149;862;0
150;862;0
151;862;0
152;862;0
153;862;0
154;862;0
155;862;0
156;862;1
157;862;0
158;862;0
159;862;0
160;862;0
161;862;0
162;862;0
163;862;0
164;862;1
165;862;1
166;862;0
167;862;0
168;862;1
169;862;1
170;862;0
171;862;0
172;862;1
173;862;0
174;862;0
175;862;0
176;862;0
177;862;0
178;862;1
179;862;0
180;862;1
181;862;0
182;862;1
183;862;0
184;862;1
185;862;1
186;862;0
187;862;0
188;862;1
189;862;0
190;862;0
191;862;0
192;862;1
193;862;1
194;862;1
195;862;0
196;862;1
197;862;0
198;862;0
1;869;0
2;869;0
3;869;1
4;869;0
5;869;1
6;869;0
7;869;0
8;869;0
9;869;1
10;869;0
11;869;1
12;869;1
13;869;1
14;869;0
15;869;0
16;869;0
17;869;0
18;869;0
19;869;0
20;869;1
21;869;1
22;869;1
23;869;0
24;869;0
25;869;0
26;869;0
27;869;0
28;869;0
29;869;0
30;869;0
31;869;0
32;869;0
33;869;0
34;869;1
35;869;0
36;869;0
37;869;0
38;869;0
39;869;0
40;869;0
41;869;0
42;869;0
43;869;0
44;869;1
45;869;0
46;869;1
47;869;0
48;869;0
49;869;0
50;869;0
51;869;0
52;869;0
53;869;0
54;869;0
55;869;0
56;869;0
57;869;0
58;869;0
59;869;0
60;869;0
61;869;0
62;869;0
63;869;0
64;869;0
65;869;0
66;869;0
67;869;0
68;869;0
69;869;0
70;869;0
71;869;0
72;869;1
73;869;0
74;869;0
75;869;0
76;869;0
77;869;0
78;869;0
79;869;0
80;869;0
81;869;0
82;869;0
84;869;0
85;869;0
86;869;0
87;869;1
88;869;0
89;869;0
90;869;0
91;869;0
92;869;0
93;869;0
94;869;0
95;869;0
96;869;0
97;869;0
98;869;0
99;869;0
100;869;0
101;869;0
102;869;0
103;869;0
104;869;1
105;869;1
106;869;0
107;869;0
108;869;1
109;869;0
110;869;0
111;869;0
112;869;0
113;869;0
114;869;0
115;869;0
116;869;0
117;869;1
118;869;0
119;869;0
120;869;1
121;869;0
122;869;0
123;869;0
124;869;0
125;869;0
126;869;0
127;869;0
128;869;0
129;869;0
130;869;0
131;869;0
132;869;0
133;869;0
134;869;0
135;869;1
136;869;0
137;869;0
138;869;0
139;869;0
140;869;0
141;869;0
142;869;0
143;869;1
144;869;0
145;869;0
146;869;0
147;869;0
148;869;0
149;869;0
150;869;0
151;869;0
152;869;0
153;869;0
154;869;1
155;869;0
156;869;0
157;869;0
158;869;0
159;869;0
160;869;0
161;869;0
162;869;0
163;869;0
164;869;0
165;869;0
166;869;0
167;869;1
168;869;0
169;869;0
170;869;0
171;869;1
172;869;0
173;869;0
174;869;1
175;869;0
176;869;0
177;869;0
178;869;0
179;869;0
180;869;0
181;869;0
182;869;0
183;869;0
184;869;0
185;869;0
186;869;0
187;869;0
188;869;0
189;869;0
190;869;0
191;869;1
192;869;0
193;869;0
194;869;0
195;869;0
196;869;0
197;869;0
198;869;0
1;871;0
2;871;0
3;871;0
4;871;0
5;871;0
6;871;0
7;871;0
8;871;0
9;871;0
10;871;1
11;871;1
12;871;0
13;871;0
14;871;0
15;871;0
16;871;0
17;871;0
18;871;0
19;871;0
20;871;0
21;871;0
22;871;0
23;871;0
24;871;0
25;871;1
26;871;0
27;871;0
28;871;1
29;871;0
30;871;0
31;871;0
32;871;0
33;871;0
34;871;0
35;871;0
36;871;0
37;871;0
38;871;0
39;871;1
40;871;0
41;871;0
42;871;0
43;871;0
44;871;0
45;871;0
46;871;0
47;871;0
48;871;0
49;871;1
50;871;0
51;871;0
52;871;0
53;871;0
54;871;0
55;871;0
56;871;0
57;871;0
58;871;0
59;871;0
60;871;0
61;871;0
62;871;1
63;871;0
64;871;0
65;871;0
66;871;0
67;871;0
68;871;0
69;871;0
70;871;0
71;871;0
72;871;0
73;871;0
74;871;0
75;871;0
76;871;0
77;871;1
78;871;0
79;871;0
80;871;1
81;871;1
82;871;0
84;871;0
85;871;0
86;871;0
87;871;0
88;871;0
89;871;0
90;871;1
91;871;0
92;871;0
93;871;0
94;871;0
95;871;0
96;871;0
97;871;0
98;871;0
99;871;0
100;871;1
101;871;0
102;871;0
103;871;0
104;871;0
105;871;0
106;871;0
107;871;0
108;871;0
109;871;0
110;871;1
111;871;0
112;871;0
113;871;0
114;871;0
115;871;0
116;871;1
117;871;0
118;871;0
119;871;0
120;871;0
121;871;0
122;871;0
123;871;0
124;871;0
125;871;0
126;871;0
127;871;0
128;871;0
129;871;0
130;871;0
131;871;0
132;871;0
133;871;0
134;871;0
135;871;0
136;871;0
137;871;0
138;871;0
139;871;0
140;871;0
141;871;1
142;871;0
143;871;0
144;871;0
145;871;0
146;871;0
147;871;0
148;871;1
149;871;0
150;871;1
151;871;0
152;871;0
153;871;0
154;871;0
155;871;0
156;871;1
157;871;0
158;871;0
159;871;0
160;871;0
161;871;0
162;871;0
163;871;0
164;871;0
165;871;0
166;871;0
167;871;0
168;871;0
169;871;0
170;871;0
171;871;0
172;871;0
173;871;0
174;871;0
175;871;0
176;871;0
177;871;0
178;871;0
179;871;0
180;871;0
181;871;0
182;871;0
183;871;0
184;871;0
185;871;0
186;871;0
187;871;1
188;871;1
189;871;1
190;871;0
191;871;0
192;871;0
193;871;0
194;871;0
195;871;0
196;871;0
197;871;0
198;871;0
1;872;0
2;872;0
3;872;0
4;872;0
5;872;0
6;872;0
7;872;0
8;872;0
9;872;0
10;872;0
11;872;0
12;872;0
13;872;0
14;872;0
15;872;0
16;872;0
17;872;0
18;872;0
19;872;0
20;872;0
21;872;0
22;872;0
23;872;0
24;872;0
25;872;0
26;872;0
27;872;0
28;872;0
29;872;0
30;872;0
31;872;0
32;872;0
33;872;0
34;872;0
35;872;0
36;872;0
37;872;0
38;872;0
39;872;1
40;872;0
41;872;1
42;872;0
43;872;0
44;872;0
45;872;0
46;872;0
47;872;0
48;872;1
49;872;0
50;872;0
51;872;0
52;872;0
53;872;1
54;872;1
55;872;0
56;872;0
57;872;0
58;872;1
59;872;0
60;872;1
61;872;0
62;872;0
63;872;0
64;872;0
65;872;0
66;872;0
67;872;0
68;872;1
69;872;0
70;872;0
71;872;0
72;872;1
73;872;0
74;872;0
75;872;0
76;872;0
77;872;0
78;872;0
79;872;0
80;872;0
81;872;1
82;872;0
84;872;0
85;872;0
86;872;0
87;872;1
88;872;0
89;872;0
90;872;0
91;872;1
92;872;0
93;872;0
94;872;1
95;872;0
96;872;0
97;872;0
98;872;0
99;872;0
100;872;0
101;872;0
102;872;0
103;872;0
104;872;0
105;872;1
106;872;0
107;872;0
108;872;0
109;872;0
110;872;1
111;872;0
112;872;0
113;872;0
114;872;0
115;872;1
116;872;0
117;872;0
118;872;0
119;872;0
120;872;0
121;872;1
122;872;1
123;872;0
124;872;1
125;872;0
126;872;0
127;872;0
128;872;0
129;872;1
130;872;0
131;872;1
132;872;0
133;872;0
134;872;0
135;872;0
136;872;0
137;872;0
138;872;0
139;872;0
140;872;0
141;872;1
142;872;0
143;872;0
144;872;0
145;872;0
146;872;0
147;872;1
148;872;0
149;872;0
150;872;0
151;872;0
152;872;0
153;872;0
154;872;1
155;872;0
156;872;1
157;872;0
158;872;0
159;872;0
160;872;0
161;872;0
162;872;0
163;872;0
164;872;0
165;872;0
166;872;0
167;872;1
168;872;0
169;872;1
170;872;0
171;872;0
172;872;1
173;872;0
174;872;0
175;872;0
176;872;0
177;872;0
178;872;0
179;872;1
180;872;1
181;872;0
182;872;0
183;872;0
184;872;0
185;872;0
186;872;0
187;872;0
188;872;0
189;872;0
190;872;0
191;872;0
192;872;0
193;872;0
194;872;0
195;872;1
196;872;0
197;872;1
198;872;1
1;873;0
2;873;0
3;873;0
4;873;0
5;873;0
6;873;0
7;873;0
8;873;0
9;873;0
10;873;0
11;873;0
12;873;0
13;873;0
14;873;1
15;873;1
16;873;0
17;873;0
18;873;0
19;873;0
20;873;1
21;873;0
22;873;0
23;873;0
24;873;1
25;873;1
26;873;1
27;873;1
28;873;1
29;873;1
30;873;0
31;873;1
32;873;1
33;873;1
34;873;1
35;873;1
36;873;1
37;873;1
38;873;1
39;873;0
40;873;0
41;873;1
42;873;1
43;873;1
44;873;1
45;873;1
46;873;1
47;873;1
48;873;1
49;873;1
50;873;1
51;873;0
52;873;1
53;873;1
54;873;0
55;873;1
56;873;1
57;873;1
58;873;1
59;873;0
60;873;1
61;873;0
62;873;1
63;873;1
64;873;1
65;873;1
66;873;1
67;873;0
68;873;0
69;873;1
70;873;1
71;873;1
72;873;1
73;873;0
74;873;0
75;873;1
76;873;1
77;873;1
78;873;0
79;873;0
80;873;0
81;873;0
82;873;0
84;873;1
85;873;0
86;873;1
87;873;0
88;873;0
89;873;0
90;873;0
91;873;1
92;873;0
93;873;1
94;873;0
95;873;1
96;873;1
97;873;0
98;873;0
99;873;0
100;873;1
101;873;0
102;873;1
103;873;1
104;873;1
105;873;0
106;873;1
107;873;1
108;873;0
109;873;1
110;873;1
111;873;1
112;873;0
113;873;0
114;873;0
115;873;0
116;873;1
117;873;1
118;873;0
119;873;1
120;873;0
121;873;0
122;873;0
123;873;0
124;873;1
125;873;0
126;873;0
127;873;0
128;873;1
129;873;0
130;873;1
131;873;1
132;873;1
133;873;1
134;873;0
135;873;0
136;873;0
137;873;1
138;873;0
139;873;0
140;873;1
141;873;0
142;873;0
143;873;0
144;873;1
145;873;1
146;873;0
147;873;0
148;873;1
149;873;0
150;873;1
151;873;1
152;873;1
153;873;0
154;873;1
155;873;1
156;873;1
157;873;0
158;873;1
159;873;1
160;873;1
161;873;1
162;873;0
163;873;1
164;873;1
165;873;1
166;873;1
167;873;1
168;873;1
169;873;1
170;873;1
171;873;1
172;873;1
173;873;1
174;873;1
175;873;1
176;873;0
177;873;1
178;873;0
179;873;0
180;873;0
181;873;1
182;873;1
183;873;0
184;873;0
185;873;0
186;873;1
187;873;1
188;873;1
189;873;1
190;873;0
191;873;0
192;873;1
193;873;1
194;873;1
195;873;1
196;873;1
197;873;0
198;873;1
1;879;0
2;879;1
3;879;0
4;879;0
5;879;0
6;879;1
7;879;0
8;879;0
9;879;0
10;879;0
11;879;0
12;879;0
13;879;0
14;879;1
15;879;1
16;879;0
17;879;0
18;879;0
19;879;0
20;879;0
21;879;0
22;879;0
23;879;0
24;879;0
25;879;0
26;879;0
27;879;0
28;879;1
29;879;0
30;879;0
31;879;0
32;879;0
33;879;0
34;879;0
35;879;0
36;879;0
37;879;1
38;879;0
39;879;0
40;879;0
41;879;1
42;879;0
43;879;0
44;879;0
45;879;0
46;879;1
47;879;0
48;879;0
49;879;1
50;879;0
51;879;0
52;879;0
53;879;1
54;879;0
55;879;0
56;879;1
57;879;0
58;879;1
59;879;0
60;879;1
61;879;1
62;879;0
63;879;0
64;879;0
65;879;0
66;879;0
67;879;0
68;879;0
69;879;0
70;879;0
71;879;0
72;879;0
73;879;1
74;879;1
75;879;1
76;879;1
77;879;1
78;879;0
79;879;0
80;879;1
81;879;0
82;879;0
84;879;0
85;879;1
86;879;0
87;879;0
88;879;0
89;879;0
90;879;0
91;879;0
92;879;0
93;879;1
94;879;1
95;879;1
96;879;0
97;879;0
98;879;0
99;879;1
100;879;1
101;879;1
102;879;0
103;879;1
104;879;1
105;879;0
106;879;0
107;879;0
108;879;0
109;879;0
110;879;1
111;879;0
112;879;0
113;879;1
114;879;0
115;879;1
116;879;0
117;879;0
118;879;0
119;879;0
120;879;1
121;879;0
122;879;1
123;879;0
124;879;0
125;879;0
126;879;1
127;879;0
128;879;0
129;879;0
130;879;1
131;879;0
132;879;0
133;879;0
134;879;0
135;879;0
136;879;0
137;879;0
138;879;0
139;879;0
140;879;0
141;879;0
142;879;1
143;879;1
144;879;1
145;879;0
146;879;0
147;879;1
148;879;1
149;879;0
150;879;0
151;879;0
152;879;0
153;879;0
154;879;1
155;879;1
156;879;1
157;879;1
158;879;1
159;879;0
160;879;0
161;879;0
162;879;0
163;879;0
164;879;0
165;879;0
166;879;0
167;879;1
168;879;0
169;879;0
170;879;0
171;879;0
172;879;0
173;879;1
174;879;0
175;879;0
176;879;0
177;879;0
178;879;0
179;879;0
180;879;0
181;879;1
182;879;0
183;879;0
184;879;0
185;879;0
186;879;0
187;879;0
188;879;0
189;879;0
190;879;0
191;879;1
192;879;1
193;879;0
194;879;0
195;879;0
196;879;1
197;879;1
198;879;0
1;881;0
2;881;0
3;881;0
4;881;0
5;881;0
6;881;0
7;881;1
8;881;0
9;881;0
10;881;0
11;881;0
12;881;0
13;881;0
14;881;1
15;881;0
16;881;1
17;881;0
18;881;1
19;881;1
20;881;1
21;881;0
22;881;1
23;881;0
24;881;1
25;881;0
26;881;1
27;881;1
28;881;1
29;881;0
30;881;1
31;881;0
32;881;0
33;881;0
34;881;0
35;881;0
36;881;0
37;881;0
38;881;1
39;881;0
40;881;1
41;881;0
42;881;0
43;881;0
44;881;0
45;881;1
46;881;1
47;881;1
48;881;1
49;881;1
50;881;1
51;881;1
52;881;1
53;881;1
54;881;0
55;881;0
56;881;1
57;881;0
58;881;0
59;881;0
60;881;1
61;881;0
62;881;0
63;881;0
64;881;0
65;881;1
66;881;0
67;881;0
68;881;1
69;881;1
70;881;1
71;881;1
72;881;0
73;881;0
74;881;1
75;881;0
76;881;0
77;881;0
78;881;0
79;881;1
80;881;0
81;881;1
82;881;0
84;881;1
85;881;0
86;881;1
87;881;1
88;881;1
89;881;0
90;881;0
91;881;1
92;881;0
93;881;1
94;881;0
95;881;1
96;881;0
97;881;1
98;881;1
99;881;1
100;881;0
101;881;0
102;881;1
103;881;0
104;881;0
105;881;1
106;881;0
107;881;1
108;881;0
109;881;0
110;881;1
111;881;1
112;881;1
113;881;1
114;881;0
115;881;0
116;881;0
117;881;1
118;881;1
119;881;1
120;881;0
121;881;1
122;881;0
123;881;0
124;881;0
125;881;0
126;881;0
127;881;0
128;881;0
129;881;0
130;881;0
131;881;0
132;881;0
133;881;1
134;881;0
135;881;1
136;881;0
137;881;0
138;881;1
139;881;1
140;881;1
141;881;1
142;881;1
143;881;1
144;881;1
145;881;1
146;881;0
147;881;0
148;881;0
149;881;1
150;881;1
151;881;0
152;881;0
153;881;1
154;881;1
155;881;0
156;881;1
157;881;1
158;881;1
159;881;1
160;881;0
161;881;1
162;881;0
163;881;1
164;881;1
165;881;1
166;881;0
167;881;0
168;881;0
169;881;1
170;881;0
171;881;1
172;881;1
173;881;0
174;881;0
175;881;0
176;881;1
177;881;1
178;881;1
179;881;1
180;881;1
181;881;0
182;881;0
183;881;0
184;881;1
185;881;0
186;881;0
187;881;1
188;881;0
189;881;1
190;881;1
191;881;1
192;881;1
193;881;0
194;881;0
195;881;1
196;881;1
197;881;1
198;881;0
1;889;0
2;889;0
3;889;0
4;889;0
5;889;0
6;889;0
7;889;0
8;889;0
9;889;0
10;889;1
11;889;0
12;889;0
13;889;0
14;889;0
15;889;1
16;889;0
17;889;1
18;889;1
19;889;1
20;889;1
21;889;1
22;889;0
23;889;0
24;889;0
25;889;1
26;889;1
27;889;1
28;889;1
29;889;0
30;889;0
31;889;1
32;889;0
33;889;0
34;889;1
35;889;1
36;889;0
37;889;0
38;889;0
39;889;0
40;889;1
41;889;0
42;889;1
43;889;1
44;889;0
45;889;1
46;889;1
47;889;1
48;889;1
49;889;1
50;889;0
51;889;1
52;889;0
53;889;1
54;889;1
55;889;0
56;889;0
57;889;1
58;889;0
59;889;1
60;889;0
61;889;1
62;889;1
63;889;0
64;889;0
65;889;0
66;889;0
67;889;1
68;889;0
69;889;0
70;889;1
71;889;0
72;889;1
73;889;1
74;889;1
75;889;1
76;889;1
77;889;1
78;889;1
79;889;0
80;889;0
81;889;0
82;889;0
84;889;1
85;889;0
86;889;1
87;889;0
88;889;1
89;889;0
90;889;1
91;889;1
92;889;1
93;889;1
94;889;1
95;889;1
96;889;0
97;889;0
98;889;1
99;889;1
100;889;1
101;889;1
102;889;1
103;889;1
104;889;0
105;889;0
106;889;1
107;889;1
108;889;0
109;889;1
110;889;0
111;889;1
112;889;0
113;889;0
114;889;1
115;889;0
116;889;0
117;889;1
118;889;0
119;889;1
120;889;1
121;889;1
122;889;0
123;889;0
124;889;0
125;889;0
126;889;0
127;889;0
128;889;0
129;889;0
130;889;1
131;889;1
132;889;1
133;889;0
134;889;0
135;889;1
136;889;0
137;889;0
138;889;0
139;889;0
140;889;1
141;889;1
142;889;1
143;889;1
144;889;0
145;889;1
146;889;0
147;889;0
148;889;1
149;889;1
150;889;1
151;889;0
152;889;1
153;889;0
154;889;1
155;889;1
156;889;1
157;889;0
158;889;1
159;889;1
160;889;0
161;889;0
162;889;0
163;889;1
164;889;0
165;889;0
166;889;0
167;889;1
168;889;0
169;889;0
170;889;0
171;889;0
172;889;1
173;889;0
174;889;1
175;889;0
176;889;0
177;889;1
178;889;1
179;889;0
180;889;0
181;889;0
182;889;1
183;889;1
184;889;1
185;889;1
186;889;1
187;889;1
188;889;1
189;889;1
190;889;0
191;889;0
192;889;1
193;889;0
194;889;1
195;889;0
196;889;1
197;889;0
198;889;1
1;900;1
2;900;1
3;900;1
4;900;0
5;900;1
6;900;1
7;900;1
8;900;1
9;900;1
10;900;0
11;900;0
12;900;1
13;900;1
14;900;1
15;900;0
16;900;0
17;900;1
18;900;0
19;900;1
20;900;0
21;900;0
22;900;1
23;900;0
24;900;0
25;900;0
26;900;0
27;900;0
28;900;1
29;900;0
30;900;0
31;900;0
32;900;0
33;900;0
34;900;0
35;900;0
36;900;0
37;900;0
38;900;1
39;900;0
40;900;0
41;900;0
42;900;0
43;900;0
44;900;0
45;900;0
46;900;1
47;900;0
48;900;0
49;900;0
50;900;0
51;900;0
52;900;0
53;900;0
54;900;0
55;900;0
56;900;0
57;900;0
58;900;0
59;900;0
60;900;0
61;900;1
62;900;0
63;900;0
64;900;0
65;900;0
66;900;0
67;900;0
68;900;0
69;900;0
70;900;1
71;900;0
72;900;0
73;900;0
74;900;0
75;900;1
76;900;0
77;900;0
78;900;0
79;900;0
80;900;1
81;900;0
82;900;0
84;900;0
85;900;0
86;900;0
87;900;1
88;900;0
89;900;0
90;900;0
91;900;0
92;900;0
93;900;0
94;900;0
95;900;1
96;900;0
97;900;0
98;900;0
99;900;0
100;900;0
101;900;0
102;900;0
103;900;0
104;900;1
105;900;0
106;900;0
107;900;0
108;900;0
109;900;0
110;900;0
111;900;0
112;900;0
113;900;0
114;900;0
115;900;0
116;900;0
117;900;0
118;900;0
119;900;0
120;900;0
121;900;0
122;900;0
123;900;0
124;900;0
125;900;0
126;900;0
127;900;0
128;900;0
129;900;0
130;900;0
131;900;0
132;900;0
133;900;0
134;900;0
135;900;1
136;900;0
137;900;0
138;900;0
139;900;0
140;900;0
141;900;0
142;900;0
143;900;1
144;900;0
145;900;1
146;900;0
147;900;0
148;900;0
149;900;0
150;900;0
151;900;0
152;900;0
153;900;0
154;900;0
155;900;0
156;900;0
157;900;0
158;900;0
159;900;0
160;900;0
161;900;0
162;900;0
163;900;0
164;900;0
165;900;0
166;900;0
167;900;1
168;900;0
169;900;0
170;900;0
171;900;0
172;900;0
173;900;0
174;900;0
175;900;0
176;900;0
177;900;0
178;900;0
179;900;0
180;900;0
181;900;0
182;900;0
183;900;0
184;900;0
185;900;1
186;900;0
187;900;0
188;900;0
189;900;1
190;900;0
191;900;1
192;900;0
193;900;0
194;900;0
195;900;0
196;900;0
197;900;0
198;900;0
1;910;1
2;910;1
3;910;0
4;910;0
5;910;0
6;910;0
7;910;0
8;910;1
9;910;0
10;910;0
11;910;0
12;910;0
13;910;0
14;910;1
15;910;0
16;910;0
17;910;0
18;910;0
19;910;0
20;910;0
21;910;0
22;910;0
23;910;0
24;910;0
25;910;0
26;910;0
27;910;0
28;910;1
29;910;0
30;910;0
31;910;0
32;910;0
33;910;0
34;910;0
35;910;0
36;910;0
37;910;0
38;910;0
39;910;0
40;910;0
41;910;0
42;910;1
43;910;0
44;910;0
45;910;1
46;910;1
47;910;0
48;910;0
49;910;0
50;910;0
51;910;0
52;910;0
53;910;0
54;910;0
55;910;1
56;910;0
57;910;0
58;910;0
59;910;0
60;910;0
61;910;0
62;910;0
63;910;0
64;910;1
65;910;0
66;910;1
67;910;0
68;910;0
69;910;1
70;910;1
71;910;1
72;910;1
73;910;0
74;910;0
75;910;1
76;910;1
77;910;0
78;910;0
79;910;0
80;910;0
81;910;0
82;910;0
84;910;0
85;910;0
86;910;0
87;910;0
88;910;0
89;910;0
90;910;0
91;910;1
92;910;0
93;910;0
94;910;0
95;910;1
96;910;0
97;910;0
98;910;0
99;910;0
100;910;0
101;910;0
102;910;0
103;910;0
104;910;1
105;910;1
106;910;0
107;910;0
108;910;0
109;910;0
110;910;0
111;910;0
112;910;0
113;910;0
114;910;0
115;910;0
116;910;0
117;910;0
118;910;0
119;910;0
120;910;0
121;910;0
122;910;0
123;910;0
124;910;0
125;910;0
126;910;0
127;910;0
128;910;0
129;910;0
130;910;0
131;910;0
132;910;0
133;910;0
134;910;0
135;910;1
136;910;0
137;910;0
138;910;0
139;910;0
140;910;0
141;910;0
142;910;0
143;910;1
144;910;0
145;910;0
146;910;0
147;910;0
148;910;0
149;910;0
150;910;0
151;910;0
152;910;0
153;910;0
154;910;0
155;910;0
156;910;0
157;910;0
158;910;0
159;910;0
160;910;0
161;910;0
162;910;0
163;910;0
164;910;0
165;910;1
166;910;0
167;910;1
168;910;0
169;910;0
170;910;0
171;910;0
172;910;0
173;910;1
174;910;0
175;910;1
176;910;0
177;910;1
178;910;1
179;910;1
180;910;0
181;910;0
182;910;0
183;910;0
184;910;0
185;910;1
186;910;1
187;910;0
188;910;1
189;910;0
190;910;1
191;910;1
192;910;1
193;910;1
194;910;0
195;910;0
196;910;1
197;910;1
198;910;0
1;920;1
2;920;0
3;920;0
4;920;0
5;920;1
6;920;0
7;920;0
8;920;1
9;920;1
10;920;0
11;920;0
12;920;0
13;920;0
14;920;0
15;920;0
16;920;1
17;920;1
18;920;0
19;920;0
20;920;0
21;920;0
22;920;0
23;920;1
24;920;0
25;920;0
26;920;0
27;920;0
28;920;0
29;920;0
30;920;0
31;920;0
32;920;0
33;920;0
34;920;0
35;920;1
36;920;0
37;920;0
38;920;0
39;920;0
40;920;0
41;920;0
42;920;0
43;920;0
44;920;1
45;920;1
46;920;0
47;920;0
48;920;0
49;920;0
50;920;0
51;920;0
52;920;1
53;920;1
54;920;0
55;920;0
56;920;0
57;920;0
58;920;0
59;920;0
60;920;0
61;920;0
62;920;0
63;920;1
64;920;0
65;920;0
66;920;0
67;920;0
68;920;0
69;920;0
70;920;1
71;920;0
72;920;0
73;920;0
74;920;0
75;920;1
76;920;1
77;920;0
78;920;0
79;920;0
80;920;1
81;920;0
82;920;0
84;920;1
85;920;0
86;920;0
87;920;0
88;920;0
89;920;0
90;920;0
91;920;1
92;920;0
93;920;0
94;920;0
95;920;1
96;920;0
97;920;0
98;920;0
99;920;0
100;920;0
101;920;0
102;920;1
103;920;0
104;920;0
105;920;0
106;920;0
107;920;0
108;920;0
109;920;1
110;920;0
111;920;0
112;920;0
113;920;0
114;920;0
115;920;1
116;920;0
117;920;0
118;920;0
119;920;0
120;920;0
121;920;0
122;920;0
123;920;0
124;920;0
125;920;0
126;920;1
127;920;0
128;920;0
129;920;0
130;920;1
131;920;0
132;920;0
133;920;0
134;920;1
135;920;1
136;920;0
137;920;0
138;920;0
139;920;0
140;920;0
141;920;0
142;920;0
143;920;0
144;920;0
145;920;0
146;920;1
147;920;0
148;920;0
149;920;0
150;920;0
151;920;0
152;920;1
153;920;0
154;920;0
155;920;0
156;920;0
157;920;0
158;920;0
159;920;0
160;920;0
161;920;0
162;920;0
163;920;0
164;920;0
165;920;0
166;920;0
167;920;0
168;920;0
169;920;0
170;920;0
171;920;0
172;920;0
173;920;0
174;920;0
175;920;0
176;920;0
177;920;0
178;920;0
179;920;0
180;920;0
181;920;0
182;920;0
183;920;0
184;920;0
185;920;1
186;920;0
187;920;0
188;920;0
189;920;0
190;920;0
191;920;0
192;920;0
193;920;0
194;920;0
195;920;0
196;920;0
197;920;0
198;920;0
1;931;0
2;931;0
3;931;0
4;931;1
5;931;0
6;931;0
7;931;0
8;931;0
9;931;1
10;931;0
11;931;1
12;931;1
13;931;1
14;931;1
15;931;0
16;931;1
17;931;1
18;931;0
19;931;1
20;931;1
21;931;0
22;931;0
23;931;0
24;931;0
25;931;0
26;931;1
27;931;0
28;931;1
29;931;0
30;931;0
31;931;0
32;931;0
33;931;0
34;931;0
35;931;0
36;931;0
37;931;0
38;931;0
39;931;0
40;931;0
41;931;0
42;931;1
43;931;0
44;931;1
45;931;0
46;931;1
47;931;0
48;931;1
49;931;0
50;931;0
51;931;0
52;931;0
53;931;0
54;931;1
55;931;0
56;931;0
57;931;0
58;931;1
59;931;0
60;931;1
61;931;0
62;931;1
63;931;1
64;931;0
65;931;0
66;931;0
67;931;1
68;931;1
69;931;0
70;931;0
71;931;0
72;931;0
73;931;1
74;931;0
75;931;0
76;931;1
77;931;1
78;931;0
79;931;0
80;931;1
81;931;1
82;931;0
84;931;0
85;931;1
86;931;0
87;931;1
88;931;0
89;931;0
90;931;0
91;931;1
92;931;0
93;931;1
94;931;0
95;931;1
96;931;0
97;931;0
98;931;0
99;931;0
100;931;0
101;931;0
102;931;0
103;931;0
104;931;1
105;931;0
106;931;1
107;931;1
108;931;0
109;931;0
110;931;0
111;931;0
112;931;0
113;931;1
114;931;1
115;931;0
116;931;1
117;931;1
118;931;0
119;931;0
120;931;0
121;931;0
122;931;0
123;931;0
124;931;0
125;931;0
126;931;1
127;931;1
128;931;0
129;931;0
130;931;1
131;931;0
132;931;1
133;931;0
134;931;0
135;931;1
136;931;1
137;931;0
138;931;1
139;931;0
140;931;0
141;931;1
142;931;0
143;931;1
144;931;0
145;931;0
146;931;1
147;931;0
148;931;0
149;931;0
150;931;0
151;931;0
152;931;0
153;931;1
154;931;0
155;931;0
156;931;0
157;931;0
158;931;0
159;931;0
160;931;0
161;931;0
162;931;0
163;931;0
164;931;0
165;931;0
166;931;1
167;931;1
168;931;1
169;931;0
170;931;0
171;931;0
172;931;1
173;931;1
174;931;0
175;931;0
176;931;0
177;931;0
178;931;0
179;931;0
180;931;0
181;931;1
182;931;0
183;931;1
184;931;0
185;931;1
186;931;0
187;931;0
188;931;0
189;931;0
190;931;0
191;931;1
192;931;0
193;931;0
194;931;0
195;931;0
196;931;0
197;931;1
198;931;0
1;932;1
2;932;0
3;932;1
4;932;1
5;932;0
6;932;0
7;932;1
8;932;0
9;932;0
10;932;0
11;932;0
12;932;1
13;932;0
14;932;0
15;932;0
16;932;0
17;932;1
18;932;1
19;932;0
20;932;1
21;932;1
22;932;1
23;932;0
24;932;0
25;932;0
26;932;1
27;932;1
28;932;0
29;932;0
30;932;0
31;932;1
32;932;1
33;932;1
34;932;1
35;932;0
36;932;1
37;932;1
38;932;0
39;932;1
40;932;0
41;932;1
42;932;0
43;932;0
44;932;1
45;932;1
46;932;1
47;932;1
48;932;1
49;932;1
50;932;1
51;932;1
52;932;0
53;932;1
54;932;0
55;932;0
56;932;0
57;932;0
58;932;0
59;932;0
60;932;1
61;932;0
62;932;0
63;932;0
64;932;1
65;932;1
66;932;0
67;932;1
68;932;0
69;932;0
70;932;0
71;932;1
72;932;0
73;932;0
74;932;1
75;932;1
76;932;0
77;932;0
78;932;0
79;932;0
80;932;1
81;932;1
82;932;0
84;932;0
85;932;0
86;932;0
87;932;0
88;932;0
89;932;0
90;932;0
91;932;0
92;932;0
93;932;0
94;932;1
95;932;0
96;932;1
97;932;0
98;932;0
99;932;1
100;932;1
101;932;0
102;932;0
103;932;1
104;932;1
105;932;0
106;932;1
107;932;1
108;932;0
109;932;1
110;932;1
111;932;0
112;932;1
113;932;0
114;932;0
115;932;0
116;932;0
117;932;1
118;932;0
119;932;1
120;932;0
121;932;1
122;932;0
123;932;0
124;932;0
125;932;0
126;932;0
127;932;1
128;932;0
129;932;1
130;932;1
131;932;1
132;932;0
133;932;0
134;932;1
135;932;1
136;932;0
137;932;1
138;932;0
139;932;0
140;932;1
141;932;0
142;932;1
143;932;1
144;932;1
145;932;1
146;932;1
147;932;0
148;932;1
149;932;0
150;932;0
151;932;0
152;932;0
153;932;1
154;932;0
155;932;1
156;932;1
157;932;0
158;932;0
159;932;1
160;932;0
161;932;0
162;932;0
163;932;1
164;932;1
165;932;1
166;932;1
167;932;0
168;932;1
169;932;1
170;932;0
171;932;0
172;932;1
173;932;0
174;932;0
175;932;1
176;932;1
177;932;0
178;932;0
179;932;1
180;932;1
181;932;1
182;932;0
183;932;1
184;932;1
185;932;1
186;932;0
187;932;1
188;932;0
189;932;0
190;932;1
191;932;0
192;932;0
193;932;1
194;932;1
195;932;1
196;932;1
197;932;0
198;932;0
1;941;1
2;941;1
3;941;0
4;941;0
5;941;1
6;941;1
7;941;1
8;941;0
9;941;1
10;941;1
11;941;1
12;941;1
13;941;1
14;941;1
15;941;0
16;941;0
17;941;0
18;941;0
19;941;0
20;941;0
21;941;0
22;941;0
23;941;0
24;941;0
25;941;0
26;941;0
27;941;0
28;941;0
29;941;1
30;941;0
31;941;1
32;941;0
33;941;0
34;941;0
35;941;1
36;941;0
37;941;0
38;941;1
39;941;0
40;941;1
41;941;0
42;941;0
43;941;0
44;941;0
45;941;0
46;941;1
47;941;0
48;941;0
49;941;1
50;941;0
51;941;0
52;941;0
53;941;0
54;941;0
55;941;0
56;941;0
57;941;0
58;941;0
59;941;1
60;941;0
61;941;0
62;941;0
63;941;0
64;941;1
65;941;0
66;941;0
67;941;0
68;941;0
69;941;1
70;941;0
71;941;0
72;941;0
73;941;0
74;941;1
75;941;1
76;941;0
77;941;0
78;941;0
79;941;0
80;941;0
81;941;0
82;941;0
84;941;0
85;941;1
86;941;0
87;941;1
88;941;0
89;941;0
90;941;0
91;941;0
92;941;0
93;941;1
94;941;0
95;941;1
96;941;0
97;941;0
98;941;1
99;941;0
100;941;0
101;941;0
102;941;0
103;941;0
104;941;0
105;941;0
106;941;0
107;941;0
108;941;1
109;941;0
110;941;0
111;941;0
112;941;0
113;941;0
114;941;0
115;941;0
116;941;0
117;941;0
118;941;1
119;941;0
120;941;1
121;941;0
122;941;0
123;941;0
124;941;0
125;941;0
126;941;0
127;941;0
128;941;0
129;941;0
130;941;0
131;941;0
132;941;1
133;941;0
134;941;0
135;941;0
136;941;0
137;941;0
138;941;0
139;941;0
140;941;0
141;941;0
142;941;0
143;941;1
144;941;0
145;941;0
146;941;0
147;941;1
148;941;0
149;941;0
150;941;0
151;941;0
152;941;0
153;941;0
154;941;0
155;941;0
156;941;0
157;941;1
158;941;0
159;941;0
160;941;0
161;941;0
162;941;0
163;941;0
164;941;0
165;941;0
166;941;0
167;941;1
168;941;0
169;941;0
170;941;0
171;941;0
172;941;0
173;941;1
174;941;0
175;941;0
176;941;0
177;941;0
178;941;0
179;941;0
180;941;0
181;941;1
182;941;0
183;941;0
184;941;0
185;941;0
186;941;0
187;941;0
188;941;0
189;941;0
190;941;0
191;941;1
192;941;0
193;941;0
194;941;0
195;941;0
196;941;0
197;941;1
198;941;0
1;942;0
2;942;0
3;942;0
4;942;0
5;942;0
6;942;1
7;942;0
8;942;1
9;942;0
10;942;0
11;942;0
12;942;0
13;942;0
14;942;1
15;942;1
16;942;0
17;942;0
18;942;0
19;942;0
20;942;0
21;942;0
22;942;0
23;942;0
24;942;0
25;942;0
26;942;1
27;942;1
28;942;0
29;942;0
30;942;0
31;942;0
32;942;0
33;942;0
34;942;0
35;942;0
36;942;0
37;942;0
38;942;0
39;942;0
40;942;0
41;942;0
42;942;0
43;942;0
44;942;0
45;942;0
46;942;0
47;942;0
48;942;0
49;942;0
50;942;1
51;942;0
52;942;1
53;942;1
54;942;0
55;942;0
56;942;1
57;942;1
58;942;0
59;942;0
60;942;0
61;942;1
62;942;0
63;942;1
64;942;0
65;942;1
66;942;0
67;942;0
68;942;0
69;942;0
70;942;0
71;942;0
72;942;0
73;942;0
74;942;0
75;942;0
76;942;0
77;942;0
78;942;1
79;942;0
80;942;0
81;942;0
82;942;0
84;942;0
85;942;0
86;942;0
87;942;0
88;942;0
89;942;0
90;942;0
91;942;0
92;942;0
93;942;0
94;942;0
95;942;0
96;942;0
97;942;0
98;942;0
99;942;0
100;942;0
101;942;0
102;942;0
103;942;0
104;942;1
105;942;1
106;942;1
107;942;1
108;942;0
109;942;0
110;942;0
111;942;0
112;942;0
113;942;0
114;942;0
115;942;1
116;942;0
117;942;0
118;942;1
119;942;0
120;942;1
121;942;0
122;942;0
123;942;0
124;942;1
125;942;0
126;942;0
127;942;0
128;942;1
129;942;0
130;942;0
131;942;0
132;942;0
133;942;0
134;942;0
135;942;0
136;942;0
137;942;0
138;942;1
139;942;0
140;942;0
141;942;0
142;942;1
143;942;1
144;942;0
145;942;0
146;942;1
147;942;0
148;942;0
149;942;0
150;942;0
151;942;0
152;942;0
153;942;0
154;942;1
155;942;0
156;942;0
157;942;0
158;942;0
159;942;0
160;942;0
161;942;1
162;942;0
163;942;0
164;942;0
165;942;1
166;942;0
167;942;0
168;942;0
169;942;1
170;942;0
171;942;0
172;942;0
173;942;1
174;942;0
175;942;0
176;942;0
177;942;0
178;942;0
179;942;0
180;942;0
181;942;0
182;942;0
183;942;1
184;942;1
185;942;0
186;942;0
187;942;1
188;942;0
189;942;1
190;942;0
191;942;1
192;942;0
193;942;0
194;942;0
195;942;0
196;942;0
197;942;1
198;942;1
1;949;0
2;949;1
3;949;1
4;949;0
5;949;0
6;949;1
7;949;1
8;949;1
9;949;0
10;949;0
11;949;1
12;949;1
13;949;0
14;949;1
15;949;0
16;949;0
17;949;0
18;949;0
19;949;1
20;949;0
21;949;0
22;949;1
23;949;0
24;949;0
25;949;0
26;949;0
27;949;0
28;949;1
29;949;0
30;949;1
31;949;0
32;949;0
33;949;0
34;949;0
35;949;0
36;949;0
37;949;0
38;949;0
39;949;0
40;949;0
41;949;0
42;949;0
43;949;1
44;949;1
45;949;1
46;949;1
47;949;0
48;949;1
49;949;0
50;949;0
51;949;1
52;949;0
53;949;1
54;949;0
55;949;1
56;949;1
57;949;1
58;949;0
59;949;0
60;949;1
61;949;1
62;949;0
63;949;0
64;949;1
65;949;1
66;949;0
67;949;0
68;949;0
69;949;0
70;949;0
71;949;0
72;949;0
73;949;0
74;949;0
75;949;0
76;949;0
77;949;0
78;949;0
79;949;0
80;949;0
81;949;0
82;949;1
84;949;1
85;949;0
86;949;0
87;949;0
88;949;0
89;949;0
90;949;1
91;949;0
92;949;0
93;949;1
94;949;0
95;949;1
96;949;1
97;949;1
98;949;0
99;949;1
100;949;0
101;949;1
102;949;0
103;949;1
104;949;1
105;949;0
106;949;0
107;949;0
108;949;0
109;949;0
110;949;0
111;949;0
112;949;0
113;949;0
114;949;1
115;949;0
116;949;0
117;949;1
118;949;0
119;949;0
120;949;0
121;949;0
122;949;0
123;949;0
124;949;0
125;949;0
126;949;0
127;949;0
128;949;1
129;949;0
130;949;0
131;949;0
132;949;0
133;949;1
134;949;1
135;949;0
136;949;0
137;949;0
138;949;1
139;949;0
140;949;0
141;949;0
142;949;0
143;949;1
144;949;1
145;949;0
146;949;0
147;949;1
148;949;1
149;949;1
150;949;0
151;949;0
152;949;1
153;949;1
154;949;1
155;949;1
156;949;1
157;949;1
158;949;1
159;949;1
160;949;1
161;949;0
162;949;0
163;949;0
164;949;0
165;949;0
166;949;0
167;949;1
168;949;0
169;949;0
170;949;0
171;949;0
172;949;0
173;949;0
174;949;0
175;949;0
176;949;0
177;949;0
178;949;0
179;949;0
180;949;0
181;949;0
182;949;0
183;949;0
184;949;0
185;949;1
186;949;0
187;949;0
188;949;0
189;949;1
190;949;0
191;949;1
192;949;1
193;949;0
194;949;0
195;949;0
196;949;0
197;949;0
198;949;0
1;951;0
2;951;0
3;951;1
4;951;1
5;951;0
6;951;0
7;951;0
8;951;0
9;951;0
10;951;0
11;951;1
12;951;1
13;951;1
14;951;1
15;951;1
16;951;0
17;951;1
18;951;1
19;951;1
20;951;1
21;951;1
22;951;0
23;951;1
24;951;0
25;951;0
26;951;0
27;951;0
28;951;0
29;951;0
30;951;0
31;951;0
32;951;0
33;951;0
34;951;0
35;951;0
36;951;0
37;951;0
38;951;0
39;951;0
40;951;0
41;951;0
42;951;0
43;951;0
44;951;0
45;951;0
46;951;0
47;951;0
48;951;0
49;951;0
50;951;0
51;951;0
52;951;0
53;951;0
54;951;0
55;951;0
56;951;0
57;951;0
58;951;0
59;951;0
60;951;0
61;951;0
62;951;0
63;951;0
64;951;0
65;951;0
66;951;0
67;951;0
68;951;0
69;951;0
70;951;0
71;951;0
72;951;0
73;951;0
74;951;1
75;951;0
76;951;1
77;951;0
78;951;0
79;951;0
80;951;1
81;951;0
82;951;1
84;951;0
85;951;0
86;951;1
87;951;1
88;951;0
89;951;0
90;951;0
91;951;0
92;951;0
93;951;0
94;951;0
95;951;0
96;951;0
97;951;0
98;951;1
99;951;0
100;951;0
101;951;0
102;951;0
103;951;0
104;951;1
105;951;0
106;951;0
107;951;0
108;951;0
109;951;0
110;951;0
111;951;0
112;951;0
113;951;0
114;951;0
115;951;0
116;951;0
117;951;0
118;951;0
119;951;0
120;951;0
121;951;0
122;951;0
123;951;0
124;951;0
125;951;1
126;951;1
127;951;1
128;951;1
129;951;1
130;951;1
131;951;0
132;951;0
133;951;0
134;951;0
135;951;0
136;951;0
137;951;0
138;951;0
139;951;0
140;951;0
141;951;0
142;951;0
143;951;1
144;951;0
145;951;0
146;951;0
147;951;0
148;951;0
149;951;0
150;951;0
151;951;0
152;951;0
153;951;0
154;951;0
155;951;0
156;951;0
157;951;0
158;951;0
159;951;0
160;951;0
161;951;0
162;951;0
163;951;0
164;951;0
165;951;0
166;951;0
167;951;0
168;951;0
169;951;0
170;951;1
171;951;1
172;951;0
173;951;0
174;951;0
175;951;0
176;951;0
177;951;0
178;951;0
179;951;0
180;951;0
181;951;0
182;951;0
183;951;0
184;951;0
185;951;0
186;951;0
187;951;0
188;951;0
189;951;0
190;951;0
191;951;0
192;951;0
193;951;0
194;951;0
195;951;0
196;951;1
197;951;0
198;951;0
1;952;0
2;952;1
3;952;1
4;952;1
5;952;0
6;952;0
7;952;0
8;952;0
9;952;0
10;952;0
11;952;1
12;952;0
13;952;0
14;952;1
15;952;0
16;952;1
17;952;1
18;952;1
19;952;1
20;952;1
21;952;0
22;952;1
23;952;1
24;952;0
25;952;0
26;952;1
27;952;0
28;952;0
29;952;0
30;952;0
31;952;0
32;952;0
33;952;0
34;952;0
35;952;1
36;952;0
37;952;0
38;952;1
39;952;0
40;952;0
41;952;1
42;952;0
43;952;0
44;952;0
45;952;0
46;952;1
47;952;0
48;952;1
49;952;1
50;952;1
51;952;0
52;952;0
53;952;1
54;952;0
55;952;0
56;952;0
57;952;0
58;952;0
59;952;0
60;952;1
61;952;0
62;952;0
63;952;0
64;952;0
65;952;0
66;952;0
67;952;0
68;952;0
69;952;1
70;952;0
71;952;0
72;952;0
73;952;0
74;952;0
75;952;1
76;952;0
77;952;0
78;952;0
79;952;1
80;952;0
81;952;0
82;952;0
84;952;0
85;952;1
86;952;1
87;952;0
88;952;1
89;952;0
90;952;1
91;952;1
92;952;1
93;952;0
94;952;0
95;952;0
96;952;0
97;952;0
98;952;1
99;952;0
100;952;0
101;952;0
102;952;0
103;952;1
104;952;1
105;952;1
106;952;1
107;952;0
108;952;0
109;952;0
110;952;0
111;952;0
112;952;0
113;952;1
114;952;1
115;952;0
116;952;1
117;952;0
118;952;1
119;952;0
120;952;0
121;952;1
122;952;0
123;952;1
124;952;1
125;952;1
126;952;0
127;952;1
128;952;1
129;952;0
130;952;1
131;952;0
132;952;0
133;952;1
134;952;0
135;952;1
136;952;0
137;952;1
138;952;1
139;952;1
140;952;0
141;952;0
142;952;0
143;952;0
144;952;0
145;952;0
146;952;1
147;952;0
148;952;0
149;952;0
150;952;0
151;952;1
152;952;0
153;952;0
154;952;0
155;952;0
156;952;1
157;952;1
158;952;0
159;952;1
160;952;0
161;952;0
162;952;0
163;952;0
164;952;1
165;952;0
166;952;0
167;952;1
168;952;0
169;952;1
170;952;0
171;952;1
172;952;0
173;952;0
174;952;1
175;952;0
176;952;0
177;952;0
178;952;0
179;952;0
180;952;0
181;952;0
182;952;0
183;952;1
184;952;1
185;952;1
186;952;1
187;952;1
188;952;1
189;952;0
190;952;1
191;952;1
192;952;0
193;952;1
194;952;0
195;952;0
196;952;0
197;952;0
198;952;0
1;960;1
2;960;0
3;960;1
4;960;1
5;960;0
6;960;0
7;960;0
8;960;0
9;960;0
10;960;0
11;960;0
12;960;0
13;960;0
14;960;0
15;960;1
16;960;1
17;960;1
18;960;1
19;960;1
20;960;1
21;960;0
22;960;1
23;960;0
24;960;0
25;960;0
26;960;1
27;960;0
28;960;0
29;960;1
30;960;0
31;960;1
32;960;0
33;960;1
34;960;0
35;960;1
36;960;0
37;960;0
38;960;0
39;960;0
40;960;0
41;960;0
42;960;1
43;960;0
44;960;0
45;960;0
46;960;0
47;960;1
48;960;0
49;960;0
50;960;1
51;960;0
52;960;0
53;960;0
54;960;0
55;960;0
56;960;0
57;960;0
58;960;0
59;960;0
60;960;1
61;960;1
62;960;0
63;960;1
64;960;0
65;960;0
66;960;0
67;960;0
68;960;1
69;960;0
70;960;0
71;960;0
72;960;0
73;960;0
74;960;0
75;960;1
76;960;1
77;960;0
78;960;0
79;960;0
80;960;1
81;960;0
82;960;0
84;960;0
85;960;1
86;960;0
87;960;0
88;960;1
89;960;1
90;960;0
91;960;1
92;960;0
93;960;1
94;960;0
95;960;0
96;960;0
97;960;0
98;960;1
99;960;0
100;960;0
101;960;0
102;960;0
103;960;0
104;960;0
105;960;0
106;960;1
107;960;0
108;960;0
109;960;0
110;960;1
111;960;1
112;960;0
113;960;0
114;960;1
115;960;0
116;960;0
117;960;0
118;960;0
119;960;0
120;960;0
121;960;0
122;960;1
123;960;0
124;960;1
125;960;0
126;960;1
127;960;1
128;960;1
129;960;0
130;960;1
131;960;0
132;960;1
133;960;1
134;960;0
135;960;1
136;960;1
137;960;1
138;960;1
139;960;1
140;960;0
141;960;0
142;960;1
143;960;0
144;960;0
145;960;0
146;960;1
147;960;0
148;960;0
149;960;0
150;960;0
151;960;0
152;960;1
153;960;1
154;960;1
155;960;0
156;960;0
157;960;1
158;960;0
159;960;0
160;960;0
161;960;0
162;960;0
163;960;1
164;960;0
165;960;0
166;960;1
167;960;1
168;960;0
169;960;1
170;960;0
171;960;1
172;960;0
173;960;0
174;960;0
175;960;0
176;960;0
177;960;0
178;960;1
179;960;1
180;960;1
181;960;1
182;960;1
183;960;0
184;960;1
185;960;0
186;960;0
187;960;0
188;960;0
189;960;1
190;960;0
191;960;0
192;960;1
193;960;1
194;960;1
195;960;0
196;960;1
197;960;0
198;960;0
1;970;0
2;970;0
3;970;0
4;970;0
5;970;0
6;970;0
7;970;0
8;970;0
9;970;0
10;970;0
11;970;0
12;970;1
13;970;0
14;970;0
15;970;0
16;970;0
17;970;0
18;970;0
19;970;0
20;970;0
21;970;0
22;970;0
23;970;0
24;970;0
25;970;0
26;970;0
27;970;1
28;970;0
29;970;0
30;970;0
31;970;0
32;970;0
33;970;0
34;970;0
35;970;0
36;970;0
37;970;0
38;970;0
39;970;0
40;970;0
41;970;0
42;970;0
43;970;0
44;970;0
45;970;0
46;970;0
47;970;0
48;970;0
49;970;1
50;970;1
51;970;0
52;970;0
53;970;0
54;970;0
55;970;0
56;970;0
57;970;0
58;970;0
59;970;0
60;970;0
61;970;1
62;970;0
63;970;0
64;970;0
65;970;0
66;970;0
67;970;0
68;970;0
69;970;0
70;970;1
71;970;0
72;970;1
73;970;0
74;970;1
75;970;1
76;970;1
77;970;0
78;970;0
79;970;0
80;970;0
81;970;0
82;970;0
84;970;0
85;970;0
86;970;0
87;970;0
88;970;0
89;970;0
90;970;0
91;970;0
92;970;0
93;970;0
94;970;0
95;970;0
96;970;0
97;970;0
98;970;0
99;970;0
100;970;0
101;970;0
102;970;0
103;970;0
104;970;0
105;970;0
106;970;0
107;970;0
108;970;0
109;970;0
110;970;1
111;970;0
112;970;0
113;970;0
114;970;0
115;970;0
116;970;0
117;970;0
118;970;0
119;970;0
120;970;0
121;970;0
122;970;0
123;970;0
124;970;0
125;970;0
126;970;0
127;970;0
128;970;0
129;970;0
130;970;0
131;970;0
132;970;0
133;970;0
134;970;0
135;970;0
136;970;0
137;970;0
138;970;0
139;970;0
140;970;0
141;970;0
142;970;0
143;970;0
144;970;0
145;970;0
146;970;0
147;970;0
148;970;0
149;970;0
150;970;0
151;970;0
152;970;0
153;970;0
154;970;0
155;970;0
156;970;0
157;970;0
158;970;0
159;970;0
160;970;0
161;970;0
162;970;0
163;970;0
164;970;0
165;970;1
166;970;1
167;970;0
168;970;0
169;970;0
170;970;0
171;970;0
172;970;0
173;970;0
174;970;0
175;970;0
176;970;0
177;970;0
178;970;0
179;970;0
180;970;0
181;970;1
182;970;0
183;970;0
184;970;0
185;970;0
186;970;0
187;970;0
188;970;0
189;970;0
190;970;0
191;970;0
192;970;0
193;970;0
194;970;0
195;970;0
196;970;0
197;970;1
198;970;0
1;982;0
2;982;0
3;982;0
4;982;0
5;982;0
6;982;0
7;982;0
8;982;0
9;982;0
10;982;0
11;982;0
12;982;0
13;982;1
14;982;0
15;982;0
16;982;0
17;982;0
18;982;0
19;982;0
20;982;0
21;982;1
22;982;0
23;982;0
24;982;0
25;982;0
26;982;0
27;982;0
28;982;0
29;982;0
30;982;0
31;982;0
32;982;0
33;982;0
34;982;0
35;982;0
36;982;0
37;982;0
38;982;0
39;982;0
40;982;0
41;982;0
42;982;0
43;982;0
44;982;0
45;982;0
46;982;0
47;982;0
48;982;0
49;982;0
50;982;0
51;982;0
52;982;0
53;982;0
54;982;0
55;982;0
56;982;0
57;982;0
58;982;0
59;982;0
60;982;0
61;982;0
62;982;0
63;982;0
64;982;0
65;982;0
66;982;0
67;982;0
68;982;0
69;982;0
70;982;0
71;982;0
72;982;0
73;982;0
74;982;0
75;982;0
76;982;0
77;982;0
78;982;0
79;982;0
80;982;0
81;982;0
82;982;0
84;982;0
85;982;0
86;982;0
87;982;0
88;982;0
89;982;0
90;982;0
91;982;0
92;982;0
93;982;0
94;982;0
95;982;0
96;982;0
97;982;0
98;982;0
99;982;0
100;982;0
101;982;0
102;982;0
103;982;0
104;982;0
105;982;0
106;982;0
107;982;0
108;982;0
109;982;0
110;982;0
111;982;0
112;982;0
113;982;0
114;982;0
115;982;0
116;982;0
117;982;0
118;982;0
119;982;0
120;982;0
121;982;0
122;982;0
123;982;0
124;982;0
125;982;0
126;982;0
127;982;0
128;982;0
129;982;0
130;982;1
131;982;0
132;982;0
133;982;0
134;982;0
135;982;0
136;982;0
137;982;0
138;982;0
139;982;0
140;982;0
141;982;0
142;982;0
143;982;0
144;982;0
145;982;0
146;982;0
147;982;0
148;982;0
149;982;0
150;982;0
151;982;0
152;982;0
153;982;0
154;982;0
155;982;0
156;982;0
157;982;0
158;982;0
159;982;0
160;982;0
161;982;0
162;982;0
163;982;0
164;982;0
165;982;0
166;982;0
167;982;0
168;982;0
169;982;0
170;982;0
171;982;0
172;982;0
173;982;0
174;982;0
175;982;0
176;982;0
177;982;0
178;982;0
179;982;0
180;982;0
181;982;0
182;982;0
183;982;0
184;982;0
185;982;0
186;982;0
187;982;0
188;982;0
189;982;0
190;982;0
191;982;0
192;982;0
193;982;0
194;982;0
195;982;0
196;982;0
197;982;0
198;982;0
1;990;1
2;990;1
3;990;1
4;990;0
5;990;1
6;990;1
7;990;1
8;990;1
9;990;1
10;990;0
11;990;1
12;990;1
13;990;0
14;990;0
15;990;1
16;990;0
17;990;0
18;990;0
19;990;0
20;990;0
21;990;1
22;990;1
23;990;1
24;990;0
25;990;0
26;990;0
27;990;0
28;990;0
29;990;0
30;990;0
31;990;0
32;990;0
33;990;0
34;990;0
35;990;0
36;990;0
37;990;0
38;990;0
39;990;0
40;990;0
41;990;0
42;990;0
43;990;0
44;990;0
45;990;0
46;990;0
47;990;0
48;990;0
49;990;0
50;990;0
51;990;0
52;990;0
53;990;0
54;990;0
55;990;0
56;990;0
57;990;0
58;990;0
59;990;0
60;990;0
61;990;0
62;990;0
63;990;0
64;990;0
65;990;0
66;990;0
67;990;0
68;990;0
69;990;0
70;990;0
71;990;0
72;990;0
73;990;0
74;990;0
75;990;0
76;990;0
77;990;0
78;990;0
79;990;0
80;990;0
81;990;0
82;990;0
84;990;0
85;990;0
86;990;0
87;990;0
88;990;0
89;990;0
90;990;0
91;990;0
92;990;0
93;990;0
94;990;0
95;990;0
96;990;0
97;990;0
98;990;0
99;990;0
100;990;0
101;990;0
102;990;0
103;990;0
104;990;0
105;990;0
106;990;0
107;990;0
108;990;0
109;990;0
110;990;0
111;990;0
112;990;0
113;990;0
114;990;0
115;990;0
116;990;0
117;990;0
118;990;0
119;990;0
120;990;1
121;990;0
122;990;0
123;990;0
124;990;0
125;990;0
126;990;0
127;990;0
128;990;0
129;990;0
130;990;0
131;990;0
132;990;0
133;990;0
134;990;0
135;990;0
136;990;0
137;990;0
138;990;0
139;990;0
140;990;0
141;990;0
142;990;0
143;990;0
144;990;0
145;990;0
146;990;0
147;990;0
148;990;0
149;990;0
150;990;0
151;990;0
152;990;0
153;990;0
154;990;0
155;990;0
156;990;0
157;990;0
158;990;0
159;990;0
160;990;0
161;990;0
162;990;0
163;990;0
164;990;0
165;990;0
166;990;0
167;990;0
168;990;0
169;990;0
170;990;0
171;990;0
172;990;0
173;990;0
174;990;0
175;990;0
176;990;0
177;990;0
178;990;0
179;990;0
180;990;0
181;990;0
182;990;0
183;990;0
184;990;0
185;990;0
186;990;0
187;990;0
188;990;0
189;990;0
190;990;0
191;990;0
192;990;0
193;990;0
194;990;0
195;990;0
196;990;0
197;990;0
198;990;0
