"reg";"ind";"rca01"
1;111;0
2;111;1
3;111;1
4;111;1
5;111;1
6;111;1
7;111;1
8;111;0
9;111;1
10;111;1
11;111;0
12;111;1
13;111;0
14;111;1
15;111;1
16;111;1
17;111;1
18;111;1
19;111;0
20;111;1
1;112;0
2;112;0
3;112;0
4;112;1
5;112;0
6;112;0
7;112;0
8;112;0
9;112;1
10;112;0
11;112;0
12;112;0
13;112;0
14;112;0
15;112;1
16;112;1
17;112;0
18;112;0
19;112;0
20;112;0
1;113;0
2;113;0
3;113;1
4;113;1
5;113;0
6;113;1
7;113;0
8;113;0
9;113;1
10;113;1
11;113;0
12;113;0
13;113;1
14;113;0
15;113;1
16;113;1
17;113;0
18;113;0
19;113;0
20;113;0
1;115;0
2;115;0
3;115;1
4;115;0
5;115;0
6;115;1
7;115;0
8;115;0
9;115;0
10;115;0
11;115;0
12;115;0
13;115;0
14;115;0
15;115;1
16;115;0
17;115;0
18;115;0
19;115;0
20;115;0
1;116;0
2;116;0
3;116;0
4;116;0
5;116;0
6;116;1
7;116;0
8;116;0
9;116;0
10;116;0
11;116;0
12;116;0
13;116;0
14;116;0
15;116;0
16;116;0
17;116;0
18;116;1
19;116;0
20;116;0
1;119;0
2;119;0
3;119;1
4;119;1
5;119;1
6;119;1
7;119;1
8;119;0
9;119;0
10;119;0
11;119;1
12;119;0
13;119;1
14;119;0
15;119;1
16;119;0
17;119;0
18;119;1
19;119;0
20;119;1
1;121;0
2;121;1
3;121;1
4;121;0
5;121;1
6;121;0
7;121;0
8;121;0
9;121;0
10;121;1
11;121;0
12;121;0
13;121;0
14;121;1
15;121;1
16;121;0
17;121;1
18;121;0
19;121;1
20;121;0
1;122;0
2;122;0
3;122;0
4;122;0
5;122;0
6;122;0
7;122;0
8;122;0
9;122;0
10;122;0
11;122;0
12;122;0
13;122;0
14;122;0
15;122;1
16;122;0
17;122;0
18;122;0
19;122;0
20;122;0
1;123;1
2;123;0
3;123;0
4;123;0
5;123;0
6;123;0
7;123;0
8;123;0
9;123;0
10;123;1
11;123;1
12;123;0
13;123;0
14;123;0
15;123;0
16;123;0
17;123;0
18;123;0
19;123;0
20;123;0
1;124;0
2;124;0
3;124;1
4;124;0
5;124;0
6;124;0
7;124;1
8;124;0
9;124;0
10;124;1
11;124;0
12;124;0
13;124;1
14;124;1
15;124;1
16;124;0
17;124;0
18;124;0
19;124;1
20;124;1
1;125;0
2;125;1
3;125;1
4;125;0
5;125;1
6;125;1
7;125;1
8;125;1
9;125;0
10;125;1
11;125;0
12;125;1
13;125;1
14;125;1
15;125;1
16;125;1
17;125;1
18;125;0
19;125;0
20;125;0
1;127;0
2;127;0
3;127;0
4;127;0
5;127;0
6;127;0
7;127;0
8;127;0
9;127;0
10;127;0
11;127;0
12;127;0
13;127;0
14;127;1
15;127;0
16;127;0
17;127;0
18;127;0
19;127;0
20;127;0
1;128;0
2;128;0
3;128;1
4;128;1
5;128;0
6;128;0
7;128;0
8;128;0
9;128;0
10;128;0
11;128;0
12;128;1
13;128;1
14;128;1
15;128;0
16;128;0
17;128;1
18;128;0
19;128;0
20;128;0
1;129;0
2;129;0
3;129;1
4;129;0
5;129;0
6;129;0
7;129;1
8;129;0
9;129;1
10;129;0
11;129;0
12;129;0
13;129;0
14;129;1
15;129;0
16;129;0
17;129;1
18;129;1
19;129;0
20;129;1
1;130;0
2;130;0
3;130;1
4;130;0
5;130;0
6;130;1
7;130;0
8;130;1
9;130;1
10;130;1
11;130;0
12;130;0
13;130;1
14;130;1
15;130;0
16;130;1
17;130;0
18;130;1
19;130;0
20;130;1
1;141;0
2;141;0
3;141;1
4;141;1
5;141;0
6;141;1
7;141;1
8;141;1
9;141;1
10;141;0
11;141;0
12;141;0
13;141;0
14;141;1
15;141;1
16;141;1
17;141;1
18;141;1
19;141;1
20;141;0
1;142;0
2;142;1
3;142;1
4;142;1
5;142;1
6;142;0
7;142;0
8;142;0
9;142;1
10;142;1
11;142;0
12;142;1
13;142;0
14;142;1
15;142;1
16;142;1
17;142;1
18;142;1
19;142;1
20;142;1
1;143;0
2;143;0
3;143;0
4;143;1
5;143;0
6;143;0
7;143;0
8;143;0
9;143;0
10;143;1
11;143;1
12;143;0
13;143;0
14;143;0
15;143;0
16;143;0
17;143;0
18;143;0
19;143;0
20;143;0
1;144;0
2;144;0
3;144;0
4;144;0
5;144;0
6;144;0
7;144;0
8;144;0
9;144;0
10;144;0
11;144;0
12;144;1
13;144;0
14;144;0
15;144;0
16;144;0
17;144;0
18;144;0
19;144;0
20;144;0
1;145;0
2;145;0
3;145;1
4;145;1
5;145;1
6;145;0
7;145;1
8;145;0
9;145;1
10;145;0
11;145;0
12;145;0
13;145;1
14;145;0
15;145;1
16;145;1
17;145;1
18;145;0
19;145;1
20;145;0
1;146;0
2;146;1
3;146;1
4;146;1
5;146;0
6;146;0
7;146;0
8;146;0
9;146;1
10;146;0
11;146;1
12;146;0
13;146;0
14;146;1
15;146;1
16;146;1
17;146;1
18;146;0
19;146;0
20;146;1
1;147;0
2;147;0
3;147;1
4;147;1
5;147;1
6;147;0
7;147;0
8;147;0
9;147;1
10;147;0
11;147;1
12;147;0
13;147;0
14;147;0
15;147;1
16;147;1
17;147;0
18;147;1
19;147;1
20;147;1
1;149;0
2;149;0
3;149;1
4;149;1
5;149;0
6;149;0
7;149;0
8;149;0
9;149;1
10;149;1
11;149;1
12;149;1
13;149;0
14;149;0
15;149;1
16;149;1
17;149;1
18;149;0
19;149;1
20;149;1
1;150;0
2;150;1
3;150;1
4;150;1
5;150;0
6;150;1
7;150;1
8;150;1
9;150;1
10;150;0
11;150;0
12;150;1
13;150;0
14;150;1
15;150;1
16;150;1
17;150;1
18;150;1
19;150;0
20;150;1
1;161;0
2;161;0
3;161;1
4;161;1
5;161;1
6;161;1
7;161;0
8;161;0
9;161;1
10;161;1
11;161;0
12;161;0
13;161;0
14;161;1
15;161;1
16;161;1
17;161;1
18;161;0
19;161;0
20;161;0
1;162;0
2;162;1
3;162;1
4;162;1
5;162;0
6;162;1
7;162;1
8;162;1
9;162;1
10;162;0
11;162;1
12;162;1
13;162;1
14;162;0
15;162;0
16;162;1
17;162;1
18;162;1
19;162;0
20;162;0
1;163;0
2;163;1
3;163;1
4;163;1
5;163;0
6;163;0
7;163;0
8;163;0
9;163;0
10;163;0
11;163;0
12;163;0
13;163;0
14;163;1
15;163;1
16;163;1
17;163;1
18;163;1
19;163;1
20;163;1
1;164;0
2;164;0
3;164;0
4;164;0
5;164;0
6;164;0
7;164;1
8;164;1
9;164;0
10;164;0
11;164;1
12;164;0
13;164;1
14;164;0
15;164;1
16;164;0
17;164;0
18;164;0
19;164;0
20;164;0
1;170;0
2;170;0
3;170;1
4;170;1
5;170;0
6;170;1
7;170;0
8;170;1
9;170;1
10;170;1
11;170;1
12;170;1
13;170;0
14;170;1
15;170;1
16;170;1
17;170;0
18;170;1
19;170;0
20;170;1
1;210;0
2;210;1
3;210;1
4;210;0
5;210;1
6;210;1
7;210;0
8;210;0
9;210;0
10;210;0
11;210;0
12;210;1
13;210;0
14;210;1
15;210;1
16;210;1
17;210;1
18;210;0
19;210;1
20;210;1
1;220;0
2;220;1
3;220;1
4;220;0
5;220;0
6;220;0
7;220;0
8;220;0
9;220;0
10;220;1
11;220;1
12;220;1
13;220;0
14;220;1
15;220;1
16;220;1
17;220;1
18;220;1
19;220;1
20;220;1
1;230;0
2;230;1
3;230;0
4;230;0
5;230;0
6;230;0
7;230;0
8;230;1
9;230;0
10;230;1
11;230;0
12;230;0
13;230;0
14;230;1
15;230;0
16;230;0
17;230;1
18;230;0
19;230;1
20;230;1
1;240;0
2;240;1
3;240;1
4;240;0
5;240;1
6;240;0
7;240;0
8;240;1
9;240;0
10;240;1
11;240;0
12;240;1
13;240;0
14;240;1
15;240;0
16;240;0
17;240;1
18;240;1
19;240;1
20;240;1
1;311;1
2;311;0
3;311;0
4;311;0
5;311;0
6;311;0
7;311;0
8;311;0
9;311;0
10;311;0
11;311;0
12;311;0
13;311;0
14;311;0
15;311;0
16;311;0
17;311;0
18;311;0
19;311;0
20;311;0
1;312;0
2;312;1
3;312;0
4;312;1
5;312;0
6;312;1
7;312;0
8;312;1
9;312;1
10;312;0
11;312;0
12;312;0
13;312;1
14;312;0
15;312;0
16;312;1
17;312;1
18;312;0
19;312;0
20;312;0
1;321;1
2;321;0
3;321;0
4;321;0
5;321;0
6;321;0
7;321;0
8;321;0
9;321;0
10;321;0
11;321;0
12;321;0
13;321;0
14;321;0
15;321;0
16;321;0
17;321;0
18;321;0
19;321;0
20;321;0
1;322;0
2;322;1
3;322;1
4;322;1
5;322;0
6;322;0
7;322;0
8;322;0
9;322;0
10;322;0
11;322;0
12;322;0
13;322;1
14;322;1
15;322;1
16;322;1
17;322;1
18;322;0
19;322;0
20;322;0
1;510;0
2;510;0
3;510;0
4;510;0
5;510;0
6;510;0
7;510;0
8;510;0
9;510;0
10;510;0
11;510;0
12;510;0
13;510;1
14;510;0
15;510;0
16;510;0
17;510;0
18;510;0
19;510;0
20;510;0
1;520;0
2;520;0
3;520;0
4;520;0
5;520;1
6;520;0
7;520;0
8;520;0
9;520;0
10;520;0
11;520;1
12;520;1
13;520;0
14;520;0
15;520;0
16;520;0
17;520;0
18;520;0
19;520;1
20;520;0
1;610;0
2;610;0
3;610;0
4;610;0
5;610;0
6;610;0
7;610;0
8;610;0
9;610;0
10;610;0
11;610;0
12;610;0
13;610;1
14;610;0
15;610;0
16;610;0
17;610;0
18;610;0
19;610;0
20;610;0
1;620;1
2;620;0
3;620;0
4;620;0
5;620;0
6;620;0
7;620;0
8;620;0
9;620;0
10;620;0
11;620;0
12;620;0
13;620;0
14;620;0
15;620;0
16;620;1
17;620;0
18;620;0
19;620;0
20;620;0
1;721;0
2;721;1
3;721;0
4;721;0
5;721;0
6;721;0
7;721;0
8;721;0
9;721;0
10;721;0
11;721;0
12;721;0
13;721;0
14;721;0
15;721;0
16;721;0
17;721;0
18;721;0
19;721;0
20;721;0
1;729;0
2;729;0
3;729;0
4;729;0
5;729;0
6;729;0
7;729;0
8;729;0
9;729;0
10;729;1
11;729;0
12;729;0
13;729;0
14;729;0
15;729;0
16;729;0
17;729;0
18;729;0
19;729;1
20;729;0
1;811;0
2;811;1
3;811;0
4;811;0
5;811;1
6;811;0
7;811;1
8;811;0
9;811;0
10;811;1
11;811;1
12;811;1
13;811;1
14;811;0
15;811;0
16;811;0
17;811;0
18;811;0
19;811;1
20;811;0
1;812;0
2;812;1
3;812;0
4;812;0
5;812;1
6;812;0
7;812;1
8;812;1
9;812;1
10;812;1
11;812;0
12;812;0
13;812;1
14;812;0
15;812;0
16;812;0
17;812;0
18;812;0
19;812;1
20;812;1
1;892;0
2;892;0
3;892;1
4;892;0
5;892;0
6;892;0
7;892;1
8;892;0
9;892;0
10;892;0
11;892;0
12;892;0
13;892;0
14;892;1
15;892;0
16;892;0
17;892;0
18;892;0
19;892;1
20;892;1
1;893;0
2;893;0
3;893;0
4;893;0
5;893;0
6;893;0
7;893;0
8;893;0
9;893;0
10;893;0
11;893;0
12;893;0
13;893;0
14;893;0
15;893;0
16;893;0
17;893;0
18;893;1
19;893;0
20;893;0
1;899;0
2;899;0
3;899;0
4;899;0
5;899;1
6;899;0
7;899;1
8;899;0
9;899;0
10;899;1
11;899;0
12;899;1
13;899;0
14;899;0
15;899;0
16;899;0
17;899;0
18;899;1
19;899;1
20;899;0
1;910;0
2;910;0
3;910;0
4;910;0
5;910;0
6;910;0
7;910;0
8;910;0
9;910;1
10;910;0
11;910;0
12;910;0
13;910;0
14;910;0
15;910;0
16;910;1
17;910;0
18;910;0
19;910;0
20;910;1
1;990;0
2;990;1
3;990;0
4;990;0
5;990;0
6;990;0
7;990;1
8;990;0
9;990;0
10;990;1
11;990;0
12;990;0
13;990;1
14;990;1
15;990;0
16;990;0
17;990;0
18;990;0
19;990;0
20;990;0
1;1011;0
2;1011;1
3;1011;1
4;1011;0
5;1011;0
6;1011;0
7;1011;1
8;1011;0
9;1011;1
10;1011;1
11;1011;0
12;1011;0
13;1011;0
14;1011;1
15;1011;0
16;1011;0
17;1011;0
18;1011;0
19;1011;1
20;1011;1
1;1012;0
2;1012;0
3;1012;1
4;1012;1
5;1012;0
6;1012;1
7;1012;0
8;1012;0
9;1012;1
10;1012;0
11;1012;0
12;1012;0
13;1012;0
14;1012;0
15;1012;1
16;1012;0
17;1012;0
18;1012;1
19;1012;0
20;1012;0
1;1013;0
2;1013;0
3;1013;0
4;1013;1
5;1013;0
6;1013;1
7;1013;0
8;1013;0
9;1013;0
10;1013;0
11;1013;1
12;1013;0
13;1013;0
14;1013;1
15;1013;0
16;1013;1
17;1013;1
18;1013;1
19;1013;0
20;1013;1
1;1020;0
2;1020;0
3;1020;1
4;1020;1
5;1020;0
6;1020;0
7;1020;0
8;1020;0
9;1020;0
10;1020;0
11;1020;0
12;1020;0
13;1020;0
14;1020;1
15;1020;0
16;1020;1
17;1020;0
18;1020;1
19;1020;1
20;1020;0
1;1031;0
2;1031;0
3;1031;0
4;1031;0
5;1031;0
6;1031;1
7;1031;0
8;1031;0
9;1031;0
10;1031;0
11;1031;1
12;1031;1
13;1031;1
14;1031;0
15;1031;1
16;1031;0
17;1031;0
18;1031;0
19;1031;0
20;1031;0
1;1032;0
2;1032;0
3;1032;1
4;1032;0
5;1032;0
6;1032;0
7;1032;0
8;1032;0
9;1032;0
10;1032;0
11;1032;0
12;1032;0
13;1032;0
14;1032;0
15;1032;1
16;1032;0
17;1032;0
18;1032;0
19;1032;0
20;1032;1
1;1039;0
2;1039;0
3;1039;1
4;1039;1
5;1039;0
6;1039;0
7;1039;0
8;1039;0
9;1039;1
10;1039;1
11;1039;0
12;1039;1
13;1039;1
14;1039;0
15;1039;1
16;1039;1
17;1039;0
18;1039;0
19;1039;0
20;1039;0
1;1041;1
2;1041;0
3;1041;1
4;1041;0
5;1041;1
6;1041;0
7;1041;0
8;1041;0
9;1041;0
10;1041;0
11;1041;1
12;1041;0
13;1041;0
14;1041;0
15;1041;0
16;1041;0
17;1041;0
18;1041;0
19;1041;0
20;1041;0
1;1042;1
2;1042;0
3;1042;0
4;1042;0
5;1042;0
6;1042;0
7;1042;0
8;1042;0
9;1042;0
10;1042;0
11;1042;0
12;1042;0
13;1042;0
14;1042;0
15;1042;0
16;1042;0
17;1042;0
18;1042;0
19;1042;0
20;1042;0
1;1051;0
2;1051;1
3;1051;0
4;1051;1
5;1051;0
6;1051;1
7;1051;1
8;1051;1
9;1051;1
10;1051;0
11;1051;0
12;1051;1
13;1051;0
14;1051;0
15;1051;0
16;1051;0
17;1051;1
18;1051;1
19;1051;0
20;1051;1
1;1052;0
2;1052;0
3;1052;0
4;1052;0
5;1052;0
6;1052;0
7;1052;0
8;1052;0
9;1052;0
10;1052;1
11;1052;0
12;1052;0
13;1052;1
14;1052;0
15;1052;0
16;1052;1
17;1052;0
18;1052;0
19;1052;0
20;1052;0
1;1061;0
2;1061;0
3;1061;1
4;1061;1
5;1061;0
6;1061;0
7;1061;0
8;1061;0
9;1061;1
10;1061;0
11;1061;1
12;1061;0
13;1061;0
14;1061;0
15;1061;1
16;1061;1
17;1061;1
18;1061;0
19;1061;0
20;1061;1
1;1062;0
2;1062;1
3;1062;0
4;1062;0
5;1062;0
6;1062;0
7;1062;1
8;1062;0
9;1062;0
10;1062;0
11;1062;0
12;1062;0
13;1062;0
14;1062;0
15;1062;0
16;1062;0
17;1062;0
18;1062;0
19;1062;1
20;1062;0
1;1071;0
2;1071;0
3;1071;1
4;1071;1
5;1071;1
6;1071;0
7;1071;1
8;1071;1
9;1071;1
10;1071;1
11;1071;1
12;1071;1
13;1071;1
14;1071;1
15;1071;1
16;1071;0
17;1071;0
18;1071;0
19;1071;0
20;1071;1
1;1072;0
2;1072;0
3;1072;1
4;1072;0
5;1072;0
6;1072;0
7;1072;1
8;1072;1
9;1072;0
10;1072;1
11;1072;0
12;1072;1
13;1072;1
14;1072;1
15;1072;0
16;1072;0
17;1072;0
18;1072;0
19;1072;0
20;1072;0
1;1073;0
2;1073;0
3;1073;1
4;1073;1
5;1073;0
6;1073;0
7;1073;0
8;1073;0
9;1073;0
10;1073;0
11;1073;1
12;1073;1
13;1073;1
14;1073;0
15;1073;1
16;1073;0
17;1073;0
18;1073;1
19;1073;0
20;1073;0
1;1081;0
2;1081;0
3;1081;0
4;1081;0
5;1081;1
6;1081;0
7;1081;0
8;1081;1
9;1081;0
10;1081;0
11;1081;0
12;1081;0
13;1081;0
14;1081;1
15;1081;0
16;1081;1
17;1081;0
18;1081;0
19;1081;0
20;1081;0
1;1082;0
2;1082;0
3;1082;1
4;1082;0
5;1082;1
6;1082;0
7;1082;0
8;1082;1
9;1082;1
10;1082;1
11;1082;0
12;1082;0
13;1082;1
14;1082;0
15;1082;0
16;1082;1
17;1082;0
18;1082;0
19;1082;1
20;1082;0
1;1083;1
2;1083;1
3;1083;1
4;1083;0
5;1083;0
6;1083;0
7;1083;0
8;1083;0
9;1083;0
10;1083;1
11;1083;1
12;1083;1
13;1083;1
14;1083;0
15;1083;0
16;1083;0
17;1083;0
18;1083;0
19;1083;0
20;1083;0
1;1084;0
2;1084;1
3;1084;1
4;1084;0
5;1084;0
6;1084;1
7;1084;0
8;1084;0
9;1084;0
10;1084;0
11;1084;0
12;1084;0
13;1084;0
14;1084;0
15;1084;0
16;1084;0
17;1084;0
18;1084;0
19;1084;0
20;1084;0
1;1085;0
2;1085;0
3;1085;1
4;1085;0
5;1085;0
6;1085;0
7;1085;0
8;1085;0
9;1085;1
10;1085;0
11;1085;1
12;1085;0
13;1085;1
14;1085;0
15;1085;1
16;1085;0
17;1085;0
18;1085;0
19;1085;0
20;1085;0
1;1086;0
2;1086;0
3;1086;1
4;1086;1
5;1086;0
6;1086;0
7;1086;0
8;1086;1
9;1086;0
10;1086;0
11;1086;0
12;1086;0
13;1086;0
14;1086;0
15;1086;0
16;1086;0
17;1086;0
18;1086;0
19;1086;0
20;1086;0
1;1089;0
2;1089;0
3;1089;0
4;1089;0
5;1089;0
6;1089;1
7;1089;0
8;1089;0
9;1089;0
10;1089;0
11;1089;0
12;1089;0
13;1089;1
14;1089;0
15;1089;1
16;1089;0
17;1089;0
18;1089;0
19;1089;0
20;1089;0
1;1091;0
2;1091;0
3;1091;1
4;1091;1
5;1091;0
6;1091;1
7;1091;1
8;1091;0
9;1091;1
10;1091;0
11;1091;1
12;1091;1
13;1091;1
14;1091;1
15;1091;1
16;1091;1
17;1091;0
18;1091;0
19;1091;0
20;1091;1
1;1092;1
2;1092;0
3;1092;0
4;1092;0
5;1092;0
6;1092;0
7;1092;0
8;1092;0
9;1092;0
10;1092;0
11;1092;0
12;1092;0
13;1092;1
14;1092;0
15;1092;0
16;1092;0
17;1092;0
18;1092;1
19;1092;0
20;1092;0
1;1101;0
2;1101;0
3;1101;1
4;1101;1
5;1101;1
6;1101;0
7;1101;0
8;1101;1
9;1101;0
10;1101;0
11;1101;1
12;1101;0
13;1101;0
14;1101;0
15;1101;1
16;1101;1
17;1101;1
18;1101;1
19;1101;0
20;1101;0
1;1102;0
2;1102;1
3;1102;1
4;1102;0
5;1102;1
6;1102;0
7;1102;0
8;1102;0
9;1102;0
10;1102;1
11;1102;0
12;1102;0
13;1102;0
14;1102;1
15;1102;0
16;1102;0
17;1102;1
18;1102;0
19;1102;1
20;1102;0
1;1103;1
2;1103;1
3;1103;1
4;1103;0
5;1103;0
6;1103;1
7;1103;0
8;1103;0
9;1103;0
10;1103;0
11;1103;0
12;1103;0
13;1103;0
14;1103;0
15;1103;0
16;1103;0
17;1103;0
18;1103;0
19;1103;0
20;1103;0
1;1104;0
2;1104;0
3;1104;1
4;1104;1
5;1104;1
6;1104;0
7;1104;1
8;1104;0
9;1104;1
10;1104;0
11;1104;0
12;1104;0
13;1104;0
14;1104;1
15;1104;0
16;1104;0
17;1104;0
18;1104;0
19;1104;1
20;1104;0
1;1105;0
2;1105;1
3;1105;0
4;1105;0
5;1105;1
6;1105;0
7;1105;0
8;1105;1
9;1105;0
10;1105;0
11;1105;0
12;1105;0
13;1105;0
14;1105;0
15;1105;0
16;1105;0
17;1105;0
18;1105;0
19;1105;0
20;1105;0
1;1106;0
2;1106;1
3;1106;0
4;1106;0
5;1106;0
6;1106;0
7;1106;1
8;1106;0
9;1106;0
10;1106;0
11;1106;0
12;1106;0
13;1106;0
14;1106;0
15;1106;0
16;1106;0
17;1106;0
18;1106;0
19;1106;0
20;1106;1
1;1107;0
2;1107;1
3;1107;1
4;1107;0
5;1107;0
6;1107;0
7;1107;0
8;1107;0
9;1107;1
10;1107;0
11;1107;0
12;1107;0
13;1107;1
14;1107;1
15;1107;0
16;1107;0
17;1107;0
18;1107;0
19;1107;0
20;1107;0
1;1200;1
2;1200;1
3;1200;0
4;1200;0
5;1200;1
6;1200;0
7;1200;0
8;1200;0
9;1200;1
10;1200;0
11;1200;0
12;1200;0
13;1200;0
14;1200;0
15;1200;0
16;1200;0
17;1200;0
18;1200;0
19;1200;0
20;1200;0
1;1310;0
2;1310;0
3;1310;0
4;1310;0
5;1310;0
6;1310;0
7;1310;0
8;1310;0
9;1310;0
10;1310;0
11;1310;1
12;1310;0
13;1310;0
14;1310;1
15;1310;1
16;1310;0
17;1310;1
18;1310;1
19;1310;1
20;1310;0
1;1320;0
2;1320;0
3;1320;0
4;1320;1
5;1320;0
6;1320;0
7;1320;1
8;1320;1
9;1320;0
10;1320;0
11;1320;1
12;1320;0
13;1320;0
14;1320;0
15;1320;1
16;1320;0
17;1320;1
18;1320;0
19;1320;1
20;1320;0
1;1330;0
2;1330;1
3;1330;0
4;1330;0
5;1330;0
6;1330;0
7;1330;0
8;1330;0
9;1330;1
10;1330;0
11;1330;1
12;1330;0
13;1330;0
14;1330;0
15;1330;1
16;1330;0
17;1330;1
18;1330;0
19;1330;0
20;1330;0
1;1391;1
2;1391;0
3;1391;0
4;1391;0
5;1391;0
6;1391;1
7;1391;0
8;1391;1
9;1391;1
10;1391;1
11;1391;0
12;1391;0
13;1391;1
14;1391;0
15;1391;0
16;1391;0
17;1391;0
18;1391;1
19;1391;0
20;1391;0
1;1392;1
2;1392;0
3;1392;0
4;1392;1
5;1392;0
6;1392;0
7;1392;1
8;1392;0
9;1392;0
10;1392;0
11;1392;0
12;1392;1
13;1392;0
14;1392;0
15;1392;0
16;1392;0
17;1392;0
18;1392;1
19;1392;0
20;1392;0
1;1393;0
2;1393;1
3;1393;0
4;1393;1
5;1393;0
6;1393;0
7;1393;0
8;1393;1
9;1393;0
10;1393;1
11;1393;0
12;1393;0
13;1393;1
14;1393;0
15;1393;1
16;1393;1
17;1393;0
18;1393;0
19;1393;0
20;1393;0
1;1394;0
2;1394;0
3;1394;0
4;1394;1
5;1394;0
6;1394;1
7;1394;0
8;1394;0
9;1394;1
10;1394;0
11;1394;0
12;1394;0
13;1394;0
14;1394;0
15;1394;0
16;1394;0
17;1394;0
18;1394;0
19;1394;0
20;1394;0
1;1395;0
2;1395;0
3;1395;1
4;1395;0
5;1395;1
6;1395;0
7;1395;0
8;1395;1
9;1395;0
10;1395;0
11;1395;1
12;1395;1
13;1395;0
14;1395;0
15;1395;0
16;1395;0
17;1395;0
18;1395;1
19;1395;0
20;1395;0
1;1396;0
2;1396;0
3;1396;0
4;1396;0
5;1396;0
6;1396;1
7;1396;1
8;1396;1
9;1396;1
10;1396;0
11;1396;0
12;1396;0
13;1396;1
14;1396;0
15;1396;0
16;1396;0
17;1396;0
18;1396;1
19;1396;1
20;1396;0
1;1399;0
2;1399;0
3;1399;0
4;1399;0
5;1399;0
6;1399;0
7;1399;0
8;1399;1
9;1399;1
10;1399;0
11;1399;1
12;1399;0
13;1399;0
14;1399;0
15;1399;0
16;1399;1
17;1399;0
18;1399;1
19;1399;0
20;1399;1
1;1411;0
2;1411;1
3;1411;0
4;1411;1
5;1411;0
6;1411;0
7;1411;0
8;1411;0
9;1411;0
10;1411;0
11;1411;0
12;1411;0
13;1411;0
14;1411;0
15;1411;0
16;1411;0
17;1411;0
18;1411;0
19;1411;0
20;1411;0
1;1412;0
2;1412;1
3;1412;1
4;1412;0
5;1412;1
6;1412;1
7;1412;0
8;1412;0
9;1412;0
10;1412;0
11;1412;0
12;1412;1
13;1412;0
14;1412;0
15;1412;0
16;1412;1
17;1412;1
18;1412;1
19;1412;0
20;1412;1
1;1413;0
2;1413;0
3;1413;0
4;1413;1
5;1413;1
6;1413;0
7;1413;0
8;1413;0
9;1413;1
10;1413;1
11;1413;0
12;1413;1
13;1413;0
14;1413;1
15;1413;1
16;1413;1
17;1413;1
18;1413;1
19;1413;0
20;1413;1
1;1414;0
2;1414;0
3;1414;1
4;1414;1
5;1414;0
6;1414;0
7;1414;1
8;1414;1
9;1414;0
10;1414;1
11;1414;0
12;1414;1
13;1414;0
14;1414;0
15;1414;0
16;1414;0
17;1414;1
18;1414;1
19;1414;0
20;1414;0
1;1419;0
2;1419;1
3;1419;0
4;1419;1
5;1419;0
6;1419;0
7;1419;0
8;1419;1
9;1419;1
10;1419;0
11;1419;0
12;1419;0
13;1419;0
14;1419;1
15;1419;0
16;1419;0
17;1419;0
18;1419;1
19;1419;0
20;1419;1
1;1420;0
2;1420;0
3;1420;0
4;1420;0
5;1420;1
6;1420;1
7;1420;0
8;1420;1
9;1420;1
10;1420;1
11;1420;0
12;1420;0
13;1420;1
14;1420;0
15;1420;0
16;1420;0
17;1420;1
18;1420;0
19;1420;0
20;1420;0
1;1431;1
2;1431;0
3;1431;0
4;1431;1
5;1431;0
6;1431;0
7;1431;0
8;1431;0
9;1431;0
10;1431;1
11;1431;0
12;1431;1
13;1431;1
14;1431;0
15;1431;0
16;1431;0
17;1431;1
18;1431;0
19;1431;0
20;1431;0
1;1439;0
2;1439;1
3;1439;0
4;1439;0
5;1439;0
6;1439;1
7;1439;0
8;1439;0
9;1439;1
10;1439;1
11;1439;0
12;1439;0
13;1439;0
14;1439;0
15;1439;0
16;1439;0
17;1439;0
18;1439;0
19;1439;0
20;1439;0
1;1511;0
2;1511;0
3;1511;0
4;1511;0
5;1511;1
6;1511;0
7;1511;0
8;1511;0
9;1511;0
10;1511;1
11;1511;1
12;1511;0
13;1511;1
14;1511;0
15;1511;0
16;1511;1
17;1511;1
18;1511;1
19;1511;0
20;1511;0
1;1512;0
2;1512;0
3;1512;0
4;1512;0
5;1512;0
6;1512;0
7;1512;0
8;1512;0
9;1512;0
10;1512;0
11;1512;0
12;1512;0
13;1512;0
14;1512;0
15;1512;1
16;1512;1
17;1512;1
18;1512;1
19;1512;0
20;1512;0
1;1520;0
2;1520;1
3;1520;1
4;1520;1
5;1520;0
6;1520;0
7;1520;0
8;1520;0
9;1520;0
10;1520;0
11;1520;1
12;1520;1
13;1520;0
14;1520;0
15;1520;1
16;1520;1
17;1520;1
18;1520;1
19;1520;0
20;1520;0
1;1610;0
2;1610;1
3;1610;1
4;1610;0
5;1610;0
6;1610;0
7;1610;0
8;1610;1
9;1610;0
10;1610;1
11;1610;0
12;1610;1
13;1610;1
14;1610;1
15;1610;1
16;1610;0
17;1610;1
18;1610;1
19;1610;1
20;1610;1
1;1621;0
2;1621;1
3;1621;0
4;1621;0
5;1621;0
6;1621;0
7;1621;1
8;1621;0
9;1621;0
10;1621;0
11;1621;0
12;1621;0
13;1621;1
14;1621;0
15;1621;1
16;1621;1
17;1621;0
18;1621;1
19;1621;0
20;1621;1
1;1622;0
2;1622;0
3;1622;0
4;1622;0
5;1622;0
6;1622;0
7;1622;0
8;1622;0
9;1622;1
10;1622;0
11;1622;0
12;1622;0
13;1622;0
14;1622;1
15;1622;0
16;1622;0
17;1622;0
18;1622;1
19;1622;0
20;1622;1
1;1623;0
2;1623;0
3;1623;1
4;1623;0
5;1623;0
6;1623;0
7;1623;0
8;1623;1
9;1623;0
10;1623;0
11;1623;1
12;1623;0
13;1623;1
14;1623;1
15;1623;0
16;1623;1
17;1623;1
18;1623;1
19;1623;1
20;1623;1
1;1624;0
2;1624;1
3;1624;1
4;1624;0
5;1624;0
6;1624;0
7;1624;0
8;1624;1
9;1624;1
10;1624;1
11;1624;0
12;1624;1
13;1624;1
14;1624;0
15;1624;1
16;1624;1
17;1624;0
18;1624;1
19;1624;0
20;1624;0
1;1629;0
2;1629;0
3;1629;1
4;1629;0
5;1629;0
6;1629;0
7;1629;0
8;1629;0
9;1629;1
10;1629;1
11;1629;1
12;1629;1
13;1629;0
14;1629;1
15;1629;1
16;1629;1
17;1629;1
18;1629;1
19;1629;1
20;1629;1
1;1711;0
2;1711;0
3;1711;0
4;1711;0
5;1711;0
6;1711;0
7;1711;1
8;1711;0
9;1711;0
10;1711;0
11;1711;0
12;1711;0
13;1711;0
14;1711;0
15;1711;0
16;1711;0
17;1711;0
18;1711;0
19;1711;1
20;1711;0
1;1712;1
2;1712;0
3;1712;0
4;1712;0
5;1712;1
6;1712;0
7;1712;1
8;1712;0
9;1712;0
10;1712;0
11;1712;0
12;1712;0
13;1712;0
14;1712;0
15;1712;0
16;1712;1
17;1712;0
18;1712;0
19;1712;0
20;1712;0
1;1721;0
2;1721;0
3;1721;1
4;1721;1
5;1721;0
6;1721;0
7;1721;0
8;1721;0
9;1721;1
10;1721;0
11;1721;1
12;1721;0
13;1721;0
14;1721;0
15;1721;0
16;1721;0
17;1721;0
18;1721;0
19;1721;0
20;1721;1
1;1722;0
2;1722;0
3;1722;0
4;1722;0
5;1722;0
6;1722;0
7;1722;0
8;1722;0
9;1722;0
10;1722;0
11;1722;1
12;1722;0
13;1722;1
14;1722;0
15;1722;0
16;1722;0
17;1722;0
18;1722;0
19;1722;0
20;1722;0
1;1723;0
2;1723;0
3;1723;1
4;1723;0
5;1723;0
6;1723;0
7;1723;1
8;1723;0
9;1723;0
10;1723;0
11;1723;1
12;1723;0
13;1723;1
14;1723;0
15;1723;0
16;1723;1
17;1723;1
18;1723;1
19;1723;1
20;1723;1
1;1724;0
2;1724;0
3;1724;1
4;1724;0
5;1724;0
6;1724;0
7;1724;0
8;1724;1
9;1724;0
10;1724;0
11;1724;1
12;1724;0
13;1724;0
14;1724;0
15;1724;0
16;1724;0
17;1724;0
18;1724;0
19;1724;0
20;1724;0
1;1729;0
2;1729;0
3;1729;1
4;1729;1
5;1729;0
6;1729;0
7;1729;0
8;1729;0
9;1729;1
10;1729;1
11;1729;1
12;1729;0
13;1729;1
14;1729;0
15;1729;0
16;1729;0
17;1729;0
18;1729;1
19;1729;0
20;1729;0
1;1811;1
2;1811;1
3;1811;1
4;1811;0
5;1811;0
6;1811;0
7;1811;0
8;1811;1
9;1811;1
10;1811;0
11;1811;0
12;1811;0
13;1811;0
14;1811;0
15;1811;0
16;1811;0
17;1811;0
18;1811;0
19;1811;1
20;1811;0
1;1812;1
2;1812;0
3;1812;0
4;1812;1
5;1812;0
6;1812;0
7;1812;0
8;1812;0
9;1812;1
10;1812;0
11;1812;0
12;1812;0
13;1812;0
14;1812;0
15;1812;0
16;1812;0
17;1812;0
18;1812;0
19;1812;0
20;1812;1
1;1813;1
2;1813;0
3;1813;0
4;1813;0
5;1813;0
6;1813;1
7;1813;0
8;1813;0
9;1813;0
10;1813;0
11;1813;0
12;1813;1
13;1813;1
14;1813;0
15;1813;0
16;1813;0
17;1813;0
18;1813;0
19;1813;0
20;1813;0
1;1814;1
2;1814;0
3;1814;1
4;1814;0
5;1814;1
6;1814;0
7;1814;0
8;1814;0
9;1814;1
10;1814;0
11;1814;0
12;1814;0
13;1814;1
14;1814;0
15;1814;0
16;1814;0
17;1814;0
18;1814;1
19;1814;0
20;1814;0
1;1820;1
2;1820;0
3;1820;0
4;1820;0
5;1820;0
6;1820;0
7;1820;1
8;1820;0
9;1820;0
10;1820;0
11;1820;1
12;1820;0
13;1820;1
14;1820;0
15;1820;0
16;1820;0
17;1820;0
18;1820;0
19;1820;0
20;1820;1
1;1910;0
2;1910;0
3;1910;0
4;1910;0
5;1910;0
6;1910;0
7;1910;1
8;1910;0
9;1910;0
10;1910;0
11;1910;0
12;1910;0
13;1910;0
14;1910;0
15;1910;0
16;1910;0
17;1910;0
18;1910;0
19;1910;0
20;1910;0
1;1920;1
2;1920;0
3;1920;0
4;1920;0
5;1920;0
6;1920;0
7;1920;0
8;1920;0
9;1920;0
10;1920;0
11;1920;1
12;1920;0
13;1920;0
14;1920;0
15;1920;0
16;1920;0
17;1920;0
18;1920;0
19;1920;0
20;1920;0
1;2011;1
2;2011;0
3;2011;0
4;2011;0
5;2011;0
6;2011;0
7;2011;0
8;2011;0
9;2011;0
10;2011;0
11;2011;0
12;2011;0
13;2011;0
14;2011;0
15;2011;0
16;2011;0
17;2011;0
18;2011;1
19;2011;0
20;2011;0
1;2012;0
2;2012;1
3;2012;0
4;2012;0
5;2012;0
6;2012;0
7;2012;0
8;2012;1
9;2012;0
10;2012;0
11;2012;0
12;2012;0
13;2012;0
14;2012;0
15;2012;1
16;2012;1
17;2012;0
18;2012;0
19;2012;1
20;2012;0
1;2013;0
2;2013;0
3;2013;0
4;2013;0
5;2013;1
6;2013;1
7;2013;0
8;2013;1
9;2013;0
10;2013;0
11;2013;0
12;2013;1
13;2013;0
14;2013;0
15;2013;0
16;2013;1
17;2013;0
18;2013;0
19;2013;1
20;2013;0
1;2014;0
2;2014;0
3;2014;0
4;2014;0
5;2014;1
6;2014;0
7;2014;0
8;2014;1
9;2014;1
10;2014;0
11;2014;0
12;2014;0
13;2014;0
14;2014;0
15;2014;0
16;2014;0
17;2014;1
18;2014;0
19;2014;1
20;2014;0
1;2015;0
2;2015;0
3;2015;0
4;2015;0
5;2015;0
6;2015;0
7;2015;0
8;2015;0
9;2015;0
10;2015;0
11;2015;1
12;2015;0
13;2015;0
14;2015;0
15;2015;0
16;2015;1
17;2015;0
18;2015;0
19;2015;1
20;2015;0
1;2016;0
2;2016;0
3;2016;0
4;2016;0
5;2016;1
6;2016;0
7;2016;0
8;2016;0
9;2016;0
10;2016;0
11;2016;1
12;2016;0
13;2016;0
14;2016;0
15;2016;0
16;2016;0
17;2016;0
18;2016;0
19;2016;0
20;2016;0
1;2017;0
2;2017;0
3;2017;0
4;2017;0
5;2017;0
6;2017;1
7;2017;0
8;2017;0
9;2017;0
10;2017;0
11;2017;0
12;2017;0
13;2017;0
14;2017;0
15;2017;0
16;2017;0
17;2017;0
18;2017;0
19;2017;0
20;2017;0
1;2020;0
2;2020;1
3;2020;0
4;2020;0
5;2020;0
6;2020;0
7;2020;0
8;2020;0
9;2020;0
10;2020;0
11;2020;0
12;2020;0
13;2020;0
14;2020;0
15;2020;0
16;2020;0
17;2020;0
18;2020;0
19;2020;1
20;2020;1
1;2030;0
2;2030;0
3;2030;1
4;2030;0
5;2030;0
6;2030;0
7;2030;0
8;2030;1
9;2030;0
10;2030;0
11;2030;1
12;2030;1
13;2030;1
14;2030;0
15;2030;0
16;2030;0
17;2030;0
18;2030;0
19;2030;0
20;2030;0
1;2041;1
2;2041;0
3;2041;0
4;2041;0
5;2041;0
6;2041;1
7;2041;0
8;2041;0
9;2041;0
10;2041;1
11;2041;0
12;2041;0
13;2041;0
14;2041;0
15;2041;0
16;2041;0
17;2041;0
18;2041;0
19;2041;0
20;2041;0
1;2042;0
2;2042;0
3;2042;1
4;2042;0
5;2042;0
6;2042;1
7;2042;0
8;2042;0
9;2042;0
10;2042;0
11;2042;0
12;2042;0
13;2042;1
14;2042;1
15;2042;1
16;2042;0
17;2042;0
18;2042;0
19;2042;1
20;2042;0
1;2051;0
2;2051;0
3;2051;0
4;2051;0
5;2051;1
6;2051;1
7;2051;0
8;2051;0
9;2051;1
10;2051;0
11;2051;0
12;2051;0
13;2051;1
14;2051;0
15;2051;0
16;2051;0
17;2051;0
18;2051;0
19;2051;1
20;2051;0
1;2052;1
2;2052;0
3;2052;0
4;2052;0
5;2052;0
6;2052;0
7;2052;0
8;2052;0
9;2052;0
10;2052;0
11;2052;0
12;2052;0
13;2052;1
14;2052;0
15;2052;0
16;2052;1
17;2052;0
18;2052;0
19;2052;0
20;2052;0
1;2053;0
2;2053;0
3;2053;0
4;2053;0
5;2053;0
6;2053;0
7;2053;0
8;2053;0
9;2053;0
10;2053;0
11;2053;0
12;2053;0
13;2053;1
14;2053;1
15;2053;0
16;2053;0
17;2053;0
18;2053;0
19;2053;0
20;2053;0
1;2059;0
2;2059;0
3;2059;0
4;2059;0
5;2059;1
6;2059;0
7;2059;0
8;2059;0
9;2059;1
10;2059;0
11;2059;1
12;2059;1
13;2059;0
14;2059;0
15;2059;1
16;2059;1
17;2059;0
18;2059;0
19;2059;0
20;2059;0
1;2060;0
2;2060;0
3;2060;1
4;2060;0
5;2060;0
6;2060;1
7;2060;0
8;2060;0
9;2060;0
10;2060;0
11;2060;1
12;2060;0
13;2060;0
14;2060;0
15;2060;0
16;2060;0
17;2060;0
18;2060;0
19;2060;1
20;2060;0
1;2110;1
2;2110;0
3;2110;0
4;2110;0
5;2110;1
6;2110;0
7;2110;0
8;2110;0
9;2110;0
10;2110;0
11;2110;1
12;2110;0
13;2110;1
14;2110;0
15;2110;1
16;2110;0
17;2110;0
18;2110;0
19;2110;0
20;2110;0
1;2120;1
2;2120;0
3;2120;0
4;2120;0
5;2120;0
6;2120;0
7;2120;0
8;2120;0
9;2120;1
10;2120;0
11;2120;0
12;2120;0
13;2120;0
14;2120;0
15;2120;0
16;2120;0
17;2120;0
18;2120;0
19;2120;0
20;2120;0
1;2211;0
2;2211;0
3;2211;0
4;2211;0
5;2211;0
6;2211;0
7;2211;1
8;2211;0
9;2211;0
10;2211;1
11;2211;1
12;2211;0
13;2211;0
14;2211;0
15;2211;1
16;2211;0
17;2211;0
18;2211;0
19;2211;0
20;2211;0
1;2219;0
2;2219;0
3;2219;1
4;2219;0
5;2219;0
6;2219;1
7;2219;0
8;2219;1
9;2219;0
10;2219;0
11;2219;0
12;2219;0
13;2219;0
14;2219;0
15;2219;1
16;2219;0
17;2219;0
18;2219;1
19;2219;1
20;2219;0
1;2221;0
2;2221;0
3;2221;1
4;2221;0
5;2221;1
6;2221;1
7;2221;0
8;2221;1
9;2221;1
10;2221;0
11;2221;0
12;2221;1
13;2221;1
14;2221;1
15;2221;0
16;2221;0
17;2221;1
18;2221;1
19;2221;1
20;2221;1
1;2222;0
2;2222;0
3;2222;1
4;2222;1
5;2222;1
6;2222;0
7;2222;1
8;2222;0
9;2222;0
10;2222;0
11;2222;1
12;2222;0
13;2222;1
14;2222;0
15;2222;0
16;2222;0
17;2222;0
18;2222;1
19;2222;0
20;2222;0
1;2223;0
2;2223;1
3;2223;0
4;2223;0
5;2223;0
6;2223;0
7;2223;1
8;2223;1
9;2223;1
10;2223;1
11;2223;0
12;2223;0
13;2223;0
14;2223;0
15;2223;1
16;2223;0
17;2223;1
18;2223;0
19;2223;0
20;2223;0
1;2229;0
2;2229;1
3;2229;0
4;2229;0
5;2229;0
6;2229;0
7;2229;1
8;2229;1
9;2229;0
10;2229;0
11;2229;1
12;2229;0
13;2229;1
14;2229;0
15;2229;0
16;2229;1
17;2229;0
18;2229;0
19;2229;1
20;2229;0
1;2311;0
2;2311;0
3;2311;0
4;2311;1
5;2311;0
6;2311;0
7;2311;1
8;2311;0
9;2311;0
10;2311;0
11;2311;0
12;2311;0
13;2311;0
14;2311;0
15;2311;0
16;2311;0
17;2311;0
18;2311;0
19;2311;0
20;2311;0
1;2312;0
2;2312;0
3;2312;0
4;2312;1
5;2312;0
6;2312;0
7;2312;1
8;2312;1
9;2312;0
10;2312;0
11;2312;1
12;2312;1
13;2312;0
14;2312;0
15;2312;0
16;2312;0
17;2312;0
18;2312;0
19;2312;0
20;2312;0
1;2313;1
2;2313;0
3;2313;0
4;2313;1
5;2313;0
6;2313;0
7;2313;0
8;2313;0
9;2313;0
10;2313;0
11;2313;0
12;2313;1
13;2313;0
14;2313;0
15;2313;0
16;2313;0
17;2313;0
18;2313;0
19;2313;1
20;2313;0
1;2314;0
2;2314;0
3;2314;0
4;2314;0
5;2314;0
6;2314;0
7;2314;0
8;2314;0
9;2314;0
10;2314;0
11;2314;0
12;2314;0
13;2314;0
14;2314;0
15;2314;0
16;2314;0
17;2314;0
18;2314;0
19;2314;1
20;2314;0
1;2319;0
2;2319;0
3;2319;0
4;2319;1
5;2319;0
6;2319;0
7;2319;0
8;2319;1
9;2319;0
10;2319;0
11;2319;0
12;2319;0
13;2319;0
14;2319;0
15;2319;1
16;2319;0
17;2319;0
18;2319;1
19;2319;0
20;2319;0
1;2320;0
2;2320;0
3;2320;0
4;2320;0
5;2320;0
6;2320;1
7;2320;1
8;2320;1
9;2320;0
10;2320;0
11;2320;0
12;2320;0
13;2320;0
14;2320;0
15;2320;0
16;2320;0
17;2320;0
18;2320;0
19;2320;0
20;2320;0
1;2331;1
2;2331;0
3;2331;0
4;2331;0
5;2331;0
6;2331;0
7;2331;0
8;2331;0
9;2331;0
10;2331;0
11;2331;0
12;2331;1
13;2331;0
14;2331;0
15;2331;0
16;2331;0
17;2331;0
18;2331;1
19;2331;0
20;2331;1
1;2332;0
2;2332;1
3;2332;0
4;2332;0
5;2332;0
6;2332;1
7;2332;0
8;2332;0
9;2332;0
10;2332;1
11;2332;1
12;2332;0
13;2332;0
14;2332;1
15;2332;0
16;2332;1
17;2332;0
18;2332;0
19;2332;1
20;2332;1
1;2341;0
2;2341;1
3;2341;0
4;2341;0
5;2341;1
6;2341;1
7;2341;0
8;2341;0
9;2341;0
10;2341;0
11;2341;0
12;2341;0
13;2341;0
14;2341;1
15;2341;0
16;2341;0
17;2341;1
18;2341;0
19;2341;1
20;2341;1
1;2342;0
2;2342;0
3;2342;0
4;2342;0
5;2342;0
6;2342;1
7;2342;0
8;2342;0
9;2342;0
10;2342;0
11;2342;0
12;2342;0
13;2342;0
14;2342;0
15;2342;0
16;2342;0
17;2342;0
18;2342;0
19;2342;0
20;2342;0
1;2343;0
2;2343;0
3;2343;0
4;2343;1
5;2343;0
6;2343;0
7;2343;0
8;2343;0
9;2343;0
10;2343;0
11;2343;0
12;2343;0
13;2343;0
14;2343;0
15;2343;0
16;2343;0
17;2343;0
18;2343;0
19;2343;1
20;2343;0
1;2344;0
2;2344;0
3;2344;0
4;2344;0
5;2344;0
6;2344;1
7;2344;0
8;2344;0
9;2344;0
10;2344;0
11;2344;0
12;2344;0
13;2344;1
14;2344;0
15;2344;0
16;2344;0
17;2344;0
18;2344;0
19;2344;0
20;2344;0
1;2349;0
2;2349;1
3;2349;0
4;2349;0
5;2349;1
6;2349;1
7;2349;0
8;2349;0
9;2349;0
10;2349;0
11;2349;0
12;2349;0
13;2349;0
14;2349;0
15;2349;0
16;2349;0
17;2349;1
18;2349;1
19;2349;0
20;2349;1
1;2351;0
2;2351;1
3;2351;0
4;2351;0
5;2351;1
6;2351;0
7;2351;0
8;2351;0
9;2351;0
10;2351;0
11;2351;1
12;2351;0
13;2351;1
14;2351;0
15;2351;0
16;2351;0
17;2351;0
18;2351;0
19;2351;0
20;2351;0
1;2352;0
2;2352;1
3;2352;0
4;2352;0
5;2352;1
6;2352;0
7;2352;0
8;2352;1
9;2352;0
10;2352;0
11;2352;1
12;2352;0
13;2352;0
14;2352;0
15;2352;0
16;2352;0
17;2352;0
18;2352;0
19;2352;0
20;2352;0
1;2361;0
2;2361;1
3;2361;0
4;2361;0
5;2361;1
6;2361;1
7;2361;1
8;2361;1
9;2361;0
10;2361;0
11;2361;1
12;2361;0
13;2361;1
14;2361;0
15;2361;0
16;2361;1
17;2361;1
18;2361;0
19;2361;1
20;2361;0
1;2362;1
2;2362;0
3;2362;0
4;2362;0
5;2362;0
6;2362;1
7;2362;1
8;2362;0
9;2362;0
10;2362;0
11;2362;1
12;2362;0
13;2362;0
14;2362;0
15;2362;1
16;2362;1
17;2362;1
18;2362;0
19;2362;0
20;2362;1
1;2363;0
2;2363;1
3;2363;1
4;2363;1
5;2363;0
6;2363;0
7;2363;0
8;2363;1
9;2363;0
10;2363;1
11;2363;0
12;2363;0
13;2363;1
14;2363;0
15;2363;0
16;2363;1
17;2363;0
18;2363;0
19;2363;1
20;2363;1
1;2364;0
2;2364;0
3;2364;0
4;2364;0
5;2364;0
6;2364;0
7;2364;0
8;2364;1
9;2364;0
10;2364;0
11;2364;1
12;2364;1
13;2364;0
14;2364;0
15;2364;0
16;2364;0
17;2364;0
18;2364;0
19;2364;1
20;2364;0
1;2365;0
2;2365;0
3;2365;0
4;2365;0
5;2365;0
6;2365;0
7;2365;0
8;2365;0
9;2365;0
10;2365;0
11;2365;1
12;2365;0
13;2365;0
14;2365;0
15;2365;0
16;2365;0
17;2365;0
18;2365;0
19;2365;0
20;2365;0
1;2369;0
2;2369;0
3;2369;0
4;2369;0
5;2369;0
6;2369;0
7;2369;0
8;2369;0
9;2369;1
10;2369;1
11;2369;0
12;2369;0
13;2369;1
14;2369;0
15;2369;0
16;2369;0
17;2369;1
18;2369;0
19;2369;1
20;2369;0
1;2370;0
2;2370;1
3;2370;0
4;2370;0
5;2370;1
6;2370;0
7;2370;0
8;2370;1
9;2370;0
10;2370;0
11;2370;1
12;2370;0
13;2370;1
14;2370;1
15;2370;1
16;2370;0
17;2370;0
18;2370;1
19;2370;1
20;2370;1
1;2391;1
2;2391;0
3;2391;1
4;2391;0
5;2391;0
6;2391;0
7;2391;0
8;2391;0
9;2391;0
10;2391;0
11;2391;0
12;2391;1
13;2391;0
14;2391;0
15;2391;1
16;2391;0
17;2391;0
18;2391;0
19;2391;0
20;2391;1
1;2399;0
2;2399;0
3;2399;1
4;2399;0
5;2399;0
6;2399;0
7;2399;0
8;2399;1
9;2399;0
10;2399;1
11;2399;1
12;2399;0
13;2399;0
14;2399;0
15;2399;0
16;2399;0
17;2399;0
18;2399;0
19;2399;1
20;2399;1
1;2410;0
2;2410;0
3;2410;0
4;2410;0
5;2410;1
6;2410;0
7;2410;1
8;2410;0
9;2410;0
10;2410;0
11;2410;0
12;2410;0
13;2410;0
14;2410;0
15;2410;0
16;2410;0
17;2410;0
18;2410;0
19;2410;0
20;2410;0
1;2420;1
2;2420;0
3;2420;1
4;2420;0
5;2420;1
6;2420;0
7;2420;0
8;2420;0
9;2420;0
10;2420;0
11;2420;0
12;2420;0
13;2420;0
14;2420;0
15;2420;0
16;2420;0
17;2420;0
18;2420;0
19;2420;0
20;2420;0
1;2431;0
2;2431;0
3;2431;0
4;2431;0
5;2431;0
6;2431;0
7;2431;0
8;2431;0
9;2431;0
10;2431;0
11;2431;0
12;2431;0
13;2431;1
14;2431;0
15;2431;0
16;2431;0
17;2431;1
18;2431;0
19;2431;0
20;2431;0
1;2432;0
2;2432;0
3;2432;0
4;2432;0
5;2432;0
6;2432;0
7;2432;0
8;2432;0
9;2432;0
10;2432;0
11;2432;1
12;2432;1
13;2432;0
14;2432;0
15;2432;0
16;2432;0
17;2432;1
18;2432;0
19;2432;0
20;2432;0
1;2433;0
2;2433;1
3;2433;0
4;2433;0
5;2433;0
6;2433;0
7;2433;1
8;2433;1
9;2433;1
10;2433;0
11;2433;0
12;2433;0
13;2433;1
14;2433;0
15;2433;0
16;2433;0
17;2433;1
18;2433;0
19;2433;0
20;2433;0
1;2434;0
2;2434;0
3;2434;0
4;2434;0
5;2434;1
6;2434;0
7;2434;0
8;2434;0
9;2434;0
10;2434;0
11;2434;0
12;2434;0
13;2434;0
14;2434;0
15;2434;0
16;2434;0
17;2434;0
18;2434;1
19;2434;0
20;2434;0
1;2441;1
2;2441;0
3;2441;1
4;2441;0
5;2441;0
6;2441;0
7;2441;0
8;2441;0
9;2441;0
10;2441;0
11;2441;0
12;2441;0
13;2441;0
14;2441;0
15;2441;0
16;2441;0
17;2441;0
18;2441;0
19;2441;0
20;2441;0
1;2442;0
2;2442;0
3;2442;0
4;2442;0
5;2442;0
6;2442;0
7;2442;1
8;2442;1
9;2442;0
10;2442;0
11;2442;1
12;2442;0
13;2442;0
14;2442;0
15;2442;0
16;2442;0
17;2442;0
18;2442;0
19;2442;1
20;2442;0
1;2443;1
2;2443;0
3;2443;0
4;2443;0
5;2443;0
6;2443;0
7;2443;0
8;2443;0
9;2443;0
10;2443;0
11;2443;0
12;2443;0
13;2443;1
14;2443;0
15;2443;0
16;2443;0
17;2443;0
18;2443;0
19;2443;0
20;2443;0
1;2444;1
2;2444;0
3;2444;0
4;2444;0
5;2444;0
6;2444;0
7;2444;1
8;2444;0
9;2444;0
10;2444;0
11;2444;0
12;2444;0
13;2444;0
14;2444;0
15;2444;0
16;2444;0
17;2444;0
18;2444;0
19;2444;0
20;2444;0
1;2445;1
2;2445;0
3;2445;0
4;2445;0
5;2445;0
6;2445;0
7;2445;1
8;2445;0
9;2445;0
10;2445;0
11;2445;0
12;2445;0
13;2445;0
14;2445;0
15;2445;0
16;2445;0
17;2445;0
18;2445;0
19;2445;0
20;2445;0
1;2451;0
2;2451;1
3;2451;0
4;2451;1
5;2451;0
6;2451;1
7;2451;0
8;2451;1
9;2451;0
10;2451;0
11;2451;0
12;2451;1
13;2451;0
14;2451;0
15;2451;1
16;2451;1
17;2451;0
18;2451;0
19;2451;0
20;2451;0
1;2452;0
2;2452;0
3;2452;0
4;2452;1
5;2452;1
6;2452;1
7;2452;1
8;2452;0
9;2452;0
10;2452;0
11;2452;0
12;2452;0
13;2452;0
14;2452;0
15;2452;0
16;2452;0
17;2452;0
18;2452;0
19;2452;0
20;2452;0
1;2453;1
2;2453;1
3;2453;0
4;2453;0
5;2453;1
6;2453;0
7;2453;1
8;2453;0
9;2453;0
10;2453;1
11;2453;0
12;2453;1
13;2453;1
14;2453;0
15;2453;0
16;2453;0
17;2453;0
18;2453;0
19;2453;1
20;2453;0
1;2454;0
2;2454;0
3;2454;0
4;2454;0
5;2454;0
6;2454;0
7;2454;0
8;2454;0
9;2454;1
10;2454;0
11;2454;0
12;2454;0
13;2454;1
14;2454;0
15;2454;0
16;2454;0
17;2454;0
18;2454;0
19;2454;0
20;2454;0
1;2511;0
2;2511;1
3;2511;1
4;2511;0
5;2511;1
6;2511;0
7;2511;1
8;2511;0
9;2511;0
10;2511;1
11;2511;1
12;2511;1
13;2511;1
14;2511;1
15;2511;1
16;2511;1
17;2511;1
18;2511;1
19;2511;1
20;2511;0
1;2512;0
2;2512;0
3;2512;1
4;2512;0
5;2512;0
6;2512;1
7;2512;1
8;2512;1
9;2512;0
10;2512;0
11;2512;1
12;2512;1
13;2512;1
14;2512;0
15;2512;0
16;2512;1
17;2512;1
18;2512;0
19;2512;0
20;2512;0
1;2521;0
2;2521;1
3;2521;0
4;2521;1
5;2521;0
6;2521;1
7;2521;0
8;2521;1
9;2521;0
10;2521;1
11;2521;0
12;2521;0
13;2521;0
14;2521;0
15;2521;0
16;2521;0
17;2521;1
18;2521;1
19;2521;0
20;2521;1
1;2529;0
2;2529;1
3;2529;1
4;2529;0
5;2529;1
6;2529;0
7;2529;0
8;2529;0
9;2529;1
10;2529;0
11;2529;1
12;2529;1
13;2529;1
14;2529;0
15;2529;0
16;2529;0
17;2529;1
18;2529;0
19;2529;0
20;2529;0
1;2530;0
2;2530;0
3;2530;1
4;2530;0
5;2530;1
6;2530;0
7;2530;0
8;2530;0
9;2530;0
10;2530;0
11;2530;0
12;2530;0
13;2530;0
14;2530;0
15;2530;0
16;2530;1
17;2530;1
18;2530;0
19;2530;0
20;2530;0
1;2540;0
2;2540;0
3;2540;0
4;2540;0
5;2540;0
6;2540;0
7;2540;0
8;2540;0
9;2540;0
10;2540;1
11;2540;0
12;2540;1
13;2540;0
14;2540;0
15;2540;0
16;2540;0
17;2540;0
18;2540;0
19;2540;0
20;2540;0
1;2550;0
2;2550;0
3;2550;1
4;2550;0
5;2550;1
6;2550;0
7;2550;0
8;2550;1
9;2550;1
10;2550;1
11;2550;1
12;2550;1
13;2550;1
14;2550;0
15;2550;0
16;2550;0
17;2550;1
18;2550;0
19;2550;1
20;2550;0
1;2561;0
2;2561;0
3;2561;0
4;2561;0
5;2561;1
6;2561;0
7;2561;1
8;2561;1
9;2561;0
10;2561;1
11;2561;1
12;2561;0
13;2561;1
14;2561;0
15;2561;0
16;2561;1
17;2561;1
18;2561;1
19;2561;0
20;2561;0
1;2562;0
2;2562;0
3;2562;0
4;2562;1
5;2562;1
6;2562;0
7;2562;1
8;2562;1
9;2562;0
10;2562;1
11;2562;1
12;2562;1
13;2562;1
14;2562;1
15;2562;0
16;2562;1
17;2562;1
18;2562;0
19;2562;1
20;2562;1
1;2571;0
2;2571;0
3;2571;0
4;2571;0
5;2571;0
6;2571;0
7;2571;0
8;2571;0
9;2571;0
10;2571;0
11;2571;0
12;2571;0
13;2571;1
14;2571;0
15;2571;1
16;2571;0
17;2571;0
18;2571;0
19;2571;0
20;2571;0
1;2572;0
2;2572;0
3;2572;0
4;2572;0
5;2572;0
6;2572;0
7;2572;0
8;2572;1
9;2572;1
10;2572;0
11;2572;0
12;2572;1
13;2572;0
14;2572;0
15;2572;1
16;2572;0
17;2572;0
18;2572;0
19;2572;1
20;2572;0
1;2573;0
2;2573;0
3;2573;1
4;2573;1
5;2573;1
6;2573;1
7;2573;1
8;2573;0
9;2573;0
10;2573;1
11;2573;1
12;2573;0
13;2573;1
14;2573;1
15;2573;0
16;2573;0
17;2573;1
18;2573;0
19;2573;1
20;2573;0
1;2591;0
2;2591;0
3;2591;1
4;2591;0
5;2591;0
6;2591;1
7;2591;1
8;2591;0
9;2591;0
10;2591;0
11;2591;1
12;2591;1
13;2591;0
14;2591;1
15;2591;0
16;2591;1
17;2591;0
18;2591;1
19;2591;0
20;2591;1
1;2592;0
2;2592;0
3;2592;1
4;2592;0
5;2592;0
6;2592;0
7;2592;0
8;2592;1
9;2592;0
10;2592;1
11;2592;1
12;2592;0
13;2592;1
14;2592;1
15;2592;1
16;2592;0
17;2592;0
18;2592;0
19;2592;0
20;2592;0
1;2593;0
2;2593;0
3;2593;0
4;2593;0
5;2593;1
6;2593;0
7;2593;1
8;2593;1
9;2593;0
10;2593;0
11;2593;1
12;2593;1
13;2593;0
14;2593;1
15;2593;0
16;2593;0
17;2593;0
18;2593;0
19;2593;1
20;2593;0
1;2594;0
2;2594;0
3;2594;1
4;2594;0
5;2594;1
6;2594;1
7;2594;0
8;2594;0
9;2594;0
10;2594;0
11;2594;1
12;2594;0
13;2594;1
14;2594;0
15;2594;0
16;2594;0
17;2594;1
18;2594;1
19;2594;1
20;2594;0
1;2599;0
2;2599;1
3;2599;0
4;2599;0
5;2599;1
6;2599;0
7;2599;0
8;2599;1
9;2599;0
10;2599;1
11;2599;1
12;2599;1
13;2599;1
14;2599;0
15;2599;0
16;2599;0
17;2599;1
18;2599;0
19;2599;1
20;2599;0
1;2611;0
2;2611;0
3;2611;0
4;2611;0
5;2611;0
6;2611;0
7;2611;1
8;2611;0
9;2611;0
10;2611;0
11;2611;1
12;2611;0
13;2611;1
14;2611;1
15;2611;0
16;2611;1
17;2611;0
18;2611;0
19;2611;0
20;2611;0
1;2612;0
2;2612;1
3;2612;0
4;2612;0
5;2612;0
6;2612;0
7;2612;0
8;2612;1
9;2612;1
10;2612;1
11;2612;1
12;2612;0
13;2612;0
14;2612;0
15;2612;0
16;2612;0
17;2612;0
18;2612;1
19;2612;0
20;2612;0
1;2620;0
2;2620;0
3;2620;0
4;2620;0
5;2620;1
6;2620;0
7;2620;0
8;2620;0
9;2620;0
10;2620;0
11;2620;1
12;2620;0
13;2620;1
14;2620;0
15;2620;0
16;2620;0
17;2620;0
18;2620;1
19;2620;0
20;2620;0
1;2630;0
2;2630;0
3;2630;0
4;2630;1
5;2630;1
6;2630;0
7;2630;0
8;2630;0
9;2630;0
10;2630;0
11;2630;0
12;2630;1
13;2630;0
14;2630;1
15;2630;0
16;2630;0
17;2630;0
18;2630;0
19;2630;0
20;2630;0
1;2640;0
2;2640;1
3;2640;0
4;2640;0
5;2640;1
6;2640;0
7;2640;1
8;2640;0
9;2640;0
10;2640;0
11;2640;0
12;2640;0
13;2640;1
14;2640;0
15;2640;0
16;2640;1
17;2640;0
18;2640;0
19;2640;0
20;2640;0
1;2651;0
2;2651;0
3;2651;0
4;2651;0
5;2651;0
6;2651;1
7;2651;1
8;2651;0
9;2651;0
10;2651;0
11;2651;0
12;2651;0
13;2651;1
14;2651;0
15;2651;0
16;2651;0
17;2651;0
18;2651;0
19;2651;0
20;2651;1
1;2652;1
2;2652;1
3;2652;1
4;2652;0
5;2652;0
6;2652;0
7;2652;1
8;2652;0
9;2652;0
10;2652;1
11;2652;0
12;2652;0
13;2652;0
14;2652;0
15;2652;0
16;2652;0
17;2652;0
18;2652;0
19;2652;0
20;2652;0
1;2660;1
2;2660;0
3;2660;0
4;2660;0
5;2660;0
6;2660;0
7;2660;0
8;2660;0
9;2660;1
10;2660;1
11;2660;1
12;2660;0
13;2660;0
14;2660;1
15;2660;0
16;2660;0
17;2660;0
18;2660;0
19;2660;0
20;2660;0
1;2670;1
2;2670;0
3;2670;0
4;2670;0
5;2670;0
6;2670;0
7;2670;0
8;2670;0
9;2670;0
10;2670;1
11;2670;0
12;2670;0
13;2670;1
14;2670;0
15;2670;1
16;2670;0
17;2670;1
18;2670;1
19;2670;0
20;2670;0
1;2680;1
2;2680;0
3;2680;0
4;2680;0
5;2680;0
6;2680;0
7;2680;0
8;2680;1
9;2680;0
10;2680;0
11;2680;0
12;2680;0
13;2680;0
14;2680;0
15;2680;0
16;2680;0
17;2680;0
18;2680;0
19;2680;0
20;2680;0
1;2711;1
2;2711;0
3;2711;0
4;2711;0
5;2711;0
6;2711;0
7;2711;0
8;2711;0
9;2711;0
10;2711;1
11;2711;1
12;2711;1
13;2711;1
14;2711;1
15;2711;0
16;2711;0
17;2711;1
18;2711;0
19;2711;0
20;2711;1
1;2712;0
2;2712;1
3;2712;1
4;2712;0
5;2712;0
6;2712;0
7;2712;0
8;2712;1
9;2712;0
10;2712;1
11;2712;0
12;2712;1
13;2712;1
14;2712;1
15;2712;0
16;2712;1
17;2712;0
18;2712;0
19;2712;0
20;2712;1
1;2720;0
2;2720;1
3;2720;0
4;2720;0
5;2720;0
6;2720;0
7;2720;0
8;2720;0
9;2720;0
10;2720;1
11;2720;0
12;2720;0
13;2720;1
14;2720;1
15;2720;0
16;2720;1
17;2720;0
18;2720;0
19;2720;0
20;2720;0
1;2731;0
2;2731;1
3;2731;0
4;2731;0
5;2731;0
6;2731;0
7;2731;0
8;2731;0
9;2731;0
10;2731;0
11;2731;0
12;2731;0
13;2731;1
14;2731;0
15;2731;0
16;2731;0
17;2731;0
18;2731;0
19;2731;0
20;2731;0
1;2732;0
2;2732;0
3;2732;1
4;2732;0
5;2732;0
6;2732;0
7;2732;1
8;2732;0
9;2732;0
10;2732;1
11;2732;1
12;2732;0
13;2732;0
14;2732;1
15;2732;0
16;2732;1
17;2732;1
18;2732;0
19;2732;0
20;2732;0
1;2733;0
2;2733;0
3;2733;1
4;2733;0
5;2733;0
6;2733;1
7;2733;1
8;2733;1
9;2733;0
10;2733;0
11;2733;1
12;2733;0
13;2733;0
14;2733;0
15;2733;0
16;2733;0
17;2733;0
18;2733;0
19;2733;1
20;2733;0
1;2740;0
2;2740;0
3;2740;1
4;2740;1
5;2740;0
6;2740;0
7;2740;0
8;2740;0
9;2740;0
10;2740;1
11;2740;0
12;2740;1
13;2740;1
14;2740;0
15;2740;0
16;2740;0
17;2740;1
18;2740;1
19;2740;0
20;2740;0
1;2751;0
2;2751;0
3;2751;0
4;2751;1
5;2751;0
6;2751;0
7;2751;0
8;2751;1
9;2751;1
10;2751;0
11;2751;0
12;2751;0
13;2751;0
14;2751;1
15;2751;0
16;2751;1
17;2751;0
18;2751;0
19;2751;1
20;2751;0
1;2752;0
2;2752;0
3;2752;0
4;2752;1
5;2752;1
6;2752;1
7;2752;0
8;2752;0
9;2752;0
10;2752;0
11;2752;1
12;2752;1
13;2752;0
14;2752;0
15;2752;1
16;2752;0
17;2752;0
18;2752;1
19;2752;1
20;2752;0
1;2790;0
2;2790;0
3;2790;0
4;2790;0
5;2790;0
6;2790;0
7;2790;1
8;2790;0
9;2790;0
10;2790;0
11;2790;0
12;2790;0
13;2790;1
14;2790;0
15;2790;0
16;2790;1
17;2790;1
18;2790;1
19;2790;1
20;2790;0
1;2811;1
2;2811;0
3;2811;0
4;2811;1
5;2811;0
6;2811;0
7;2811;0
8;2811;0
9;2811;0
10;2811;0
11;2811;0
12;2811;0
13;2811;0
14;2811;0
15;2811;0
16;2811;0
17;2811;0
18;2811;0
19;2811;0
20;2811;0
1;2812;1
2;2812;0
3;2812;0
4;2812;1
5;2812;0
6;2812;0
7;2812;0
8;2812;0
9;2812;0
10;2812;1
11;2812;0
12;2812;0
13;2812;0
14;2812;0
15;2812;0
16;2812;0
17;2812;0
18;2812;0
19;2812;0
20;2812;1
1;2813;0
2;2813;0
3;2813;0
4;2813;0
5;2813;0
6;2813;0
7;2813;1
8;2813;0
9;2813;0
10;2813;0
11;2813;1
12;2813;0
13;2813;0
14;2813;1
15;2813;0
16;2813;0
17;2813;0
18;2813;0
19;2813;0
20;2813;1
1;2814;0
2;2814;0
3;2814;0
4;2814;0
5;2814;0
6;2814;0
7;2814;1
8;2814;1
9;2814;0
10;2814;1
11;2814;0
12;2814;0
13;2814;1
14;2814;0
15;2814;0
16;2814;0
17;2814;0
18;2814;0
19;2814;0
20;2814;1
1;2815;0
2;2815;0
3;2815;1
4;2815;1
5;2815;0
6;2815;0
7;2815;0
8;2815;1
9;2815;1
10;2815;0
11;2815;0
12;2815;0
13;2815;0
14;2815;0
15;2815;0
16;2815;0
17;2815;0
18;2815;0
19;2815;0
20;2815;0
1;2821;0
2;2821;0
3;2821;0
4;2821;1
5;2821;1
6;2821;1
7;2821;1
8;2821;0
9;2821;0
10;2821;0
11;2821;0
12;2821;1
13;2821;0
14;2821;0
15;2821;0
16;2821;1
17;2821;0
18;2821;0
19;2821;1
20;2821;0
1;2822;0
2;2822;1
3;2822;1
4;2822;1
5;2822;0
6;2822;0
7;2822;0
8;2822;0
9;2822;0
10;2822;0
11;2822;0
12;2822;0
13;2822;0
14;2822;1
15;2822;1
16;2822;1
17;2822;0
18;2822;0
19;2822;1
20;2822;1
1;2823;0
2;2823;0
3;2823;1
4;2823;0
5;2823;0
6;2823;0
7;2823;0
8;2823;0
9;2823;0
10;2823;0
11;2823;0
12;2823;1
13;2823;1
14;2823;0
15;2823;0
16;2823;0
17;2823;0
18;2823;0
19;2823;0
20;2823;0
1;2824;0
2;2824;0
3;2824;0
4;2824;0
5;2824;1
6;2824;0
7;2824;0
8;2824;0
9;2824;0
10;2824;0
11;2824;0
12;2824;0
13;2824;0
14;2824;0
15;2824;0
16;2824;0
17;2824;0
18;2824;0
19;2824;0
20;2824;0
1;2825;0
2;2825;1
3;2825;1
4;2825;0
5;2825;0
6;2825;1
7;2825;0
8;2825;0
9;2825;1
10;2825;1
11;2825;1
12;2825;1
13;2825;0
14;2825;0
15;2825;0
16;2825;1
17;2825;0
18;2825;1
19;2825;0
20;2825;0
1;2829;0
2;2829;0
3;2829;0
4;2829;0
5;2829;1
6;2829;0
7;2829;1
8;2829;0
9;2829;0
10;2829;1
11;2829;1
12;2829;1
13;2829;1
14;2829;0
15;2829;1
16;2829;0
17;2829;0
18;2829;0
19;2829;0
20;2829;1
1;2830;0
2;2830;0
3;2830;1
4;2830;1
5;2830;0
6;2830;1
7;2830;0
8;2830;1
9;2830;1
10;2830;1
11;2830;0
12;2830;0
13;2830;0
14;2830;0
15;2830;0
16;2830;1
17;2830;0
18;2830;0
19;2830;1
20;2830;0
1;2841;0
2;2841;0
3;2841;1
4;2841;0
5;2841;0
6;2841;0
7;2841;0
8;2841;1
9;2841;0
10;2841;1
11;2841;0
12;2841;1
13;2841;1
14;2841;0
15;2841;0
16;2841;0
17;2841;1
18;2841;1
19;2841;0
20;2841;0
1;2849;0
2;2849;0
3;2849;0
4;2849;1
5;2849;1
6;2849;0
7;2849;1
8;2849;1
9;2849;0
10;2849;0
11;2849;1
12;2849;0
13;2849;0
14;2849;0
15;2849;1
16;2849;0
17;2849;0
18;2849;1
19;2849;0
20;2849;0
1;2891;0
2;2891;0
3;2891;0
4;2891;0
5;2891;1
6;2891;0
7;2891;1
8;2891;0
9;2891;0
10;2891;0
11;2891;0
12;2891;0
13;2891;0
14;2891;0
15;2891;0
16;2891;0
17;2891;0
18;2891;0
19;2891;0
20;2891;0
1;2892;0
2;2892;0
3;2892;1
4;2892;1
5;2892;1
6;2892;0
7;2892;0
8;2892;0
9;2892;0
10;2892;1
11;2892;1
12;2892;0
13;2892;0
14;2892;0
15;2892;0
16;2892;1
17;2892;0
18;2892;0
19;2892;1
20;2892;1
1;2893;0
2;2893;1
3;2893;0
4;2893;0
5;2893;1
6;2893;1
7;2893;0
8;2893;0
9;2893;0
10;2893;1
11;2893;1
12;2893;0
13;2893;1
14;2893;1
15;2893;0
16;2893;0
17;2893;1
18;2893;1
19;2893;0
20;2893;0
1;2894;0
2;2894;0
3;2894;0
4;2894;0
5;2894;1
6;2894;0
7;2894;0
8;2894;1
9;2894;0
10;2894;1
11;2894;0
12;2894;1
13;2894;0
14;2894;0
15;2894;0
16;2894;0
17;2894;0
18;2894;1
19;2894;0
20;2894;0
1;2895;1
2;2895;0
3;2895;0
4;2895;0
5;2895;0
6;2895;0
7;2895;0
8;2895;0
9;2895;0
10;2895;0
11;2895;1
12;2895;0
13;2895;1
14;2895;0
15;2895;0
16;2895;0
17;2895;0
18;2895;0
19;2895;0
20;2895;0
1;2896;0
2;2896;0
3;2896;0
4;2896;0
5;2896;0
6;2896;0
7;2896;1
8;2896;1
9;2896;0
10;2896;0
11;2896;0
12;2896;0
13;2896;0
14;2896;0
15;2896;0
16;2896;0
17;2896;1
18;2896;0
19;2896;0
20;2896;0
1;2899;1
2;2899;0
3;2899;1
4;2899;0
5;2899;0
6;2899;0
7;2899;1
8;2899;1
9;2899;0
10;2899;0
11;2899;0
12;2899;1
13;2899;0
14;2899;0
15;2899;0
16;2899;0
17;2899;0
18;2899;0
19;2899;1
20;2899;1
1;2910;0
2;2910;0
3;2910;1
4;2910;0
5;2910;0
6;2910;0
7;2910;0
8;2910;1
9;2910;0
10;2910;0
11;2910;1
12;2910;0
13;2910;0
14;2910;0
15;2910;0
16;2910;0
17;2910;0
18;2910;1
19;2910;0
20;2910;0
1;2920;0
2;2920;0
3;2920;1
4;2920;0
5;2920;0
6;2920;1
7;2920;1
8;2920;1
9;2920;0
10;2920;0
11;2920;1
12;2920;1
13;2920;1
14;2920;0
15;2920;0
16;2920;1
17;2920;0
18;2920;0
19;2920;1
20;2920;0
1;2931;0
2;2931;0
3;2931;0
4;2931;0
5;2931;1
6;2931;0
7;2931;1
8;2931;0
9;2931;0
10;2931;0
11;2931;0
12;2931;0
13;2931;1
14;2931;0
15;2931;0
16;2931;0
17;2931;0
18;2931;1
19;2931;1
20;2931;1
1;2932;0
2;2932;0
3;2932;1
4;2932;0
5;2932;1
6;2932;0
7;2932;1
8;2932;1
9;2932;0
10;2932;1
11;2932;1
12;2932;1
13;2932;0
14;2932;0
15;2932;0
16;2932;0
17;2932;0
18;2932;1
19;2932;1
20;2932;0
1;3011;1
2;3011;0
3;3011;0
4;3011;1
5;3011;0
6;3011;1
7;3011;0
8;3011;0
9;3011;0
10;3011;0
11;3011;0
12;3011;0
13;3011;1
14;3011;0
15;3011;1
16;3011;0
17;3011;0
18;3011;0
19;3011;1
20;3011;0
1;3012;1
2;3012;1
3;3012;1
4;3012;0
5;3012;0
6;3012;0
7;3012;1
8;3012;0
9;3012;0
10;3012;0
11;3012;0
12;3012;0
13;3012;0
14;3012;1
15;3012;0
16;3012;0
17;3012;1
18;3012;0
19;3012;1
20;3012;1
1;3020;1
2;3020;0
3;3020;0
4;3020;0
5;3020;0
6;3020;0
7;3020;1
8;3020;0
9;3020;0
10;3020;0
11;3020;0
12;3020;0
13;3020;0
14;3020;0
15;3020;0
16;3020;1
17;3020;0
18;3020;0
19;3020;0
20;3020;0
1;3030;0
2;3030;0
3;3030;0
4;3030;0
5;3030;0
6;3030;0
7;3030;0
8;3030;0
9;3030;1
10;3030;1
11;3030;0
12;3030;0
13;3030;0
14;3030;0
15;3030;1
16;3030;0
17;3030;0
18;3030;1
19;3030;0
20;3030;0
1;3091;0
2;3091;1
3;3091;0
4;3091;0
5;3091;0
6;3091;0
7;3091;0
8;3091;0
9;3091;0
10;3091;0
11;3091;0
12;3091;0
13;3091;0
14;3091;0
15;3091;0
16;3091;1
17;3091;0
18;3091;1
19;3091;0
20;3091;0
1;3092;0
2;3092;1
3;3092;1
4;3092;0
5;3092;1
6;3092;1
7;3092;0
8;3092;0
9;3092;0
10;3092;0
11;3092;1
12;3092;0
13;3092;0
14;3092;0
15;3092;0
16;3092;1
17;3092;0
18;3092;0
19;3092;0
20;3092;0
1;3099;0
2;3099;0
3;3099;1
4;3099;0
5;3099;0
6;3099;0
7;3099;0
8;3099;0
9;3099;0
10;3099;0
11;3099;1
12;3099;1
13;3099;0
14;3099;0
15;3099;0
16;3099;0
17;3099;0
18;3099;0
19;3099;0
20;3099;1
1;3101;0
2;3101;1
3;3101;0
4;3101;1
5;3101;0
6;3101;0
7;3101;1
8;3101;1
9;3101;1
10;3101;1
11;3101;0
12;3101;0
13;3101;1
14;3101;0
15;3101;0
16;3101;0
17;3101;0
18;3101;1
19;3101;1
20;3101;0
1;3102;0
2;3102;0
3;3102;1
4;3102;1
5;3102;0
6;3102;1
7;3102;1
8;3102;1
9;3102;0
10;3102;0
11;3102;0
12;3102;0
13;3102;0
14;3102;0
15;3102;1
16;3102;0
17;3102;1
18;3102;1
19;3102;1
20;3102;1
1;3103;0
2;3103;1
3;3103;0
4;3103;0
5;3103;0
6;3103;0
7;3103;0
8;3103;1
9;3103;0
10;3103;0
11;3103;0
12;3103;1
13;3103;0
14;3103;0
15;3103;0
16;3103;0
17;3103;1
18;3103;0
19;3103;0
20;3103;1
1;3109;0
2;3109;0
3;3109;1
4;3109;1
5;3109;0
6;3109;1
7;3109;0
8;3109;1
9;3109;0
10;3109;1
11;3109;0
12;3109;1
13;3109;0
14;3109;0
15;3109;0
16;3109;1
17;3109;1
18;3109;1
19;3109;1
20;3109;1
1;3211;1
2;3211;0
3;3211;0
4;3211;0
5;3211;0
6;3211;0
7;3211;0
8;3211;0
9;3211;0
10;3211;1
11;3211;0
12;3211;0
13;3211;0
14;3211;0
15;3211;0
16;3211;0
17;3211;0
18;3211;0
19;3211;0
20;3211;0
1;3212;1
2;3212;0
3;3212;0
4;3212;0
5;3212;0
6;3212;1
7;3212;0
8;3212;0
9;3212;0
10;3212;0
11;3212;0
12;3212;0
13;3212;1
14;3212;0
15;3212;0
16;3212;0
17;3212;0
18;3212;0
19;3212;0
20;3212;1
1;3213;0
2;3213;0
3;3213;0
4;3213;1
5;3213;0
6;3213;0
7;3213;1
8;3213;0
9;3213;1
10;3213;1
11;3213;1
12;3213;0
13;3213;1
14;3213;1
15;3213;0
16;3213;1
17;3213;0
18;3213;0
19;3213;0
20;3213;1
1;3220;1
2;3220;1
3;3220;0
4;3220;0
5;3220;0
6;3220;1
7;3220;0
8;3220;0
9;3220;0
10;3220;0
11;3220;0
12;3220;1
13;3220;1
14;3220;0
15;3220;0
16;3220;0
17;3220;0
18;3220;0
19;3220;0
20;3220;0
1;3230;0
2;3230;1
3;3230;1
4;3230;1
5;3230;0
6;3230;0
7;3230;1
8;3230;0
9;3230;0
10;3230;0
11;3230;0
12;3230;1
13;3230;0
14;3230;0
15;3230;1
16;3230;0
17;3230;0
18;3230;0
19;3230;0
20;3230;0
1;3240;0
2;3240;1
3;3240;0
4;3240;0
5;3240;0
6;3240;0
7;3240;0
8;3240;1
9;3240;0
10;3240;0
11;3240;0
12;3240;1
13;3240;0
14;3240;0
15;3240;1
16;3240;1
17;3240;1
18;3240;0
19;3240;0
20;3240;0
1;3250;0
2;3250;0
3;3250;0
4;3250;0
5;3250;0
6;3250;0
7;3250;0
8;3250;0
9;3250;1
10;3250;1
11;3250;1
12;3250;0
13;3250;1
14;3250;0
15;3250;1
16;3250;0
17;3250;0
18;3250;0
19;3250;0
20;3250;0
1;3291;1
2;3291;0
3;3291;0
4;3291;0
5;3291;0
6;3291;0
7;3291;0
8;3291;0
9;3291;0
10;3291;0
11;3291;0
12;3291;0
13;3291;0
14;3291;0
15;3291;0
16;3291;0
17;3291;0
18;3291;0
19;3291;0
20;3291;0
1;3299;0
2;3299;1
3;3299;0
4;3299;1
5;3299;0
6;3299;1
7;3299;1
8;3299;1
9;3299;1
10;3299;0
11;3299;0
12;3299;1
13;3299;1
14;3299;0
15;3299;0
16;3299;1
17;3299;1
18;3299;0
19;3299;0
20;3299;0
1;3311;0
2;3311;0
3;3311;1
4;3311;1
5;3311;1
6;3311;1
7;3311;0
8;3311;0
9;3311;0
10;3311;0
11;3311;1
12;3311;0
13;3311;1
14;3311;0
15;3311;0
16;3311;1
17;3311;1
18;3311;0
19;3311;1
20;3311;1
1;3312;0
2;3312;0
3;3312;0
4;3312;0
5;3312;0
6;3312;1
7;3312;1
8;3312;0
9;3312;1
10;3312;1
11;3312;1
12;3312;0
13;3312;1
14;3312;0
15;3312;0
16;3312;0
17;3312;1
18;3312;1
19;3312;0
20;3312;0
1;3313;0
2;3313;0
3;3313;0
4;3313;0
5;3313;0
6;3313;1
7;3313;0
8;3313;0
9;3313;1
10;3313;0
11;3313;0
12;3313;0
13;3313;1
14;3313;0
15;3313;1
16;3313;0
17;3313;0
18;3313;0
19;3313;0
20;3313;0
1;3314;0
2;3314;0
3;3314;1
4;3314;1
5;3314;1
6;3314;1
7;3314;0
8;3314;1
9;3314;1
10;3314;0
11;3314;1
12;3314;1
13;3314;1
14;3314;1
15;3314;0
16;3314;1
17;3314;0
18;3314;0
19;3314;0
20;3314;0
1;3315;1
2;3315;0
3;3315;0
4;3315;0
5;3315;0
6;3315;1
7;3315;0
8;3315;0
9;3315;0
10;3315;1
11;3315;0
12;3315;0
13;3315;0
14;3315;1
15;3315;1
16;3315;1
17;3315;0
18;3315;0
19;3315;1
20;3315;0
1;3316;1
2;3316;0
3;3316;0
4;3316;0
5;3316;0
6;3316;0
7;3316;0
8;3316;0
9;3316;0
10;3316;0
11;3316;0
12;3316;0
13;3316;0
14;3316;1
15;3316;0
16;3316;0
17;3316;0
18;3316;0
19;3316;1
20;3316;0
1;3317;1
2;3317;0
3;3317;0
4;3317;0
5;3317;1
6;3317;0
7;3317;0
8;3317;0
9;3317;1
10;3317;0
11;3317;0
12;3317;0
13;3317;0
14;3317;0
15;3317;0
16;3317;0
17;3317;0
18;3317;1
19;3317;0
20;3317;0
1;3319;0
2;3319;0
3;3319;0
4;3319;0
5;3319;0
6;3319;1
7;3319;0
8;3319;1
9;3319;0
10;3319;0
11;3319;0
12;3319;0
13;3319;0
14;3319;0
15;3319;0
16;3319;0
17;3319;0
18;3319;0
19;3319;0
20;3319;0
1;3320;0
2;3320;0
3;3320;0
4;3320;0
5;3320;0
6;3320;1
7;3320;1
8;3320;1
9;3320;0
10;3320;0
11;3320;1
12;3320;0
13;3320;1
14;3320;0
15;3320;0
16;3320;1
17;3320;0
18;3320;0
19;3320;1
20;3320;0
1;3511;0
2;3511;0
3;3511;0
4;3511;0
5;3511;0
6;3511;0
7;3511;0
8;3511;0
9;3511;0
10;3511;1
11;3511;1
12;3511;0
13;3511;0
14;3511;0
15;3511;0
16;3511;0
17;3511;1
18;3511;0
19;3511;1
20;3511;0
1;3512;1
2;3512;0
3;3512;0
4;3512;0
5;3512;0
6;3512;0
7;3512;0
8;3512;0
9;3512;0
10;3512;0
11;3512;0
12;3512;0
13;3512;0
14;3512;0
15;3512;0
16;3512;0
17;3512;0
18;3512;0
19;3512;0
20;3512;0
1;3513;0
2;3513;1
3;3513;0
4;3513;0
5;3513;1
6;3513;1
7;3513;1
8;3513;1
9;3513;1
10;3513;0
11;3513;1
12;3513;0
13;3513;0
14;3513;0
15;3513;0
16;3513;0
17;3513;0
18;3513;0
19;3513;0
20;3513;0
1;3514;1
2;3514;0
3;3514;0
4;3514;0
5;3514;0
6;3514;1
7;3514;0
8;3514;0
9;3514;0
10;3514;0
11;3514;0
12;3514;0
13;3514;0
14;3514;0
15;3514;0
16;3514;0
17;3514;0
18;3514;0
19;3514;0
20;3514;0
1;3521;0
2;3521;0
3;3521;1
4;3521;0
5;3521;1
6;3521;0
7;3521;0
8;3521;0
9;3521;0
10;3521;0
11;3521;0
12;3521;0
13;3521;0
14;3521;1
15;3521;0
16;3521;1
17;3521;0
18;3521;0
19;3521;0
20;3521;1
1;3522;0
2;3522;1
3;3522;0
4;3522;0
5;3522;0
6;3522;1
7;3522;1
8;3522;1
9;3522;1
10;3522;0
11;3522;0
12;3522;0
13;3522;0
14;3522;0
15;3522;0
16;3522;0
17;3522;0
18;3522;0
19;3522;0
20;3522;1
1;3523;1
2;3523;0
3;3523;0
4;3523;0
5;3523;0
6;3523;0
7;3523;0
8;3523;0
9;3523;0
10;3523;0
11;3523;0
12;3523;0
13;3523;0
14;3523;0
15;3523;0
16;3523;0
17;3523;0
18;3523;0
19;3523;0
20;3523;0
1;3530;0
2;3530;1
3;3530;0
4;3530;0
5;3530;1
6;3530;1
7;3530;1
8;3530;1
9;3530;0
10;3530;1
11;3530;1
12;3530;1
13;3530;0
14;3530;0
15;3530;0
16;3530;0
17;3530;1
18;3530;0
19;3530;1
20;3530;0
1;3600;0
2;3600;1
3;3600;1
4;3600;1
5;3600;1
6;3600;0
7;3600;0
8;3600;1
9;3600;0
10;3600;1
11;3600;1
12;3600;0
13;3600;1
14;3600;1
15;3600;0
16;3600;1
17;3600;1
18;3600;1
19;3600;1
20;3600;1
1;3700;0
2;3700;0
3;3700;0
4;3700;1
5;3700;1
6;3700;0
7;3700;1
8;3700;0
9;3700;0
10;3700;0
11;3700;0
12;3700;1
13;3700;1
14;3700;1
15;3700;0
16;3700;1
17;3700;1
18;3700;0
19;3700;1
20;3700;0
1;3811;0
2;3811;1
3;3811;1
4;3811;1
5;3811;0
6;3811;1
7;3811;0
8;3811;1
9;3811;0
10;3811;1
11;3811;1
12;3811;0
13;3811;0
14;3811;0
15;3811;0
16;3811;1
17;3811;0
18;3811;1
19;3811;1
20;3811;1
1;3812;0
2;3812;0
3;3812;1
4;3812;0
5;3812;1
6;3812;0
7;3812;0
8;3812;0
9;3812;1
10;3812;0
11;3812;0
12;3812;0
13;3812;1
14;3812;0
15;3812;0
16;3812;1
17;3812;1
18;3812;0
19;3812;0
20;3812;0
1;3821;0
2;3821;0
3;3821;1
4;3821;0
5;3821;1
6;3821;1
7;3821;1
8;3821;1
9;3821;1
10;3821;0
11;3821;0
12;3821;0
13;3821;1
14;3821;1
15;3821;0
16;3821;1
17;3821;0
18;3821;0
19;3821;0
20;3821;0
1;3822;0
2;3822;0
3;3822;0
4;3822;0
5;3822;1
6;3822;0
7;3822;0
8;3822;0
9;3822;0
10;3822;0
11;3822;1
12;3822;0
13;3822;1
14;3822;0
15;3822;0
16;3822;0
17;3822;0
18;3822;1
19;3822;0
20;3822;0
1;3831;0
2;3831;1
3;3831;1
4;3831;0
5;3831;0
6;3831;1
7;3831;0
8;3831;0
9;3831;1
10;3831;0
11;3831;0
12;3831;0
13;3831;0
14;3831;1
15;3831;0
16;3831;0
17;3831;0
18;3831;1
19;3831;1
20;3831;0
1;3832;0
2;3832;0
3;3832;0
4;3832;1
5;3832;0
6;3832;0
7;3832;1
8;3832;0
9;3832;0
10;3832;1
11;3832;1
12;3832;1
13;3832;1
14;3832;1
15;3832;0
16;3832;1
17;3832;0
18;3832;1
19;3832;1
20;3832;1
1;3900;0
2;3900;0
3;3900;0
4;3900;0
5;3900;1
6;3900;0
7;3900;0
8;3900;1
9;3900;1
10;3900;0
11;3900;0
12;3900;0
13;3900;0
14;3900;0
15;3900;0
16;3900;0
17;3900;0
18;3900;0
19;3900;1
20;3900;0
1;4110;1
2;4110;0
3;4110;0
4;4110;0
5;4110;0
6;4110;0
7;4110;0
8;4110;1
9;4110;0
10;4110;1
11;4110;1
12;4110;0
13;4110;1
14;4110;0
15;4110;0
16;4110;0
17;4110;0
18;4110;0
19;4110;0
20;4110;1
1;4120;0
2;4120;1
3;4120;1
4;4120;0
5;4120;1
6;4120;1
7;4120;0
8;4120;0
9;4120;1
10;4120;1
11;4120;1
12;4120;1
13;4120;1
14;4120;1
15;4120;1
16;4120;0
17;4120;1
18;4120;0
19;4120;1
20;4120;1
1;4211;1
2;4211;0
3;4211;1
4;4211;0
5;4211;0
6;4211;0
7;4211;0
8;4211;1
9;4211;0
10;4211;0
11;4211;0
12;4211;0
13;4211;1
14;4211;0
15;4211;0
16;4211;0
17;4211;0
18;4211;0
19;4211;0
20;4211;0
1;4212;0
2;4212;0
3;4212;0
4;4212;0
5;4212;0
6;4212;0
7;4212;0
8;4212;0
9;4212;0
10;4212;0
11;4212;1
12;4212;0
13;4212;1
14;4212;0
15;4212;0
16;4212;1
17;4212;0
18;4212;1
19;4212;0
20;4212;0
1;4213;1
2;4213;1
3;4213;1
4;4213;0
5;4213;1
6;4213;0
7;4213;0
8;4213;0
9;4213;0
10;4213;1
11;4213;1
12;4213;0
13;4213;1
14;4213;0
15;4213;1
16;4213;0
17;4213;1
18;4213;0
19;4213;0
20;4213;0
1;4221;0
2;4221;0
3;4221;0
4;4221;1
5;4221;1
6;4221;1
7;4221;1
8;4221;0
9;4221;0
10;4221;1
11;4221;1
12;4221;1
13;4221;1
14;4221;1
15;4221;1
16;4221;0
17;4221;1
18;4221;0
19;4221;0
20;4221;1
1;4222;1
2;4222;0
3;4222;0
4;4222;0
5;4222;0
6;4222;1
7;4222;0
8;4222;0
9;4222;0
10;4222;0
11;4222;0
12;4222;0
13;4222;1
14;4222;0
15;4222;0
16;4222;0
17;4222;1
18;4222;0
19;4222;0
20;4222;0
1;4291;0
2;4291;0
3;4291;0
4;4291;1
5;4291;0
6;4291;1
7;4291;0
8;4291;1
9;4291;0
10;4291;1
11;4291;0
12;4291;0
13;4291;1
14;4291;1
15;4291;1
16;4291;1
17;4291;1
18;4291;0
19;4291;1
20;4291;0
1;4299;0
2;4299;0
3;4299;0
4;4299;1
5;4299;1
6;4299;0
7;4299;1
8;4299;0
9;4299;1
10;4299;1
11;4299;1
12;4299;1
13;4299;1
14;4299;1
15;4299;0
16;4299;1
17;4299;1
18;4299;0
19;4299;0
20;4299;1
1;4311;0
2;4311;1
3;4311;0
4;4311;1
5;4311;1
6;4311;0
7;4311;1
8;4311;0
9;4311;0
10;4311;0
11;4311;1
12;4311;1
13;4311;1
14;4311;0
15;4311;0
16;4311;1
17;4311;1
18;4311;0
19;4311;0
20;4311;0
1;4312;0
2;4312;1
3;4312;0
4;4312;1
5;4312;0
6;4312;1
7;4312;1
8;4312;1
9;4312;1
10;4312;1
11;4312;1
12;4312;1
13;4312;1
14;4312;0
15;4312;1
16;4312;1
17;4312;1
18;4312;0
19;4312;1
20;4312;1
1;4313;0
2;4313;1
3;4313;1
4;4313;0
5;4313;1
6;4313;0
7;4313;0
8;4313;0
9;4313;1
10;4313;1
11;4313;0
12;4313;0
13;4313;0
14;4313;0
15;4313;0
16;4313;0
17;4313;0
18;4313;0
19;4313;0
20;4313;1
1;4321;0
2;4321;1
3;4321;0
4;4321;0
5;4321;1
6;4321;1
7;4321;1
8;4321;1
9;4321;1
10;4321;0
11;4321;1
12;4321;1
13;4321;1
14;4321;0
15;4321;0
16;4321;0
17;4321;1
18;4321;0
19;4321;0
20;4321;1
1;4322;0
2;4322;0
3;4322;0
4;4322;0
5;4322;1
6;4322;0
7;4322;1
8;4322;1
9;4322;1
10;4322;0
11;4322;1
12;4322;1
13;4322;1
14;4322;0
15;4322;0
16;4322;0
17;4322;1
18;4322;0
19;4322;0
20;4322;0
1;4329;0
2;4329;1
3;4329;0
4;4329;0
5;4329;1
6;4329;0
7;4329;1
8;4329;1
9;4329;0
10;4329;0
11;4329;1
12;4329;0
13;4329;1
14;4329;0
15;4329;0
16;4329;0
17;4329;1
18;4329;0
19;4329;0
20;4329;0
1;4331;0
2;4331;0
3;4331;1
4;4331;0
5;4331;0
6;4331;1
7;4331;0
8;4331;1
9;4331;1
10;4331;0
11;4331;1
12;4331;1
13;4331;1
14;4331;0
15;4331;0
16;4331;0
17;4331;1
18;4331;0
19;4331;1
20;4331;1
1;4332;0
2;4332;1
3;4332;1
4;4332;0
5;4332;1
6;4332;0
7;4332;1
8;4332;1
9;4332;1
10;4332;1
11;4332;1
12;4332;0
13;4332;1
14;4332;0
15;4332;0
16;4332;0
17;4332;0
18;4332;1
19;4332;1
20;4332;1
1;4333;0
2;4333;0
3;4333;1
4;4333;0
5;4333;0
6;4333;1
7;4333;1
8;4333;1
9;4333;1
10;4333;0
11;4333;0
12;4333;1
13;4333;1
14;4333;0
15;4333;0
16;4333;0
17;4333;0
18;4333;0
19;4333;0
20;4333;1
1;4334;0
2;4334;1
3;4334;1
4;4334;0
5;4334;0
6;4334;1
7;4334;0
8;4334;1
9;4334;1
10;4334;0
11;4334;1
12;4334;0
13;4334;1
14;4334;1
15;4334;1
16;4334;1
17;4334;1
18;4334;1
19;4334;1
20;4334;1
1;4339;1
2;4339;0
3;4339;0
4;4339;0
5;4339;0
6;4339;0
7;4339;1
8;4339;0
9;4339;0
10;4339;0
11;4339;0
12;4339;0
13;4339;1
14;4339;0
15;4339;1
16;4339;0
17;4339;1
18;4339;0
19;4339;0
20;4339;0
1;4391;0
2;4391;0
3;4391;0
4;4391;0
5;4391;0
6;4391;0
7;4391;1
8;4391;1
9;4391;1
10;4391;1
11;4391;1
12;4391;1
13;4391;1
14;4391;1
15;4391;0
16;4391;0
17;4391;1
18;4391;0
19;4391;1
20;4391;0
1;4399;0
2;4399;0
3;4399;1
4;4399;0
5;4399;1
6;4399;0
7;4399;1
8;4399;0
9;4399;0
10;4399;1
11;4399;1
12;4399;0
13;4399;1
14;4399;0
15;4399;0
16;4399;0
17;4399;1
18;4399;0
19;4399;0
20;4399;1
1;4511;1
2;4511;1
3;4511;1
4;4511;0
5;4511;0
6;4511;0
7;4511;0
8;4511;1
9;4511;0
10;4511;1
11;4511;0
12;4511;0
13;4511;1
14;4511;0
15;4511;0
16;4511;0
17;4511;0
18;4511;0
19;4511;1
20;4511;0
1;4519;0
2;4519;0
3;4519;1
4;4519;0
5;4519;0
6;4519;0
7;4519;1
8;4519;0
9;4519;0
10;4519;0
11;4519;1
12;4519;0
13;4519;1
14;4519;0
15;4519;1
16;4519;0
17;4519;1
18;4519;0
19;4519;0
20;4519;0
1;4520;0
2;4520;1
3;4520;1
4;4520;1
5;4520;0
6;4520;1
7;4520;0
8;4520;1
9;4520;0
10;4520;0
11;4520;1
12;4520;0
13;4520;1
14;4520;1
15;4520;0
16;4520;0
17;4520;1
18;4520;0
19;4520;1
20;4520;1
1;4531;1
2;4531;0
3;4531;1
4;4531;0
5;4531;0
6;4531;0
7;4531;0
8;4531;0
9;4531;1
10;4531;0
11;4531;0
12;4531;0
13;4531;1
14;4531;0
15;4531;0
16;4531;0
17;4531;0
18;4531;0
19;4531;0
20;4531;0
1;4532;0
2;4532;0
3;4532;1
4;4532;1
5;4532;0
6;4532;1
7;4532;0
8;4532;0
9;4532;1
10;4532;1
11;4532;0
12;4532;0
13;4532;1
14;4532;0
15;4532;1
16;4532;0
17;4532;1
18;4532;0
19;4532;1
20;4532;0
1;4540;0
2;4540;1
3;4540;1
4;4540;0
5;4540;0
6;4540;1
7;4540;0
8;4540;0
9;4540;0
10;4540;0
11;4540;1
12;4540;0
13;4540;1
14;4540;1
15;4540;0
16;4540;0
17;4540;0
18;4540;0
19;4540;0
20;4540;0
1;4611;0
2;4611;0
3;4611;1
4;4611;0
5;4611;0
6;4611;1
7;4611;1
8;4611;0
9;4611;1
10;4611;1
11;4611;1
12;4611;1
13;4611;1
14;4611;1
15;4611;1
16;4611;1
17;4611;0
18;4611;0
19;4611;0
20;4611;1
1;4612;1
2;4612;1
3;4612;1
4;4612;1
5;4612;1
6;4612;1
7;4612;0
8;4612;0
9;4612;0
10;4612;0
11;4612;0
12;4612;0
13;4612;1
14;4612;1
15;4612;0
16;4612;0
17;4612;1
18;4612;0
19;4612;1
20;4612;0
1;4613;0
2;4613;0
3;4613;0
4;4613;0
5;4613;1
6;4613;0
7;4613;0
8;4613;0
9;4613;1
10;4613;1
11;4613;0
12;4613;0
13;4613;1
14;4613;1
15;4613;1
16;4613;0
17;4613;0
18;4613;1
19;4613;1
20;4613;1
1;4614;1
2;4614;0
3;4614;0
4;4614;0
5;4614;0
6;4614;1
7;4614;0
8;4614;0
9;4614;0
10;4614;0
11;4614;0
12;4614;0
13;4614;1
14;4614;0
15;4614;0
16;4614;0
17;4614;0
18;4614;0
19;4614;0
20;4614;1
1;4615;1
2;4615;0
3;4615;1
4;4615;1
5;4615;0
6;4615;0
7;4615;1
8;4615;0
9;4615;0
10;4615;0
11;4615;0
12;4615;1
13;4615;1
14;4615;0
15;4615;0
16;4615;0
17;4615;0
18;4615;0
19;4615;1
20;4615;0
1;4616;1
2;4616;0
3;4616;0
4;4616;0
5;4616;0
6;4616;0
7;4616;0
8;4616;0
9;4616;0
10;4616;1
11;4616;0
12;4616;0
13;4616;0
14;4616;0
15;4616;0
16;4616;0
17;4616;0
18;4616;0
19;4616;0
20;4616;0
1;4617;1
2;4617;0
3;4617;1
4;4617;0
5;4617;0
6;4617;1
7;4617;1
8;4617;0
9;4617;1
10;4617;1
11;4617;0
12;4617;0
13;4617;1
14;4617;1
15;4617;0
16;4617;1
17;4617;0
18;4617;0
19;4617;0
20;4617;0
1;4618;1
2;4618;0
3;4618;1
4;4618;0
5;4618;0
6;4618;0
7;4618;0
8;4618;0
9;4618;0
10;4618;0
11;4618;0
12;4618;0
13;4618;1
14;4618;0
15;4618;0
16;4618;0
17;4618;0
18;4618;0
19;4618;0
20;4618;0
1;4619;1
2;4619;1
3;4619;0
4;4619;0
5;4619;0
6;4619;0
7;4619;0
8;4619;0
9;4619;0
10;4619;0
11;4619;1
12;4619;0
13;4619;1
14;4619;0
15;4619;0
16;4619;0
17;4619;0
18;4619;0
19;4619;0
20;4619;0
1;4621;0
2;4621;1
3;4621;1
4;4621;1
5;4621;0
6;4621;1
7;4621;0
8;4621;0
9;4621;1
10;4621;0
11;4621;0
12;4621;0
13;4621;0
14;4621;1
15;4621;1
16;4621;0
17;4621;1
18;4621;0
19;4621;0
20;4621;0
1;4622;0
2;4622;0
3;4622;1
4;4622;0
5;4622;0
6;4622;1
7;4622;0
8;4622;0
9;4622;1
10;4622;0
11;4622;0
12;4622;0
13;4622;1
14;4622;0
15;4622;0
16;4622;0
17;4622;1
18;4622;1
19;4622;0
20;4622;1
1;4623;0
2;4623;1
3;4623;1
4;4623;1
5;4623;0
6;4623;1
7;4623;0
8;4623;0
9;4623;1
10;4623;0
11;4623;0
12;4623;0
13;4623;1
14;4623;0
15;4623;0
16;4623;0
17;4623;1
18;4623;1
19;4623;0
20;4623;1
1;4624;1
2;4624;0
3;4624;0
4;4624;0
5;4624;0
6;4624;1
7;4624;0
8;4624;0
9;4624;0
10;4624;0
11;4624;1
12;4624;0
13;4624;0
14;4624;0
15;4624;0
16;4624;0
17;4624;1
18;4624;0
19;4624;0
20;4624;1
1;4631;0
2;4631;0
3;4631;1
4;4631;1
5;4631;0
6;4631;1
7;4631;0
8;4631;0
9;4631;0
10;4631;1
11;4631;0
12;4631;0
13;4631;1
14;4631;0
15;4631;1
16;4631;1
17;4631;0
18;4631;0
19;4631;0
20;4631;0
1;4632;0
2;4632;0
3;4632;1
4;4632;1
5;4632;0
6;4632;1
7;4632;0
8;4632;0
9;4632;1
10;4632;0
11;4632;1
12;4632;0
13;4632;1
14;4632;1
15;4632;1
16;4632;0
17;4632;0
18;4632;0
19;4632;0
20;4632;1
1;4633;0
2;4633;0
3;4633;1
4;4633;0
5;4633;0
6;4633;1
7;4633;0
8;4633;1
9;4633;0
10;4633;0
11;4633;0
12;4633;1
13;4633;0
14;4633;0
15;4633;1
16;4633;0
17;4633;0
18;4633;0
19;4633;0
20;4633;0
1;4634;1
2;4634;0
3;4634;1
4;4634;1
5;4634;1
6;4634;0
7;4634;0
8;4634;0
9;4634;0
10;4634;1
11;4634;0
12;4634;1
13;4634;0
14;4634;1
15;4634;0
16;4634;0
17;4634;0
18;4634;0
19;4634;1
20;4634;1
1;4635;0
2;4635;0
3;4635;0
4;4635;0
5;4635;0
6;4635;1
7;4635;0
8;4635;0
9;4635;0
10;4635;0
11;4635;1
12;4635;0
13;4635;0
14;4635;0
15;4635;0
16;4635;0
17;4635;0
18;4635;0
19;4635;0
20;4635;0
1;4636;1
2;4636;0
3;4636;1
4;4636;0
5;4636;0
6;4636;0
7;4636;0
8;4636;1
9;4636;1
10;4636;1
11;4636;0
12;4636;0
13;4636;1
14;4636;1
15;4636;0
16;4636;0
17;4636;1
18;4636;0
19;4636;1
20;4636;0
1;4637;0
2;4637;0
3;4637;0
4;4637;0
5;4637;0
6;4637;0
7;4637;0
8;4637;0
9;4637;0
10;4637;0
11;4637;0
12;4637;1
13;4637;1
14;4637;0
15;4637;0
16;4637;0
17;4637;0
18;4637;0
19;4637;1
20;4637;0
1;4638;1
2;4638;0
3;4638;1
4;4638;0
5;4638;0
6;4638;1
7;4638;0
8;4638;0
9;4638;0
10;4638;0
11;4638;1
12;4638;0
13;4638;1
14;4638;1
15;4638;0
16;4638;1
17;4638;0
18;4638;0
19;4638;0
20;4638;0
1;4639;0
2;4639;0
3;4639;0
4;4639;0
5;4639;0
6;4639;1
7;4639;0
8;4639;0
9;4639;1
10;4639;0
11;4639;0
12;4639;0
13;4639;1
14;4639;1
15;4639;1
16;4639;0
17;4639;0
18;4639;1
19;4639;0
20;4639;0
1;4641;1
2;4641;1
3;4641;0
4;4641;0
5;4641;0
6;4641;1
7;4641;0
8;4641;1
9;4641;0
10;4641;0
11;4641;0
12;4641;0
13;4641;0
14;4641;0
15;4641;0
16;4641;0
17;4641;0
18;4641;0
19;4641;0
20;4641;1
1;4642;1
2;4642;0
3;4642;0
4;4642;0
5;4642;0
6;4642;0
7;4642;0
8;4642;0
9;4642;0
10;4642;0
11;4642;0
12;4642;0
13;4642;0
14;4642;0
15;4642;0
16;4642;0
17;4642;0
18;4642;0
19;4642;0
20;4642;0
1;4643;1
2;4643;0
3;4643;0
4;4643;0
5;4643;0
6;4643;0
7;4643;0
8;4643;1
9;4643;0
10;4643;0
11;4643;0
12;4643;0
13;4643;1
14;4643;0
15;4643;0
16;4643;0
17;4643;0
18;4643;0
19;4643;0
20;4643;0
1;4644;1
2;4644;0
3;4644;0
4;4644;0
5;4644;0
6;4644;0
7;4644;0
8;4644;0
9;4644;0
10;4644;0
11;4644;0
12;4644;0
13;4644;0
14;4644;0
15;4644;0
16;4644;0
17;4644;0
18;4644;0
19;4644;0
20;4644;0
1;4645;1
2;4645;0
3;4645;1
4;4645;0
5;4645;0
6;4645;1
7;4645;0
8;4645;0
9;4645;0
10;4645;0
11;4645;0
12;4645;0
13;4645;1
14;4645;0
15;4645;0
16;4645;0
17;4645;0
18;4645;0
19;4645;0
20;4645;0
1;4646;1
2;4646;0
3;4646;0
4;4646;0
5;4646;0
6;4646;0
7;4646;0
8;4646;0
9;4646;0
10;4646;0
11;4646;0
12;4646;0
13;4646;1
14;4646;0
15;4646;0
16;4646;0
17;4646;1
18;4646;0
19;4646;0
20;4646;0
1;4647;0
2;4647;0
3;4647;0
4;4647;0
5;4647;0
6;4647;0
7;4647;0
8;4647;0
9;4647;0
10;4647;0
11;4647;0
12;4647;0
13;4647;1
14;4647;0
15;4647;0
16;4647;0
17;4647;0
18;4647;0
19;4647;0
20;4647;0
1;4648;1
2;4648;1
3;4648;0
4;4648;0
5;4648;0
6;4648;1
7;4648;0
8;4648;0
9;4648;0
10;4648;0
11;4648;0
12;4648;0
13;4648;1
14;4648;0
15;4648;0
16;4648;0
17;4648;0
18;4648;0
19;4648;0
20;4648;0
1;4649;1
2;4649;1
3;4649;1
4;4649;0
5;4649;0
6;4649;1
7;4649;0
8;4649;0
9;4649;0
10;4649;0
11;4649;0
12;4649;0
13;4649;1
14;4649;0
15;4649;0
16;4649;0
17;4649;0
18;4649;0
19;4649;0
20;4649;0
1;4651;1
2;4651;0
3;4651;0
4;4651;0
5;4651;0
6;4651;0
7;4651;0
8;4651;0
9;4651;0
10;4651;0
11;4651;0
12;4651;0
13;4651;0
14;4651;0
15;4651;0
16;4651;0
17;4651;0
18;4651;0
19;4651;0
20;4651;0
1;4652;1
2;4652;0
3;4652;0
4;4652;0
5;4652;0
6;4652;0
7;4652;1
8;4652;0
9;4652;0
10;4652;0
11;4652;1
12;4652;0
13;4652;1
14;4652;0
15;4652;0
16;4652;0
17;4652;0
18;4652;0
19;4652;0
20;4652;0
1;4661;0
2;4661;1
3;4661;1
4;4661;0
5;4661;0
6;4661;1
7;4661;0
8;4661;0
9;4661;0
10;4661;0
11;4661;1
12;4661;0
13;4661;0
14;4661;0
15;4661;0
16;4661;1
17;4661;1
18;4661;0
19;4661;0
20;4661;0
1;4662;1
2;4662;0
3;4662;0
4;4662;0
5;4662;0
6;4662;0
7;4662;1
8;4662;0
9;4662;0
10;4662;0
11;4662;0
12;4662;0
13;4662;1
14;4662;0
15;4662;0
16;4662;0
17;4662;0
18;4662;1
19;4662;0
20;4662;0
1;4663;0
2;4663;0
3;4663;1
4;4663;0
5;4663;0
6;4663;0
7;4663;0
8;4663;1
9;4663;0
10;4663;0
11;4663;1
12;4663;0
13;4663;1
14;4663;0
15;4663;0
16;4663;0
17;4663;0
18;4663;0
19;4663;0
20;4663;0
1;4664;1
2;4664;0
3;4664;0
4;4664;0
5;4664;0
6;4664;0
7;4664;0
8;4664;1
9;4664;0
10;4664;0
11;4664;0
12;4664;0
13;4664;0
14;4664;0
15;4664;0
16;4664;0
17;4664;0
18;4664;0
19;4664;0
20;4664;1
1;4665;1
2;4665;0
3;4665;0
4;4665;1
5;4665;0
6;4665;0
7;4665;0
8;4665;0
9;4665;0
10;4665;0
11;4665;0
12;4665;0
13;4665;1
14;4665;0
15;4665;0
16;4665;0
17;4665;0
18;4665;0
19;4665;1
20;4665;0
1;4666;1
2;4666;0
3;4666;0
4;4666;0
5;4666;1
6;4666;0
7;4666;0
8;4666;0
9;4666;0
10;4666;0
11;4666;0
12;4666;0
13;4666;0
14;4666;0
15;4666;0
16;4666;0
17;4666;0
18;4666;1
19;4666;0
20;4666;0
1;4669;1
2;4669;0
3;4669;0
4;4669;0
5;4669;0
6;4669;0
7;4669;0
8;4669;0
9;4669;1
10;4669;0
11;4669;1
12;4669;0
13;4669;1
14;4669;0
15;4669;0
16;4669;0
17;4669;0
18;4669;0
19;4669;0
20;4669;0
1;4671;0
2;4671;1
3;4671;1
4;4671;0
5;4671;1
6;4671;0
7;4671;0
8;4671;0
9;4671;0
10;4671;0
11;4671;1
12;4671;1
13;4671;0
14;4671;1
15;4671;1
16;4671;0
17;4671;0
18;4671;0
19;4671;0
20;4671;0
1;4672;1
2;4672;0
3;4672;0
4;4672;0
5;4672;1
6;4672;0
7;4672;1
8;4672;0
9;4672;0
10;4672;0
11;4672;0
12;4672;1
13;4672;1
14;4672;0
15;4672;0
16;4672;0
17;4672;0
18;4672;0
19;4672;0
20;4672;1
1;4673;0
2;4673;1
3;4673;1
4;4673;0
5;4673;0
6;4673;0
7;4673;1
8;4673;1
9;4673;1
10;4673;0
11;4673;0
12;4673;0
13;4673;1
14;4673;0
15;4673;1
16;4673;0
17;4673;1
18;4673;0
19;4673;0
20;4673;1
1;4674;0
2;4674;0
3;4674;1
4;4674;0
5;4674;0
6;4674;1
7;4674;1
8;4674;0
9;4674;1
10;4674;0
11;4674;0
12;4674;0
13;4674;1
14;4674;0
15;4674;0
16;4674;1
17;4674;1
18;4674;0
19;4674;0
20;4674;0
1;4675;1
2;4675;0
3;4675;1
4;4675;0
5;4675;0
6;4675;0
7;4675;0
8;4675;0
9;4675;1
10;4675;0
11;4675;1
12;4675;0
13;4675;1
14;4675;0
15;4675;1
16;4675;0
17;4675;1
18;4675;0
19;4675;0
20;4675;1
1;4676;1
2;4676;0
3;4676;1
4;4676;0
5;4676;0
6;4676;0
7;4676;0
8;4676;0
9;4676;0
10;4676;0
11;4676;1
12;4676;0
13;4676;1
14;4676;0
15;4676;0
16;4676;0
17;4676;0
18;4676;1
19;4676;0
20;4676;0
1;4677;0
2;4677;1
3;4677;0
4;4677;1
5;4677;1
6;4677;0
7;4677;1
8;4677;1
9;4677;1
10;4677;1
11;4677;1
12;4677;1
13;4677;0
14;4677;0
15;4677;1
16;4677;0
17;4677;0
18;4677;0
19;4677;0
20;4677;0
1;4690;1
2;4690;0
3;4690;0
4;4690;0
5;4690;0
6;4690;0
7;4690;0
8;4690;0
9;4690;0
10;4690;0
11;4690;0
12;4690;0
13;4690;1
14;4690;0
15;4690;0
16;4690;0
17;4690;0
18;4690;0
19;4690;0
20;4690;0
1;4711;0
2;4711;0
3;4711;0
4;4711;0
5;4711;0
6;4711;0
7;4711;1
8;4711;0
9;4711;0
10;4711;0
11;4711;0
12;4711;0
13;4711;1
14;4711;0
15;4711;0
16;4711;1
17;4711;0
18;4711;0
19;4711;1
20;4711;0
1;4719;1
2;4719;0
3;4719;1
4;4719;0
5;4719;0
6;4719;0
7;4719;0
8;4719;0
9;4719;0
10;4719;0
11;4719;0
12;4719;0
13;4719;1
14;4719;0
15;4719;0
16;4719;0
17;4719;0
18;4719;0
19;4719;1
20;4719;0
1;4721;0
2;4721;0
3;4721;1
4;4721;1
5;4721;1
6;4721;1
7;4721;0
8;4721;0
9;4721;1
10;4721;1
11;4721;0
12;4721;1
13;4721;1
14;4721;0
15;4721;0
16;4721;0
17;4721;1
18;4721;0
19;4721;0
20;4721;0
1;4722;0
2;4722;1
3;4722;1
4;4722;1
5;4722;1
6;4722;0
7;4722;0
8;4722;0
9;4722;1
10;4722;1
11;4722;0
12;4722;0
13;4722;1
14;4722;0
15;4722;0
16;4722;1
17;4722;1
18;4722;0
19;4722;0
20;4722;0
1;4723;0
2;4723;1
3;4723;1
4;4723;0
5;4723;0
6;4723;1
7;4723;1
8;4723;0
9;4723;0
10;4723;1
11;4723;0
12;4723;0
13;4723;1
14;4723;1
15;4723;0
16;4723;0
17;4723;1
18;4723;0
19;4723;1
20;4723;0
1;4724;0
2;4724;0
3;4724;0
4;4724;1
5;4724;0
6;4724;0
7;4724;1
8;4724;1
9;4724;0
10;4724;1
11;4724;1
12;4724;1
13;4724;1
14;4724;1
15;4724;0
16;4724;0
17;4724;0
18;4724;0
19;4724;0
20;4724;0
1;4725;0
2;4725;0
3;4725;1
4;4725;1
5;4725;1
6;4725;1
7;4725;0
8;4725;0
9;4725;1
10;4725;1
11;4725;0
12;4725;1
13;4725;1
14;4725;0
15;4725;1
16;4725;1
17;4725;1
18;4725;0
19;4725;0
20;4725;0
1;4726;0
2;4726;0
3;4726;1
4;4726;1
5;4726;1
6;4726;1
7;4726;1
8;4726;1
9;4726;1
10;4726;1
11;4726;1
12;4726;0
13;4726;1
14;4726;1
15;4726;0
16;4726;1
17;4726;1
18;4726;1
19;4726;1
20;4726;1
1;4729;0
2;4729;0
3;4729;0
4;4729;0
5;4729;0
6;4729;1
7;4729;0
8;4729;0
9;4729;0
10;4729;0
11;4729;0
12;4729;1
13;4729;1
14;4729;0
15;4729;0
16;4729;0
17;4729;0
18;4729;1
19;4729;1
20;4729;0
1;4730;0
2;4730;0
3;4730;1
4;4730;0
5;4730;0
6;4730;1
7;4730;1
8;4730;1
9;4730;0
10;4730;1
11;4730;0
12;4730;0
13;4730;1
14;4730;1
15;4730;1
16;4730;0
17;4730;1
18;4730;0
19;4730;0
20;4730;1
1;4741;1
2;4741;1
3;4741;0
4;4741;0
5;4741;0
6;4741;1
7;4741;1
8;4741;0
9;4741;0
10;4741;0
11;4741;1
12;4741;0
13;4741;1
14;4741;0
15;4741;0
16;4741;0
17;4741;0
18;4741;1
19;4741;0
20;4741;1
1;4742;1
2;4742;1
3;4742;1
4;4742;0
5;4742;0
6;4742;0
7;4742;0
8;4742;0
9;4742;0
10;4742;0
11;4742;1
12;4742;0
13;4742;0
14;4742;1
15;4742;0
16;4742;0
17;4742;0
18;4742;0
19;4742;1
20;4742;0
1;4743;1
2;4743;0
3;4743;0
4;4743;0
5;4743;0
6;4743;0
7;4743;0
8;4743;1
9;4743;0
10;4743;1
11;4743;0
12;4743;1
13;4743;1
14;4743;0
15;4743;0
16;4743;0
17;4743;0
18;4743;1
19;4743;1
20;4743;0
1;4751;0
2;4751;1
3;4751;1
4;4751;0
5;4751;0
6;4751;1
7;4751;0
8;4751;1
9;4751;0
10;4751;1
11;4751;0
12;4751;0
13;4751;1
14;4751;1
15;4751;0
16;4751;0
17;4751;0
18;4751;1
19;4751;1
20;4751;1
1;4752;0
2;4752;1
3;4752;1
4;4752;1
5;4752;0
6;4752;1
7;4752;1
8;4752;1
9;4752;1
10;4752;1
11;4752;1
12;4752;0
13;4752;1
14;4752;1
15;4752;1
16;4752;1
17;4752;1
18;4752;1
19;4752;1
20;4752;1
1;4753;0
2;4753;0
3;4753;1
4;4753;1
5;4753;0
6;4753;1
7;4753;0
8;4753;0
9;4753;0
10;4753;1
11;4753;0
12;4753;0
13;4753;1
14;4753;0
15;4753;0
16;4753;1
17;4753;1
18;4753;1
19;4753;1
20;4753;1
1;4754;0
2;4754;0
3;4754;0
4;4754;0
5;4754;0
6;4754;1
7;4754;0
8;4754;0
9;4754;0
10;4754;0
11;4754;0
12;4754;0
13;4754;1
14;4754;1
15;4754;0
16;4754;0
17;4754;1
18;4754;0
19;4754;1
20;4754;0
1;4759;1
2;4759;0
3;4759;0
4;4759;0
5;4759;0
6;4759;0
7;4759;0
8;4759;1
9;4759;0
10;4759;0
11;4759;0
12;4759;0
13;4759;0
14;4759;0
15;4759;0
16;4759;0
17;4759;0
18;4759;0
19;4759;1
20;4759;1
1;4761;1
2;4761;0
3;4761;0
4;4761;0
5;4761;0
6;4761;0
7;4761;0
8;4761;0
9;4761;0
10;4761;0
11;4761;0
12;4761;0
13;4761;0
14;4761;0
15;4761;0
16;4761;0
17;4761;0
18;4761;0
19;4761;0
20;4761;0
1;4762;1
2;4762;1
3;4762;0
4;4762;1
5;4762;0
6;4762;0
7;4762;0
8;4762;1
9;4762;0
10;4762;0
11;4762;0
12;4762;0
13;4762;1
14;4762;1
15;4762;0
16;4762;1
17;4762;0
18;4762;0
19;4762;1
20;4762;0
1;4763;1
2;4763;1
3;4763;1
4;4763;1
5;4763;1
6;4763;0
7;4763;0
8;4763;0
9;4763;0
10;4763;1
11;4763;0
12;4763;0
13;4763;1
14;4763;1
15;4763;0
16;4763;0
17;4763;0
18;4763;0
19;4763;0
20;4763;0
1;4764;0
2;4764;0
3;4764;1
4;4764;1
5;4764;0
6;4764;1
7;4764;0
8;4764;1
9;4764;1
10;4764;0
11;4764;1
12;4764;0
13;4764;1
14;4764;1
15;4764;0
16;4764;0
17;4764;1
18;4764;0
19;4764;1
20;4764;0
1;4765;1
2;4765;0
3;4765;0
4;4765;0
5;4765;0
6;4765;0
7;4765;0
8;4765;0
9;4765;0
10;4765;0
11;4765;0
12;4765;1
13;4765;1
14;4765;0
15;4765;0
16;4765;0
17;4765;1
18;4765;0
19;4765;0
20;4765;0
1;4771;1
2;4771;0
3;4771;0
4;4771;0
5;4771;0
6;4771;0
7;4771;0
8;4771;0
9;4771;0
10;4771;0
11;4771;0
12;4771;0
13;4771;0
14;4771;0
15;4771;0
16;4771;0
17;4771;0
18;4771;0
19;4771;0
20;4771;1
1;4772;1
2;4772;0
3;4772;0
4;4772;0
5;4772;1
6;4772;0
7;4772;0
8;4772;0
9;4772;0
10;4772;0
11;4772;0
12;4772;0
13;4772;0
14;4772;0
15;4772;0
16;4772;0
17;4772;0
18;4772;0
19;4772;0
20;4772;0
1;4773;0
2;4773;1
3;4773;1
4;4773;1
5;4773;1
6;4773;1
7;4773;1
8;4773;1
9;4773;0
10;4773;0
11;4773;1
12;4773;1
13;4773;0
14;4773;0
15;4773;1
16;4773;0
17;4773;1
18;4773;1
19;4773;0
20;4773;1
1;4774;1
2;4774;0
3;4774;0
4;4774;0
5;4774;0
6;4774;0
7;4774;0
8;4774;0
9;4774;0
10;4774;0
11;4774;0
12;4774;0
13;4774;1
14;4774;0
15;4774;0
16;4774;0
17;4774;0
18;4774;1
19;4774;1
20;4774;0
1;4775;0
2;4775;0
3;4775;0
4;4775;0
5;4775;0
6;4775;0
7;4775;0
8;4775;0
9;4775;0
10;4775;0
11;4775;0
12;4775;0
13;4775;1
14;4775;0
15;4775;0
16;4775;0
17;4775;0
18;4775;0
19;4775;0
20;4775;0
1;4776;0
2;4776;1
3;4776;1
4;4776;1
5;4776;0
6;4776;1
7;4776;0
8;4776;1
9;4776;1
10;4776;0
11;4776;1
12;4776;1
13;4776;1
14;4776;0
15;4776;1
16;4776;1
17;4776;1
18;4776;1
19;4776;1
20;4776;0
1;4777;1
2;4777;0
3;4777;0
4;4777;0
5;4777;0
6;4777;0
7;4777;0
8;4777;1
9;4777;0
10;4777;0
11;4777;1
12;4777;0
13;4777;1
14;4777;0
15;4777;0
16;4777;0
17;4777;0
18;4777;0
19;4777;0
20;4777;0
1;4778;0
2;4778;0
3;4778;1
4;4778;1
5;4778;1
6;4778;1
7;4778;0
8;4778;0
9;4778;1
10;4778;0
11;4778;1
12;4778;0
13;4778;1
14;4778;0
15;4778;0
16;4778;1
17;4778;1
18;4778;0
19;4778;0
20;4778;1
1;4779;0
2;4779;1
3;4779;1
4;4779;1
5;4779;1
6;4779;1
7;4779;0
8;4779;0
9;4779;1
10;4779;1
11;4779;0
12;4779;1
13;4779;0
14;4779;0
15;4779;1
16;4779;0
17;4779;0
18;4779;1
19;4779;0
20;4779;0
1;4781;0
2;4781;1
3;4781;1
4;4781;1
5;4781;0
6;4781;1
7;4781;0
8;4781;0
9;4781;1
10;4781;1
11;4781;0
12;4781;0
13;4781;1
14;4781;1
15;4781;1
16;4781;1
17;4781;0
18;4781;0
19;4781;1
20;4781;0
1;4782;1
2;4782;1
3;4782;1
4;4782;1
5;4782;0
6;4782;1
7;4782;0
8;4782;0
9;4782;1
10;4782;1
11;4782;0
12;4782;0
13;4782;0
14;4782;0
15;4782;1
16;4782;1
17;4782;0
18;4782;0
19;4782;1
20;4782;1
1;4789;0
2;4789;0
3;4789;1
4;4789;1
5;4789;0
6;4789;1
7;4789;0
8;4789;0
9;4789;1
10;4789;1
11;4789;0
12;4789;1
13;4789;1
14;4789;1
15;4789;1
16;4789;0
17;4789;0
18;4789;0
19;4789;1
20;4789;1
1;4791;1
2;4791;0
3;4791;1
4;4791;0
5;4791;0
6;4791;1
7;4791;0
8;4791;0
9;4791;0
10;4791;0
11;4791;0
12;4791;0
13;4791;1
14;4791;0
15;4791;0
16;4791;0
17;4791;0
18;4791;0
19;4791;0
20;4791;0
1;4799;0
2;4799;1
3;4799;1
4;4799;0
5;4799;0
6;4799;1
7;4799;1
8;4799;1
9;4799;0
10;4799;1
11;4799;1
12;4799;1
13;4799;1
14;4799;1
15;4799;0
16;4799;0
17;4799;1
18;4799;1
19;4799;1
20;4799;0
1;4910;1
2;4910;0
3;4910;0
4;4910;0
5;4910;0
6;4910;0
7;4910;0
8;4910;1
9;4910;0
10;4910;0
11;4910;0
12;4910;0
13;4910;0
14;4910;0
15;4910;0
16;4910;0
17;4910;0
18;4910;0
19;4910;0
20;4910;0
1;4920;1
2;4920;0
3;4920;0
4;4920;0
5;4920;0
6;4920;0
7;4920;0
8;4920;1
9;4920;0
10;4920;0
11;4920;0
12;4920;0
13;4920;0
14;4920;0
15;4920;0
16;4920;0
17;4920;0
18;4920;0
19;4920;0
20;4920;0
1;4931;1
2;4931;0
3;4931;0
4;4931;0
5;4931;1
6;4931;0
7;4931;0
8;4931;0
9;4931;0
10;4931;0
11;4931;1
12;4931;1
13;4931;0
14;4931;0
15;4931;0
16;4931;0
17;4931;1
18;4931;0
19;4931;1
20;4931;1
1;4932;1
2;4932;0
3;4932;0
4;4932;0
5;4932;0
6;4932;1
7;4932;0
8;4932;0
9;4932;0
10;4932;0
11;4932;0
12;4932;0
13;4932;1
14;4932;1
15;4932;0
16;4932;0
17;4932;0
18;4932;0
19;4932;0
20;4932;0
1;4939;0
2;4939;1
3;4939;1
4;4939;0
5;4939;1
6;4939;1
7;4939;1
8;4939;1
9;4939;0
10;4939;1
11;4939;1
12;4939;0
13;4939;0
14;4939;1
15;4939;0
16;4939;1
17;4939;0
18;4939;1
19;4939;0
20;4939;0
1;4941;0
2;4941;0
3;4941;1
4;4941;0
5;4941;1
6;4941;0
7;4941;1
8;4941;1
9;4941;1
10;4941;1
11;4941;1
12;4941;0
13;4941;1
14;4941;0
15;4941;1
16;4941;0
17;4941;1
18;4941;1
19;4941;1
20;4941;1
1;4942;1
2;4942;0
3;4942;0
4;4942;0
5;4942;0
6;4942;0
7;4942;1
8;4942;0
9;4942;0
10;4942;0
11;4942;0
12;4942;0
13;4942;0
14;4942;0
15;4942;0
16;4942;0
17;4942;0
18;4942;0
19;4942;0
20;4942;0
1;4950;0
2;4950;0
3;4950;0
4;4950;0
5;4950;0
6;4950;0
7;4950;0
8;4950;0
9;4950;0
10;4950;0
11;4950;0
12;4950;0
13;4950;0
14;4950;1
15;4950;0
16;4950;0
17;4950;0
18;4950;0
19;4950;0
20;4950;0
1;5020;1
2;5020;0
3;5020;0
4;5020;0
5;5020;0
6;5020;0
7;5020;0
8;5020;0
9;5020;0
10;5020;0
11;5020;0
12;5020;0
13;5020;0
14;5020;0
15;5020;0
16;5020;0
17;5020;0
18;5020;0
19;5020;0
20;5020;0
1;5030;1
2;5030;0
3;5030;0
4;5030;0
5;5030;0
6;5030;0
7;5030;0
8;5030;0
9;5030;0
10;5030;0
11;5030;0
12;5030;0
13;5030;0
14;5030;1
15;5030;0
16;5030;0
17;5030;0
18;5030;0
19;5030;0
20;5030;0
1;5040;0
2;5040;1
3;5040;0
4;5040;0
5;5040;0
6;5040;0
7;5040;0
8;5040;1
9;5040;0
10;5040;0
11;5040;0
12;5040;0
13;5040;0
14;5040;1
15;5040;0
16;5040;0
17;5040;0
18;5040;0
19;5040;0
20;5040;0
1;5110;1
2;5110;0
3;5110;0
4;5110;0
5;5110;0
6;5110;0
7;5110;0
8;5110;0
9;5110;0
10;5110;0
11;5110;0
12;5110;0
13;5110;0
14;5110;0
15;5110;0
16;5110;0
17;5110;0
18;5110;0
19;5110;0
20;5110;0
1;5121;1
2;5121;0
3;5121;0
4;5121;0
5;5121;0
6;5121;0
7;5121;0
8;5121;0
9;5121;0
10;5121;0
11;5121;0
12;5121;0
13;5121;1
14;5121;0
15;5121;0
16;5121;0
17;5121;0
18;5121;0
19;5121;0
20;5121;0
1;5210;0
2;5210;0
3;5210;1
4;5210;0
5;5210;0
6;5210;1
7;5210;0
8;5210;1
9;5210;0
10;5210;1
11;5210;0
12;5210;0
13;5210;1
14;5210;0
15;5210;0
16;5210;1
17;5210;0
18;5210;0
19;5210;0
20;5210;1
1;5221;1
2;5221;0
3;5221;0
4;5221;0
5;5221;0
6;5221;0
7;5221;0
8;5221;0
9;5221;0
10;5221;0
11;5221;0
12;5221;0
13;5221;0
14;5221;0
15;5221;0
16;5221;0
17;5221;0
18;5221;0
19;5221;0
20;5221;0
1;5222;1
2;5222;0
3;5222;0
4;5222;0
5;5222;0
6;5222;0
7;5222;0
8;5222;1
9;5222;0
10;5222;0
11;5222;0
12;5222;0
13;5222;1
14;5222;0
15;5222;0
16;5222;1
17;5222;1
18;5222;0
19;5222;1
20;5222;0
1;5223;1
2;5223;0
3;5223;0
4;5223;0
5;5223;0
6;5223;0
7;5223;0
8;5223;0
9;5223;0
10;5223;0
11;5223;0
12;5223;0
13;5223;0
14;5223;0
15;5223;0
16;5223;0
17;5223;0
18;5223;0
19;5223;0
20;5223;0
1;5224;1
2;5224;0
3;5224;0
4;5224;0
5;5224;0
6;5224;0
7;5224;1
8;5224;1
9;5224;0
10;5224;0
11;5224;0
12;5224;0
13;5224;1
14;5224;0
15;5224;1
16;5224;1
17;5224;0
18;5224;1
19;5224;0
20;5224;0
1;5229;1
2;5229;0
3;5229;0
4;5229;0
5;5229;0
6;5229;0
7;5229;0
8;5229;1
9;5229;0
10;5229;0
11;5229;1
12;5229;0
13;5229;1
14;5229;0
15;5229;0
16;5229;0
17;5229;0
18;5229;0
19;5229;0
20;5229;0
1;5310;1
2;5310;0
3;5310;0
4;5310;0
5;5310;0
6;5310;0
7;5310;0
8;5310;0
9;5310;0
10;5310;0
11;5310;0
12;5310;0
13;5310;0
14;5310;0
15;5310;0
16;5310;0
17;5310;0
18;5310;0
19;5310;0
20;5310;0
1;5320;1
2;5320;0
3;5320;0
4;5320;0
5;5320;0
6;5320;1
7;5320;0
8;5320;0
9;5320;0
10;5320;0
11;5320;0
12;5320;1
13;5320;1
14;5320;0
15;5320;0
16;5320;0
17;5320;1
18;5320;0
19;5320;0
20;5320;1
1;5510;1
2;5510;0
3;5510;0
4;5510;0
5;5510;0
6;5510;0
7;5510;0
8;5510;0
9;5510;1
10;5510;1
11;5510;0
12;5510;0
13;5510;0
14;5510;1
15;5510;0
16;5510;0
17;5510;0
18;5510;0
19;5510;1
20;5510;1
1;5520;0
2;5520;1
3;5520;0
4;5520;1
5;5520;0
6;5520;0
7;5520;0
8;5520;0
9;5520;1
10;5520;1
11;5520;0
12;5520;1
13;5520;0
14;5520;1
15;5520;0
16;5520;0
17;5520;0
18;5520;0
19;5520;1
20;5520;1
1;5530;0
2;5530;0
3;5530;0
4;5530;1
5;5530;0
6;5530;0
7;5530;0
8;5530;1
9;5530;1
10;5530;1
11;5530;1
12;5530;0
13;5530;0
14;5530;1
15;5530;0
16;5530;0
17;5530;0
18;5530;1
19;5530;1
20;5530;1
1;5590;0
2;5590;1
3;5590;0
4;5590;1
5;5590;1
6;5590;1
7;5590;0
8;5590;1
9;5590;1
10;5590;0
11;5590;0
12;5590;0
13;5590;0
14;5590;1
15;5590;0
16;5590;0
17;5590;1
18;5590;0
19;5590;0
20;5590;1
1;5610;1
2;5610;0
3;5610;0
4;5610;0
5;5610;0
6;5610;1
7;5610;0
8;5610;1
9;5610;0
10;5610;0
11;5610;0
12;5610;0
13;5610;1
14;5610;1
15;5610;0
16;5610;0
17;5610;0
18;5610;1
19;5610;1
20;5610;1
1;5621;1
2;5621;0
3;5621;1
4;5621;0
5;5621;1
6;5621;1
7;5621;0
8;5621;0
9;5621;0
10;5621;1
11;5621;0
12;5621;0
13;5621;1
14;5621;0
15;5621;0
16;5621;0
17;5621;0
18;5621;0
19;5621;0
20;5621;0
1;5629;1
2;5629;0
3;5629;0
4;5629;1
5;5629;0
6;5629;1
7;5629;0
8;5629;0
9;5629;0
10;5629;0
11;5629;0
12;5629;0
13;5629;1
14;5629;0
15;5629;0
16;5629;1
17;5629;0
18;5629;0
19;5629;0
20;5629;0
1;5630;0
2;5630;1
3;5630;1
4;5630;1
5;5630;1
6;5630;1
7;5630;0
8;5630;1
9;5630;1
10;5630;1
11;5630;1
12;5630;1
13;5630;0
14;5630;1
15;5630;0
16;5630;1
17;5630;1
18;5630;1
19;5630;1
20;5630;1
1;5811;1
2;5811;0
3;5811;0
4;5811;0
5;5811;0
6;5811;0
7;5811;0
8;5811;0
9;5811;0
10;5811;0
11;5811;0
12;5811;0
13;5811;0
14;5811;0
15;5811;0
16;5811;0
17;5811;1
18;5811;0
19;5811;0
20;5811;0
1;5812;1
2;5812;0
3;5812;0
4;5812;0
5;5812;0
6;5812;0
7;5812;0
8;5812;0
9;5812;0
10;5812;0
11;5812;0
12;5812;0
13;5812;0
14;5812;0
15;5812;0
16;5812;0
17;5812;0
18;5812;0
19;5812;0
20;5812;0
1;5813;1
2;5813;0
3;5813;0
4;5813;0
5;5813;0
6;5813;0
7;5813;0
8;5813;1
9;5813;1
10;5813;0
11;5813;0
12;5813;0
13;5813;0
14;5813;0
15;5813;0
16;5813;0
17;5813;0
18;5813;0
19;5813;1
20;5813;0
1;5814;1
2;5814;0
3;5814;0
4;5814;0
5;5814;0
6;5814;0
7;5814;0
8;5814;0
9;5814;0
10;5814;0
11;5814;0
12;5814;0
13;5814;0
14;5814;0
15;5814;0
16;5814;0
17;5814;0
18;5814;0
19;5814;0
20;5814;0
1;5819;1
2;5819;0
3;5819;0
4;5819;0
5;5819;0
6;5819;1
7;5819;0
8;5819;0
9;5819;0
10;5819;0
11;5819;0
12;5819;0
13;5819;1
14;5819;0
15;5819;0
16;5819;0
17;5819;1
18;5819;1
19;5819;0
20;5819;0
1;5821;1
2;5821;1
3;5821;0
4;5821;0
5;5821;0
6;5821;0
7;5821;0
8;5821;0
9;5821;0
10;5821;0
11;5821;0
12;5821;0
13;5821;0
14;5821;0
15;5821;0
16;5821;0
17;5821;0
18;5821;0
19;5821;0
20;5821;0
1;5829;1
2;5829;1
3;5829;0
4;5829;0
5;5829;0
6;5829;0
7;5829;0
8;5829;0
9;5829;0
10;5829;0
11;5829;0
12;5829;0
13;5829;0
14;5829;0
15;5829;0
16;5829;0
17;5829;0
18;5829;0
19;5829;0
20;5829;0
1;5911;1
2;5911;0
3;5911;0
4;5911;0
5;5911;0
6;5911;0
7;5911;0
8;5911;0
9;5911;0
10;5911;0
11;5911;0
12;5911;0
13;5911;1
14;5911;0
15;5911;0
16;5911;0
17;5911;0
18;5911;0
19;5911;0
20;5911;0
1;5912;1
2;5912;0
3;5912;1
4;5912;0
5;5912;0
6;5912;0
7;5912;0
8;5912;0
9;5912;0
10;5912;0
11;5912;0
12;5912;0
13;5912;0
14;5912;0
15;5912;0
16;5912;0
17;5912;0
18;5912;0
19;5912;0
20;5912;0
1;5913;1
2;5913;0
3;5913;0
4;5913;0
5;5913;0
6;5913;0
7;5913;0
8;5913;0
9;5913;0
10;5913;0
11;5913;0
12;5913;0
13;5913;0
14;5913;0
15;5913;0
16;5913;0
17;5913;0
18;5913;0
19;5913;0
20;5913;0
1;5914;1
2;5914;0
3;5914;1
4;5914;1
5;5914;0
6;5914;1
7;5914;1
8;5914;0
9;5914;0
10;5914;0
11;5914;0
12;5914;1
13;5914;0
14;5914;0
15;5914;0
16;5914;0
17;5914;0
18;5914;0
19;5914;0
20;5914;1
1;5920;1
2;5920;0
3;5920;0
4;5920;0
5;5920;0
6;5920;0
7;5920;0
8;5920;0
9;5920;0
10;5920;0
11;5920;0
12;5920;0
13;5920;0
14;5920;0
15;5920;0
16;5920;0
17;5920;1
18;5920;0
19;5920;0
20;5920;0
1;6010;1
2;6010;0
3;6010;1
4;6010;0
5;6010;0
6;6010;1
7;6010;0
8;6010;0
9;6010;0
10;6010;1
11;6010;1
12;6010;0
13;6010;1
14;6010;0
15;6010;0
16;6010;0
17;6010;0
18;6010;1
19;6010;0
20;6010;0
1;6020;1
2;6020;0
3;6020;0
4;6020;0
5;6020;0
6;6020;1
7;6020;0
8;6020;0
9;6020;0
10;6020;0
11;6020;0
12;6020;0
13;6020;1
14;6020;0
15;6020;0
16;6020;0
17;6020;0
18;6020;1
19;6020;0
20;6020;0
1;6110;1
2;6110;0
3;6110;0
4;6110;0
5;6110;0
6;6110;1
7;6110;0
8;6110;0
9;6110;0
10;6110;0
11;6110;0
12;6110;0
13;6110;1
14;6110;0
15;6110;0
16;6110;0
17;6110;1
18;6110;0
19;6110;0
20;6110;0
1;6120;1
2;6120;0
3;6120;0
4;6120;0
5;6120;0
6;6120;0
7;6120;0
8;6120;0
9;6120;0
10;6120;0
11;6120;0
12;6120;0
13;6120;1
14;6120;0
15;6120;0
16;6120;0
17;6120;0
18;6120;0
19;6120;0
20;6120;0
1;6130;1
2;6130;0
3;6130;0
4;6130;0
5;6130;0
6;6130;0
7;6130;0
8;6130;0
9;6130;0
10;6130;0
11;6130;0
12;6130;0
13;6130;1
14;6130;0
15;6130;0
16;6130;0
17;6130;0
18;6130;0
19;6130;0
20;6130;0
1;6190;1
2;6190;0
3;6190;1
4;6190;0
5;6190;0
6;6190;0
7;6190;0
8;6190;0
9;6190;0
10;6190;0
11;6190;0
12;6190;1
13;6190;0
14;6190;1
15;6190;0
16;6190;0
17;6190;0
18;6190;0
19;6190;0
20;6190;0
1;6201;1
2;6201;0
3;6201;0
4;6201;0
5;6201;0
6;6201;0
7;6201;0
8;6201;0
9;6201;0
10;6201;0
11;6201;0
12;6201;0
13;6201;0
14;6201;0
15;6201;0
16;6201;0
17;6201;0
18;6201;0
19;6201;0
20;6201;0
1;6202;1
2;6202;0
3;6202;0
4;6202;0
5;6202;0
6;6202;0
7;6202;0
8;6202;0
9;6202;0
10;6202;0
11;6202;0
12;6202;0
13;6202;0
14;6202;0
15;6202;0
16;6202;0
17;6202;0
18;6202;0
19;6202;0
20;6202;0
1;6203;1
2;6203;0
3;6203;0
4;6203;0
5;6203;0
6;6203;0
7;6203;0
8;6203;0
9;6203;0
10;6203;0
11;6203;0
12;6203;0
13;6203;0
14;6203;0
15;6203;0
16;6203;0
17;6203;1
18;6203;0
19;6203;0
20;6203;0
1;6209;1
2;6209;0
3;6209;0
4;6209;0
5;6209;0
6;6209;0
7;6209;0
8;6209;0
9;6209;0
10;6209;0
11;6209;0
12;6209;0
13;6209;0
14;6209;0
15;6209;0
16;6209;0
17;6209;0
18;6209;0
19;6209;0
20;6209;0
1;6311;1
2;6311;0
3;6311;0
4;6311;0
5;6311;0
6;6311;0
7;6311;0
8;6311;0
9;6311;0
10;6311;0
11;6311;1
12;6311;0
13;6311;1
14;6311;0
15;6311;0
16;6311;0
17;6311;0
18;6311;0
19;6311;0
20;6311;0
1;6312;1
2;6312;0
3;6312;0
4;6312;0
5;6312;0
6;6312;0
7;6312;0
8;6312;0
9;6312;0
10;6312;0
11;6312;0
12;6312;0
13;6312;0
14;6312;0
15;6312;0
16;6312;0
17;6312;0
18;6312;0
19;6312;0
20;6312;0
1;6391;1
2;6391;0
3;6391;0
4;6391;0
5;6391;0
6;6391;0
7;6391;0
8;6391;0
9;6391;0
10;6391;0
11;6391;0
12;6391;0
13;6391;0
14;6391;0
15;6391;0
16;6391;0
17;6391;0
18;6391;1
19;6391;0
20;6391;0
1;6399;1
2;6399;0
3;6399;0
4;6399;0
5;6399;0
6;6399;0
7;6399;0
8;6399;0
9;6399;0
10;6399;0
11;6399;0
12;6399;0
13;6399;0
14;6399;0
15;6399;0
16;6399;0
17;6399;0
18;6399;0
19;6399;0
20;6399;0
1;6411;1
2;6411;0
3;6411;0
4;6411;0
5;6411;0
6;6411;0
7;6411;0
8;6411;0
9;6411;0
10;6411;0
11;6411;0
12;6411;0
13;6411;0
14;6411;0
15;6411;0
16;6411;0
17;6411;0
18;6411;0
19;6411;0
20;6411;0
1;6419;1
2;6419;0
3;6419;0
4;6419;0
5;6419;0
6;6419;0
7;6419;0
8;6419;0
9;6419;0
10;6419;0
11;6419;0
12;6419;0
13;6419;0
14;6419;0
15;6419;0
16;6419;0
17;6419;0
18;6419;0
19;6419;0
20;6419;0
1;6420;1
2;6420;0
3;6420;0
4;6420;0
5;6420;0
6;6420;0
7;6420;0
8;6420;0
9;6420;1
10;6420;0
11;6420;0
12;6420;0
13;6420;1
14;6420;0
15;6420;0
16;6420;0
17;6420;0
18;6420;0
19;6420;0
20;6420;0
1;6430;1
2;6430;0
3;6430;0
4;6430;0
5;6430;0
6;6430;0
7;6430;0
8;6430;0
9;6430;0
10;6430;0
11;6430;0
12;6430;0
13;6430;0
14;6430;0
15;6430;0
16;6430;0
17;6430;0
18;6430;0
19;6430;0
20;6430;0
1;6491;1
2;6491;0
3;6491;0
4;6491;0
5;6491;0
6;6491;1
7;6491;0
8;6491;0
9;6491;0
10;6491;0
11;6491;0
12;6491;0
13;6491;0
14;6491;0
15;6491;0
16;6491;0
17;6491;0
18;6491;0
19;6491;0
20;6491;0
1;6492;1
2;6492;0
3;6492;0
4;6492;0
5;6492;0
6;6492;0
7;6492;0
8;6492;0
9;6492;0
10;6492;0
11;6492;0
12;6492;0
13;6492;0
14;6492;0
15;6492;0
16;6492;0
17;6492;0
18;6492;0
19;6492;0
20;6492;0
1;6499;1
2;6499;0
3;6499;0
4;6499;0
5;6499;0
6;6499;0
7;6499;0
8;6499;0
9;6499;0
10;6499;0
11;6499;0
12;6499;0
13;6499;0
14;6499;0
15;6499;0
16;6499;0
17;6499;0
18;6499;0
19;6499;0
20;6499;0
1;6511;1
2;6511;0
3;6511;0
4;6511;0
5;6511;0
6;6511;0
7;6511;0
8;6511;0
9;6511;0
10;6511;0
11;6511;0
12;6511;0
13;6511;0
14;6511;0
15;6511;0
16;6511;0
17;6511;0
18;6511;0
19;6511;0
20;6511;0
1;6512;1
2;6512;0
3;6512;0
4;6512;0
5;6512;0
6;6512;0
7;6512;0
8;6512;0
9;6512;0
10;6512;0
11;6512;0
12;6512;0
13;6512;0
14;6512;0
15;6512;0
16;6512;0
17;6512;0
18;6512;0
19;6512;0
20;6512;0
1;6520;1
2;6520;0
3;6520;0
4;6520;0
5;6520;0
6;6520;0
7;6520;0
8;6520;0
9;6520;0
10;6520;0
11;6520;0
12;6520;0
13;6520;0
14;6520;0
15;6520;0
16;6520;0
17;6520;0
18;6520;0
19;6520;0
20;6520;0
1;6530;1
2;6530;0
3;6530;0
4;6530;0
5;6530;0
6;6530;0
7;6530;0
8;6530;0
9;6530;0
10;6530;0
11;6530;0
12;6530;0
13;6530;0
14;6530;0
15;6530;0
16;6530;0
17;6530;0
18;6530;0
19;6530;0
20;6530;0
1;6611;1
2;6611;0
3;6611;0
4;6611;0
5;6611;0
6;6611;0
7;6611;0
8;6611;0
9;6611;0
10;6611;0
11;6611;0
12;6611;0
13;6611;0
14;6611;0
15;6611;0
16;6611;0
17;6611;0
18;6611;0
19;6611;0
20;6611;0
1;6612;1
2;6612;0
3;6612;0
4;6612;0
5;6612;0
6;6612;0
7;6612;0
8;6612;1
9;6612;0
10;6612;0
11;6612;1
12;6612;0
13;6612;0
14;6612;0
15;6612;0
16;6612;0
17;6612;0
18;6612;0
19;6612;0
20;6612;1
1;6619;1
2;6619;0
3;6619;0
4;6619;0
5;6619;0
6;6619;0
7;6619;0
8;6619;1
9;6619;0
10;6619;0
11;6619;0
12;6619;0
13;6619;0
14;6619;0
15;6619;1
16;6619;0
17;6619;0
18;6619;0
19;6619;0
20;6619;0
1;6621;1
2;6621;0
3;6621;1
4;6621;0
5;6621;0
6;6621;0
7;6621;0
8;6621;0
9;6621;0
10;6621;0
11;6621;1
12;6621;0
13;6621;0
14;6621;0
15;6621;0
16;6621;0
17;6621;0
18;6621;0
19;6621;0
20;6621;0
1;6622;1
2;6622;1
3;6622;1
4;6622;1
5;6622;0
6;6622;1
7;6622;0
8;6622;1
9;6622;0
10;6622;0
11;6622;0
12;6622;1
13;6622;0
14;6622;1
15;6622;1
16;6622;0
17;6622;1
18;6622;1
19;6622;1
20;6622;1
1;6629;1
2;6629;1
3;6629;0
4;6629;0
5;6629;0
6;6629;0
7;6629;0
8;6629;0
9;6629;0
10;6629;0
11;6629;0
12;6629;0
13;6629;0
14;6629;0
15;6629;0
16;6629;0
17;6629;0
18;6629;0
19;6629;0
20;6629;0
1;6630;1
2;6630;0
3;6630;0
4;6630;0
5;6630;0
6;6630;0
7;6630;0
8;6630;0
9;6630;0
10;6630;0
11;6630;0
12;6630;0
13;6630;0
14;6630;0
15;6630;0
16;6630;0
17;6630;0
18;6630;0
19;6630;0
20;6630;0
1;6810;1
2;6810;0
3;6810;0
4;6810;0
5;6810;0
6;6810;0
7;6810;0
8;6810;1
9;6810;0
10;6810;0
11;6810;0
12;6810;0
13;6810;1
14;6810;0
15;6810;0
16;6810;0
17;6810;0
18;6810;0
19;6810;0
20;6810;1
1;6820;1
2;6820;0
3;6820;0
4;6820;0
5;6820;0
6;6820;1
7;6820;1
8;6820;0
9;6820;0
10;6820;0
11;6820;0
12;6820;1
13;6820;0
14;6820;1
15;6820;0
16;6820;0
17;6820;0
18;6820;0
19;6820;1
20;6820;1
1;6831;1
2;6831;0
3;6831;0
4;6831;0
5;6831;0
6;6831;0
7;6831;0
8;6831;0
9;6831;0
10;6831;0
11;6831;1
12;6831;1
13;6831;1
14;6831;0
15;6831;0
16;6831;0
17;6831;0
18;6831;0
19;6831;0
20;6831;0
1;6832;1
2;6832;0
3;6832;0
4;6832;0
5;6832;0
6;6832;1
7;6832;0
8;6832;0
9;6832;0
10;6832;0
11;6832;0
12;6832;0
13;6832;0
14;6832;0
15;6832;1
16;6832;0
17;6832;1
18;6832;0
19;6832;0
20;6832;0
1;6910;1
2;6910;1
3;6910;0
4;6910;0
5;6910;0
6;6910;1
7;6910;0
8;6910;0
9;6910;0
10;6910;0
11;6910;0
12;6910;0
13;6910;0
14;6910;0
15;6910;0
16;6910;0
17;6910;0
18;6910;0
19;6910;0
20;6910;1
1;6920;1
2;6920;0
3;6920;0
4;6920;0
5;6920;0
6;6920;0
7;6920;0
8;6920;0
9;6920;0
10;6920;0
11;6920;0
12;6920;0
13;6920;0
14;6920;0
15;6920;0
16;6920;0
17;6920;0
18;6920;0
19;6920;0
20;6920;0
1;7010;1
2;7010;0
3;7010;0
4;7010;0
5;7010;0
6;7010;0
7;7010;0
8;7010;0
9;7010;0
10;7010;1
11;7010;0
12;7010;1
13;7010;0
14;7010;0
15;7010;0
16;7010;0
17;7010;0
18;7010;0
19;7010;0
20;7010;0
1;7021;1
2;7021;0
3;7021;0
4;7021;0
5;7021;0
6;7021;0
7;7021;0
8;7021;0
9;7021;0
10;7021;0
11;7021;0
12;7021;0
13;7021;0
14;7021;0
15;7021;0
16;7021;0
17;7021;1
18;7021;0
19;7021;0
20;7021;1
1;7022;1
2;7022;0
3;7022;0
4;7022;0
5;7022;0
6;7022;0
7;7022;0
8;7022;0
9;7022;0
10;7022;0
11;7022;0
12;7022;0
13;7022;1
14;7022;0
15;7022;0
16;7022;0
17;7022;0
18;7022;0
19;7022;0
20;7022;0
1;7111;1
2;7111;1
3;7111;0
4;7111;0
5;7111;0
6;7111;0
7;7111;0
8;7111;1
9;7111;0
10;7111;0
11;7111;0
12;7111;1
13;7111;1
14;7111;1
15;7111;0
16;7111;0
17;7111;0
18;7111;0
19;7111;1
20;7111;1
1;7112;1
2;7112;0
3;7112;0
4;7112;0
5;7112;0
6;7112;0
7;7112;1
8;7112;1
9;7112;0
10;7112;0
11;7112;0
12;7112;0
13;7112;1
14;7112;0
15;7112;0
16;7112;0
17;7112;0
18;7112;0
19;7112;0
20;7112;0
1;7120;1
2;7120;0
3;7120;0
4;7120;0
5;7120;0
6;7120;0
7;7120;1
8;7120;0
9;7120;0
10;7120;0
11;7120;0
12;7120;0
13;7120;1
14;7120;0
15;7120;0
16;7120;0
17;7120;0
18;7120;1
19;7120;1
20;7120;0
1;7211;1
2;7211;1
3;7211;0
4;7211;0
5;7211;0
6;7211;1
7;7211;0
8;7211;0
9;7211;0
10;7211;0
11;7211;0
12;7211;0
13;7211;1
14;7211;0
15;7211;0
16;7211;0
17;7211;0
18;7211;1
19;7211;0
20;7211;0
1;7219;1
2;7219;0
3;7219;0
4;7219;0
5;7219;0
6;7219;1
7;7219;0
8;7219;0
9;7219;0
10;7219;0
11;7219;0
12;7219;0
13;7219;0
14;7219;0
15;7219;0
16;7219;0
17;7219;0
18;7219;0
19;7219;0
20;7219;0
1;7220;1
2;7220;1
3;7220;0
4;7220;0
5;7220;0
6;7220;0
7;7220;0
8;7220;0
9;7220;0
10;7220;0
11;7220;0
12;7220;0
13;7220;0
14;7220;0
15;7220;0
16;7220;0
17;7220;0
18;7220;0
19;7220;0
20;7220;0
1;7311;1
2;7311;0
3;7311;0
4;7311;0
5;7311;0
6;7311;0
7;7311;0
8;7311;0
9;7311;1
10;7311;0
11;7311;0
12;7311;0
13;7311;1
14;7311;0
15;7311;0
16;7311;0
17;7311;0
18;7311;0
19;7311;0
20;7311;0
1;7312;1
2;7312;0
3;7312;0
4;7312;0
5;7312;0
6;7312;0
7;7312;0
8;7312;0
9;7312;1
10;7312;0
11;7312;0
12;7312;0
13;7312;0
14;7312;0
15;7312;0
16;7312;0
17;7312;0
18;7312;0
19;7312;1
20;7312;0
1;7320;1
2;7320;0
3;7320;0
4;7320;0
5;7320;0
6;7320;0
7;7320;0
8;7320;0
9;7320;0
10;7320;0
11;7320;0
12;7320;1
13;7320;0
14;7320;0
15;7320;0
16;7320;0
17;7320;0
18;7320;0
19;7320;0
20;7320;0
1;7410;1
2;7410;1
3;7410;0
4;7410;0
5;7410;0
6;7410;0
7;7410;0
8;7410;1
9;7410;0
10;7410;0
11;7410;1
12;7410;0
13;7410;1
14;7410;0
15;7410;0
16;7410;0
17;7410;0
18;7410;0
19;7410;0
20;7410;0
1;7420;1
2;7420;0
3;7420;0
4;7420;0
5;7420;0
6;7420;1
7;7420;0
8;7420;0
9;7420;0
10;7420;0
11;7420;0
12;7420;0
13;7420;0
14;7420;0
15;7420;0
16;7420;0
17;7420;0
18;7420;0
19;7420;0
20;7420;0
1;7430;1
2;7430;0
3;7430;0
4;7430;0
5;7430;0
6;7430;1
7;7430;0
8;7430;0
9;7430;0
10;7430;0
11;7430;0
12;7430;0
13;7430;1
14;7430;0
15;7430;0
16;7430;0
17;7430;0
18;7430;0
19;7430;0
20;7430;0
1;7490;1
2;7490;0
3;7490;0
4;7490;0
5;7490;1
6;7490;0
7;7490;1
8;7490;1
9;7490;0
10;7490;0
11;7490;0
12;7490;0
13;7490;1
14;7490;0
15;7490;0
16;7490;0
17;7490;1
18;7490;0
19;7490;1
20;7490;0
1;7500;1
2;7500;0
3;7500;0
4;7500;1
5;7500;0
6;7500;0
7;7500;0
8;7500;0
9;7500;1
10;7500;0
11;7500;1
12;7500;0
13;7500;1
14;7500;1
15;7500;0
16;7500;0
17;7500;1
18;7500;1
19;7500;0
20;7500;0
1;7711;1
2;7711;0
3;7711;0
4;7711;0
5;7711;0
6;7711;0
7;7711;1
8;7711;1
9;7711;0
10;7711;0
11;7711;0
12;7711;0
13;7711;1
14;7711;0
15;7711;0
16;7711;0
17;7711;0
18;7711;0
19;7711;0
20;7711;0
1;7712;0
2;7712;0
3;7712;1
4;7712;0
5;7712;0
6;7712;0
7;7712;1
8;7712;1
9;7712;0
10;7712;1
11;7712;0
12;7712;0
13;7712;1
14;7712;0
15;7712;0
16;7712;0
17;7712;0
18;7712;0
19;7712;0
20;7712;1
1;7721;1
2;7721;0
3;7721;0
4;7721;0
5;7721;0
6;7721;0
7;7721;0
8;7721;1
9;7721;0
10;7721;0
11;7721;1
12;7721;0
13;7721;1
14;7721;1
15;7721;0
16;7721;0
17;7721;0
18;7721;1
19;7721;1
20;7721;0
1;7722;1
2;7722;0
3;7722;0
4;7722;0
5;7722;0
6;7722;1
7;7722;0
8;7722;0
9;7722;1
10;7722;0
11;7722;0
12;7722;0
13;7722;1
14;7722;0
15;7722;0
16;7722;1
17;7722;0
18;7722;1
19;7722;0
20;7722;1
1;7729;0
2;7729;0
3;7729;1
4;7729;0
5;7729;0
6;7729;0
7;7729;0
8;7729;1
9;7729;1
10;7729;0
11;7729;0
12;7729;0
13;7729;1
14;7729;0
15;7729;0
16;7729;0
17;7729;0
18;7729;1
19;7729;1
20;7729;0
1;7731;0
2;7731;0
3;7731;1
4;7731;1
5;7731;0
6;7731;0
7;7731;0
8;7731;0
9;7731;0
10;7731;0
11;7731;0
12;7731;0
13;7731;0
14;7731;0
15;7731;0
16;7731;0
17;7731;0
18;7731;0
19;7731;0
20;7731;0
1;7732;1
2;7732;0
3;7732;0
4;7732;0
5;7732;0
6;7732;0
7;7732;1
8;7732;0
9;7732;0
10;7732;1
11;7732;0
12;7732;0
13;7732;1
14;7732;0
15;7732;0
16;7732;0
17;7732;1
18;7732;0
19;7732;0
20;7732;1
1;7733;1
2;7733;0
3;7733;0
4;7733;0
5;7733;0
6;7733;0
7;7733;1
8;7733;0
9;7733;0
10;7733;0
11;7733;1
12;7733;1
13;7733;0
14;7733;1
15;7733;0
16;7733;0
17;7733;0
18;7733;0
19;7733;0
20;7733;0
1;7734;0
2;7734;0
3;7734;1
4;7734;0
5;7734;0
6;7734;0
7;7734;0
8;7734;0
9;7734;0
10;7734;0
11;7734;0
12;7734;0
13;7734;1
14;7734;1
15;7734;0
16;7734;0
17;7734;0
18;7734;0
19;7734;1
20;7734;1
1;7735;1
2;7735;0
3;7735;0
4;7735;0
5;7735;0
6;7735;1
7;7735;0
8;7735;0
9;7735;0
10;7735;0
11;7735;0
12;7735;0
13;7735;0
14;7735;0
15;7735;0
16;7735;0
17;7735;0
18;7735;0
19;7735;0
20;7735;0
1;7739;0
2;7739;0
3;7739;0
4;7739;0
5;7739;0
6;7739;1
7;7739;1
8;7739;0
9;7739;0
10;7739;1
11;7739;0
12;7739;0
13;7739;1
14;7739;0
15;7739;0
16;7739;0
17;7739;0
18;7739;0
19;7739;0
20;7739;0
1;7740;1
2;7740;0
3;7740;0
4;7740;0
5;7740;1
6;7740;0
7;7740;0
8;7740;0
9;7740;0
10;7740;0
11;7740;0
12;7740;0
13;7740;1
14;7740;0
15;7740;0
16;7740;0
17;7740;0
18;7740;0
19;7740;0
20;7740;0
1;7810;1
2;7810;0
3;7810;0
4;7810;0
5;7810;1
6;7810;0
7;7810;1
8;7810;0
9;7810;0
10;7810;1
11;7810;1
12;7810;1
13;7810;0
14;7810;0
15;7810;0
16;7810;1
17;7810;0
18;7810;1
19;7810;0
20;7810;1
1;7820;1
2;7820;0
3;7820;0
4;7820;0
5;7820;0
6;7820;0
7;7820;1
8;7820;0
9;7820;1
10;7820;0
11;7820;0
12;7820;0
13;7820;1
14;7820;0
15;7820;0
16;7820;0
17;7820;0
18;7820;0
19;7820;0
20;7820;1
1;7830;1
2;7830;0
3;7830;0
4;7830;0
5;7830;0
6;7830;0
7;7830;1
8;7830;0
9;7830;0
10;7830;0
11;7830;1
12;7830;0
13;7830;1
14;7830;0
15;7830;0
16;7830;0
17;7830;0
18;7830;0
19;7830;0
20;7830;0
1;7911;1
2;7911;0
3;7911;0
4;7911;0
5;7911;0
6;7911;0
7;7911;0
8;7911;0
9;7911;0
10;7911;0
11;7911;0
12;7911;0
13;7911;0
14;7911;0
15;7911;0
16;7911;0
17;7911;0
18;7911;0
19;7911;1
20;7911;0
1;7912;1
2;7912;1
3;7912;0
4;7912;0
5;7912;0
6;7912;0
7;7912;0
8;7912;0
9;7912;0
10;7912;0
11;7912;0
12;7912;0
13;7912;0
14;7912;0
15;7912;0
16;7912;0
17;7912;0
18;7912;0
19;7912;0
20;7912;0
1;7990;1
2;7990;0
3;7990;0
4;7990;0
5;7990;0
6;7990;0
7;7990;0
8;7990;0
9;7990;0
10;7990;0
11;7990;0
12;7990;0
13;7990;0
14;7990;0
15;7990;0
16;7990;0
17;7990;0
18;7990;0
19;7990;0
20;7990;1
1;8010;1
2;8010;0
3;8010;0
4;8010;0
5;8010;0
6;8010;0
7;8010;0
8;8010;0
9;8010;0
10;8010;0
11;8010;1
12;8010;0
13;8010;1
14;8010;0
15;8010;0
16;8010;0
17;8010;0
18;8010;0
19;8010;0
20;8010;0
1;8020;1
2;8020;0
3;8020;0
4;8020;0
5;8020;0
6;8020;0
7;8020;0
8;8020;1
9;8020;0
10;8020;0
11;8020;0
12;8020;0
13;8020;1
14;8020;0
15;8020;0
16;8020;1
17;8020;1
18;8020;1
19;8020;1
20;8020;0
1;8030;1
2;8030;0
3;8030;0
4;8030;0
5;8030;0
6;8030;0
7;8030;0
8;8030;0
9;8030;0
10;8030;0
11;8030;1
12;8030;0
13;8030;1
14;8030;0
15;8030;0
16;8030;0
17;8030;0
18;8030;0
19;8030;0
20;8030;0
1;8110;1
2;8110;0
3;8110;0
4;8110;0
5;8110;0
6;8110;0
7;8110;0
8;8110;0
9;8110;0
10;8110;0
11;8110;0
12;8110;1
13;8110;0
14;8110;1
15;8110;0
16;8110;0
17;8110;0
18;8110;0
19;8110;0
20;8110;0
1;8121;1
2;8121;0
3;8121;0
4;8121;0
5;8121;1
6;8121;0
7;8121;0
8;8121;0
9;8121;0
10;8121;0
11;8121;0
12;8121;0
13;8121;1
14;8121;0
15;8121;0
16;8121;0
17;8121;1
18;8121;0
19;8121;0
20;8121;0
1;8122;1
2;8122;1
3;8122;0
4;8122;0
5;8122;0
6;8122;0
7;8122;0
8;8122;0
9;8122;0
10;8122;0
11;8122;0
12;8122;0
13;8122;1
14;8122;0
15;8122;0
16;8122;0
17;8122;1
18;8122;1
19;8122;1
20;8122;0
1;8129;0
2;8129;0
3;8129;0
4;8129;0
5;8129;1
6;8129;1
7;8129;0
8;8129;0
9;8129;0
10;8129;0
11;8129;0
12;8129;0
13;8129;0
14;8129;0
15;8129;0
16;8129;0
17;8129;1
18;8129;0
19;8129;0
20;8129;0
1;8130;0
2;8130;1
3;8130;1
4;8130;0
5;8130;1
6;8130;1
7;8130;0
8;8130;0
9;8130;0
10;8130;0
11;8130;1
12;8130;1
13;8130;1
14;8130;1
15;8130;0
16;8130;0
17;8130;0
18;8130;0
19;8130;1
20;8130;0
1;8211;1
2;8211;0
3;8211;0
4;8211;0
5;8211;0
6;8211;0
7;8211;0
8;8211;0
9;8211;0
10;8211;0
11;8211;0
12;8211;0
13;8211;0
14;8211;0
15;8211;0
16;8211;0
17;8211;0
18;8211;0
19;8211;0
20;8211;0
1;8219;1
2;8219;0
3;8219;0
4;8219;0
5;8219;0
6;8219;0
7;8219;0
8;8219;0
9;8219;0
10;8219;1
11;8219;0
12;8219;0
13;8219;1
14;8219;0
15;8219;0
16;8219;0
17;8219;1
18;8219;0
19;8219;0
20;8219;0
1;8220;1
2;8220;1
3;8220;0
4;8220;0
5;8220;0
6;8220;1
7;8220;0
8;8220;0
9;8220;0
10;8220;0
11;8220;0
12;8220;0
13;8220;0
14;8220;0
15;8220;0
16;8220;0
17;8220;1
18;8220;0
19;8220;0
20;8220;0
1;8230;1
2;8230;0
3;8230;0
4;8230;0
5;8230;0
6;8230;0
7;8230;0
8;8230;0
9;8230;0
10;8230;0
11;8230;0
12;8230;0
13;8230;1
14;8230;0
15;8230;0
16;8230;0
17;8230;0
18;8230;0
19;8230;1
20;8230;0
1;8291;1
2;8291;0
3;8291;0
4;8291;0
5;8291;0
6;8291;0
7;8291;0
8;8291;0
9;8291;1
10;8291;1
11;8291;0
12;8291;0
13;8291;1
14;8291;0
15;8291;1
16;8291;0
17;8291;0
18;8291;0
19;8291;0
20;8291;1
1;8292;0
2;8292;0
3;8292;0
4;8292;0
5;8292;0
6;8292;0
7;8292;0
8;8292;0
9;8292;0
10;8292;0
11;8292;1
12;8292;0
13;8292;1
14;8292;0
15;8292;1
16;8292;1
17;8292;0
18;8292;0
19;8292;0
20;8292;0
1;8299;1
2;8299;0
3;8299;0
4;8299;0
5;8299;0
6;8299;0
7;8299;0
8;8299;0
9;8299;0
10;8299;0
11;8299;0
12;8299;0
13;8299;1
14;8299;0
15;8299;0
16;8299;0
17;8299;0
18;8299;0
19;8299;0
20;8299;0
1;8411;0
2;8411;1
3;8411;0
4;8411;1
5;8411;1
6;8411;0
7;8411;0
8;8411;0
9;8411;1
10;8411;1
11;8411;0
12;8411;1
13;8411;0
14;8411;1
15;8411;1
16;8411;1
17;8411;1
18;8411;0
19;8411;0
20;8411;0
1;8412;1
2;8412;0
3;8412;0
4;8412;0
5;8412;0
6;8412;0
7;8412;0
8;8412;0
9;8412;0
10;8412;0
11;8412;0
12;8412;0
13;8412;0
14;8412;0
15;8412;0
16;8412;0
17;8412;0
18;8412;0
19;8412;0
20;8412;0
1;8413;0
2;8413;1
3;8413;1
4;8413;1
5;8413;1
6;8413;1
7;8413;1
8;8413;0
9;8413;1
10;8413;0
11;8413;0
12;8413;0
13;8413;0
14;8413;0
15;8413;1
16;8413;1
17;8413;1
18;8413;1
19;8413;0
20;8413;0
1;8421;1
2;8421;0
3;8421;0
4;8421;0
5;8421;0
6;8421;0
7;8421;0
8;8421;0
9;8421;0
10;8421;0
11;8421;0
12;8421;0
13;8421;0
14;8421;0
15;8421;0
16;8421;0
17;8421;0
18;8421;0
19;8421;0
20;8421;0
1;8422;1
2;8422;0
3;8422;0
4;8422;0
5;8422;0
6;8422;0
7;8422;0
8;8422;0
9;8422;0
10;8422;0
11;8422;0
12;8422;0
13;8422;0
14;8422;0
15;8422;0
16;8422;0
17;8422;0
18;8422;0
19;8422;0
20;8422;0
1;8423;1
2;8423;0
3;8423;1
4;8423;0
5;8423;1
6;8423;1
7;8423;1
8;8423;0
9;8423;0
10;8423;0
11;8423;0
12;8423;1
13;8423;0
14;8423;0
15;8423;0
16;8423;0
17;8423;0
18;8423;1
19;8423;0
20;8423;0
1;8424;1
2;8424;1
3;8424;1
4;8424;1
5;8424;0
6;8424;0
7;8424;0
8;8424;0
9;8424;0
10;8424;0
11;8424;0
12;8424;1
13;8424;0
14;8424;0
15;8424;1
16;8424;0
17;8424;0
18;8424;1
19;8424;0
20;8424;1
1;8425;0
2;8425;1
3;8425;1
4;8425;1
5;8425;1
6;8425;1
7;8425;1
8;8425;1
9;8425;1
10;8425;1
11;8425;1
12;8425;1
13;8425;0
14;8425;1
15;8425;1
16;8425;1
17;8425;1
18;8425;1
19;8425;1
20;8425;1
1;8430;1
2;8430;0
3;8430;0
4;8430;0
5;8430;0
6;8430;1
7;8430;0
8;8430;0
9;8430;1
10;8430;1
11;8430;1
12;8430;1
13;8430;0
14;8430;0
15;8430;0
16;8430;0
17;8430;1
18;8430;0
19;8430;0
20;8430;1
1;8510;0
2;8510;1
3;8510;1
4;8510;1
5;8510;1
6;8510;1
7;8510;1
8;8510;1
9;8510;1
10;8510;1
11;8510;1
12;8510;1
13;8510;1
14;8510;1
15;8510;1
16;8510;1
17;8510;1
18;8510;0
19;8510;1
20;8510;1
1;8520;0
2;8520;1
3;8520;1
4;8520;1
5;8520;1
6;8520;1
7;8520;1
8;8520;0
9;8520;1
10;8520;1
11;8520;1
12;8520;1
13;8520;0
14;8520;1
15;8520;1
16;8520;1
17;8520;1
18;8520;1
19;8520;1
20;8520;1
1;8531;0
2;8531;0
3;8531;0
4;8531;1
5;8531;1
6;8531;1
7;8531;0
8;8531;0
9;8531;1
10;8531;1
11;8531;0
12;8531;1
13;8531;0
14;8531;0
15;8531;1
16;8531;1
17;8531;0
18;8531;0
19;8531;1
20;8531;0
1;8532;0
2;8532;1
3;8532;1
4;8532;1
5;8532;0
6;8532;1
7;8532;1
8;8532;1
9;8532;1
10;8532;1
11;8532;1
12;8532;1
13;8532;0
14;8532;1
15;8532;1
16;8532;1
17;8532;1
18;8532;1
19;8532;1
20;8532;1
1;8541;1
2;8541;0
3;8541;1
4;8541;1
5;8541;0
6;8541;1
7;8541;0
8;8541;0
9;8541;1
10;8541;1
11;8541;0
12;8541;0
13;8541;1
14;8541;0
15;8541;0
16;8541;0
17;8541;0
18;8541;0
19;8541;0
20;8541;0
1;8542;1
2;8542;1
3;8542;0
4;8542;0
5;8542;0
6;8542;1
7;8542;0
8;8542;1
9;8542;1
10;8542;1
11;8542;0
12;8542;0
13;8542;0
14;8542;0
15;8542;0
16;8542;0
17;8542;0
18;8542;0
19;8542;0
20;8542;0
1;8551;0
2;8551;1
3;8551;0
4;8551;0
5;8551;0
6;8551;1
7;8551;1
8;8551;0
9;8551;0
10;8551;0
11;8551;0
12;8551;0
13;8551;1
14;8551;0
15;8551;0
16;8551;1
17;8551;0
18;8551;1
19;8551;0
20;8551;0
1;8552;0
2;8552;0
3;8552;1
4;8552;0
5;8552;0
6;8552;0
7;8552;0
8;8552;1
9;8552;0
10;8552;1
11;8552;0
12;8552;0
13;8552;1
14;8552;1
15;8552;1
16;8552;1
17;8552;0
18;8552;0
19;8552;0
20;8552;0
1;8553;0
2;8553;0
3;8553;1
4;8553;1
5;8553;1
6;8553;1
7;8553;1
8;8553;1
9;8553;1
10;8553;1
11;8553;0
12;8553;1
13;8553;1
14;8553;1
15;8553;0
16;8553;0
17;8553;1
18;8553;1
19;8553;1
20;8553;1
1;8559;1
2;8559;1
3;8559;0
4;8559;1
5;8559;1
6;8559;0
7;8559;0
8;8559;0
9;8559;0
10;8559;1
11;8559;0
12;8559;1
13;8559;0
14;8559;0
15;8559;1
16;8559;0
17;8559;0
18;8559;0
19;8559;0
20;8559;0
1;8560;1
2;8560;0
3;8560;0
4;8560;0
5;8560;0
6;8560;0
7;8560;0
8;8560;0
9;8560;1
10;8560;0
11;8560;1
12;8560;0
13;8560;1
14;8560;0
15;8560;1
16;8560;0
17;8560;0
18;8560;0
19;8560;0
20;8560;0
1;8610;0
2;8610;1
3;8610;1
4;8610;1
5;8610;1
6;8610;0
7;8610;0
8;8610;0
9;8610;1
10;8610;1
11;8610;0
12;8610;1
13;8610;0
14;8610;1
15;8610;1
16;8610;1
17;8610;1
18;8610;1
19;8610;1
20;8610;1
1;8621;0
2;8621;1
3;8621;1
4;8621;1
5;8621;1
6;8621;1
7;8621;0
8;8621;0
9;8621;1
10;8621;1
11;8621;0
12;8621;1
13;8621;1
14;8621;1
15;8621;1
16;8621;1
17;8621;1
18;8621;1
19;8621;1
20;8621;1
1;8622;1
2;8622;1
3;8622;0
4;8622;0
5;8622;0
6;8622;1
7;8622;0
8;8622;0
9;8622;1
10;8622;1
11;8622;0
12;8622;0
13;8622;0
14;8622;0
15;8622;0
16;8622;0
17;8622;0
18;8622;0
19;8622;1
20;8622;0
1;8623;0
2;8623;1
3;8623;0
4;8623;0
5;8623;0
6;8623;1
7;8623;0
8;8623;1
9;8623;0
10;8623;0
11;8623;0
12;8623;0
13;8623;1
14;8623;0
15;8623;0
16;8623;0
17;8623;0
18;8623;1
19;8623;0
20;8623;1
1;8690;1
2;8690;0
3;8690;0
4;8690;0
5;8690;0
6;8690;0
7;8690;0
8;8690;0
9;8690;0
10;8690;1
11;8690;0
12;8690;0
13;8690;0
14;8690;1
15;8690;0
16;8690;0
17;8690;0
18;8690;0
19;8690;0
20;8690;0
1;8710;0
2;8710;1
3;8710;0
4;8710;0
5;8710;0
6;8710;0
7;8710;1
8;8710;0
9;8710;0
10;8710;0
11;8710;0
12;8710;0
13;8710;0
14;8710;0
15;8710;1
16;8710;0
17;8710;0
18;8710;0
19;8710;0
20;8710;0
1;8720;0
2;8720;0
3;8720;1
4;8720;1
5;8720;1
6;8720;0
7;8720;0
8;8720;1
9;8720;0
10;8720;1
11;8720;1
12;8720;1
13;8720;1
14;8720;1
15;8720;0
16;8720;1
17;8720;1
18;8720;1
19;8720;0
20;8720;1
1;8730;0
2;8730;1
3;8730;1
4;8730;1
5;8730;1
6;8730;1
7;8730;0
8;8730;0
9;8730;1
10;8730;1
11;8730;0
12;8730;0
13;8730;0
14;8730;1
15;8730;1
16;8730;1
17;8730;1
18;8730;1
19;8730;1
20;8730;1
1;8790;0
2;8790;1
3;8790;0
4;8790;1
5;8790;1
6;8790;1
7;8790;1
8;8790;0
9;8790;1
10;8790;0
11;8790;1
12;8790;0
13;8790;0
14;8790;1
15;8790;1
16;8790;0
17;8790;1
18;8790;1
19;8790;0
20;8790;1
1;8810;0
2;8810;1
3;8810;0
4;8810;1
5;8810;0
6;8810;0
7;8810;0
8;8810;0
9;8810;1
10;8810;0
11;8810;1
12;8810;0
13;8810;0
14;8810;1
15;8810;1
16;8810;1
17;8810;1
18;8810;1
19;8810;1
20;8810;1
1;8891;1
2;8891;1
3;8891;0
4;8891;0
5;8891;0
6;8891;1
7;8891;0
8;8891;1
9;8891;1
10;8891;1
11;8891;1
12;8891;0
13;8891;1
14;8891;0
15;8891;1
16;8891;1
17;8891;0
18;8891;0
19;8891;0
20;8891;0
1;8899;0
2;8899;1
3;8899;0
4;8899;1
5;8899;1
6;8899;1
7;8899;0
8;8899;0
9;8899;1
10;8899;1
11;8899;0
12;8899;1
13;8899;0
14;8899;1
15;8899;1
16;8899;0
17;8899;0
18;8899;0
19;8899;1
20;8899;0
1;9001;1
2;9001;1
3;9001;0
4;9001;0
5;9001;1
6;9001;0
7;9001;0
8;9001;1
9;9001;0
10;9001;0
11;9001;0
12;9001;0
13;9001;0
14;9001;0
15;9001;0
16;9001;0
17;9001;0
18;9001;0
19;9001;0
20;9001;0
1;9002;1
2;9002;0
3;9002;0
4;9002;0
5;9002;0
6;9002;1
7;9002;0
8;9002;0
9;9002;0
10;9002;0
11;9002;1
12;9002;0
13;9002;1
14;9002;0
15;9002;0
16;9002;0
17;9002;0
18;9002;0
19;9002;0
20;9002;0
1;9003;1
2;9003;0
3;9003;1
4;9003;0
5;9003;0
6;9003;0
7;9003;1
8;9003;0
9;9003;0
10;9003;0
11;9003;0
12;9003;0
13;9003;1
14;9003;0
15;9003;0
16;9003;0
17;9003;0
18;9003;0
19;9003;0
20;9003;0
1;9004;1
2;9004;0
3;9004;1
4;9004;0
5;9004;1
6;9004;1
7;9004;0
8;9004;0
9;9004;0
10;9004;1
11;9004;0
12;9004;0
13;9004;0
14;9004;1
15;9004;0
16;9004;1
17;9004;0
18;9004;0
19;9004;1
20;9004;0
1;9101;1
2;9101;0
3;9101;0
4;9101;0
5;9101;0
6;9101;0
7;9101;0
8;9101;0
9;9101;0
10;9101;0
11;9101;0
12;9101;0
13;9101;0
14;9101;1
15;9101;0
16;9101;0
17;9101;0
18;9101;0
19;9101;0
20;9101;1
1;9102;1
2;9102;0
3;9102;0
4;9102;1
5;9102;0
6;9102;1
7;9102;0
8;9102;1
9;9102;0
10;9102;0
11;9102;0
12;9102;0
13;9102;0
14;9102;1
15;9102;0
16;9102;0
17;9102;0
18;9102;1
19;9102;0
20;9102;1
1;9103;1
2;9103;1
3;9103;0
4;9103;0
5;9103;1
6;9103;0
7;9103;0
8;9103;1
9;9103;0
10;9103;0
11;9103;1
12;9103;1
13;9103;0
14;9103;0
15;9103;0
16;9103;0
17;9103;0
18;9103;0
19;9103;0
20;9103;0
1;9104;0
2;9104;1
3;9104;0
4;9104;0
5;9104;0
6;9104;1
7;9104;0
8;9104;0
9;9104;1
10;9104;1
11;9104;0
12;9104;0
13;9104;0
14;9104;0
15;9104;1
16;9104;1
17;9104;0
18;9104;0
19;9104;1
20;9104;0
1;9200;1
2;9200;0
3;9200;0
4;9200;1
5;9200;0
6;9200;0
7;9200;0
8;9200;0
9;9200;1
10;9200;0
11;9200;1
12;9200;0
13;9200;0
14;9200;0
15;9200;0
16;9200;0
17;9200;0
18;9200;0
19;9200;0
20;9200;0
1;9311;1
2;9311;0
3;9311;0
4;9311;0
5;9311;1
6;9311;1
7;9311;0
8;9311;1
9;9311;0
10;9311;1
11;9311;1
12;9311;0
13;9311;0
14;9311;0
15;9311;0
16;9311;1
17;9311;0
18;9311;0
19;9311;0
20;9311;0
1;9312;0
2;9312;0
3;9312;0
4;9312;1
5;9312;1
6;9312;1
7;9312;1
8;9312;1
9;9312;0
10;9312;1
11;9312;1
12;9312;0
13;9312;1
14;9312;0
15;9312;0
16;9312;0
17;9312;1
18;9312;1
19;9312;1
20;9312;0
1;9313;1
2;9313;1
3;9313;1
4;9313;0
5;9313;0
6;9313;0
7;9313;0
8;9313;1
9;9313;0
10;9313;1
11;9313;0
12;9313;0
13;9313;1
14;9313;0
15;9313;0
16;9313;0
17;9313;0
18;9313;0
19;9313;0
20;9313;0
1;9319;1
2;9319;0
3;9319;0
4;9319;1
5;9319;0
6;9319;0
7;9319;1
8;9319;1
9;9319;1
10;9319;0
11;9319;0
12;9319;0
13;9319;0
14;9319;1
15;9319;0
16;9319;0
17;9319;0
18;9319;1
19;9319;1
20;9319;1
1;9321;0
2;9321;1
3;9321;1
4;9321;0
5;9321;0
6;9321;0
7;9321;0
8;9321;0
9;9321;1
10;9321;1
11;9321;0
12;9321;0
13;9321;1
14;9321;1
15;9321;0
16;9321;0
17;9321;1
18;9321;0
19;9321;1
20;9321;1
1;9329;0
2;9329;1
3;9329;0
4;9329;1
5;9329;0
6;9329;1
7;9329;0
8;9329;0
9;9329;1
10;9329;1
11;9329;0
12;9329;1
13;9329;0
14;9329;1
15;9329;0
16;9329;1
17;9329;0
18;9329;1
19;9329;1
20;9329;1
1;9411;0
2;9411;0
3;9411;1
4;9411;1
5;9411;0
6;9411;1
7;9411;1
8;9411;1
9;9411;1
10;9411;1
11;9411;0
12;9411;0
13;9411;0
14;9411;1
15;9411;0
16;9411;1
17;9411;1
18;9411;1
19;9411;1
20;9411;0
1;9412;1
2;9412;0
3;9412;1
4;9412;0
5;9412;0
6;9412;0
7;9412;0
8;9412;0
9;9412;0
10;9412;0
11;9412;0
12;9412;0
13;9412;0
14;9412;0
15;9412;0
16;9412;0
17;9412;0
18;9412;0
19;9412;0
20;9412;1
1;9420;0
2;9420;1
3;9420;0
4;9420;1
5;9420;0
6;9420;0
7;9420;0
8;9420;0
9;9420;0
10;9420;1
11;9420;1
12;9420;1
13;9420;0
14;9420;0
15;9420;0
16;9420;0
17;9420;0
18;9420;0
19;9420;1
20;9420;1
1;9491;0
2;9491;0
3;9491;1
4;9491;1
5;9491;1
6;9491;0
7;9491;0
8;9491;0
9;9491;1
10;9491;0
11;9491;0
12;9491;0
13;9491;0
14;9491;0
15;9491;1
16;9491;0
17;9491;0
18;9491;0
19;9491;1
20;9491;0
1;9492;1
2;9492;0
3;9492;0
4;9492;0
5;9492;1
6;9492;0
7;9492;1
8;9492;0
9;9492;0
10;9492;1
11;9492;0
12;9492;1
13;9492;1
14;9492;0
15;9492;0
16;9492;0
17;9492;0
18;9492;0
19;9492;0
20;9492;0
1;9499;1
2;9499;0
3;9499;0
4;9499;1
5;9499;0
6;9499;0
7;9499;0
8;9499;0
9;9499;0
10;9499;0
11;9499;0
12;9499;0
13;9499;0
14;9499;1
15;9499;0
16;9499;0
17;9499;0
18;9499;0
19;9499;0
20;9499;0
1;9511;1
2;9511;0
3;9511;0
4;9511;0
5;9511;0
6;9511;0
7;9511;0
8;9511;1
9;9511;0
10;9511;0
11;9511;0
12;9511;0
13;9511;1
14;9511;0
15;9511;0
16;9511;0
17;9511;1
18;9511;0
19;9511;0
20;9511;0
1;9512;1
2;9512;0
3;9512;0
4;9512;0
5;9512;0
6;9512;0
7;9512;0
8;9512;0
9;9512;0
10;9512;0
11;9512;0
12;9512;0
13;9512;0
14;9512;0
15;9512;0
16;9512;0
17;9512;0
18;9512;0
19;9512;0
20;9512;0
1;9521;0
2;9521;0
3;9521;1
4;9521;0
5;9521;0
6;9521;1
7;9521;1
8;9521;0
9;9521;0
10;9521;0
11;9521;0
12;9521;0
13;9521;1
14;9521;0
15;9521;0
16;9521;0
17;9521;0
18;9521;0
19;9521;0
20;9521;0
1;9522;0
2;9522;1
3;9522;1
4;9522;1
5;9522;0
6;9522;0
7;9522;0
8;9522;0
9;9522;0
10;9522;1
11;9522;0
12;9522;1
13;9522;1
14;9522;1
15;9522;1
16;9522;0
17;9522;0
18;9522;0
19;9522;1
20;9522;1
1;9523;1
2;9523;0
3;9523;1
4;9523;0
5;9523;0
6;9523;0
7;9523;0
8;9523;0
9;9523;0
10;9523;0
11;9523;0
12;9523;0
13;9523;0
14;9523;0
15;9523;0
16;9523;0
17;9523;0
18;9523;0
19;9523;1
20;9523;0
1;9524;0
2;9524;0
3;9524;0
4;9524;0
5;9524;0
6;9524;1
7;9524;1
8;9524;1
9;9524;0
10;9524;0
11;9524;1
12;9524;1
13;9524;1
14;9524;0
15;9524;1
16;9524;0
17;9524;0
18;9524;0
19;9524;1
20;9524;1
1;9525;0
2;9525;0
3;9525;0
4;9525;1
5;9525;0
6;9525;0
7;9525;1
8;9525;1
9;9525;0
10;9525;1
11;9525;1
12;9525;1
13;9525;1
14;9525;0
15;9525;1
16;9525;1
17;9525;1
18;9525;0
19;9525;1
20;9525;1
1;9529;0
2;9529;0
3;9529;0
4;9529;1
5;9529;0
6;9529;0
7;9529;0
8;9529;1
9;9529;0
10;9529;0
11;9529;1
12;9529;0
13;9529;1
14;9529;0
15;9529;0
16;9529;1
17;9529;0
18;9529;1
19;9529;0
20;9529;0
1;9601;0
2;9601;0
3;9601;0
4;9601;0
5;9601;1
6;9601;0
7;9601;1
8;9601;0
9;9601;0
10;9601;0
11;9601;0
12;9601;0
13;9601;1
14;9601;0
15;9601;1
16;9601;0
17;9601;0
18;9601;1
19;9601;0
20;9601;0
1;9602;0
2;9602;1
3;9602;0
4;9602;0
5;9602;0
6;9602;1
7;9602;0
8;9602;1
9;9602;0
10;9602;0
11;9602;0
12;9602;0
13;9602;1
14;9602;0
15;9602;0
16;9602;0
17;9602;0
18;9602;0
19;9602;0
20;9602;1
1;9603;0
2;9603;1
3;9603;0
4;9603;1
5;9603;1
6;9603;1
7;9603;0
8;9603;0
9;9603;0
10;9603;1
11;9603;1
12;9603;1
13;9603;1
14;9603;1
15;9603;1
16;9603;1
17;9603;1
18;9603;1
19;9603;1
20;9603;0
1;9604;1
2;9604;1
3;9604;0
4;9604;0
5;9604;1
6;9604;1
7;9604;0
8;9604;1
9;9604;0
10;9604;0
11;9604;0
12;9604;0
13;9604;1
14;9604;0
15;9604;1
16;9604;0
17;9604;0
18;9604;1
19;9604;0
20;9604;1
1;9609;1
2;9609;1
3;9609;1
4;9609;0
5;9609;0
6;9609;0
7;9609;0
8;9609;0
9;9609;0
10;9609;0
11;9609;0
12;9609;0
13;9609;1
14;9609;0
15;9609;0
16;9609;1
17;9609;0
18;9609;0
19;9609;1
20;9609;1
1;9700;0
2;9700;1
3;9700;0
4;9700;1
5;9700;1
6;9700;1
7;9700;0
8;9700;0
9;9700;0
10;9700;0
11;9700;1
12;9700;0
13;9700;0
14;9700;0
15;9700;0
16;9700;1
17;9700;0
18;9700;1
19;9700;0
20;9700;1
1;9820;1
2;9820;0
3;9820;0
4;9820;0
5;9820;0
6;9820;0
7;9820;0
8;9820;0
9;9820;0
10;9820;0
11;9820;0
12;9820;0
13;9820;1
14;9820;0
15;9820;0
16;9820;0
17;9820;0
18;9820;0
19;9820;0
20;9820;0
1;9900;1
2;9900;0
3;9900;0
4;9900;0
5;9900;0
6;9900;0
7;9900;0
8;9900;0
9;9900;0
10;9900;0
11;9900;0
12;9900;1
13;9900;0
14;9900;0
15;9900;0
16;9900;0
17;9900;0
18;9900;0
19;9900;0
20;9900;0
